experiment_id,target,condition,seed,run_id,artifact_root,source_git_sha,manifest_sha256,predictions_sha256,metrics_sha256,model,alpha,metric,value,bootstrap_ci_lower,bootstrap_ci_upper,bootstrap_resamples,bootstrap_confidence_level,target_scale,n_endpoints,stored_metric_match,n_cal,requested_rank_min,requested_rank_max,effective_rank_min,effective_rank_max,finite_rank_attainable_fraction,unattainable_rank_fraction,quantile_regime,unattainable_rank_policy,n_distinct_quantiles
C02,FD001,primary,13,C02_319975dc35d2_seed_13,outputs/c02_final_review_319975d,319975dc35d27f4edba0be75ccef69cb92077127,173c7c6015ef10ccac339fcd5466a29de1f7adf67a7ef554e967c34bfe8fa28e,70a7464b894a3de7480f56e482d78f1969cf2696d9e85f126e85e2f0febe957e,1ae8580aa20bde21a30a4dc92458ea89f9e85d1c8750ea6b112888e5b8f5bf5b,mean,0.1,coverage,0.75,0.66,0.83,2000,0.95,125.0,100,True,20,19,19,19,19,1.0,0.0,interior,finite_observed_order_statistic,1
C02,FD001,primary,13,C02_319975dc35d2_seed_13,outputs/c02_final_review_319975d,319975dc35d27f4edba0be75ccef69cb92077127,173c7c6015ef10ccac339fcd5466a29de1f7adf67a7ef554e967c34bfe8fa28e,70a7464b894a3de7480f56e482d78f1969cf2696d9e85f126e85e2f0febe957e,1ae8580aa20bde21a30a4dc92458ea89f9e85d1c8750ea6b112888e5b8f5bf5b,mean,0.1,mean_width,110.65491183879088,110.65491183879088,110.65491183879088,2000,0.95,125.0,100,True,20,19,19,19,19,1.0,0.0,interior,finite_observed_order_statistic,1
C02,FD001,primary,13,C02_319975dc35d2_seed_13,outputs/c02_final_review_319975d,319975dc35d27f4edba0be75ccef69cb92077127,173c7c6015ef10ccac339fcd5466a29de1f7adf67a7ef554e967c34bfe8fa28e,70a7464b894a3de7480f56e482d78f1969cf2696d9e85f126e85e2f0febe957e,1ae8580aa20bde21a30a4dc92458ea89f9e85d1c8750ea6b112888e5b8f5bf5b,mean,0.1,normalized_interval_score,1.3764392947103274,1.1891192947103273,1.5908392947103278,2000,0.95,125.0,100,True,20,19,19,19,19,1.0,0.0,interior,finite_observed_order_statistic,1
C02,FD001,primary,13,C02_319975dc35d2_seed_13,outputs/c02_final_review_319975d,319975dc35d27f4edba0be75ccef69cb92077127,173c7c6015ef10ccac339fcd5466a29de1f7adf67a7ef554e967c34bfe8fa28e,70a7464b894a3de7480f56e482d78f1969cf2696d9e85f126e85e2f0febe957e,1ae8580aa20bde21a30a4dc92458ea89f9e85d1c8750ea6b112888e5b8f5bf5b,mean,0.05,coverage,0.81,0.73,0.89,2000,0.95,125.0,100,True,20,20,20,20,20,1.0,0.0,max_statistic,finite_observed_order_statistic,1
C02,FD001,primary,13,C02_319975dc35d2_seed_13,outputs/c02_final_review_319975d,319975dc35d27f4edba0be75ccef69cb92077127,173c7c6015ef10ccac339fcd5466a29de1f7adf67a7ef554e967c34bfe8fa28e,70a7464b894a3de7480f56e482d78f1969cf2696d9e85f126e85e2f0febe957e,1ae8580aa20bde21a30a4dc92458ea89f9e85d1c8750ea6b112888e5b8f5bf5b,mean,0.05,mean_width,126.65491183879088,126.65491183879088,126.65491183879088,2000,0.95,125.0,100,True,20,20,20,20,20,1.0,0.0,max_statistic,finite_observed_order_statistic,1
C02,FD001,primary,13,C02_319975dc35d2_seed_13,outputs/c02_final_review_319975d,319975dc35d27f4edba0be75ccef69cb92077127,173c7c6015ef10ccac339fcd5466a29de1f7adf67a7ef554e967c34bfe8fa28e,70a7464b894a3de7480f56e482d78f1969cf2696d9e85f126e85e2f0febe957e,1ae8580aa20bde21a30a4dc92458ea89f9e85d1c8750ea6b112888e5b8f5bf5b,mean,0.05,normalized_interval_score,1.4676392947103276,1.256439294710327,1.7141192947103274,2000,0.95,125.0,100,True,20,20,20,20,20,1.0,0.0,max_statistic,finite_observed_order_statistic,1
C02,FD001,primary,13,C02_319975dc35d2_seed_13,outputs/c02_final_review_319975d,319975dc35d27f4edba0be75ccef69cb92077127,173c7c6015ef10ccac339fcd5466a29de1f7adf67a7ef554e967c34bfe8fa28e,70a7464b894a3de7480f56e482d78f1969cf2696d9e85f126e85e2f0febe957e,1ae8580aa20bde21a30a4dc92458ea89f9e85d1c8750ea6b112888e5b8f5bf5b,ridge,0.1,coverage,0.94,0.89,0.98,2000,0.95,125.0,100,True,20,19,19,19,19,1.0,0.0,interior,finite_observed_order_statistic,1
C02,FD001,primary,13,C02_319975dc35d2_seed_13,outputs/c02_final_review_319975d,319975dc35d27f4edba0be75ccef69cb92077127,173c7c6015ef10ccac339fcd5466a29de1f7adf67a7ef554e967c34bfe8fa28e,70a7464b894a3de7480f56e482d78f1969cf2696d9e85f126e85e2f0febe957e,1ae8580aa20bde21a30a4dc92458ea89f9e85d1c8750ea6b112888e5b8f5bf5b,ridge,0.1,mean_width,73.91528697326743,73.91528697326741,73.91528697326743,2000,0.95,125.0,100,True,20,19,19,19,19,1.0,0.0,interior,finite_observed_order_statistic,1
C02,FD001,primary,13,C02_319975dc35d2_seed_13,outputs/c02_final_review_319975d,319975dc35d27f4edba0be75ccef69cb92077127,173c7c6015ef10ccac339fcd5466a29de1f7adf67a7ef554e967c34bfe8fa28e,70a7464b894a3de7480f56e482d78f1969cf2696d9e85f126e85e2f0febe957e,1ae8580aa20bde21a30a4dc92458ea89f9e85d1c8750ea6b112888e5b8f5bf5b,ridge,0.1,normalized_interval_score,0.6705545729828805,0.6067455325130421,0.7569047614281418,2000,0.95,125.0,100,True,20,19,19,19,19,1.0,0.0,interior,finite_observed_order_statistic,1
C02,FD001,primary,13,C02_319975dc35d2_seed_13,outputs/c02_final_review_319975d,319975dc35d27f4edba0be75ccef69cb92077127,173c7c6015ef10ccac339fcd5466a29de1f7adf67a7ef554e967c34bfe8fa28e,70a7464b894a3de7480f56e482d78f1969cf2696d9e85f126e85e2f0febe957e,1ae8580aa20bde21a30a4dc92458ea89f9e85d1c8750ea6b112888e5b8f5bf5b,ridge,0.05,coverage,0.96,0.92,0.99,2000,0.95,125.0,100,True,20,20,20,20,20,1.0,0.0,max_statistic,finite_observed_order_statistic,1
C02,FD001,primary,13,C02_319975dc35d2_seed_13,outputs/c02_final_review_319975d,319975dc35d27f4edba0be75ccef69cb92077127,173c7c6015ef10ccac339fcd5466a29de1f7adf67a7ef554e967c34bfe8fa28e,70a7464b894a3de7480f56e482d78f1969cf2696d9e85f126e85e2f0febe957e,1ae8580aa20bde21a30a4dc92458ea89f9e85d1c8750ea6b112888e5b8f5bf5b,ridge,0.05,mean_width,77.85108885138072,77.85108885138072,77.85108885138072,2000,0.95,125.0,100,True,20,20,20,20,20,1.0,0.0,max_statistic,finite_observed_order_statistic,1
C02,FD001,primary,13,C02_319975dc35d2_seed_13,outputs/c02_final_review_319975d,319975dc35d27f4edba0be75ccef69cb92077127,173c7c6015ef10ccac339fcd5466a29de1f7adf67a7ef554e967c34bfe8fa28e,70a7464b894a3de7480f56e482d78f1969cf2696d9e85f126e85e2f0febe957e,1ae8580aa20bde21a30a4dc92458ea89f9e85d1c8750ea6b112888e5b8f5bf5b,ridge,0.05,normalized_interval_score,0.7472880694438494,0.6385618375191167,0.8971825051824998,2000,0.95,125.0,100,True,20,20,20,20,20,1.0,0.0,max_statistic,finite_observed_order_statistic,1
C02,FD001,primary,13,C02_319975dc35d2_seed_13,outputs/c02_final_review_319975d,319975dc35d27f4edba0be75ccef69cb92077127,173c7c6015ef10ccac339fcd5466a29de1f7adf67a7ef554e967c34bfe8fa28e,70a7464b894a3de7480f56e482d78f1969cf2696d9e85f126e85e2f0febe957e,1ae8580aa20bde21a30a4dc92458ea89f9e85d1c8750ea6b112888e5b8f5bf5b,hist_gradient_boosting,0.1,coverage,0.99,0.97,1.0,2000,0.95,125.0,100,True,20,19,19,19,19,1.0,0.0,interior,finite_observed_order_statistic,1
C02,FD001,primary,13,C02_319975dc35d2_seed_13,outputs/c02_final_review_319975d,319975dc35d27f4edba0be75ccef69cb92077127,173c7c6015ef10ccac339fcd5466a29de1f7adf67a7ef554e967c34bfe8fa28e,70a7464b894a3de7480f56e482d78f1969cf2696d9e85f126e85e2f0febe957e,1ae8580aa20bde21a30a4dc92458ea89f9e85d1c8750ea6b112888e5b8f5bf5b,hist_gradient_boosting,0.1,mean_width,79.68830959567983,79.68830959567983,79.68830959567983,2000,0.95,125.0,100,True,20,19,19,19,19,1.0,0.0,interior,finite_observed_order_statistic,1
C02,FD001,primary,13,C02_319975dc35d2_seed_13,outputs/c02_final_review_319975d,319975dc35d27f4edba0be75ccef69cb92077127,173c7c6015ef10ccac339fcd5466a29de1f7adf67a7ef554e967c34bfe8fa28e,70a7464b894a3de7480f56e482d78f1969cf2696d9e85f126e85e2f0febe957e,1ae8580aa20bde21a30a4dc92458ea89f9e85d1c8750ea6b112888e5b8f5bf5b,hist_gradient_boosting,0.1,normalized_interval_score,0.6559211561653021,0.6375064767654386,0.6927505149650292,2000,0.95,125.0,100,True,20,19,19,19,19,1.0,0.0,interior,finite_observed_order_statistic,1
C02,FD001,primary,13,C02_319975dc35d2_seed_13,outputs/c02_final_review_319975d,319975dc35d27f4edba0be75ccef69cb92077127,173c7c6015ef10ccac339fcd5466a29de1f7adf67a7ef554e967c34bfe8fa28e,70a7464b894a3de7480f56e482d78f1969cf2696d9e85f126e85e2f0febe957e,1ae8580aa20bde21a30a4dc92458ea89f9e85d1c8750ea6b112888e5b8f5bf5b,hist_gradient_boosting,0.05,coverage,0.99,0.97,1.0,2000,0.95,125.0,100,True,20,20,20,20,20,1.0,0.0,max_statistic,finite_observed_order_statistic,1
C02,FD001,primary,13,C02_319975dc35d2_seed_13,outputs/c02_final_review_319975d,319975dc35d27f4edba0be75ccef69cb92077127,173c7c6015ef10ccac339fcd5466a29de1f7adf67a7ef554e967c34bfe8fa28e,70a7464b894a3de7480f56e482d78f1969cf2696d9e85f126e85e2f0febe957e,1ae8580aa20bde21a30a4dc92458ea89f9e85d1c8750ea6b112888e5b8f5bf5b,hist_gradient_boosting,0.05,mean_width,82.05425848498331,82.0542584849833,82.05425848498331,2000,0.95,125.0,100,True,20,20,20,20,20,1.0,0.0,max_statistic,finite_observed_order_statistic,1
C02,FD001,primary,13,C02_319975dc35d2_seed_13,outputs/c02_final_review_319975d,319975dc35d27f4edba0be75ccef69cb92077127,173c7c6015ef10ccac339fcd5466a29de1f7adf67a7ef554e967c34bfe8fa28e,70a7464b894a3de7480f56e482d78f1969cf2696d9e85f126e85e2f0febe957e,1ae8580aa20bde21a30a4dc92458ea89f9e85d1c8750ea6b112888e5b8f5bf5b,hist_gradient_boosting,0.05,normalized_interval_score,0.6894779084567075,0.6564340678798665,0.7555655896103904,2000,0.95,125.0,100,True,20,20,20,20,20,1.0,0.0,max_statistic,finite_observed_order_statistic,1
C02,FD001,primary,37,C02_319975dc35d2_seed_37,outputs/c02_final_review_319975d,319975dc35d27f4edba0be75ccef69cb92077127,536c1461374bad8862ab1d77b3e674813d9dbb273d08748a9a6f617ca477a771,f5b5f73097f0a2ac483a61053269a371a64483c489b1d52c97f5eaa8b2b5286b,23275cff27eb5b512c01f0a49522c5bc1e4e3bdce4bd30f305eb4f9f47f1dcbc,mean,0.1,coverage,0.81,0.73,0.88,2000,0.95,125.0,100,True,20,19,19,19,19,1.0,0.0,interior,finite_observed_order_statistic,1
C02,FD001,primary,37,C02_319975dc35d2_seed_37,outputs/c02_final_review_319975d,319975dc35d27f4edba0be75ccef69cb92077127,536c1461374bad8862ab1d77b3e674813d9dbb273d08748a9a6f617ca477a771,f5b5f73097f0a2ac483a61053269a371a64483c489b1d52c97f5eaa8b2b5286b,23275cff27eb5b512c01f0a49522c5bc1e4e3bdce4bd30f305eb4f9f47f1dcbc,mean,0.1,mean_width,122.96426869938068,122.96426869938068,122.96426869938068,2000,0.95,125.0,100,True,20,19,19,19,19,1.0,0.0,interior,finite_observed_order_statistic,1
C02,FD001,primary,37,C02_319975dc35d2_seed_37,outputs/c02_final_review_319975d,319975dc35d27f4edba0be75ccef69cb92077127,536c1461374bad8862ab1d77b3e674813d9dbb273d08748a9a6f617ca477a771,f5b5f73097f0a2ac483a61053269a371a64483c489b1d52c97f5eaa8b2b5286b,23275cff27eb5b512c01f0a49522c5bc1e4e3bdce4bd30f305eb4f9f47f1dcbc,mean,0.1,normalized_interval_score,1.3325141495950454,1.1884741495950455,1.4973541495950446,2000,0.95,125.0,100,True,20,19,19,19,19,1.0,0.0,interior,finite_observed_order_statistic,1
C02,FD001,primary,37,C02_319975dc35d2_seed_37,outputs/c02_final_review_319975d,319975dc35d27f4edba0be75ccef69cb92077127,536c1461374bad8862ab1d77b3e674813d9dbb273d08748a9a6f617ca477a771,f5b5f73097f0a2ac483a61053269a371a64483c489b1d52c97f5eaa8b2b5286b,23275cff27eb5b512c01f0a49522c5bc1e4e3bdce4bd30f305eb4f9f47f1dcbc,mean,0.05,coverage,0.81,0.73,0.88,2000,0.95,125.0,100,True,20,20,20,20,20,1.0,0.0,max_statistic,finite_observed_order_statistic,1
C02,FD001,primary,37,C02_319975dc35d2_seed_37,outputs/c02_final_review_319975d,319975dc35d27f4edba0be75ccef69cb92077127,536c1461374bad8862ab1d77b3e674813d9dbb273d08748a9a6f617ca477a771,f5b5f73097f0a2ac483a61053269a371a64483c489b1d52c97f5eaa8b2b5286b,23275cff27eb5b512c01f0a49522c5bc1e4e3bdce4bd30f305eb4f9f47f1dcbc,mean,0.05,mean_width,126.96426869938068,126.96426869938068,126.96426869938068,2000,0.95,125.0,100,True,20,20,20,20,20,1.0,0.0,max_statistic,finite_observed_order_statistic,1
C02,FD001,primary,37,C02_319975dc35d2_seed_37,outputs/c02_final_review_319975d,319975dc35d27f4edba0be75ccef69cb92077127,536c1461374bad8862ab1d77b3e674813d9dbb273d08748a9a6f617ca477a771,f5b5f73097f0a2ac483a61053269a371a64483c489b1d52c97f5eaa8b2b5286b,23275cff27eb5b512c01f0a49522c5bc1e4e3bdce4bd30f305eb4f9f47f1dcbc,mean,0.05,normalized_interval_score,1.591714149595045,1.3453141495950454,1.879714149595045,2000,0.95,125.0,100,True,20,20,20,20,20,1.0,0.0,max_statistic,finite_observed_order_statistic,1
C02,FD001,primary,37,C02_319975dc35d2_seed_37,outputs/c02_final_review_319975d,319975dc35d27f4edba0be75ccef69cb92077127,536c1461374bad8862ab1d77b3e674813d9dbb273d08748a9a6f617ca477a771,f5b5f73097f0a2ac483a61053269a371a64483c489b1d52c97f5eaa8b2b5286b,23275cff27eb5b512c01f0a49522c5bc1e4e3bdce4bd30f305eb4f9f47f1dcbc,ridge,0.1,coverage,0.94,0.89,0.98,2000,0.95,125.0,100,True,20,19,19,19,19,1.0,0.0,interior,finite_observed_order_statistic,1
C02,FD001,primary,37,C02_319975dc35d2_seed_37,outputs/c02_final_review_319975d,319975dc35d27f4edba0be75ccef69cb92077127,536c1461374bad8862ab1d77b3e674813d9dbb273d08748a9a6f617ca477a771,f5b5f73097f0a2ac483a61053269a371a64483c489b1d52c97f5eaa8b2b5286b,23275cff27eb5b512c01f0a49522c5bc1e4e3bdce4bd30f305eb4f9f47f1dcbc,ridge,0.1,mean_width,73.07232912978932,73.07232912978932,73.07232912978934,2000,0.95,125.0,100,True,20,19,19,19,19,1.0,0.0,interior,finite_observed_order_statistic,1
C02,FD001,primary,37,C02_319975dc35d2_seed_37,outputs/c02_final_review_319975d,319975dc35d27f4edba0be75ccef69cb92077127,536c1461374bad8862ab1d77b3e674813d9dbb273d08748a9a6f617ca477a771,f5b5f73097f0a2ac483a61053269a371a64483c489b1d52c97f5eaa8b2b5286b,23275cff27eb5b512c01f0a49522c5bc1e4e3bdce4bd30f305eb4f9f47f1dcbc,ridge,0.1,normalized_interval_score,0.6222609758603321,0.5874050731127795,0.6801387430183536,2000,0.95,125.0,100,True,20,19,19,19,19,1.0,0.0,interior,finite_observed_order_statistic,1
C02,FD001,primary,37,C02_319975dc35d2_seed_37,outputs/c02_final_review_319975d,319975dc35d27f4edba0be75ccef69cb92077127,536c1461374bad8862ab1d77b3e674813d9dbb273d08748a9a6f617ca477a771,f5b5f73097f0a2ac483a61053269a371a64483c489b1d52c97f5eaa8b2b5286b,23275cff27eb5b512c01f0a49522c5bc1e4e3bdce4bd30f305eb4f9f47f1dcbc,ridge,0.05,coverage,0.96,0.92,0.99,2000,0.95,125.0,100,True,20,20,20,20,20,1.0,0.0,max_statistic,finite_observed_order_statistic,1
C02,FD001,primary,37,C02_319975dc35d2_seed_37,outputs/c02_final_review_319975d,319975dc35d27f4edba0be75ccef69cb92077127,536c1461374bad8862ab1d77b3e674813d9dbb273d08748a9a6f617ca477a771,f5b5f73097f0a2ac483a61053269a371a64483c489b1d52c97f5eaa8b2b5286b,23275cff27eb5b512c01f0a49522c5bc1e4e3bdce4bd30f305eb4f9f47f1dcbc,ridge,0.05,mean_width,73.959225391545,73.95922539154499,73.959225391545,2000,0.95,125.0,100,True,20,20,20,20,20,1.0,0.0,max_statistic,finite_observed_order_statistic,1
C02,FD001,primary,37,C02_319975dc35d2_seed_37,outputs/c02_final_review_319975d,319975dc35d27f4edba0be75ccef69cb92077127,536c1461374bad8862ab1d77b3e674813d9dbb273d08748a9a6f617ca477a771,f5b5f73097f0a2ac483a61053269a371a64483c489b1d52c97f5eaa8b2b5286b,23275cff27eb5b512c01f0a49522c5bc1e4e3bdce4bd30f305eb4f9f47f1dcbc,ridge,0.05,normalized_interval_score,0.6605011959439056,0.5958082479843266,0.7721530252511272,2000,0.95,125.0,100,True,20,20,20,20,20,1.0,0.0,max_statistic,finite_observed_order_statistic,1
C02,FD001,primary,37,C02_319975dc35d2_seed_37,outputs/c02_final_review_319975d,319975dc35d27f4edba0be75ccef69cb92077127,536c1461374bad8862ab1d77b3e674813d9dbb273d08748a9a6f617ca477a771,f5b5f73097f0a2ac483a61053269a371a64483c489b1d52c97f5eaa8b2b5286b,23275cff27eb5b512c01f0a49522c5bc1e4e3bdce4bd30f305eb4f9f47f1dcbc,hist_gradient_boosting,0.1,coverage,0.95,0.9,0.99,2000,0.95,125.0,100,True,20,19,19,19,19,1.0,0.0,interior,finite_observed_order_statistic,1
C02,FD001,primary,37,C02_319975dc35d2_seed_37,outputs/c02_final_review_319975d,319975dc35d27f4edba0be75ccef69cb92077127,536c1461374bad8862ab1d77b3e674813d9dbb273d08748a9a6f617ca477a771,f5b5f73097f0a2ac483a61053269a371a64483c489b1d52c97f5eaa8b2b5286b,23275cff27eb5b512c01f0a49522c5bc1e4e3bdce4bd30f305eb4f9f47f1dcbc,hist_gradient_boosting,0.1,mean_width,68.0825716839339,68.0825716839339,68.0825716839339,2000,0.95,125.0,100,True,20,19,19,19,19,1.0,0.0,interior,finite_observed_order_statistic,1
C02,FD001,primary,37,C02_319975dc35d2_seed_37,outputs/c02_final_review_319975d,319975dc35d27f4edba0be75ccef69cb92077127,536c1461374bad8862ab1d77b3e674813d9dbb273d08748a9a6f617ca477a771,f5b5f73097f0a2ac483a61053269a371a64483c489b1d52c97f5eaa8b2b5286b,23275cff27eb5b512c01f0a49522c5bc1e4e3bdce4bd30f305eb4f9f47f1dcbc,hist_gradient_boosting,0.1,normalized_interval_score,0.604199768303739,0.5533415706717308,0.6737839874499915,2000,0.95,125.0,100,True,20,19,19,19,19,1.0,0.0,interior,finite_observed_order_statistic,1
C02,FD001,primary,37,C02_319975dc35d2_seed_37,outputs/c02_final_review_319975d,319975dc35d27f4edba0be75ccef69cb92077127,536c1461374bad8862ab1d77b3e674813d9dbb273d08748a9a6f617ca477a771,f5b5f73097f0a2ac483a61053269a371a64483c489b1d52c97f5eaa8b2b5286b,23275cff27eb5b512c01f0a49522c5bc1e4e3bdce4bd30f305eb4f9f47f1dcbc,hist_gradient_boosting,0.05,coverage,0.96,0.92,0.99,2000,0.95,125.0,100,True,20,20,20,20,20,1.0,0.0,max_statistic,finite_observed_order_statistic,1
C02,FD001,primary,37,C02_319975dc35d2_seed_37,outputs/c02_final_review_319975d,319975dc35d27f4edba0be75ccef69cb92077127,536c1461374bad8862ab1d77b3e674813d9dbb273d08748a9a6f617ca477a771,f5b5f73097f0a2ac483a61053269a371a64483c489b1d52c97f5eaa8b2b5286b,23275cff27eb5b512c01f0a49522c5bc1e4e3bdce4bd30f305eb4f9f47f1dcbc,hist_gradient_boosting,0.05,mean_width,71.73080476107296,71.73080476107296,71.73080476107296,2000,0.95,125.0,100,True,20,20,20,20,20,1.0,0.0,max_statistic,finite_observed_order_statistic,1
C02,FD001,primary,37,C02_319975dc35d2_seed_37,outputs/c02_final_review_319975d,319975dc35d27f4edba0be75ccef69cb92077127,536c1461374bad8862ab1d77b3e674813d9dbb273d08748a9a6f617ca477a771,f5b5f73097f0a2ac483a61053269a371a64483c489b1d52c97f5eaa8b2b5286b,23275cff27eb5b512c01f0a49522c5bc1e4e3bdce4bd30f305eb4f9f47f1dcbc,hist_gradient_boosting,0.05,normalized_interval_score,0.6690601524498889,0.5848552759561401,0.7870478738612339,2000,0.95,125.0,100,True,20,20,20,20,20,1.0,0.0,max_statistic,finite_observed_order_statistic,1
C02,FD001,primary,73,C02_319975dc35d2_seed_73,outputs/c02_final_review_319975d,319975dc35d27f4edba0be75ccef69cb92077127,569404e36c7a8a6169e85db0470a213cb734c1c7afd0556f4b129a180a6493be,613fa44d33849f6b23715d72e4d09a88a67de273292866c9230aa77dc5588758,f701a1019e02448476409f9ecb8287c4ab5be7a0f14e3bddfda1047fba589e3a,mean,0.1,coverage,0.81,0.73,0.89,2000,0.95,125.0,100,True,20,19,19,19,19,1.0,0.0,interior,finite_observed_order_statistic,1
C02,FD001,primary,73,C02_319975dc35d2_seed_73,outputs/c02_final_review_319975d,319975dc35d27f4edba0be75ccef69cb92077127,569404e36c7a8a6169e85db0470a213cb734c1c7afd0556f4b129a180a6493be,613fa44d33849f6b23715d72e4d09a88a67de273292866c9230aa77dc5588758,f701a1019e02448476409f9ecb8287c4ab5be7a0f14e3bddfda1047fba589e3a,mean,0.1,mean_width,121.0831841119974,121.0831841119974,121.0831841119974,2000,0.95,125.0,100,True,20,19,19,19,19,1.0,0.0,interior,finite_observed_order_statistic,1
C02,FD001,primary,73,C02_319975dc35d2_seed_73,outputs/c02_final_review_319975d,319975dc35d27f4edba0be75ccef69cb92077127,569404e36c7a8a6169e85db0470a213cb734c1c7afd0556f4b129a180a6493be,613fa44d33849f6b23715d72e4d09a88a67de273292866c9230aa77dc5588758,f701a1019e02448476409f9ecb8287c4ab5be7a0f14e3bddfda1047fba589e3a,mean,0.1,normalized_interval_score,1.3174654728959792,1.1606654728959793,1.4887054728959792,2000,0.95,125.0,100,True,20,19,19,19,19,1.0,0.0,interior,finite_observed_order_statistic,1
C02,FD001,primary,73,C02_319975dc35d2_seed_73,outputs/c02_final_review_319975d,319975dc35d27f4edba0be75ccef69cb92077127,569404e36c7a8a6169e85db0470a213cb734c1c7afd0556f4b129a180a6493be,613fa44d33849f6b23715d72e4d09a88a67de273292866c9230aa77dc5588758,f701a1019e02448476409f9ecb8287c4ab5be7a0f14e3bddfda1047fba589e3a,mean,0.05,coverage,0.88,0.81,0.94,2000,0.95,125.0,100,True,20,20,20,20,20,1.0,0.0,max_statistic,finite_observed_order_statistic,1
C02,FD001,primary,73,C02_319975dc35d2_seed_73,outputs/c02_final_review_319975d,319975dc35d27f4edba0be75ccef69cb92077127,569404e36c7a8a6169e85db0470a213cb734c1c7afd0556f4b129a180a6493be,613fa44d33849f6b23715d72e4d09a88a67de273292866c9230aa77dc5588758,f701a1019e02448476409f9ecb8287c4ab5be7a0f14e3bddfda1047fba589e3a,mean,0.05,mean_width,135.08318411199738,135.08318411199738,135.08318411199738,2000,0.95,125.0,100,True,20,20,20,20,20,1.0,0.0,max_statistic,finite_observed_order_statistic,1
C02,FD001,primary,73,C02_319975dc35d2_seed_73,outputs/c02_final_review_319975d,319975dc35d27f4edba0be75ccef69cb92077127,569404e36c7a8a6169e85db0470a213cb734c1c7afd0556f4b129a180a6493be,613fa44d33849f6b23715d72e4d09a88a67de273292866c9230aa77dc5588758,f701a1019e02448476409f9ecb8287c4ab5be7a0f14e3bddfda1047fba589e3a,mean,0.05,normalized_interval_score,1.3814654728959792,1.211865472895979,1.5766654728959792,2000,0.95,125.0,100,True,20,20,20,20,20,1.0,0.0,max_statistic,finite_observed_order_statistic,1
C02,FD001,primary,73,C02_319975dc35d2_seed_73,outputs/c02_final_review_319975d,319975dc35d27f4edba0be75ccef69cb92077127,569404e36c7a8a6169e85db0470a213cb734c1c7afd0556f4b129a180a6493be,613fa44d33849f6b23715d72e4d09a88a67de273292866c9230aa77dc5588758,f701a1019e02448476409f9ecb8287c4ab5be7a0f14e3bddfda1047fba589e3a,ridge,0.1,coverage,0.92,0.86,0.97,2000,0.95,125.0,100,True,20,19,19,19,19,1.0,0.0,interior,finite_observed_order_statistic,1
C02,FD001,primary,73,C02_319975dc35d2_seed_73,outputs/c02_final_review_319975d,319975dc35d27f4edba0be75ccef69cb92077127,569404e36c7a8a6169e85db0470a213cb734c1c7afd0556f4b129a180a6493be,613fa44d33849f6b23715d72e4d09a88a67de273292866c9230aa77dc5588758,f701a1019e02448476409f9ecb8287c4ab5be7a0f14e3bddfda1047fba589e3a,ridge,0.1,mean_width,63.42192282041391,63.42192282041391,63.42192282041391,2000,0.95,125.0,100,True,20,19,19,19,19,1.0,0.0,interior,finite_observed_order_statistic,1
C02,FD001,primary,73,C02_319975dc35d2_seed_73,outputs/c02_final_review_319975d,319975dc35d27f4edba0be75ccef69cb92077127,569404e36c7a8a6169e85db0470a213cb734c1c7afd0556f4b129a180a6493be,613fa44d33849f6b23715d72e4d09a88a67de273292866c9230aa77dc5588758,f701a1019e02448476409f9ecb8287c4ab5be7a0f14e3bddfda1047fba589e3a,ridge,0.1,normalized_interval_score,0.6114918602411042,0.5408982057453904,0.7049556082932688,2000,0.95,125.0,100,True,20,19,19,19,19,1.0,0.0,interior,finite_observed_order_statistic,1
C02,FD001,primary,73,C02_319975dc35d2_seed_73,outputs/c02_final_review_319975d,319975dc35d27f4edba0be75ccef69cb92077127,569404e36c7a8a6169e85db0470a213cb734c1c7afd0556f4b129a180a6493be,613fa44d33849f6b23715d72e4d09a88a67de273292866c9230aa77dc5588758,f701a1019e02448476409f9ecb8287c4ab5be7a0f14e3bddfda1047fba589e3a,ridge,0.05,coverage,0.93,0.88,0.9702499999999986,2000,0.95,125.0,100,True,20,20,20,20,20,1.0,0.0,max_statistic,finite_observed_order_statistic,1
C02,FD001,primary,73,C02_319975dc35d2_seed_73,outputs/c02_final_review_319975d,319975dc35d27f4edba0be75ccef69cb92077127,569404e36c7a8a6169e85db0470a213cb734c1c7afd0556f4b129a180a6493be,613fa44d33849f6b23715d72e4d09a88a67de273292866c9230aa77dc5588758,f701a1019e02448476409f9ecb8287c4ab5be7a0f14e3bddfda1047fba589e3a,ridge,0.05,mean_width,67.943308082884,67.943308082884,67.94330808288402,2000,0.95,125.0,100,True,20,20,20,20,20,1.0,0.0,max_statistic,finite_observed_order_statistic,1
C02,FD001,primary,73,C02_319975dc35d2_seed_73,outputs/c02_final_review_319975d,319975dc35d27f4edba0be75ccef69cb92077127,569404e36c7a8a6169e85db0470a213cb734c1c7afd0556f4b129a180a6493be,613fa44d33849f6b23715d72e4d09a88a67de273292866c9230aa77dc5588758,f701a1019e02448476409f9ecb8287c4ab5be7a0f14e3bddfda1047fba589e3a,ridge,0.05,normalized_interval_score,0.6958743056047766,0.5819714281894418,0.855922489841987,2000,0.95,125.0,100,True,20,20,20,20,20,1.0,0.0,max_statistic,finite_observed_order_statistic,1
C02,FD001,primary,73,C02_319975dc35d2_seed_73,outputs/c02_final_review_319975d,319975dc35d27f4edba0be75ccef69cb92077127,569404e36c7a8a6169e85db0470a213cb734c1c7afd0556f4b129a180a6493be,613fa44d33849f6b23715d72e4d09a88a67de273292866c9230aa77dc5588758,f701a1019e02448476409f9ecb8287c4ab5be7a0f14e3bddfda1047fba589e3a,hist_gradient_boosting,0.1,coverage,0.93,0.88,0.98,2000,0.95,125.0,100,True,20,19,19,19,19,1.0,0.0,interior,finite_observed_order_statistic,1
C02,FD001,primary,73,C02_319975dc35d2_seed_73,outputs/c02_final_review_319975d,319975dc35d27f4edba0be75ccef69cb92077127,569404e36c7a8a6169e85db0470a213cb734c1c7afd0556f4b129a180a6493be,613fa44d33849f6b23715d72e4d09a88a67de273292866c9230aa77dc5588758,f701a1019e02448476409f9ecb8287c4ab5be7a0f14e3bddfda1047fba589e3a,hist_gradient_boosting,0.1,mean_width,67.23148014770779,67.23148014770779,67.23148014770779,2000,0.95,125.0,100,True,20,19,19,19,19,1.0,0.0,interior,finite_observed_order_statistic,1
C02,FD001,primary,73,C02_319975dc35d2_seed_73,outputs/c02_final_review_319975d,319975dc35d27f4edba0be75ccef69cb92077127,569404e36c7a8a6169e85db0470a213cb734c1c7afd0556f4b129a180a6493be,613fa44d33849f6b23715d72e4d09a88a67de273292866c9230aa77dc5588758,f701a1019e02448476409f9ecb8287c4ab5be7a0f14e3bddfda1047fba589e3a,hist_gradient_boosting,0.1,normalized_interval_score,0.6012127036699204,0.5482066466398458,0.6699548865627906,2000,0.95,125.0,100,True,20,19,19,19,19,1.0,0.0,interior,finite_observed_order_statistic,1
C02,FD001,primary,73,C02_319975dc35d2_seed_73,outputs/c02_final_review_319975d,319975dc35d27f4edba0be75ccef69cb92077127,569404e36c7a8a6169e85db0470a213cb734c1c7afd0556f4b129a180a6493be,613fa44d33849f6b23715d72e4d09a88a67de273292866c9230aa77dc5588758,f701a1019e02448476409f9ecb8287c4ab5be7a0f14e3bddfda1047fba589e3a,hist_gradient_boosting,0.05,coverage,1.0,1.0,1.0,2000,0.95,125.0,100,True,20,20,20,20,20,1.0,0.0,max_statistic,finite_observed_order_statistic,1
C02,FD001,primary,73,C02_319975dc35d2_seed_73,outputs/c02_final_review_319975d,319975dc35d27f4edba0be75ccef69cb92077127,569404e36c7a8a6169e85db0470a213cb734c1c7afd0556f4b129a180a6493be,613fa44d33849f6b23715d72e4d09a88a67de273292866c9230aa77dc5588758,f701a1019e02448476409f9ecb8287c4ab5be7a0f14e3bddfda1047fba589e3a,hist_gradient_boosting,0.05,mean_width,96.57312661940556,96.57312661940556,96.57312661940556,2000,0.95,125.0,100,True,20,20,20,20,20,1.0,0.0,max_statistic,finite_observed_order_statistic,1
C02,FD001,primary,73,C02_319975dc35d2_seed_73,outputs/c02_final_review_319975d,319975dc35d27f4edba0be75ccef69cb92077127,569404e36c7a8a6169e85db0470a213cb734c1c7afd0556f4b129a180a6493be,613fa44d33849f6b23715d72e4d09a88a67de273292866c9230aa77dc5588758,f701a1019e02448476409f9ecb8287c4ab5be7a0f14e3bddfda1047fba589e3a,hist_gradient_boosting,0.05,normalized_interval_score,0.7725850129552444,0.7725850129552444,0.7725850129552444,2000,0.95,125.0,100,True,20,20,20,20,20,1.0,0.0,max_statistic,finite_observed_order_statistic,1
C02,FD001,primary,101,C02_319975dc35d2_seed_101,outputs/c02_final_review_319975d,319975dc35d27f4edba0be75ccef69cb92077127,b391e6f4aaef88de3a6cd942787c0147784a3d78a639a0d29966320343cd8a56,4c2994db94e3c762fb7f0f07c795605798803e7af895e43e5418f10d0f758914,fcae4c5ac578f2ef505f00144ba3f266c2a458127cc6f5a90d1e81f20eb73404,mean,0.1,coverage,0.8,0.72,0.88,2000,0.95,125.0,100,True,20,19,19,19,19,1.0,0.0,interior,finite_observed_order_statistic,1
C02,FD001,primary,101,C02_319975dc35d2_seed_101,outputs/c02_final_review_319975d,319975dc35d27f4edba0be75ccef69cb92077127,b391e6f4aaef88de3a6cd942787c0147784a3d78a639a0d29966320343cd8a56,4c2994db94e3c762fb7f0f07c795605798803e7af895e43e5418f10d0f758914,fcae4c5ac578f2ef505f00144ba3f266c2a458127cc6f5a90d1e81f20eb73404,mean,0.1,mean_width,117.46938775510208,117.46938775510208,117.46938775510208,2000,0.95,125.0,100,True,20,19,19,19,19,1.0,0.0,interior,finite_observed_order_statistic,1
C02,FD001,primary,101,C02_319975dc35d2_seed_101,outputs/c02_final_review_319975d,319975dc35d27f4edba0be75ccef69cb92077127,b391e6f4aaef88de3a6cd942787c0147784a3d78a639a0d29966320343cd8a56,4c2994db94e3c762fb7f0f07c795605798803e7af895e43e5418f10d0f758914,fcae4c5ac578f2ef505f00144ba3f266c2a458127cc6f5a90d1e81f20eb73404,mean,0.1,normalized_interval_score,1.3525551020408173,1.1749551020408167,1.534995102040817,2000,0.95,125.0,100,True,20,19,19,19,19,1.0,0.0,interior,finite_observed_order_statistic,1
C02,FD001,primary,101,C02_319975dc35d2_seed_101,outputs/c02_final_review_319975d,319975dc35d27f4edba0be75ccef69cb92077127,b391e6f4aaef88de3a6cd942787c0147784a3d78a639a0d29966320343cd8a56,4c2994db94e3c762fb7f0f07c795605798803e7af895e43e5418f10d0f758914,fcae4c5ac578f2ef505f00144ba3f266c2a458127cc6f5a90d1e81f20eb73404,mean,0.05,coverage,0.81,0.73,0.88,2000,0.95,125.0,100,True,20,20,20,20,20,1.0,0.0,max_statistic,finite_observed_order_statistic,1
C02,FD001,primary,101,C02_319975dc35d2_seed_101,outputs/c02_final_review_319975d,319975dc35d27f4edba0be75ccef69cb92077127,b391e6f4aaef88de3a6cd942787c0147784a3d78a639a0d29966320343cd8a56,4c2994db94e3c762fb7f0f07c795605798803e7af895e43e5418f10d0f758914,fcae4c5ac578f2ef505f00144ba3f266c2a458127cc6f5a90d1e81f20eb73404,mean,0.05,mean_width,127.46938775510208,127.46938775510208,127.46938775510208,2000,0.95,125.0,100,True,20,20,20,20,20,1.0,0.0,max_statistic,finite_observed_order_statistic,1
C02,FD001,primary,101,C02_319975dc35d2_seed_101,outputs/c02_final_review_319975d,319975dc35d27f4edba0be75ccef69cb92077127,b391e6f4aaef88de3a6cd942787c0147784a3d78a639a0d29966320343cd8a56,4c2994db94e3c762fb7f0f07c795605798803e7af895e43e5418f10d0f758914,fcae4c5ac578f2ef505f00144ba3f266c2a458127cc6f5a90d1e81f20eb73404,mean,0.05,normalized_interval_score,1.5349551020408172,1.2917551020408167,1.7910351020408168,2000,0.95,125.0,100,True,20,20,20,20,20,1.0,0.0,max_statistic,finite_observed_order_statistic,1
C02,FD001,primary,101,C02_319975dc35d2_seed_101,outputs/c02_final_review_319975d,319975dc35d27f4edba0be75ccef69cb92077127,b391e6f4aaef88de3a6cd942787c0147784a3d78a639a0d29966320343cd8a56,4c2994db94e3c762fb7f0f07c795605798803e7af895e43e5418f10d0f758914,fcae4c5ac578f2ef505f00144ba3f266c2a458127cc6f5a90d1e81f20eb73404,ridge,0.1,coverage,0.99,0.97,1.0,2000,0.95,125.0,100,True,20,19,19,19,19,1.0,0.0,interior,finite_observed_order_statistic,1
C02,FD001,primary,101,C02_319975dc35d2_seed_101,outputs/c02_final_review_319975d,319975dc35d27f4edba0be75ccef69cb92077127,b391e6f4aaef88de3a6cd942787c0147784a3d78a639a0d29966320343cd8a56,4c2994db94e3c762fb7f0f07c795605798803e7af895e43e5418f10d0f758914,fcae4c5ac578f2ef505f00144ba3f266c2a458127cc6f5a90d1e81f20eb73404,ridge,0.1,mean_width,99.27901279576177,99.27901279576177,99.27901279576177,2000,0.95,125.0,100,True,20,19,19,19,19,1.0,0.0,interior,finite_observed_order_statistic,1
C02,FD001,primary,101,C02_319975dc35d2_seed_101,outputs/c02_final_review_319975d,319975dc35d27f4edba0be75ccef69cb92077127,b391e6f4aaef88de3a6cd942787c0147784a3d78a639a0d29966320343cd8a56,4c2994db94e3c762fb7f0f07c795605798803e7af895e43e5418f10d0f758914,fcae4c5ac578f2ef505f00144ba3f266c2a458127cc6f5a90d1e81f20eb73404,ridge,0.1,normalized_interval_score,0.7952623838042412,0.7942321023660942,0.7973229466805349,2000,0.95,125.0,100,True,20,19,19,19,19,1.0,0.0,interior,finite_observed_order_statistic,1
C02,FD001,primary,101,C02_319975dc35d2_seed_101,outputs/c02_final_review_319975d,319975dc35d27f4edba0be75ccef69cb92077127,b391e6f4aaef88de3a6cd942787c0147784a3d78a639a0d29966320343cd8a56,4c2994db94e3c762fb7f0f07c795605798803e7af895e43e5418f10d0f758914,fcae4c5ac578f2ef505f00144ba3f266c2a458127cc6f5a90d1e81f20eb73404,ridge,0.05,coverage,1.0,1.0,1.0,2000,0.95,125.0,100,True,20,20,20,20,20,1.0,0.0,max_statistic,finite_observed_order_statistic,1
C02,FD001,primary,101,C02_319975dc35d2_seed_101,outputs/c02_final_review_319975d,319975dc35d27f4edba0be75ccef69cb92077127,b391e6f4aaef88de3a6cd942787c0147784a3d78a639a0d29966320343cd8a56,4c2994db94e3c762fb7f0f07c795605798803e7af895e43e5418f10d0f758914,fcae4c5ac578f2ef505f00144ba3f266c2a458127cc6f5a90d1e81f20eb73404,ridge,0.05,mean_width,102.88065205539169,102.88065205539169,102.88065205539169,2000,0.95,125.0,100,True,20,20,20,20,20,1.0,0.0,max_statistic,finite_observed_order_statistic,1
C02,FD001,primary,101,C02_319975dc35d2_seed_101,outputs/c02_final_review_319975d,319975dc35d27f4edba0be75ccef69cb92077127,b391e6f4aaef88de3a6cd942787c0147784a3d78a639a0d29966320343cd8a56,4c2994db94e3c762fb7f0f07c795605798803e7af895e43e5418f10d0f758914,fcae4c5ac578f2ef505f00144ba3f266c2a458127cc6f5a90d1e81f20eb73404,ridge,0.05,normalized_interval_score,0.8230452164431336,0.8230452164431336,0.8230452164431336,2000,0.95,125.0,100,True,20,20,20,20,20,1.0,0.0,max_statistic,finite_observed_order_statistic,1
C02,FD001,primary,101,C02_319975dc35d2_seed_101,outputs/c02_final_review_319975d,319975dc35d27f4edba0be75ccef69cb92077127,b391e6f4aaef88de3a6cd942787c0147784a3d78a639a0d29966320343cd8a56,4c2994db94e3c762fb7f0f07c795605798803e7af895e43e5418f10d0f758914,fcae4c5ac578f2ef505f00144ba3f266c2a458127cc6f5a90d1e81f20eb73404,hist_gradient_boosting,0.1,coverage,0.99,0.97,1.0,2000,0.95,125.0,100,True,20,19,19,19,19,1.0,0.0,interior,finite_observed_order_statistic,1
C02,FD001,primary,101,C02_319975dc35d2_seed_101,outputs/c02_final_review_319975d,319975dc35d27f4edba0be75ccef69cb92077127,b391e6f4aaef88de3a6cd942787c0147784a3d78a639a0d29966320343cd8a56,4c2994db94e3c762fb7f0f07c795605798803e7af895e43e5418f10d0f758914,fcae4c5ac578f2ef505f00144ba3f266c2a458127cc6f5a90d1e81f20eb73404,hist_gradient_boosting,0.1,mean_width,77.58209534003434,77.58209534003434,77.58209534003434,2000,0.95,125.0,100,True,20,19,19,19,19,1.0,0.0,interior,finite_observed_order_statistic,1
C02,FD001,primary,101,C02_319975dc35d2_seed_101,outputs/c02_final_review_319975d,319975dc35d27f4edba0be75ccef69cb92077127,b391e6f4aaef88de3a6cd942787c0147784a3d78a639a0d29966320343cd8a56,4c2994db94e3c762fb7f0f07c795605798803e7af895e43e5418f10d0f758914,fcae4c5ac578f2ef505f00144ba3f266c2a458127cc6f5a90d1e81f20eb73404,hist_gradient_boosting,0.1,normalized_interval_score,0.6360073799338528,0.6206567627202747,0.6667086143610089,2000,0.95,125.0,100,True,20,19,19,19,19,1.0,0.0,interior,finite_observed_order_statistic,1
C02,FD001,primary,101,C02_319975dc35d2_seed_101,outputs/c02_final_review_319975d,319975dc35d27f4edba0be75ccef69cb92077127,b391e6f4aaef88de3a6cd942787c0147784a3d78a639a0d29966320343cd8a56,4c2994db94e3c762fb7f0f07c795605798803e7af895e43e5418f10d0f758914,fcae4c5ac578f2ef505f00144ba3f266c2a458127cc6f5a90d1e81f20eb73404,hist_gradient_boosting,0.05,coverage,0.99,0.97,1.0,2000,0.95,125.0,100,True,20,20,20,20,20,1.0,0.0,max_statistic,finite_observed_order_statistic,1
C02,FD001,primary,101,C02_319975dc35d2_seed_101,outputs/c02_final_review_319975d,319975dc35d27f4edba0be75ccef69cb92077127,b391e6f4aaef88de3a6cd942787c0147784a3d78a639a0d29966320343cd8a56,4c2994db94e3c762fb7f0f07c795605798803e7af895e43e5418f10d0f758914,fcae4c5ac578f2ef505f00144ba3f266c2a458127cc6f5a90d1e81f20eb73404,hist_gradient_boosting,0.05,mean_width,96.5871753101742,96.5871753101742,96.5871753101742,2000,0.95,125.0,100,True,20,20,20,20,20,1.0,0.0,max_statistic,finite_observed_order_statistic,1
C02,FD001,primary,101,C02_319975dc35d2_seed_101,outputs/c02_final_review_319975d,319975dc35d27f4edba0be75ccef69cb92077127,b391e6f4aaef88de3a6cd942787c0147784a3d78a639a0d29966320343cd8a56,4c2994db94e3c762fb7f0f07c795605798803e7af895e43e5418f10d0f758914,fcae4c5ac578f2ef505f00144ba3f266c2a458127cc6f5a90d1e81f20eb73404,hist_gradient_boosting,0.05,normalized_interval_score,0.7729905089563259,0.7726974024813936,0.7735767219061905,2000,0.95,125.0,100,True,20,20,20,20,20,1.0,0.0,max_statistic,finite_observed_order_statistic,1
C02,FD001,primary,137,C02_319975dc35d2_seed_137,outputs/c02_final_review_319975d,319975dc35d27f4edba0be75ccef69cb92077127,5f4a5052cf528dbe40eee83320e2c57b04f876b9f51959d7c3bd20f9d4a93b46,37046e2fcddc31f51289a10671417f20ac78af907fe31058677d67f023b6978a,4e36384a59d97d4c372d4f2fadea4dedd41c345467d6c61a4b060e1ef540ab7a,mean,0.1,coverage,0.75,0.66,0.83,2000,0.95,125.0,100,True,20,19,19,19,19,1.0,0.0,interior,finite_observed_order_statistic,1
C02,FD001,primary,137,C02_319975dc35d2_seed_137,outputs/c02_final_review_319975d,319975dc35d27f4edba0be75ccef69cb92077127,5f4a5052cf528dbe40eee83320e2c57b04f876b9f51959d7c3bd20f9d4a93b46,37046e2fcddc31f51289a10671417f20ac78af907fe31058677d67f023b6978a,4e36384a59d97d4c372d4f2fadea4dedd41c345467d6c61a4b060e1ef540ab7a,mean,0.1,mean_width,113.79646802677206,113.79646802677206,113.79646802677206,2000,0.95,125.0,100,True,20,19,19,19,19,1.0,0.0,interior,finite_observed_order_statistic,1
C02,FD001,primary,137,C02_319975dc35d2_seed_137,outputs/c02_final_review_319975d,319975dc35d27f4edba0be75ccef69cb92077127,5f4a5052cf528dbe40eee83320e2c57b04f876b9f51959d7c3bd20f9d4a93b46,37046e2fcddc31f51289a10671417f20ac78af907fe31058677d67f023b6978a,4e36384a59d97d4c372d4f2fadea4dedd41c345467d6c61a4b060e1ef540ab7a,mean,0.1,normalized_interval_score,1.4015717442141766,1.2127717442141763,1.6127717442141765,2000,0.95,125.0,100,True,20,19,19,19,19,1.0,0.0,interior,finite_observed_order_statistic,1
C02,FD001,primary,137,C02_319975dc35d2_seed_137,outputs/c02_final_review_319975d,319975dc35d27f4edba0be75ccef69cb92077127,5f4a5052cf528dbe40eee83320e2c57b04f876b9f51959d7c3bd20f9d4a93b46,37046e2fcddc31f51289a10671417f20ac78af907fe31058677d67f023b6978a,4e36384a59d97d4c372d4f2fadea4dedd41c345467d6c61a4b060e1ef540ab7a,mean,0.05,coverage,0.8,0.72,0.88,2000,0.95,125.0,100,True,20,20,20,20,20,1.0,0.0,max_statistic,finite_observed_order_statistic,1
C02,FD001,primary,137,C02_319975dc35d2_seed_137,outputs/c02_final_review_319975d,319975dc35d27f4edba0be75ccef69cb92077127,5f4a5052cf528dbe40eee83320e2c57b04f876b9f51959d7c3bd20f9d4a93b46,37046e2fcddc31f51289a10671417f20ac78af907fe31058677d67f023b6978a,4e36384a59d97d4c372d4f2fadea4dedd41c345467d6c61a4b060e1ef540ab7a,mean,0.05,mean_width,119.79646802677206,119.79646802677206,119.79646802677206,2000,0.95,125.0,100,True,20,20,20,20,20,1.0,0.0,max_statistic,finite_observed_order_statistic,1
C02,FD001,primary,137,C02_319975dc35d2_seed_137,outputs/c02_final_review_319975d,319975dc35d27f4edba0be75ccef69cb92077127,5f4a5052cf528dbe40eee83320e2c57b04f876b9f51959d7c3bd20f9d4a93b46,37046e2fcddc31f51289a10671417f20ac78af907fe31058677d67f023b6978a,4e36384a59d97d4c372d4f2fadea4dedd41c345467d6c61a4b060e1ef540ab7a,mean,0.05,normalized_interval_score,1.7199717442141764,1.4095717442141766,2.075171744214176,2000,0.95,125.0,100,True,20,20,20,20,20,1.0,0.0,max_statistic,finite_observed_order_statistic,1
C02,FD001,primary,137,C02_319975dc35d2_seed_137,outputs/c02_final_review_319975d,319975dc35d27f4edba0be75ccef69cb92077127,5f4a5052cf528dbe40eee83320e2c57b04f876b9f51959d7c3bd20f9d4a93b46,37046e2fcddc31f51289a10671417f20ac78af907fe31058677d67f023b6978a,4e36384a59d97d4c372d4f2fadea4dedd41c345467d6c61a4b060e1ef540ab7a,ridge,0.1,coverage,0.97,0.94,1.0,2000,0.95,125.0,100,True,20,19,19,19,19,1.0,0.0,interior,finite_observed_order_statistic,1
C02,FD001,primary,137,C02_319975dc35d2_seed_137,outputs/c02_final_review_319975d,319975dc35d27f4edba0be75ccef69cb92077127,5f4a5052cf528dbe40eee83320e2c57b04f876b9f51959d7c3bd20f9d4a93b46,37046e2fcddc31f51289a10671417f20ac78af907fe31058677d67f023b6978a,4e36384a59d97d4c372d4f2fadea4dedd41c345467d6c61a4b060e1ef540ab7a,ridge,0.1,mean_width,73.72832414695218,73.72832414695216,73.72832414695218,2000,0.95,125.0,100,True,20,19,19,19,19,1.0,0.0,interior,finite_observed_order_statistic,1
C02,FD001,primary,137,C02_319975dc35d2_seed_137,outputs/c02_final_review_319975d,319975dc35d27f4edba0be75ccef69cb92077127,5f4a5052cf528dbe40eee83320e2c57b04f876b9f51959d7c3bd20f9d4a93b46,37046e2fcddc31f51289a10671417f20ac78af907fe31058677d67f023b6978a,4e36384a59d97d4c372d4f2fadea4dedd41c345467d6c61a4b060e1ef540ab7a,ridge,0.1,normalized_interval_score,0.6129110557878424,0.5898265931756174,0.6541511794296436,2000,0.95,125.0,100,True,20,19,19,19,19,1.0,0.0,interior,finite_observed_order_statistic,1
C02,FD001,primary,137,C02_319975dc35d2_seed_137,outputs/c02_final_review_319975d,319975dc35d27f4edba0be75ccef69cb92077127,5f4a5052cf528dbe40eee83320e2c57b04f876b9f51959d7c3bd20f9d4a93b46,37046e2fcddc31f51289a10671417f20ac78af907fe31058677d67f023b6978a,4e36384a59d97d4c372d4f2fadea4dedd41c345467d6c61a4b060e1ef540ab7a,ridge,0.05,coverage,0.98,0.95,1.0,2000,0.95,125.0,100,True,20,20,20,20,20,1.0,0.0,max_statistic,finite_observed_order_statistic,1
C02,FD001,primary,137,C02_319975dc35d2_seed_137,outputs/c02_final_review_319975d,319975dc35d27f4edba0be75ccef69cb92077127,5f4a5052cf528dbe40eee83320e2c57b04f876b9f51959d7c3bd20f9d4a93b46,37046e2fcddc31f51289a10671417f20ac78af907fe31058677d67f023b6978a,4e36384a59d97d4c372d4f2fadea4dedd41c345467d6c61a4b060e1ef540ab7a,ridge,0.05,mean_width,78.36824502728722,78.36824502728722,78.36824502728722,2000,0.95,125.0,100,True,20,20,20,20,20,1.0,0.0,max_statistic,finite_observed_order_statistic,1
C02,FD001,primary,137,C02_319975dc35d2_seed_137,outputs/c02_final_review_319975d,319975dc35d27f4edba0be75ccef69cb92077127,5f4a5052cf528dbe40eee83320e2c57b04f876b9f51959d7c3bd20f9d4a93b46,37046e2fcddc31f51289a10671417f20ac78af907fe31058677d67f023b6978a,4e36384a59d97d4c372d4f2fadea4dedd41c345467d6c61a4b060e1ef540ab7a,ridge,0.05,normalized_interval_score,0.6570713642602454,0.6269459602182977,0.7160842169528093,2000,0.95,125.0,100,True,20,20,20,20,20,1.0,0.0,max_statistic,finite_observed_order_statistic,1
C02,FD001,primary,137,C02_319975dc35d2_seed_137,outputs/c02_final_review_319975d,319975dc35d27f4edba0be75ccef69cb92077127,5f4a5052cf528dbe40eee83320e2c57b04f876b9f51959d7c3bd20f9d4a93b46,37046e2fcddc31f51289a10671417f20ac78af907fe31058677d67f023b6978a,4e36384a59d97d4c372d4f2fadea4dedd41c345467d6c61a4b060e1ef540ab7a,hist_gradient_boosting,0.1,coverage,0.95,0.91,0.99,2000,0.95,125.0,100,True,20,19,19,19,19,1.0,0.0,interior,finite_observed_order_statistic,1
C02,FD001,primary,137,C02_319975dc35d2_seed_137,outputs/c02_final_review_319975d,319975dc35d27f4edba0be75ccef69cb92077127,5f4a5052cf528dbe40eee83320e2c57b04f876b9f51959d7c3bd20f9d4a93b46,37046e2fcddc31f51289a10671417f20ac78af907fe31058677d67f023b6978a,4e36384a59d97d4c372d4f2fadea4dedd41c345467d6c61a4b060e1ef540ab7a,hist_gradient_boosting,0.1,mean_width,59.25950915956047,59.25950915956047,59.25950915956047,2000,0.95,125.0,100,True,20,19,19,19,19,1.0,0.0,interior,finite_observed_order_statistic,1
C02,FD001,primary,137,C02_319975dc35d2_seed_137,outputs/c02_final_review_319975d,319975dc35d27f4edba0be75ccef69cb92077127,5f4a5052cf528dbe40eee83320e2c57b04f876b9f51959d7c3bd20f9d4a93b46,37046e2fcddc31f51289a10671417f20ac78af907fe31058677d67f023b6978a,4e36384a59d97d4c372d4f2fadea4dedd41c345467d6c61a4b060e1ef540ab7a,hist_gradient_boosting,0.1,normalized_interval_score,0.5293755551284808,0.47809957808922743,0.6199888162635315,2000,0.95,125.0,100,True,20,19,19,19,19,1.0,0.0,interior,finite_observed_order_statistic,1
C02,FD001,primary,137,C02_319975dc35d2_seed_137,outputs/c02_final_review_319975d,319975dc35d27f4edba0be75ccef69cb92077127,5f4a5052cf528dbe40eee83320e2c57b04f876b9f51959d7c3bd20f9d4a93b46,37046e2fcddc31f51289a10671417f20ac78af907fe31058677d67f023b6978a,4e36384a59d97d4c372d4f2fadea4dedd41c345467d6c61a4b060e1ef540ab7a,hist_gradient_boosting,0.05,coverage,0.99,0.97,1.0,2000,0.95,125.0,100,True,20,20,20,20,20,1.0,0.0,max_statistic,finite_observed_order_statistic,1
C02,FD001,primary,137,C02_319975dc35d2_seed_137,outputs/c02_final_review_319975d,319975dc35d27f4edba0be75ccef69cb92077127,5f4a5052cf528dbe40eee83320e2c57b04f876b9f51959d7c3bd20f9d4a93b46,37046e2fcddc31f51289a10671417f20ac78af907fe31058677d67f023b6978a,4e36384a59d97d4c372d4f2fadea4dedd41c345467d6c61a4b060e1ef540ab7a,hist_gradient_boosting,0.05,mean_width,68.16806865763317,68.16806865763317,68.16806865763317,2000,0.95,125.0,100,True,20,20,20,20,20,1.0,0.0,max_statistic,finite_observed_order_statistic,1
C02,FD001,primary,137,C02_319975dc35d2_seed_137,outputs/c02_final_review_319975d,319975dc35d27f4edba0be75ccef69cb92077127,5f4a5052cf528dbe40eee83320e2c57b04f876b9f51959d7c3bd20f9d4a93b46,37046e2fcddc31f51289a10671417f20ac78af907fe31058677d67f023b6978a,4e36384a59d97d4c372d4f2fadea4dedd41c345467d6c61a4b060e1ef540ab7a,hist_gradient_boosting,0.05,normalized_interval_score,0.6121412940045675,0.5453445492610653,0.7457347834915717,2000,0.95,125.0,100,True,20,20,20,20,20,1.0,0.0,max_statistic,finite_observed_order_statistic,1
C03,FD001,primary,13,C03_b542ee03a95a_seed_13,outputs/c03_final_review_b542ee0,b542ee03a95a4e43fc142a2ae8cafb02ef6ca7e3,b78efe5d3564b9333206b23fc40ea1fb3e6819a5d530807f515fc995b6882525,01147b0f67756a50e7276a9cadbb21c354939fb0263c7927025209a4a1a721f6,fedb734c696ff5704c862b80fae9cee048402b09b31bcd0d2b7b3115ba716426,hist_gradient_boosting_cqr,0.1,coverage,0.86,0.79,0.92,2000,0.95,125.0,100,True,20,19,19,19,19,1.0,0.0,interior,finite_observed_order_statistic,1
C03,FD001,primary,13,C03_b542ee03a95a_seed_13,outputs/c03_final_review_b542ee0,b542ee03a95a4e43fc142a2ae8cafb02ef6ca7e3,b78efe5d3564b9333206b23fc40ea1fb3e6819a5d530807f515fc995b6882525,01147b0f67756a50e7276a9cadbb21c354939fb0263c7927025209a4a1a721f6,fedb734c696ff5704c862b80fae9cee048402b09b31bcd0d2b7b3115ba716426,hist_gradient_boosting_cqr,0.1,mean_width,73.81184717037583,72.36980765505032,75.19756258910564,2000,0.95,125.0,100,True,20,19,19,19,19,1.0,0.0,interior,finite_observed_order_statistic,1
C03,FD001,primary,13,C03_b542ee03a95a_seed_13,outputs/c03_final_review_b542ee0,b542ee03a95a4e43fc142a2ae8cafb02ef6ca7e3,b78efe5d3564b9333206b23fc40ea1fb3e6819a5d530807f515fc995b6882525,01147b0f67756a50e7276a9cadbb21c354939fb0263c7927025209a4a1a721f6,fedb734c696ff5704c862b80fae9cee048402b09b31bcd0d2b7b3115ba716426,hist_gradient_boosting_cqr,0.1,normalized_interval_score,0.6792793319759594,0.6277200253398482,0.7435744442437063,2000,0.95,125.0,100,True,20,19,19,19,19,1.0,0.0,interior,finite_observed_order_statistic,1
C03,FD001,primary,13,C03_b542ee03a95a_seed_13,outputs/c03_final_review_b542ee0,b542ee03a95a4e43fc142a2ae8cafb02ef6ca7e3,b78efe5d3564b9333206b23fc40ea1fb3e6819a5d530807f515fc995b6882525,01147b0f67756a50e7276a9cadbb21c354939fb0263c7927025209a4a1a721f6,fedb734c696ff5704c862b80fae9cee048402b09b31bcd0d2b7b3115ba716426,hist_gradient_boosting_cqr,0.05,coverage,0.97,0.93,1.0,2000,0.95,125.0,100,True,20,20,20,20,20,1.0,0.0,max_statistic,finite_observed_order_statistic,1
C03,FD001,primary,13,C03_b542ee03a95a_seed_13,outputs/c03_final_review_b542ee0,b542ee03a95a4e43fc142a2ae8cafb02ef6ca7e3,b78efe5d3564b9333206b23fc40ea1fb3e6819a5d530807f515fc995b6882525,01147b0f67756a50e7276a9cadbb21c354939fb0263c7927025209a4a1a721f6,fedb734c696ff5704c862b80fae9cee048402b09b31bcd0d2b7b3115ba716426,hist_gradient_boosting_cqr,0.05,mean_width,105.04054569954917,103.7403867725645,106.50565967385035,2000,0.95,125.0,100,True,20,20,20,20,20,1.0,0.0,max_statistic,finite_observed_order_statistic,1
C03,FD001,primary,13,C03_b542ee03a95a_seed_13,outputs/c03_final_review_b542ee0,b542ee03a95a4e43fc142a2ae8cafb02ef6ca7e3,b78efe5d3564b9333206b23fc40ea1fb3e6819a5d530807f515fc995b6882525,01147b0f67756a50e7276a9cadbb21c354939fb0263c7927025209a4a1a721f6,fedb734c696ff5704c862b80fae9cee048402b09b31bcd0d2b7b3115ba716426,hist_gradient_boosting_cqr,0.05,normalized_interval_score,0.8523799211316154,0.8354200181618553,0.8721911961575034,2000,0.95,125.0,100,True,20,20,20,20,20,1.0,0.0,max_statistic,finite_observed_order_statistic,1
C03,FD001,primary,37,C03_b542ee03a95a_seed_37,outputs/c03_final_review_b542ee0,b542ee03a95a4e43fc142a2ae8cafb02ef6ca7e3,a6ccba12f6993f56a630b70fa9643196cec57149bbf009b551f6828251a18d94,9580f12311b6822cde00450980ae63d80fd968d96cc01903501427bede649075,d8257c4c6a8559f142df9a77c767e37d99d2c49b62307882d71d1f0f3594e280,hist_gradient_boosting_cqr,0.1,coverage,0.99,0.97,1.0,2000,0.95,125.0,100,True,20,19,19,19,19,1.0,0.0,interior,finite_observed_order_statistic,1
C03,FD001,primary,37,C03_b542ee03a95a_seed_37,outputs/c03_final_review_b542ee0,b542ee03a95a4e43fc142a2ae8cafb02ef6ca7e3,a6ccba12f6993f56a630b70fa9643196cec57149bbf009b551f6828251a18d94,9580f12311b6822cde00450980ae63d80fd968d96cc01903501427bede649075,d8257c4c6a8559f142df9a77c767e37d99d2c49b62307882d71d1f0f3594e280,hist_gradient_boosting_cqr,0.1,mean_width,95.60922427931563,94.5544605797093,96.54868373669592,2000,0.95,125.0,100,True,20,19,19,19,19,1.0,0.0,interior,finite_observed_order_statistic,1
C03,FD001,primary,37,C03_b542ee03a95a_seed_37,outputs/c03_final_review_b542ee0,b542ee03a95a4e43fc142a2ae8cafb02ef6ca7e3,a6ccba12f6993f56a630b70fa9643196cec57149bbf009b551f6828251a18d94,9580f12311b6822cde00450980ae63d80fd968d96cc01903501427bede649075,d8257c4c6a8559f142df9a77c767e37d99d2c49b62307882d71d1f0f3594e280,hist_gradient_boosting_cqr,0.1,normalized_interval_score,0.7711676986252075,0.7590682786954522,0.7873447426847451,2000,0.95,125.0,100,True,20,19,19,19,19,1.0,0.0,interior,finite_observed_order_statistic,1
C03,FD001,primary,37,C03_b542ee03a95a_seed_37,outputs/c03_final_review_b542ee0,b542ee03a95a4e43fc142a2ae8cafb02ef6ca7e3,a6ccba12f6993f56a630b70fa9643196cec57149bbf009b551f6828251a18d94,9580f12311b6822cde00450980ae63d80fd968d96cc01903501427bede649075,d8257c4c6a8559f142df9a77c767e37d99d2c49b62307882d71d1f0f3594e280,hist_gradient_boosting_cqr,0.05,coverage,0.98,0.95,1.0,2000,0.95,125.0,100,True,20,20,20,20,20,1.0,0.0,max_statistic,finite_observed_order_statistic,1
C03,FD001,primary,37,C03_b542ee03a95a_seed_37,outputs/c03_final_review_b542ee0,b542ee03a95a4e43fc142a2ae8cafb02ef6ca7e3,a6ccba12f6993f56a630b70fa9643196cec57149bbf009b551f6828251a18d94,9580f12311b6822cde00450980ae63d80fd968d96cc01903501427bede649075,d8257c4c6a8559f142df9a77c767e37d99d2c49b62307882d71d1f0f3594e280,hist_gradient_boosting_cqr,0.05,mean_width,104.83433733371913,103.49289366416778,106.2953321665922,2000,0.95,125.0,100,True,20,20,20,20,20,1.0,0.0,max_statistic,finite_observed_order_statistic,1
C03,FD001,primary,37,C03_b542ee03a95a_seed_37,outputs/c03_final_review_b542ee0,b542ee03a95a4e43fc142a2ae8cafb02ef6ca7e3,a6ccba12f6993f56a630b70fa9643196cec57149bbf009b551f6828251a18d94,9580f12311b6822cde00450980ae63d80fd968d96cc01903501427bede649075,d8257c4c6a8559f142df9a77c767e37d99d2c49b62307882d71d1f0f3594e280,hist_gradient_boosting_cqr,0.05,normalized_interval_score,0.8636463099990664,0.8338051042143292,0.9039628245084271,2000,0.95,125.0,100,True,20,20,20,20,20,1.0,0.0,max_statistic,finite_observed_order_statistic,1
C03,FD001,primary,73,C03_b542ee03a95a_seed_73,outputs/c03_final_review_b542ee0,b542ee03a95a4e43fc142a2ae8cafb02ef6ca7e3,1d0608fa177cc8dc310ee8077887364dbb589d0fd33e39702ef6c5a4e1a586e4,9b3cec6d351c16f1e11fde9cff34815f8f4fa0cfcf42b073e999e63ec680ad8b,55ff69d0b3cd9c40711680c61631ec7793ccbbd4b05e139f1ecbb0b1dbe14bc7,hist_gradient_boosting_cqr,0.1,coverage,0.95,0.9,0.99,2000,0.95,125.0,100,True,20,19,19,19,19,1.0,0.0,interior,finite_observed_order_statistic,1
C03,FD001,primary,73,C03_b542ee03a95a_seed_73,outputs/c03_final_review_b542ee0,b542ee03a95a4e43fc142a2ae8cafb02ef6ca7e3,1d0608fa177cc8dc310ee8077887364dbb589d0fd33e39702ef6c5a4e1a586e4,9b3cec6d351c16f1e11fde9cff34815f8f4fa0cfcf42b073e999e63ec680ad8b,55ff69d0b3cd9c40711680c61631ec7793ccbbd4b05e139f1ecbb0b1dbe14bc7,hist_gradient_boosting_cqr,0.1,mean_width,82.18343118487182,81.22829035563082,83.1309882648055,2000,0.95,125.0,100,True,20,19,19,19,19,1.0,0.0,interior,finite_observed_order_statistic,1
C03,FD001,primary,73,C03_b542ee03a95a_seed_73,outputs/c03_final_review_b542ee0,b542ee03a95a4e43fc142a2ae8cafb02ef6ca7e3,1d0608fa177cc8dc310ee8077887364dbb589d0fd33e39702ef6c5a4e1a586e4,9b3cec6d351c16f1e11fde9cff34815f8f4fa0cfcf42b073e999e63ec680ad8b,55ff69d0b3cd9c40711680c61631ec7793ccbbd4b05e139f1ecbb0b1dbe14bc7,hist_gradient_boosting_cqr,0.1,normalized_interval_score,0.6793576970717716,0.661119103937991,0.70200685392957,2000,0.95,125.0,100,True,20,19,19,19,19,1.0,0.0,interior,finite_observed_order_statistic,1
C03,FD001,primary,73,C03_b542ee03a95a_seed_73,outputs/c03_final_review_b542ee0,b542ee03a95a4e43fc142a2ae8cafb02ef6ca7e3,1d0608fa177cc8dc310ee8077887364dbb589d0fd33e39702ef6c5a4e1a586e4,9b3cec6d351c16f1e11fde9cff34815f8f4fa0cfcf42b073e999e63ec680ad8b,55ff69d0b3cd9c40711680c61631ec7793ccbbd4b05e139f1ecbb0b1dbe14bc7,hist_gradient_boosting_cqr,0.05,coverage,0.99,0.97,1.0,2000,0.95,125.0,100,True,20,20,20,20,20,1.0,0.0,max_statistic,finite_observed_order_statistic,1
C03,FD001,primary,73,C03_b542ee03a95a_seed_73,outputs/c03_final_review_b542ee0,b542ee03a95a4e43fc142a2ae8cafb02ef6ca7e3,1d0608fa177cc8dc310ee8077887364dbb589d0fd33e39702ef6c5a4e1a586e4,9b3cec6d351c16f1e11fde9cff34815f8f4fa0cfcf42b073e999e63ec680ad8b,55ff69d0b3cd9c40711680c61631ec7793ccbbd4b05e139f1ecbb0b1dbe14bc7,hist_gradient_boosting_cqr,0.05,mean_width,104.9534985925367,103.56128861745673,106.437381318319,2000,0.95,125.0,100,True,20,20,20,20,20,1.0,0.0,max_statistic,finite_observed_order_statistic,1
C03,FD001,primary,73,C03_b542ee03a95a_seed_73,outputs/c03_final_review_b542ee0,b542ee03a95a4e43fc142a2ae8cafb02ef6ca7e3,1d0608fa177cc8dc310ee8077887364dbb589d0fd33e39702ef6c5a4e1a586e4,9b3cec6d351c16f1e11fde9cff34815f8f4fa0cfcf42b073e999e63ec680ad8b,55ff69d0b3cd9c40711680c61631ec7793ccbbd4b05e139f1ecbb0b1dbe14bc7,hist_gradient_boosting_cqr,0.05,normalized_interval_score,0.84763134832773,0.8307833980716047,0.8704795781705242,2000,0.95,125.0,100,True,20,20,20,20,20,1.0,0.0,max_statistic,finite_observed_order_statistic,1
C03,FD001,primary,101,C03_b542ee03a95a_seed_101,outputs/c03_final_review_b542ee0,b542ee03a95a4e43fc142a2ae8cafb02ef6ca7e3,fe5f690f2aaa659873f4d9c65553e2dc0ad769d6878e9169ca146d4df114df4e,9a02140f6cfd137c02a89357db5bda1a95a4475e76b6ad2a78f7f926f4d0c844,846ba95a93b82e8754901a4afeda346afe83620b583e8c45b058d53751a5b0b7,hist_gradient_boosting_cqr,0.1,coverage,0.92,0.86,0.97,2000,0.95,125.0,100,True,20,19,19,19,19,1.0,0.0,interior,finite_observed_order_statistic,1
C03,FD001,primary,101,C03_b542ee03a95a_seed_101,outputs/c03_final_review_b542ee0,b542ee03a95a4e43fc142a2ae8cafb02ef6ca7e3,fe5f690f2aaa659873f4d9c65553e2dc0ad769d6878e9169ca146d4df114df4e,9a02140f6cfd137c02a89357db5bda1a95a4475e76b6ad2a78f7f926f4d0c844,846ba95a93b82e8754901a4afeda346afe83620b583e8c45b058d53751a5b0b7,hist_gradient_boosting_cqr,0.1,mean_width,74.39887503451853,72.63532547006398,76.19179413371441,2000,0.95,125.0,100,True,20,19,19,19,19,1.0,0.0,interior,finite_observed_order_statistic,1
C03,FD001,primary,101,C03_b542ee03a95a_seed_101,outputs/c03_final_review_b542ee0,b542ee03a95a4e43fc142a2ae8cafb02ef6ca7e3,fe5f690f2aaa659873f4d9c65553e2dc0ad769d6878e9169ca146d4df114df4e,9a02140f6cfd137c02a89357db5bda1a95a4475e76b6ad2a78f7f926f4d0c844,846ba95a93b82e8754901a4afeda346afe83620b583e8c45b058d53751a5b0b7,hist_gradient_boosting_cqr,0.1,normalized_interval_score,0.642430898962911,0.6021196133184348,0.6954906610092751,2000,0.95,125.0,100,True,20,19,19,19,19,1.0,0.0,interior,finite_observed_order_statistic,1
C03,FD001,primary,101,C03_b542ee03a95a_seed_101,outputs/c03_final_review_b542ee0,b542ee03a95a4e43fc142a2ae8cafb02ef6ca7e3,fe5f690f2aaa659873f4d9c65553e2dc0ad769d6878e9169ca146d4df114df4e,9a02140f6cfd137c02a89357db5bda1a95a4475e76b6ad2a78f7f926f4d0c844,846ba95a93b82e8754901a4afeda346afe83620b583e8c45b058d53751a5b0b7,hist_gradient_boosting_cqr,0.05,coverage,0.98,0.95,1.0,2000,0.95,125.0,100,True,20,20,20,20,20,1.0,0.0,max_statistic,finite_observed_order_statistic,1
C03,FD001,primary,101,C03_b542ee03a95a_seed_101,outputs/c03_final_review_b542ee0,b542ee03a95a4e43fc142a2ae8cafb02ef6ca7e3,fe5f690f2aaa659873f4d9c65553e2dc0ad769d6878e9169ca146d4df114df4e,9a02140f6cfd137c02a89357db5bda1a95a4475e76b6ad2a78f7f926f4d0c844,846ba95a93b82e8754901a4afeda346afe83620b583e8c45b058d53751a5b0b7,hist_gradient_boosting_cqr,0.05,mean_width,103.12148922757582,101.87277747846736,104.43400587268908,2000,0.95,125.0,100,True,20,20,20,20,20,1.0,0.0,max_statistic,finite_observed_order_statistic,1
C03,FD001,primary,101,C03_b542ee03a95a_seed_101,outputs/c03_final_review_b542ee0,b542ee03a95a4e43fc142a2ae8cafb02ef6ca7e3,fe5f690f2aaa659873f4d9c65553e2dc0ad769d6878e9169ca146d4df114df4e,9a02140f6cfd137c02a89357db5bda1a95a4475e76b6ad2a78f7f926f4d0c844,846ba95a93b82e8754901a4afeda346afe83620b583e8c45b058d53751a5b0b7,hist_gradient_boosting_cqr,0.05,normalized_interval_score,0.8308296016401701,0.8190744409307673,0.8437781340357839,2000,0.95,125.0,100,True,20,20,20,20,20,1.0,0.0,max_statistic,finite_observed_order_statistic,1
C03,FD001,primary,137,C03_b542ee03a95a_seed_137,outputs/c03_final_review_b542ee0,b542ee03a95a4e43fc142a2ae8cafb02ef6ca7e3,e1f74c67b7907a280ece2395698e9e04d07db4885a189f5a10d9346d67d7ead7,73d3732d2f3958d01c31437bbd449bb0dcfcb4f2ac1849f8cbf65ef714e3aadd,2df61594f08aa0d2ea49f90da2a32e40f60ba2b651427bdf14d7d641f9aad600,hist_gradient_boosting_cqr,0.1,coverage,0.87,0.8,0.93,2000,0.95,125.0,100,True,20,19,19,19,19,1.0,0.0,interior,finite_observed_order_statistic,1
C03,FD001,primary,137,C03_b542ee03a95a_seed_137,outputs/c03_final_review_b542ee0,b542ee03a95a4e43fc142a2ae8cafb02ef6ca7e3,e1f74c67b7907a280ece2395698e9e04d07db4885a189f5a10d9346d67d7ead7,73d3732d2f3958d01c31437bbd449bb0dcfcb4f2ac1849f8cbf65ef714e3aadd,2df61594f08aa0d2ea49f90da2a32e40f60ba2b651427bdf14d7d641f9aad600,hist_gradient_boosting_cqr,0.1,mean_width,81.23830167199752,78.94727552931855,83.5222273713537,2000,0.95,125.0,100,True,20,19,19,19,19,1.0,0.0,interior,finite_observed_order_statistic,1
C03,FD001,primary,137,C03_b542ee03a95a_seed_137,outputs/c03_final_review_b542ee0,b542ee03a95a4e43fc142a2ae8cafb02ef6ca7e3,e1f74c67b7907a280ece2395698e9e04d07db4885a189f5a10d9346d67d7ead7,73d3732d2f3958d01c31437bbd449bb0dcfcb4f2ac1849f8cbf65ef714e3aadd,2df61594f08aa0d2ea49f90da2a32e40f60ba2b651427bdf14d7d641f9aad600,hist_gradient_boosting_cqr,0.1,normalized_interval_score,0.7520086991238696,0.6854952674408266,0.83453845145429,2000,0.95,125.0,100,True,20,19,19,19,19,1.0,0.0,interior,finite_observed_order_statistic,1
C03,FD001,primary,137,C03_b542ee03a95a_seed_137,outputs/c03_final_review_b542ee0,b542ee03a95a4e43fc142a2ae8cafb02ef6ca7e3,e1f74c67b7907a280ece2395698e9e04d07db4885a189f5a10d9346d67d7ead7,73d3732d2f3958d01c31437bbd449bb0dcfcb4f2ac1849f8cbf65ef714e3aadd,2df61594f08aa0d2ea49f90da2a32e40f60ba2b651427bdf14d7d641f9aad600,hist_gradient_boosting_cqr,0.05,coverage,0.9,0.84,0.9502499999999986,2000,0.95,125.0,100,True,20,20,20,20,20,1.0,0.0,max_statistic,finite_observed_order_statistic,1
C03,FD001,primary,137,C03_b542ee03a95a_seed_137,outputs/c03_final_review_b542ee0,b542ee03a95a4e43fc142a2ae8cafb02ef6ca7e3,e1f74c67b7907a280ece2395698e9e04d07db4885a189f5a10d9346d67d7ead7,73d3732d2f3958d01c31437bbd449bb0dcfcb4f2ac1849f8cbf65ef714e3aadd,2df61594f08aa0d2ea49f90da2a32e40f60ba2b651427bdf14d7d641f9aad600,hist_gradient_boosting_cqr,0.05,mean_width,96.98614677823599,95.70862834353207,98.29344510760892,2000,0.95,125.0,100,True,20,20,20,20,20,1.0,0.0,max_statistic,finite_observed_order_statistic,1
C03,FD001,primary,137,C03_b542ee03a95a_seed_137,outputs/c03_final_review_b542ee0,b542ee03a95a4e43fc142a2ae8cafb02ef6ca7e3,e1f74c67b7907a280ece2395698e9e04d07db4885a189f5a10d9346d67d7ead7,73d3732d2f3958d01c31437bbd449bb0dcfcb4f2ac1849f8cbf65ef714e3aadd,2df61594f08aa0d2ea49f90da2a32e40f60ba2b651427bdf14d7d641f9aad600,hist_gradient_boosting_cqr,0.05,normalized_interval_score,0.8442251551413391,0.7979681719334064,0.9019413101360845,2000,0.95,125.0,100,True,20,20,20,20,20,1.0,0.0,max_statistic,finite_observed_order_statistic,1
C04,FD001,primary,13,C04_FD001_3bf92063fd99_seed_13,outputs/c04_final_hardened_3bf9206,3bf92063fd99e23b7cbdf6a439a2fc4344807710,0eb89ab2ad1ed2cf44330f86f852d0bdb0a7aa8fd86ba72ba06e772600daf7fa,70a7464b894a3de7480f56e482d78f1969cf2696d9e85f126e85e2f0febe957e,1ae8580aa20bde21a30a4dc92458ea89f9e85d1c8750ea6b112888e5b8f5bf5b,mean,0.1,coverage,0.75,0.66,0.83,2000,0.95,125.0,100,True,20,19,19,19,19,1.0,0.0,interior,finite_observed_order_statistic,1
C04,FD001,primary,13,C04_FD001_3bf92063fd99_seed_13,outputs/c04_final_hardened_3bf9206,3bf92063fd99e23b7cbdf6a439a2fc4344807710,0eb89ab2ad1ed2cf44330f86f852d0bdb0a7aa8fd86ba72ba06e772600daf7fa,70a7464b894a3de7480f56e482d78f1969cf2696d9e85f126e85e2f0febe957e,1ae8580aa20bde21a30a4dc92458ea89f9e85d1c8750ea6b112888e5b8f5bf5b,mean,0.1,mean_width,110.65491183879088,110.65491183879088,110.65491183879088,2000,0.95,125.0,100,True,20,19,19,19,19,1.0,0.0,interior,finite_observed_order_statistic,1
C04,FD001,primary,13,C04_FD001_3bf92063fd99_seed_13,outputs/c04_final_hardened_3bf9206,3bf92063fd99e23b7cbdf6a439a2fc4344807710,0eb89ab2ad1ed2cf44330f86f852d0bdb0a7aa8fd86ba72ba06e772600daf7fa,70a7464b894a3de7480f56e482d78f1969cf2696d9e85f126e85e2f0febe957e,1ae8580aa20bde21a30a4dc92458ea89f9e85d1c8750ea6b112888e5b8f5bf5b,mean,0.1,normalized_interval_score,1.3764392947103274,1.1891192947103273,1.5908392947103278,2000,0.95,125.0,100,True,20,19,19,19,19,1.0,0.0,interior,finite_observed_order_statistic,1
C04,FD001,primary,13,C04_FD001_3bf92063fd99_seed_13,outputs/c04_final_hardened_3bf9206,3bf92063fd99e23b7cbdf6a439a2fc4344807710,0eb89ab2ad1ed2cf44330f86f852d0bdb0a7aa8fd86ba72ba06e772600daf7fa,70a7464b894a3de7480f56e482d78f1969cf2696d9e85f126e85e2f0febe957e,1ae8580aa20bde21a30a4dc92458ea89f9e85d1c8750ea6b112888e5b8f5bf5b,mean,0.05,coverage,0.81,0.73,0.89,2000,0.95,125.0,100,True,20,20,20,20,20,1.0,0.0,max_statistic,finite_observed_order_statistic,1
C04,FD001,primary,13,C04_FD001_3bf92063fd99_seed_13,outputs/c04_final_hardened_3bf9206,3bf92063fd99e23b7cbdf6a439a2fc4344807710,0eb89ab2ad1ed2cf44330f86f852d0bdb0a7aa8fd86ba72ba06e772600daf7fa,70a7464b894a3de7480f56e482d78f1969cf2696d9e85f126e85e2f0febe957e,1ae8580aa20bde21a30a4dc92458ea89f9e85d1c8750ea6b112888e5b8f5bf5b,mean,0.05,mean_width,126.65491183879088,126.65491183879088,126.65491183879088,2000,0.95,125.0,100,True,20,20,20,20,20,1.0,0.0,max_statistic,finite_observed_order_statistic,1
C04,FD001,primary,13,C04_FD001_3bf92063fd99_seed_13,outputs/c04_final_hardened_3bf9206,3bf92063fd99e23b7cbdf6a439a2fc4344807710,0eb89ab2ad1ed2cf44330f86f852d0bdb0a7aa8fd86ba72ba06e772600daf7fa,70a7464b894a3de7480f56e482d78f1969cf2696d9e85f126e85e2f0febe957e,1ae8580aa20bde21a30a4dc92458ea89f9e85d1c8750ea6b112888e5b8f5bf5b,mean,0.05,normalized_interval_score,1.4676392947103276,1.256439294710327,1.7141192947103274,2000,0.95,125.0,100,True,20,20,20,20,20,1.0,0.0,max_statistic,finite_observed_order_statistic,1
C04,FD001,primary,13,C04_FD001_3bf92063fd99_seed_13,outputs/c04_final_hardened_3bf9206,3bf92063fd99e23b7cbdf6a439a2fc4344807710,0eb89ab2ad1ed2cf44330f86f852d0bdb0a7aa8fd86ba72ba06e772600daf7fa,70a7464b894a3de7480f56e482d78f1969cf2696d9e85f126e85e2f0febe957e,1ae8580aa20bde21a30a4dc92458ea89f9e85d1c8750ea6b112888e5b8f5bf5b,ridge,0.1,coverage,0.94,0.89,0.98,2000,0.95,125.0,100,True,20,19,19,19,19,1.0,0.0,interior,finite_observed_order_statistic,1
C04,FD001,primary,13,C04_FD001_3bf92063fd99_seed_13,outputs/c04_final_hardened_3bf9206,3bf92063fd99e23b7cbdf6a439a2fc4344807710,0eb89ab2ad1ed2cf44330f86f852d0bdb0a7aa8fd86ba72ba06e772600daf7fa,70a7464b894a3de7480f56e482d78f1969cf2696d9e85f126e85e2f0febe957e,1ae8580aa20bde21a30a4dc92458ea89f9e85d1c8750ea6b112888e5b8f5bf5b,ridge,0.1,mean_width,73.91528697326743,73.91528697326741,73.91528697326743,2000,0.95,125.0,100,True,20,19,19,19,19,1.0,0.0,interior,finite_observed_order_statistic,1
C04,FD001,primary,13,C04_FD001_3bf92063fd99_seed_13,outputs/c04_final_hardened_3bf9206,3bf92063fd99e23b7cbdf6a439a2fc4344807710,0eb89ab2ad1ed2cf44330f86f852d0bdb0a7aa8fd86ba72ba06e772600daf7fa,70a7464b894a3de7480f56e482d78f1969cf2696d9e85f126e85e2f0febe957e,1ae8580aa20bde21a30a4dc92458ea89f9e85d1c8750ea6b112888e5b8f5bf5b,ridge,0.1,normalized_interval_score,0.6705545729828805,0.6067455325130421,0.7569047614281418,2000,0.95,125.0,100,True,20,19,19,19,19,1.0,0.0,interior,finite_observed_order_statistic,1
C04,FD001,primary,13,C04_FD001_3bf92063fd99_seed_13,outputs/c04_final_hardened_3bf9206,3bf92063fd99e23b7cbdf6a439a2fc4344807710,0eb89ab2ad1ed2cf44330f86f852d0bdb0a7aa8fd86ba72ba06e772600daf7fa,70a7464b894a3de7480f56e482d78f1969cf2696d9e85f126e85e2f0febe957e,1ae8580aa20bde21a30a4dc92458ea89f9e85d1c8750ea6b112888e5b8f5bf5b,ridge,0.05,coverage,0.96,0.92,0.99,2000,0.95,125.0,100,True,20,20,20,20,20,1.0,0.0,max_statistic,finite_observed_order_statistic,1
C04,FD001,primary,13,C04_FD001_3bf92063fd99_seed_13,outputs/c04_final_hardened_3bf9206,3bf92063fd99e23b7cbdf6a439a2fc4344807710,0eb89ab2ad1ed2cf44330f86f852d0bdb0a7aa8fd86ba72ba06e772600daf7fa,70a7464b894a3de7480f56e482d78f1969cf2696d9e85f126e85e2f0febe957e,1ae8580aa20bde21a30a4dc92458ea89f9e85d1c8750ea6b112888e5b8f5bf5b,ridge,0.05,mean_width,77.85108885138072,77.85108885138072,77.85108885138072,2000,0.95,125.0,100,True,20,20,20,20,20,1.0,0.0,max_statistic,finite_observed_order_statistic,1
C04,FD001,primary,13,C04_FD001_3bf92063fd99_seed_13,outputs/c04_final_hardened_3bf9206,3bf92063fd99e23b7cbdf6a439a2fc4344807710,0eb89ab2ad1ed2cf44330f86f852d0bdb0a7aa8fd86ba72ba06e772600daf7fa,70a7464b894a3de7480f56e482d78f1969cf2696d9e85f126e85e2f0febe957e,1ae8580aa20bde21a30a4dc92458ea89f9e85d1c8750ea6b112888e5b8f5bf5b,ridge,0.05,normalized_interval_score,0.7472880694438494,0.6385618375191167,0.8971825051824998,2000,0.95,125.0,100,True,20,20,20,20,20,1.0,0.0,max_statistic,finite_observed_order_statistic,1
C04,FD001,primary,13,C04_FD001_3bf92063fd99_seed_13,outputs/c04_final_hardened_3bf9206,3bf92063fd99e23b7cbdf6a439a2fc4344807710,0eb89ab2ad1ed2cf44330f86f852d0bdb0a7aa8fd86ba72ba06e772600daf7fa,70a7464b894a3de7480f56e482d78f1969cf2696d9e85f126e85e2f0febe957e,1ae8580aa20bde21a30a4dc92458ea89f9e85d1c8750ea6b112888e5b8f5bf5b,hist_gradient_boosting,0.1,coverage,0.99,0.97,1.0,2000,0.95,125.0,100,True,20,19,19,19,19,1.0,0.0,interior,finite_observed_order_statistic,1
C04,FD001,primary,13,C04_FD001_3bf92063fd99_seed_13,outputs/c04_final_hardened_3bf9206,3bf92063fd99e23b7cbdf6a439a2fc4344807710,0eb89ab2ad1ed2cf44330f86f852d0bdb0a7aa8fd86ba72ba06e772600daf7fa,70a7464b894a3de7480f56e482d78f1969cf2696d9e85f126e85e2f0febe957e,1ae8580aa20bde21a30a4dc92458ea89f9e85d1c8750ea6b112888e5b8f5bf5b,hist_gradient_boosting,0.1,mean_width,79.68830959567983,79.68830959567983,79.68830959567983,2000,0.95,125.0,100,True,20,19,19,19,19,1.0,0.0,interior,finite_observed_order_statistic,1
C04,FD001,primary,13,C04_FD001_3bf92063fd99_seed_13,outputs/c04_final_hardened_3bf9206,3bf92063fd99e23b7cbdf6a439a2fc4344807710,0eb89ab2ad1ed2cf44330f86f852d0bdb0a7aa8fd86ba72ba06e772600daf7fa,70a7464b894a3de7480f56e482d78f1969cf2696d9e85f126e85e2f0febe957e,1ae8580aa20bde21a30a4dc92458ea89f9e85d1c8750ea6b112888e5b8f5bf5b,hist_gradient_boosting,0.1,normalized_interval_score,0.6559211561653021,0.6375064767654386,0.6927505149650292,2000,0.95,125.0,100,True,20,19,19,19,19,1.0,0.0,interior,finite_observed_order_statistic,1
C04,FD001,primary,13,C04_FD001_3bf92063fd99_seed_13,outputs/c04_final_hardened_3bf9206,3bf92063fd99e23b7cbdf6a439a2fc4344807710,0eb89ab2ad1ed2cf44330f86f852d0bdb0a7aa8fd86ba72ba06e772600daf7fa,70a7464b894a3de7480f56e482d78f1969cf2696d9e85f126e85e2f0febe957e,1ae8580aa20bde21a30a4dc92458ea89f9e85d1c8750ea6b112888e5b8f5bf5b,hist_gradient_boosting,0.05,coverage,0.99,0.97,1.0,2000,0.95,125.0,100,True,20,20,20,20,20,1.0,0.0,max_statistic,finite_observed_order_statistic,1
C04,FD001,primary,13,C04_FD001_3bf92063fd99_seed_13,outputs/c04_final_hardened_3bf9206,3bf92063fd99e23b7cbdf6a439a2fc4344807710,0eb89ab2ad1ed2cf44330f86f852d0bdb0a7aa8fd86ba72ba06e772600daf7fa,70a7464b894a3de7480f56e482d78f1969cf2696d9e85f126e85e2f0febe957e,1ae8580aa20bde21a30a4dc92458ea89f9e85d1c8750ea6b112888e5b8f5bf5b,hist_gradient_boosting,0.05,mean_width,82.05425848498331,82.0542584849833,82.05425848498331,2000,0.95,125.0,100,True,20,20,20,20,20,1.0,0.0,max_statistic,finite_observed_order_statistic,1
C04,FD001,primary,13,C04_FD001_3bf92063fd99_seed_13,outputs/c04_final_hardened_3bf9206,3bf92063fd99e23b7cbdf6a439a2fc4344807710,0eb89ab2ad1ed2cf44330f86f852d0bdb0a7aa8fd86ba72ba06e772600daf7fa,70a7464b894a3de7480f56e482d78f1969cf2696d9e85f126e85e2f0febe957e,1ae8580aa20bde21a30a4dc92458ea89f9e85d1c8750ea6b112888e5b8f5bf5b,hist_gradient_boosting,0.05,normalized_interval_score,0.6894779084567075,0.6564340678798665,0.7555655896103904,2000,0.95,125.0,100,True,20,20,20,20,20,1.0,0.0,max_statistic,finite_observed_order_statistic,1
C04,FD001,primary,37,C04_FD001_3bf92063fd99_seed_37,outputs/c04_final_hardened_3bf9206,3bf92063fd99e23b7cbdf6a439a2fc4344807710,0dea8fa2f60f248a17c178fe74ffbf2065edabe834c64cab4ffc912aa51ea8ed,f5b5f73097f0a2ac483a61053269a371a64483c489b1d52c97f5eaa8b2b5286b,23275cff27eb5b512c01f0a49522c5bc1e4e3bdce4bd30f305eb4f9f47f1dcbc,mean,0.1,coverage,0.81,0.73,0.88,2000,0.95,125.0,100,True,20,19,19,19,19,1.0,0.0,interior,finite_observed_order_statistic,1
C04,FD001,primary,37,C04_FD001_3bf92063fd99_seed_37,outputs/c04_final_hardened_3bf9206,3bf92063fd99e23b7cbdf6a439a2fc4344807710,0dea8fa2f60f248a17c178fe74ffbf2065edabe834c64cab4ffc912aa51ea8ed,f5b5f73097f0a2ac483a61053269a371a64483c489b1d52c97f5eaa8b2b5286b,23275cff27eb5b512c01f0a49522c5bc1e4e3bdce4bd30f305eb4f9f47f1dcbc,mean,0.1,mean_width,122.96426869938068,122.96426869938068,122.96426869938068,2000,0.95,125.0,100,True,20,19,19,19,19,1.0,0.0,interior,finite_observed_order_statistic,1
C04,FD001,primary,37,C04_FD001_3bf92063fd99_seed_37,outputs/c04_final_hardened_3bf9206,3bf92063fd99e23b7cbdf6a439a2fc4344807710,0dea8fa2f60f248a17c178fe74ffbf2065edabe834c64cab4ffc912aa51ea8ed,f5b5f73097f0a2ac483a61053269a371a64483c489b1d52c97f5eaa8b2b5286b,23275cff27eb5b512c01f0a49522c5bc1e4e3bdce4bd30f305eb4f9f47f1dcbc,mean,0.1,normalized_interval_score,1.3325141495950454,1.1884741495950455,1.4973541495950446,2000,0.95,125.0,100,True,20,19,19,19,19,1.0,0.0,interior,finite_observed_order_statistic,1
C04,FD001,primary,37,C04_FD001_3bf92063fd99_seed_37,outputs/c04_final_hardened_3bf9206,3bf92063fd99e23b7cbdf6a439a2fc4344807710,0dea8fa2f60f248a17c178fe74ffbf2065edabe834c64cab4ffc912aa51ea8ed,f5b5f73097f0a2ac483a61053269a371a64483c489b1d52c97f5eaa8b2b5286b,23275cff27eb5b512c01f0a49522c5bc1e4e3bdce4bd30f305eb4f9f47f1dcbc,mean,0.05,coverage,0.81,0.73,0.88,2000,0.95,125.0,100,True,20,20,20,20,20,1.0,0.0,max_statistic,finite_observed_order_statistic,1
C04,FD001,primary,37,C04_FD001_3bf92063fd99_seed_37,outputs/c04_final_hardened_3bf9206,3bf92063fd99e23b7cbdf6a439a2fc4344807710,0dea8fa2f60f248a17c178fe74ffbf2065edabe834c64cab4ffc912aa51ea8ed,f5b5f73097f0a2ac483a61053269a371a64483c489b1d52c97f5eaa8b2b5286b,23275cff27eb5b512c01f0a49522c5bc1e4e3bdce4bd30f305eb4f9f47f1dcbc,mean,0.05,mean_width,126.96426869938068,126.96426869938068,126.96426869938068,2000,0.95,125.0,100,True,20,20,20,20,20,1.0,0.0,max_statistic,finite_observed_order_statistic,1
C04,FD001,primary,37,C04_FD001_3bf92063fd99_seed_37,outputs/c04_final_hardened_3bf9206,3bf92063fd99e23b7cbdf6a439a2fc4344807710,0dea8fa2f60f248a17c178fe74ffbf2065edabe834c64cab4ffc912aa51ea8ed,f5b5f73097f0a2ac483a61053269a371a64483c489b1d52c97f5eaa8b2b5286b,23275cff27eb5b512c01f0a49522c5bc1e4e3bdce4bd30f305eb4f9f47f1dcbc,mean,0.05,normalized_interval_score,1.591714149595045,1.3453141495950454,1.879714149595045,2000,0.95,125.0,100,True,20,20,20,20,20,1.0,0.0,max_statistic,finite_observed_order_statistic,1
C04,FD001,primary,37,C04_FD001_3bf92063fd99_seed_37,outputs/c04_final_hardened_3bf9206,3bf92063fd99e23b7cbdf6a439a2fc4344807710,0dea8fa2f60f248a17c178fe74ffbf2065edabe834c64cab4ffc912aa51ea8ed,f5b5f73097f0a2ac483a61053269a371a64483c489b1d52c97f5eaa8b2b5286b,23275cff27eb5b512c01f0a49522c5bc1e4e3bdce4bd30f305eb4f9f47f1dcbc,ridge,0.1,coverage,0.94,0.89,0.98,2000,0.95,125.0,100,True,20,19,19,19,19,1.0,0.0,interior,finite_observed_order_statistic,1
C04,FD001,primary,37,C04_FD001_3bf92063fd99_seed_37,outputs/c04_final_hardened_3bf9206,3bf92063fd99e23b7cbdf6a439a2fc4344807710,0dea8fa2f60f248a17c178fe74ffbf2065edabe834c64cab4ffc912aa51ea8ed,f5b5f73097f0a2ac483a61053269a371a64483c489b1d52c97f5eaa8b2b5286b,23275cff27eb5b512c01f0a49522c5bc1e4e3bdce4bd30f305eb4f9f47f1dcbc,ridge,0.1,mean_width,73.07232912978932,73.07232912978932,73.07232912978934,2000,0.95,125.0,100,True,20,19,19,19,19,1.0,0.0,interior,finite_observed_order_statistic,1
C04,FD001,primary,37,C04_FD001_3bf92063fd99_seed_37,outputs/c04_final_hardened_3bf9206,3bf92063fd99e23b7cbdf6a439a2fc4344807710,0dea8fa2f60f248a17c178fe74ffbf2065edabe834c64cab4ffc912aa51ea8ed,f5b5f73097f0a2ac483a61053269a371a64483c489b1d52c97f5eaa8b2b5286b,23275cff27eb5b512c01f0a49522c5bc1e4e3bdce4bd30f305eb4f9f47f1dcbc,ridge,0.1,normalized_interval_score,0.6222609758603321,0.5874050731127795,0.6801387430183536,2000,0.95,125.0,100,True,20,19,19,19,19,1.0,0.0,interior,finite_observed_order_statistic,1
C04,FD001,primary,37,C04_FD001_3bf92063fd99_seed_37,outputs/c04_final_hardened_3bf9206,3bf92063fd99e23b7cbdf6a439a2fc4344807710,0dea8fa2f60f248a17c178fe74ffbf2065edabe834c64cab4ffc912aa51ea8ed,f5b5f73097f0a2ac483a61053269a371a64483c489b1d52c97f5eaa8b2b5286b,23275cff27eb5b512c01f0a49522c5bc1e4e3bdce4bd30f305eb4f9f47f1dcbc,ridge,0.05,coverage,0.96,0.92,0.99,2000,0.95,125.0,100,True,20,20,20,20,20,1.0,0.0,max_statistic,finite_observed_order_statistic,1
C04,FD001,primary,37,C04_FD001_3bf92063fd99_seed_37,outputs/c04_final_hardened_3bf9206,3bf92063fd99e23b7cbdf6a439a2fc4344807710,0dea8fa2f60f248a17c178fe74ffbf2065edabe834c64cab4ffc912aa51ea8ed,f5b5f73097f0a2ac483a61053269a371a64483c489b1d52c97f5eaa8b2b5286b,23275cff27eb5b512c01f0a49522c5bc1e4e3bdce4bd30f305eb4f9f47f1dcbc,ridge,0.05,mean_width,73.959225391545,73.95922539154499,73.959225391545,2000,0.95,125.0,100,True,20,20,20,20,20,1.0,0.0,max_statistic,finite_observed_order_statistic,1
C04,FD001,primary,37,C04_FD001_3bf92063fd99_seed_37,outputs/c04_final_hardened_3bf9206,3bf92063fd99e23b7cbdf6a439a2fc4344807710,0dea8fa2f60f248a17c178fe74ffbf2065edabe834c64cab4ffc912aa51ea8ed,f5b5f73097f0a2ac483a61053269a371a64483c489b1d52c97f5eaa8b2b5286b,23275cff27eb5b512c01f0a49522c5bc1e4e3bdce4bd30f305eb4f9f47f1dcbc,ridge,0.05,normalized_interval_score,0.6605011959439056,0.5958082479843266,0.7721530252511272,2000,0.95,125.0,100,True,20,20,20,20,20,1.0,0.0,max_statistic,finite_observed_order_statistic,1
C04,FD001,primary,37,C04_FD001_3bf92063fd99_seed_37,outputs/c04_final_hardened_3bf9206,3bf92063fd99e23b7cbdf6a439a2fc4344807710,0dea8fa2f60f248a17c178fe74ffbf2065edabe834c64cab4ffc912aa51ea8ed,f5b5f73097f0a2ac483a61053269a371a64483c489b1d52c97f5eaa8b2b5286b,23275cff27eb5b512c01f0a49522c5bc1e4e3bdce4bd30f305eb4f9f47f1dcbc,hist_gradient_boosting,0.1,coverage,0.95,0.9,0.99,2000,0.95,125.0,100,True,20,19,19,19,19,1.0,0.0,interior,finite_observed_order_statistic,1
C04,FD001,primary,37,C04_FD001_3bf92063fd99_seed_37,outputs/c04_final_hardened_3bf9206,3bf92063fd99e23b7cbdf6a439a2fc4344807710,0dea8fa2f60f248a17c178fe74ffbf2065edabe834c64cab4ffc912aa51ea8ed,f5b5f73097f0a2ac483a61053269a371a64483c489b1d52c97f5eaa8b2b5286b,23275cff27eb5b512c01f0a49522c5bc1e4e3bdce4bd30f305eb4f9f47f1dcbc,hist_gradient_boosting,0.1,mean_width,68.0825716839339,68.0825716839339,68.0825716839339,2000,0.95,125.0,100,True,20,19,19,19,19,1.0,0.0,interior,finite_observed_order_statistic,1
C04,FD001,primary,37,C04_FD001_3bf92063fd99_seed_37,outputs/c04_final_hardened_3bf9206,3bf92063fd99e23b7cbdf6a439a2fc4344807710,0dea8fa2f60f248a17c178fe74ffbf2065edabe834c64cab4ffc912aa51ea8ed,f5b5f73097f0a2ac483a61053269a371a64483c489b1d52c97f5eaa8b2b5286b,23275cff27eb5b512c01f0a49522c5bc1e4e3bdce4bd30f305eb4f9f47f1dcbc,hist_gradient_boosting,0.1,normalized_interval_score,0.604199768303739,0.5533415706717308,0.6737839874499915,2000,0.95,125.0,100,True,20,19,19,19,19,1.0,0.0,interior,finite_observed_order_statistic,1
C04,FD001,primary,37,C04_FD001_3bf92063fd99_seed_37,outputs/c04_final_hardened_3bf9206,3bf92063fd99e23b7cbdf6a439a2fc4344807710,0dea8fa2f60f248a17c178fe74ffbf2065edabe834c64cab4ffc912aa51ea8ed,f5b5f73097f0a2ac483a61053269a371a64483c489b1d52c97f5eaa8b2b5286b,23275cff27eb5b512c01f0a49522c5bc1e4e3bdce4bd30f305eb4f9f47f1dcbc,hist_gradient_boosting,0.05,coverage,0.96,0.92,0.99,2000,0.95,125.0,100,True,20,20,20,20,20,1.0,0.0,max_statistic,finite_observed_order_statistic,1
C04,FD001,primary,37,C04_FD001_3bf92063fd99_seed_37,outputs/c04_final_hardened_3bf9206,3bf92063fd99e23b7cbdf6a439a2fc4344807710,0dea8fa2f60f248a17c178fe74ffbf2065edabe834c64cab4ffc912aa51ea8ed,f5b5f73097f0a2ac483a61053269a371a64483c489b1d52c97f5eaa8b2b5286b,23275cff27eb5b512c01f0a49522c5bc1e4e3bdce4bd30f305eb4f9f47f1dcbc,hist_gradient_boosting,0.05,mean_width,71.73080476107296,71.73080476107296,71.73080476107296,2000,0.95,125.0,100,True,20,20,20,20,20,1.0,0.0,max_statistic,finite_observed_order_statistic,1
C04,FD001,primary,37,C04_FD001_3bf92063fd99_seed_37,outputs/c04_final_hardened_3bf9206,3bf92063fd99e23b7cbdf6a439a2fc4344807710,0dea8fa2f60f248a17c178fe74ffbf2065edabe834c64cab4ffc912aa51ea8ed,f5b5f73097f0a2ac483a61053269a371a64483c489b1d52c97f5eaa8b2b5286b,23275cff27eb5b512c01f0a49522c5bc1e4e3bdce4bd30f305eb4f9f47f1dcbc,hist_gradient_boosting,0.05,normalized_interval_score,0.6690601524498889,0.5848552759561401,0.7870478738612339,2000,0.95,125.0,100,True,20,20,20,20,20,1.0,0.0,max_statistic,finite_observed_order_statistic,1
C04,FD001,primary,73,C04_FD001_3bf92063fd99_seed_73,outputs/c04_final_hardened_3bf9206,3bf92063fd99e23b7cbdf6a439a2fc4344807710,6ddf10543ed9a7395595ca347ad4dd3d2abda80fbfe38523b434dd1738dead81,613fa44d33849f6b23715d72e4d09a88a67de273292866c9230aa77dc5588758,f701a1019e02448476409f9ecb8287c4ab5be7a0f14e3bddfda1047fba589e3a,mean,0.1,coverage,0.81,0.73,0.89,2000,0.95,125.0,100,True,20,19,19,19,19,1.0,0.0,interior,finite_observed_order_statistic,1
C04,FD001,primary,73,C04_FD001_3bf92063fd99_seed_73,outputs/c04_final_hardened_3bf9206,3bf92063fd99e23b7cbdf6a439a2fc4344807710,6ddf10543ed9a7395595ca347ad4dd3d2abda80fbfe38523b434dd1738dead81,613fa44d33849f6b23715d72e4d09a88a67de273292866c9230aa77dc5588758,f701a1019e02448476409f9ecb8287c4ab5be7a0f14e3bddfda1047fba589e3a,mean,0.1,mean_width,121.0831841119974,121.0831841119974,121.0831841119974,2000,0.95,125.0,100,True,20,19,19,19,19,1.0,0.0,interior,finite_observed_order_statistic,1
C04,FD001,primary,73,C04_FD001_3bf92063fd99_seed_73,outputs/c04_final_hardened_3bf9206,3bf92063fd99e23b7cbdf6a439a2fc4344807710,6ddf10543ed9a7395595ca347ad4dd3d2abda80fbfe38523b434dd1738dead81,613fa44d33849f6b23715d72e4d09a88a67de273292866c9230aa77dc5588758,f701a1019e02448476409f9ecb8287c4ab5be7a0f14e3bddfda1047fba589e3a,mean,0.1,normalized_interval_score,1.3174654728959792,1.1606654728959793,1.4887054728959792,2000,0.95,125.0,100,True,20,19,19,19,19,1.0,0.0,interior,finite_observed_order_statistic,1
C04,FD001,primary,73,C04_FD001_3bf92063fd99_seed_73,outputs/c04_final_hardened_3bf9206,3bf92063fd99e23b7cbdf6a439a2fc4344807710,6ddf10543ed9a7395595ca347ad4dd3d2abda80fbfe38523b434dd1738dead81,613fa44d33849f6b23715d72e4d09a88a67de273292866c9230aa77dc5588758,f701a1019e02448476409f9ecb8287c4ab5be7a0f14e3bddfda1047fba589e3a,mean,0.05,coverage,0.88,0.81,0.94,2000,0.95,125.0,100,True,20,20,20,20,20,1.0,0.0,max_statistic,finite_observed_order_statistic,1
C04,FD001,primary,73,C04_FD001_3bf92063fd99_seed_73,outputs/c04_final_hardened_3bf9206,3bf92063fd99e23b7cbdf6a439a2fc4344807710,6ddf10543ed9a7395595ca347ad4dd3d2abda80fbfe38523b434dd1738dead81,613fa44d33849f6b23715d72e4d09a88a67de273292866c9230aa77dc5588758,f701a1019e02448476409f9ecb8287c4ab5be7a0f14e3bddfda1047fba589e3a,mean,0.05,mean_width,135.08318411199738,135.08318411199738,135.08318411199738,2000,0.95,125.0,100,True,20,20,20,20,20,1.0,0.0,max_statistic,finite_observed_order_statistic,1
C04,FD001,primary,73,C04_FD001_3bf92063fd99_seed_73,outputs/c04_final_hardened_3bf9206,3bf92063fd99e23b7cbdf6a439a2fc4344807710,6ddf10543ed9a7395595ca347ad4dd3d2abda80fbfe38523b434dd1738dead81,613fa44d33849f6b23715d72e4d09a88a67de273292866c9230aa77dc5588758,f701a1019e02448476409f9ecb8287c4ab5be7a0f14e3bddfda1047fba589e3a,mean,0.05,normalized_interval_score,1.3814654728959792,1.211865472895979,1.5766654728959792,2000,0.95,125.0,100,True,20,20,20,20,20,1.0,0.0,max_statistic,finite_observed_order_statistic,1
C04,FD001,primary,73,C04_FD001_3bf92063fd99_seed_73,outputs/c04_final_hardened_3bf9206,3bf92063fd99e23b7cbdf6a439a2fc4344807710,6ddf10543ed9a7395595ca347ad4dd3d2abda80fbfe38523b434dd1738dead81,613fa44d33849f6b23715d72e4d09a88a67de273292866c9230aa77dc5588758,f701a1019e02448476409f9ecb8287c4ab5be7a0f14e3bddfda1047fba589e3a,ridge,0.1,coverage,0.92,0.86,0.97,2000,0.95,125.0,100,True,20,19,19,19,19,1.0,0.0,interior,finite_observed_order_statistic,1
C04,FD001,primary,73,C04_FD001_3bf92063fd99_seed_73,outputs/c04_final_hardened_3bf9206,3bf92063fd99e23b7cbdf6a439a2fc4344807710,6ddf10543ed9a7395595ca347ad4dd3d2abda80fbfe38523b434dd1738dead81,613fa44d33849f6b23715d72e4d09a88a67de273292866c9230aa77dc5588758,f701a1019e02448476409f9ecb8287c4ab5be7a0f14e3bddfda1047fba589e3a,ridge,0.1,mean_width,63.42192282041391,63.42192282041391,63.42192282041391,2000,0.95,125.0,100,True,20,19,19,19,19,1.0,0.0,interior,finite_observed_order_statistic,1
C04,FD001,primary,73,C04_FD001_3bf92063fd99_seed_73,outputs/c04_final_hardened_3bf9206,3bf92063fd99e23b7cbdf6a439a2fc4344807710,6ddf10543ed9a7395595ca347ad4dd3d2abda80fbfe38523b434dd1738dead81,613fa44d33849f6b23715d72e4d09a88a67de273292866c9230aa77dc5588758,f701a1019e02448476409f9ecb8287c4ab5be7a0f14e3bddfda1047fba589e3a,ridge,0.1,normalized_interval_score,0.6114918602411042,0.5408982057453904,0.7049556082932688,2000,0.95,125.0,100,True,20,19,19,19,19,1.0,0.0,interior,finite_observed_order_statistic,1
C04,FD001,primary,73,C04_FD001_3bf92063fd99_seed_73,outputs/c04_final_hardened_3bf9206,3bf92063fd99e23b7cbdf6a439a2fc4344807710,6ddf10543ed9a7395595ca347ad4dd3d2abda80fbfe38523b434dd1738dead81,613fa44d33849f6b23715d72e4d09a88a67de273292866c9230aa77dc5588758,f701a1019e02448476409f9ecb8287c4ab5be7a0f14e3bddfda1047fba589e3a,ridge,0.05,coverage,0.93,0.88,0.9702499999999986,2000,0.95,125.0,100,True,20,20,20,20,20,1.0,0.0,max_statistic,finite_observed_order_statistic,1
C04,FD001,primary,73,C04_FD001_3bf92063fd99_seed_73,outputs/c04_final_hardened_3bf9206,3bf92063fd99e23b7cbdf6a439a2fc4344807710,6ddf10543ed9a7395595ca347ad4dd3d2abda80fbfe38523b434dd1738dead81,613fa44d33849f6b23715d72e4d09a88a67de273292866c9230aa77dc5588758,f701a1019e02448476409f9ecb8287c4ab5be7a0f14e3bddfda1047fba589e3a,ridge,0.05,mean_width,67.943308082884,67.943308082884,67.94330808288402,2000,0.95,125.0,100,True,20,20,20,20,20,1.0,0.0,max_statistic,finite_observed_order_statistic,1
C04,FD001,primary,73,C04_FD001_3bf92063fd99_seed_73,outputs/c04_final_hardened_3bf9206,3bf92063fd99e23b7cbdf6a439a2fc4344807710,6ddf10543ed9a7395595ca347ad4dd3d2abda80fbfe38523b434dd1738dead81,613fa44d33849f6b23715d72e4d09a88a67de273292866c9230aa77dc5588758,f701a1019e02448476409f9ecb8287c4ab5be7a0f14e3bddfda1047fba589e3a,ridge,0.05,normalized_interval_score,0.6958743056047766,0.5819714281894418,0.855922489841987,2000,0.95,125.0,100,True,20,20,20,20,20,1.0,0.0,max_statistic,finite_observed_order_statistic,1
C04,FD001,primary,73,C04_FD001_3bf92063fd99_seed_73,outputs/c04_final_hardened_3bf9206,3bf92063fd99e23b7cbdf6a439a2fc4344807710,6ddf10543ed9a7395595ca347ad4dd3d2abda80fbfe38523b434dd1738dead81,613fa44d33849f6b23715d72e4d09a88a67de273292866c9230aa77dc5588758,f701a1019e02448476409f9ecb8287c4ab5be7a0f14e3bddfda1047fba589e3a,hist_gradient_boosting,0.1,coverage,0.93,0.88,0.98,2000,0.95,125.0,100,True,20,19,19,19,19,1.0,0.0,interior,finite_observed_order_statistic,1
C04,FD001,primary,73,C04_FD001_3bf92063fd99_seed_73,outputs/c04_final_hardened_3bf9206,3bf92063fd99e23b7cbdf6a439a2fc4344807710,6ddf10543ed9a7395595ca347ad4dd3d2abda80fbfe38523b434dd1738dead81,613fa44d33849f6b23715d72e4d09a88a67de273292866c9230aa77dc5588758,f701a1019e02448476409f9ecb8287c4ab5be7a0f14e3bddfda1047fba589e3a,hist_gradient_boosting,0.1,mean_width,67.23148014770779,67.23148014770779,67.23148014770779,2000,0.95,125.0,100,True,20,19,19,19,19,1.0,0.0,interior,finite_observed_order_statistic,1
C04,FD001,primary,73,C04_FD001_3bf92063fd99_seed_73,outputs/c04_final_hardened_3bf9206,3bf92063fd99e23b7cbdf6a439a2fc4344807710,6ddf10543ed9a7395595ca347ad4dd3d2abda80fbfe38523b434dd1738dead81,613fa44d33849f6b23715d72e4d09a88a67de273292866c9230aa77dc5588758,f701a1019e02448476409f9ecb8287c4ab5be7a0f14e3bddfda1047fba589e3a,hist_gradient_boosting,0.1,normalized_interval_score,0.6012127036699204,0.5482066466398458,0.6699548865627906,2000,0.95,125.0,100,True,20,19,19,19,19,1.0,0.0,interior,finite_observed_order_statistic,1
C04,FD001,primary,73,C04_FD001_3bf92063fd99_seed_73,outputs/c04_final_hardened_3bf9206,3bf92063fd99e23b7cbdf6a439a2fc4344807710,6ddf10543ed9a7395595ca347ad4dd3d2abda80fbfe38523b434dd1738dead81,613fa44d33849f6b23715d72e4d09a88a67de273292866c9230aa77dc5588758,f701a1019e02448476409f9ecb8287c4ab5be7a0f14e3bddfda1047fba589e3a,hist_gradient_boosting,0.05,coverage,1.0,1.0,1.0,2000,0.95,125.0,100,True,20,20,20,20,20,1.0,0.0,max_statistic,finite_observed_order_statistic,1
C04,FD001,primary,73,C04_FD001_3bf92063fd99_seed_73,outputs/c04_final_hardened_3bf9206,3bf92063fd99e23b7cbdf6a439a2fc4344807710,6ddf10543ed9a7395595ca347ad4dd3d2abda80fbfe38523b434dd1738dead81,613fa44d33849f6b23715d72e4d09a88a67de273292866c9230aa77dc5588758,f701a1019e02448476409f9ecb8287c4ab5be7a0f14e3bddfda1047fba589e3a,hist_gradient_boosting,0.05,mean_width,96.57312661940556,96.57312661940556,96.57312661940556,2000,0.95,125.0,100,True,20,20,20,20,20,1.0,0.0,max_statistic,finite_observed_order_statistic,1
C04,FD001,primary,73,C04_FD001_3bf92063fd99_seed_73,outputs/c04_final_hardened_3bf9206,3bf92063fd99e23b7cbdf6a439a2fc4344807710,6ddf10543ed9a7395595ca347ad4dd3d2abda80fbfe38523b434dd1738dead81,613fa44d33849f6b23715d72e4d09a88a67de273292866c9230aa77dc5588758,f701a1019e02448476409f9ecb8287c4ab5be7a0f14e3bddfda1047fba589e3a,hist_gradient_boosting,0.05,normalized_interval_score,0.7725850129552444,0.7725850129552444,0.7725850129552444,2000,0.95,125.0,100,True,20,20,20,20,20,1.0,0.0,max_statistic,finite_observed_order_statistic,1
C04,FD001,primary,101,C04_FD001_3bf92063fd99_seed_101,outputs/c04_final_hardened_3bf9206,3bf92063fd99e23b7cbdf6a439a2fc4344807710,fe0fc1d46cd1e622e3ca117be6270d39fe4f4e4cac0da5eb33a184d5d435e5fc,4c2994db94e3c762fb7f0f07c795605798803e7af895e43e5418f10d0f758914,fcae4c5ac578f2ef505f00144ba3f266c2a458127cc6f5a90d1e81f20eb73404,mean,0.1,coverage,0.8,0.72,0.88,2000,0.95,125.0,100,True,20,19,19,19,19,1.0,0.0,interior,finite_observed_order_statistic,1
C04,FD001,primary,101,C04_FD001_3bf92063fd99_seed_101,outputs/c04_final_hardened_3bf9206,3bf92063fd99e23b7cbdf6a439a2fc4344807710,fe0fc1d46cd1e622e3ca117be6270d39fe4f4e4cac0da5eb33a184d5d435e5fc,4c2994db94e3c762fb7f0f07c795605798803e7af895e43e5418f10d0f758914,fcae4c5ac578f2ef505f00144ba3f266c2a458127cc6f5a90d1e81f20eb73404,mean,0.1,mean_width,117.46938775510208,117.46938775510208,117.46938775510208,2000,0.95,125.0,100,True,20,19,19,19,19,1.0,0.0,interior,finite_observed_order_statistic,1
C04,FD001,primary,101,C04_FD001_3bf92063fd99_seed_101,outputs/c04_final_hardened_3bf9206,3bf92063fd99e23b7cbdf6a439a2fc4344807710,fe0fc1d46cd1e622e3ca117be6270d39fe4f4e4cac0da5eb33a184d5d435e5fc,4c2994db94e3c762fb7f0f07c795605798803e7af895e43e5418f10d0f758914,fcae4c5ac578f2ef505f00144ba3f266c2a458127cc6f5a90d1e81f20eb73404,mean,0.1,normalized_interval_score,1.3525551020408173,1.1749551020408167,1.534995102040817,2000,0.95,125.0,100,True,20,19,19,19,19,1.0,0.0,interior,finite_observed_order_statistic,1
C04,FD001,primary,101,C04_FD001_3bf92063fd99_seed_101,outputs/c04_final_hardened_3bf9206,3bf92063fd99e23b7cbdf6a439a2fc4344807710,fe0fc1d46cd1e622e3ca117be6270d39fe4f4e4cac0da5eb33a184d5d435e5fc,4c2994db94e3c762fb7f0f07c795605798803e7af895e43e5418f10d0f758914,fcae4c5ac578f2ef505f00144ba3f266c2a458127cc6f5a90d1e81f20eb73404,mean,0.05,coverage,0.81,0.73,0.88,2000,0.95,125.0,100,True,20,20,20,20,20,1.0,0.0,max_statistic,finite_observed_order_statistic,1
C04,FD001,primary,101,C04_FD001_3bf92063fd99_seed_101,outputs/c04_final_hardened_3bf9206,3bf92063fd99e23b7cbdf6a439a2fc4344807710,fe0fc1d46cd1e622e3ca117be6270d39fe4f4e4cac0da5eb33a184d5d435e5fc,4c2994db94e3c762fb7f0f07c795605798803e7af895e43e5418f10d0f758914,fcae4c5ac578f2ef505f00144ba3f266c2a458127cc6f5a90d1e81f20eb73404,mean,0.05,mean_width,127.46938775510208,127.46938775510208,127.46938775510208,2000,0.95,125.0,100,True,20,20,20,20,20,1.0,0.0,max_statistic,finite_observed_order_statistic,1
C04,FD001,primary,101,C04_FD001_3bf92063fd99_seed_101,outputs/c04_final_hardened_3bf9206,3bf92063fd99e23b7cbdf6a439a2fc4344807710,fe0fc1d46cd1e622e3ca117be6270d39fe4f4e4cac0da5eb33a184d5d435e5fc,4c2994db94e3c762fb7f0f07c795605798803e7af895e43e5418f10d0f758914,fcae4c5ac578f2ef505f00144ba3f266c2a458127cc6f5a90d1e81f20eb73404,mean,0.05,normalized_interval_score,1.5349551020408172,1.2917551020408167,1.7910351020408168,2000,0.95,125.0,100,True,20,20,20,20,20,1.0,0.0,max_statistic,finite_observed_order_statistic,1
C04,FD001,primary,101,C04_FD001_3bf92063fd99_seed_101,outputs/c04_final_hardened_3bf9206,3bf92063fd99e23b7cbdf6a439a2fc4344807710,fe0fc1d46cd1e622e3ca117be6270d39fe4f4e4cac0da5eb33a184d5d435e5fc,4c2994db94e3c762fb7f0f07c795605798803e7af895e43e5418f10d0f758914,fcae4c5ac578f2ef505f00144ba3f266c2a458127cc6f5a90d1e81f20eb73404,ridge,0.1,coverage,0.99,0.97,1.0,2000,0.95,125.0,100,True,20,19,19,19,19,1.0,0.0,interior,finite_observed_order_statistic,1
C04,FD001,primary,101,C04_FD001_3bf92063fd99_seed_101,outputs/c04_final_hardened_3bf9206,3bf92063fd99e23b7cbdf6a439a2fc4344807710,fe0fc1d46cd1e622e3ca117be6270d39fe4f4e4cac0da5eb33a184d5d435e5fc,4c2994db94e3c762fb7f0f07c795605798803e7af895e43e5418f10d0f758914,fcae4c5ac578f2ef505f00144ba3f266c2a458127cc6f5a90d1e81f20eb73404,ridge,0.1,mean_width,99.27901279576177,99.27901279576177,99.27901279576177,2000,0.95,125.0,100,True,20,19,19,19,19,1.0,0.0,interior,finite_observed_order_statistic,1
C04,FD001,primary,101,C04_FD001_3bf92063fd99_seed_101,outputs/c04_final_hardened_3bf9206,3bf92063fd99e23b7cbdf6a439a2fc4344807710,fe0fc1d46cd1e622e3ca117be6270d39fe4f4e4cac0da5eb33a184d5d435e5fc,4c2994db94e3c762fb7f0f07c795605798803e7af895e43e5418f10d0f758914,fcae4c5ac578f2ef505f00144ba3f266c2a458127cc6f5a90d1e81f20eb73404,ridge,0.1,normalized_interval_score,0.7952623838042412,0.7942321023660942,0.7973229466805349,2000,0.95,125.0,100,True,20,19,19,19,19,1.0,0.0,interior,finite_observed_order_statistic,1
C04,FD001,primary,101,C04_FD001_3bf92063fd99_seed_101,outputs/c04_final_hardened_3bf9206,3bf92063fd99e23b7cbdf6a439a2fc4344807710,fe0fc1d46cd1e622e3ca117be6270d39fe4f4e4cac0da5eb33a184d5d435e5fc,4c2994db94e3c762fb7f0f07c795605798803e7af895e43e5418f10d0f758914,fcae4c5ac578f2ef505f00144ba3f266c2a458127cc6f5a90d1e81f20eb73404,ridge,0.05,coverage,1.0,1.0,1.0,2000,0.95,125.0,100,True,20,20,20,20,20,1.0,0.0,max_statistic,finite_observed_order_statistic,1
C04,FD001,primary,101,C04_FD001_3bf92063fd99_seed_101,outputs/c04_final_hardened_3bf9206,3bf92063fd99e23b7cbdf6a439a2fc4344807710,fe0fc1d46cd1e622e3ca117be6270d39fe4f4e4cac0da5eb33a184d5d435e5fc,4c2994db94e3c762fb7f0f07c795605798803e7af895e43e5418f10d0f758914,fcae4c5ac578f2ef505f00144ba3f266c2a458127cc6f5a90d1e81f20eb73404,ridge,0.05,mean_width,102.88065205539169,102.88065205539169,102.88065205539169,2000,0.95,125.0,100,True,20,20,20,20,20,1.0,0.0,max_statistic,finite_observed_order_statistic,1
C04,FD001,primary,101,C04_FD001_3bf92063fd99_seed_101,outputs/c04_final_hardened_3bf9206,3bf92063fd99e23b7cbdf6a439a2fc4344807710,fe0fc1d46cd1e622e3ca117be6270d39fe4f4e4cac0da5eb33a184d5d435e5fc,4c2994db94e3c762fb7f0f07c795605798803e7af895e43e5418f10d0f758914,fcae4c5ac578f2ef505f00144ba3f266c2a458127cc6f5a90d1e81f20eb73404,ridge,0.05,normalized_interval_score,0.8230452164431336,0.8230452164431336,0.8230452164431336,2000,0.95,125.0,100,True,20,20,20,20,20,1.0,0.0,max_statistic,finite_observed_order_statistic,1
C04,FD001,primary,101,C04_FD001_3bf92063fd99_seed_101,outputs/c04_final_hardened_3bf9206,3bf92063fd99e23b7cbdf6a439a2fc4344807710,fe0fc1d46cd1e622e3ca117be6270d39fe4f4e4cac0da5eb33a184d5d435e5fc,4c2994db94e3c762fb7f0f07c795605798803e7af895e43e5418f10d0f758914,fcae4c5ac578f2ef505f00144ba3f266c2a458127cc6f5a90d1e81f20eb73404,hist_gradient_boosting,0.1,coverage,0.99,0.97,1.0,2000,0.95,125.0,100,True,20,19,19,19,19,1.0,0.0,interior,finite_observed_order_statistic,1
C04,FD001,primary,101,C04_FD001_3bf92063fd99_seed_101,outputs/c04_final_hardened_3bf9206,3bf92063fd99e23b7cbdf6a439a2fc4344807710,fe0fc1d46cd1e622e3ca117be6270d39fe4f4e4cac0da5eb33a184d5d435e5fc,4c2994db94e3c762fb7f0f07c795605798803e7af895e43e5418f10d0f758914,fcae4c5ac578f2ef505f00144ba3f266c2a458127cc6f5a90d1e81f20eb73404,hist_gradient_boosting,0.1,mean_width,77.58209534003434,77.58209534003434,77.58209534003434,2000,0.95,125.0,100,True,20,19,19,19,19,1.0,0.0,interior,finite_observed_order_statistic,1
C04,FD001,primary,101,C04_FD001_3bf92063fd99_seed_101,outputs/c04_final_hardened_3bf9206,3bf92063fd99e23b7cbdf6a439a2fc4344807710,fe0fc1d46cd1e622e3ca117be6270d39fe4f4e4cac0da5eb33a184d5d435e5fc,4c2994db94e3c762fb7f0f07c795605798803e7af895e43e5418f10d0f758914,fcae4c5ac578f2ef505f00144ba3f266c2a458127cc6f5a90d1e81f20eb73404,hist_gradient_boosting,0.1,normalized_interval_score,0.6360073799338528,0.6206567627202747,0.6667086143610089,2000,0.95,125.0,100,True,20,19,19,19,19,1.0,0.0,interior,finite_observed_order_statistic,1
C04,FD001,primary,101,C04_FD001_3bf92063fd99_seed_101,outputs/c04_final_hardened_3bf9206,3bf92063fd99e23b7cbdf6a439a2fc4344807710,fe0fc1d46cd1e622e3ca117be6270d39fe4f4e4cac0da5eb33a184d5d435e5fc,4c2994db94e3c762fb7f0f07c795605798803e7af895e43e5418f10d0f758914,fcae4c5ac578f2ef505f00144ba3f266c2a458127cc6f5a90d1e81f20eb73404,hist_gradient_boosting,0.05,coverage,0.99,0.97,1.0,2000,0.95,125.0,100,True,20,20,20,20,20,1.0,0.0,max_statistic,finite_observed_order_statistic,1
C04,FD001,primary,101,C04_FD001_3bf92063fd99_seed_101,outputs/c04_final_hardened_3bf9206,3bf92063fd99e23b7cbdf6a439a2fc4344807710,fe0fc1d46cd1e622e3ca117be6270d39fe4f4e4cac0da5eb33a184d5d435e5fc,4c2994db94e3c762fb7f0f07c795605798803e7af895e43e5418f10d0f758914,fcae4c5ac578f2ef505f00144ba3f266c2a458127cc6f5a90d1e81f20eb73404,hist_gradient_boosting,0.05,mean_width,96.5871753101742,96.5871753101742,96.5871753101742,2000,0.95,125.0,100,True,20,20,20,20,20,1.0,0.0,max_statistic,finite_observed_order_statistic,1
C04,FD001,primary,101,C04_FD001_3bf92063fd99_seed_101,outputs/c04_final_hardened_3bf9206,3bf92063fd99e23b7cbdf6a439a2fc4344807710,fe0fc1d46cd1e622e3ca117be6270d39fe4f4e4cac0da5eb33a184d5d435e5fc,4c2994db94e3c762fb7f0f07c795605798803e7af895e43e5418f10d0f758914,fcae4c5ac578f2ef505f00144ba3f266c2a458127cc6f5a90d1e81f20eb73404,hist_gradient_boosting,0.05,normalized_interval_score,0.7729905089563259,0.7726974024813936,0.7735767219061905,2000,0.95,125.0,100,True,20,20,20,20,20,1.0,0.0,max_statistic,finite_observed_order_statistic,1
C04,FD001,primary,137,C04_FD001_3bf92063fd99_seed_137,outputs/c04_final_hardened_3bf9206,3bf92063fd99e23b7cbdf6a439a2fc4344807710,09e61c3b3615a061f475bd1b4e26fb48a0a7db4c04457628dc9a8352774cebeb,37046e2fcddc31f51289a10671417f20ac78af907fe31058677d67f023b6978a,4e36384a59d97d4c372d4f2fadea4dedd41c345467d6c61a4b060e1ef540ab7a,mean,0.1,coverage,0.75,0.66,0.83,2000,0.95,125.0,100,True,20,19,19,19,19,1.0,0.0,interior,finite_observed_order_statistic,1
C04,FD001,primary,137,C04_FD001_3bf92063fd99_seed_137,outputs/c04_final_hardened_3bf9206,3bf92063fd99e23b7cbdf6a439a2fc4344807710,09e61c3b3615a061f475bd1b4e26fb48a0a7db4c04457628dc9a8352774cebeb,37046e2fcddc31f51289a10671417f20ac78af907fe31058677d67f023b6978a,4e36384a59d97d4c372d4f2fadea4dedd41c345467d6c61a4b060e1ef540ab7a,mean,0.1,mean_width,113.79646802677206,113.79646802677206,113.79646802677206,2000,0.95,125.0,100,True,20,19,19,19,19,1.0,0.0,interior,finite_observed_order_statistic,1
C04,FD001,primary,137,C04_FD001_3bf92063fd99_seed_137,outputs/c04_final_hardened_3bf9206,3bf92063fd99e23b7cbdf6a439a2fc4344807710,09e61c3b3615a061f475bd1b4e26fb48a0a7db4c04457628dc9a8352774cebeb,37046e2fcddc31f51289a10671417f20ac78af907fe31058677d67f023b6978a,4e36384a59d97d4c372d4f2fadea4dedd41c345467d6c61a4b060e1ef540ab7a,mean,0.1,normalized_interval_score,1.4015717442141766,1.2127717442141763,1.6127717442141765,2000,0.95,125.0,100,True,20,19,19,19,19,1.0,0.0,interior,finite_observed_order_statistic,1
C04,FD001,primary,137,C04_FD001_3bf92063fd99_seed_137,outputs/c04_final_hardened_3bf9206,3bf92063fd99e23b7cbdf6a439a2fc4344807710,09e61c3b3615a061f475bd1b4e26fb48a0a7db4c04457628dc9a8352774cebeb,37046e2fcddc31f51289a10671417f20ac78af907fe31058677d67f023b6978a,4e36384a59d97d4c372d4f2fadea4dedd41c345467d6c61a4b060e1ef540ab7a,mean,0.05,coverage,0.8,0.72,0.88,2000,0.95,125.0,100,True,20,20,20,20,20,1.0,0.0,max_statistic,finite_observed_order_statistic,1
C04,FD001,primary,137,C04_FD001_3bf92063fd99_seed_137,outputs/c04_final_hardened_3bf9206,3bf92063fd99e23b7cbdf6a439a2fc4344807710,09e61c3b3615a061f475bd1b4e26fb48a0a7db4c04457628dc9a8352774cebeb,37046e2fcddc31f51289a10671417f20ac78af907fe31058677d67f023b6978a,4e36384a59d97d4c372d4f2fadea4dedd41c345467d6c61a4b060e1ef540ab7a,mean,0.05,mean_width,119.79646802677206,119.79646802677206,119.79646802677206,2000,0.95,125.0,100,True,20,20,20,20,20,1.0,0.0,max_statistic,finite_observed_order_statistic,1
C04,FD001,primary,137,C04_FD001_3bf92063fd99_seed_137,outputs/c04_final_hardened_3bf9206,3bf92063fd99e23b7cbdf6a439a2fc4344807710,09e61c3b3615a061f475bd1b4e26fb48a0a7db4c04457628dc9a8352774cebeb,37046e2fcddc31f51289a10671417f20ac78af907fe31058677d67f023b6978a,4e36384a59d97d4c372d4f2fadea4dedd41c345467d6c61a4b060e1ef540ab7a,mean,0.05,normalized_interval_score,1.7199717442141764,1.4095717442141766,2.075171744214176,2000,0.95,125.0,100,True,20,20,20,20,20,1.0,0.0,max_statistic,finite_observed_order_statistic,1
C04,FD001,primary,137,C04_FD001_3bf92063fd99_seed_137,outputs/c04_final_hardened_3bf9206,3bf92063fd99e23b7cbdf6a439a2fc4344807710,09e61c3b3615a061f475bd1b4e26fb48a0a7db4c04457628dc9a8352774cebeb,37046e2fcddc31f51289a10671417f20ac78af907fe31058677d67f023b6978a,4e36384a59d97d4c372d4f2fadea4dedd41c345467d6c61a4b060e1ef540ab7a,ridge,0.1,coverage,0.97,0.94,1.0,2000,0.95,125.0,100,True,20,19,19,19,19,1.0,0.0,interior,finite_observed_order_statistic,1
C04,FD001,primary,137,C04_FD001_3bf92063fd99_seed_137,outputs/c04_final_hardened_3bf9206,3bf92063fd99e23b7cbdf6a439a2fc4344807710,09e61c3b3615a061f475bd1b4e26fb48a0a7db4c04457628dc9a8352774cebeb,37046e2fcddc31f51289a10671417f20ac78af907fe31058677d67f023b6978a,4e36384a59d97d4c372d4f2fadea4dedd41c345467d6c61a4b060e1ef540ab7a,ridge,0.1,mean_width,73.72832414695218,73.72832414695216,73.72832414695218,2000,0.95,125.0,100,True,20,19,19,19,19,1.0,0.0,interior,finite_observed_order_statistic,1
C04,FD001,primary,137,C04_FD001_3bf92063fd99_seed_137,outputs/c04_final_hardened_3bf9206,3bf92063fd99e23b7cbdf6a439a2fc4344807710,09e61c3b3615a061f475bd1b4e26fb48a0a7db4c04457628dc9a8352774cebeb,37046e2fcddc31f51289a10671417f20ac78af907fe31058677d67f023b6978a,4e36384a59d97d4c372d4f2fadea4dedd41c345467d6c61a4b060e1ef540ab7a,ridge,0.1,normalized_interval_score,0.6129110557878424,0.5898265931756174,0.6541511794296436,2000,0.95,125.0,100,True,20,19,19,19,19,1.0,0.0,interior,finite_observed_order_statistic,1
C04,FD001,primary,137,C04_FD001_3bf92063fd99_seed_137,outputs/c04_final_hardened_3bf9206,3bf92063fd99e23b7cbdf6a439a2fc4344807710,09e61c3b3615a061f475bd1b4e26fb48a0a7db4c04457628dc9a8352774cebeb,37046e2fcddc31f51289a10671417f20ac78af907fe31058677d67f023b6978a,4e36384a59d97d4c372d4f2fadea4dedd41c345467d6c61a4b060e1ef540ab7a,ridge,0.05,coverage,0.98,0.95,1.0,2000,0.95,125.0,100,True,20,20,20,20,20,1.0,0.0,max_statistic,finite_observed_order_statistic,1
C04,FD001,primary,137,C04_FD001_3bf92063fd99_seed_137,outputs/c04_final_hardened_3bf9206,3bf92063fd99e23b7cbdf6a439a2fc4344807710,09e61c3b3615a061f475bd1b4e26fb48a0a7db4c04457628dc9a8352774cebeb,37046e2fcddc31f51289a10671417f20ac78af907fe31058677d67f023b6978a,4e36384a59d97d4c372d4f2fadea4dedd41c345467d6c61a4b060e1ef540ab7a,ridge,0.05,mean_width,78.36824502728722,78.36824502728722,78.36824502728722,2000,0.95,125.0,100,True,20,20,20,20,20,1.0,0.0,max_statistic,finite_observed_order_statistic,1
C04,FD001,primary,137,C04_FD001_3bf92063fd99_seed_137,outputs/c04_final_hardened_3bf9206,3bf92063fd99e23b7cbdf6a439a2fc4344807710,09e61c3b3615a061f475bd1b4e26fb48a0a7db4c04457628dc9a8352774cebeb,37046e2fcddc31f51289a10671417f20ac78af907fe31058677d67f023b6978a,4e36384a59d97d4c372d4f2fadea4dedd41c345467d6c61a4b060e1ef540ab7a,ridge,0.05,normalized_interval_score,0.6570713642602454,0.6269459602182977,0.7160842169528093,2000,0.95,125.0,100,True,20,20,20,20,20,1.0,0.0,max_statistic,finite_observed_order_statistic,1
C04,FD001,primary,137,C04_FD001_3bf92063fd99_seed_137,outputs/c04_final_hardened_3bf9206,3bf92063fd99e23b7cbdf6a439a2fc4344807710,09e61c3b3615a061f475bd1b4e26fb48a0a7db4c04457628dc9a8352774cebeb,37046e2fcddc31f51289a10671417f20ac78af907fe31058677d67f023b6978a,4e36384a59d97d4c372d4f2fadea4dedd41c345467d6c61a4b060e1ef540ab7a,hist_gradient_boosting,0.1,coverage,0.95,0.91,0.99,2000,0.95,125.0,100,True,20,19,19,19,19,1.0,0.0,interior,finite_observed_order_statistic,1
C04,FD001,primary,137,C04_FD001_3bf92063fd99_seed_137,outputs/c04_final_hardened_3bf9206,3bf92063fd99e23b7cbdf6a439a2fc4344807710,09e61c3b3615a061f475bd1b4e26fb48a0a7db4c04457628dc9a8352774cebeb,37046e2fcddc31f51289a10671417f20ac78af907fe31058677d67f023b6978a,4e36384a59d97d4c372d4f2fadea4dedd41c345467d6c61a4b060e1ef540ab7a,hist_gradient_boosting,0.1,mean_width,59.25950915956047,59.25950915956047,59.25950915956047,2000,0.95,125.0,100,True,20,19,19,19,19,1.0,0.0,interior,finite_observed_order_statistic,1
C04,FD001,primary,137,C04_FD001_3bf92063fd99_seed_137,outputs/c04_final_hardened_3bf9206,3bf92063fd99e23b7cbdf6a439a2fc4344807710,09e61c3b3615a061f475bd1b4e26fb48a0a7db4c04457628dc9a8352774cebeb,37046e2fcddc31f51289a10671417f20ac78af907fe31058677d67f023b6978a,4e36384a59d97d4c372d4f2fadea4dedd41c345467d6c61a4b060e1ef540ab7a,hist_gradient_boosting,0.1,normalized_interval_score,0.5293755551284808,0.47809957808922743,0.6199888162635315,2000,0.95,125.0,100,True,20,19,19,19,19,1.0,0.0,interior,finite_observed_order_statistic,1
C04,FD001,primary,137,C04_FD001_3bf92063fd99_seed_137,outputs/c04_final_hardened_3bf9206,3bf92063fd99e23b7cbdf6a439a2fc4344807710,09e61c3b3615a061f475bd1b4e26fb48a0a7db4c04457628dc9a8352774cebeb,37046e2fcddc31f51289a10671417f20ac78af907fe31058677d67f023b6978a,4e36384a59d97d4c372d4f2fadea4dedd41c345467d6c61a4b060e1ef540ab7a,hist_gradient_boosting,0.05,coverage,0.99,0.97,1.0,2000,0.95,125.0,100,True,20,20,20,20,20,1.0,0.0,max_statistic,finite_observed_order_statistic,1
C04,FD001,primary,137,C04_FD001_3bf92063fd99_seed_137,outputs/c04_final_hardened_3bf9206,3bf92063fd99e23b7cbdf6a439a2fc4344807710,09e61c3b3615a061f475bd1b4e26fb48a0a7db4c04457628dc9a8352774cebeb,37046e2fcddc31f51289a10671417f20ac78af907fe31058677d67f023b6978a,4e36384a59d97d4c372d4f2fadea4dedd41c345467d6c61a4b060e1ef540ab7a,hist_gradient_boosting,0.05,mean_width,68.16806865763317,68.16806865763317,68.16806865763317,2000,0.95,125.0,100,True,20,20,20,20,20,1.0,0.0,max_statistic,finite_observed_order_statistic,1
C04,FD001,primary,137,C04_FD001_3bf92063fd99_seed_137,outputs/c04_final_hardened_3bf9206,3bf92063fd99e23b7cbdf6a439a2fc4344807710,09e61c3b3615a061f475bd1b4e26fb48a0a7db4c04457628dc9a8352774cebeb,37046e2fcddc31f51289a10671417f20ac78af907fe31058677d67f023b6978a,4e36384a59d97d4c372d4f2fadea4dedd41c345467d6c61a4b060e1ef540ab7a,hist_gradient_boosting,0.05,normalized_interval_score,0.6121412940045675,0.5453445492610653,0.7457347834915717,2000,0.95,125.0,100,True,20,20,20,20,20,1.0,0.0,max_statistic,finite_observed_order_statistic,1
C04,FD002,primary,13,C04_FD002_3bf92063fd99_seed_13,outputs/c04_final_hardened_3bf9206,3bf92063fd99e23b7cbdf6a439a2fc4344807710,a7637c768221f74000508d083c4f791d1b5b1ec95f2b1618129769251b727125,5440e39d72d3fe354ffe890f55eb3cc785d9311c8e37e8e80ac12ad59492c6e7,de2c8976b2da16a26f9636f6662bab669a4aa7ce65f15ce56b6d1cd7573c701f,mean,0.1,coverage,0.7683397683397684,0.7181467181467182,0.8185328185328186,2000,0.95,125.0,259,True,20,19,19,19,19,1.0,0.0,interior,finite_observed_order_statistic,1
C04,FD002,primary,13,C04_FD002_3bf92063fd99_seed_13,outputs/c04_final_hardened_3bf9206,3bf92063fd99e23b7cbdf6a439a2fc4344807710,a7637c768221f74000508d083c4f791d1b5b1ec95f2b1618129769251b727125,5440e39d72d3fe354ffe890f55eb3cc785d9311c8e37e8e80ac12ad59492c6e7,de2c8976b2da16a26f9636f6662bab669a4aa7ce65f15ce56b6d1cd7573c701f,mean,0.1,mean_width,110.65491183879091,110.65491183879091,110.65491183879091,2000,0.95,125.0,259,True,20,19,19,19,19,1.0,0.0,interior,finite_observed_order_statistic,1
C04,FD002,primary,13,C04_FD002_3bf92063fd99_seed_13,outputs/c04_final_hardened_3bf9206,3bf92063fd99e23b7cbdf6a439a2fc4344807710,a7637c768221f74000508d083c4f791d1b5b1ec95f2b1618129769251b727125,5440e39d72d3fe354ffe890f55eb3cc785d9311c8e37e8e80ac12ad59492c6e7,de2c8976b2da16a26f9636f6662bab669a4aa7ce65f15ce56b6d1cd7573c701f,mean,0.1,normalized_interval_score,1.519061688532721,1.3745057039767365,1.6667836962547282,2000,0.95,125.0,259,True,20,19,19,19,19,1.0,0.0,interior,finite_observed_order_statistic,1
C04,FD002,primary,13,C04_FD002_3bf92063fd99_seed_13,outputs/c04_final_hardened_3bf9206,3bf92063fd99e23b7cbdf6a439a2fc4344807710,a7637c768221f74000508d083c4f791d1b5b1ec95f2b1618129769251b727125,5440e39d72d3fe354ffe890f55eb3cc785d9311c8e37e8e80ac12ad59492c6e7,de2c8976b2da16a26f9636f6662bab669a4aa7ce65f15ce56b6d1cd7573c701f,mean,0.05,coverage,0.7915057915057915,0.7413127413127413,0.8416988416988417,2000,0.95,125.0,259,True,20,20,20,20,20,1.0,0.0,max_statistic,finite_observed_order_statistic,1
C04,FD002,primary,13,C04_FD002_3bf92063fd99_seed_13,outputs/c04_final_hardened_3bf9206,3bf92063fd99e23b7cbdf6a439a2fc4344807710,a7637c768221f74000508d083c4f791d1b5b1ec95f2b1618129769251b727125,5440e39d72d3fe354ffe890f55eb3cc785d9311c8e37e8e80ac12ad59492c6e7,de2c8976b2da16a26f9636f6662bab669a4aa7ce65f15ce56b6d1cd7573c701f,mean,0.05,mean_width,126.65491183879091,126.65491183879091,126.65491183879091,2000,0.95,125.0,259,True,20,20,20,20,20,1.0,0.0,max_statistic,finite_observed_order_statistic,1
C04,FD002,primary,13,C04_FD002_3bf92063fd99_seed_13,outputs/c04_final_hardened_3bf9206,3bf92063fd99e23b7cbdf6a439a2fc4344807710,a7637c768221f74000508d083c4f791d1b5b1ec95f2b1618129769251b727125,5440e39d72d3fe354ffe890f55eb3cc785d9311c8e37e8e80ac12ad59492c6e7,de2c8976b2da16a26f9636f6662bab669a4aa7ce65f15ce56b6d1cd7573c701f,mean,0.05,normalized_interval_score,1.7026601441311766,1.5296562831273157,1.881841611312644,2000,0.95,125.0,259,True,20,20,20,20,20,1.0,0.0,max_statistic,finite_observed_order_statistic,1
C04,FD002,primary,13,C04_FD002_3bf92063fd99_seed_13,outputs/c04_final_hardened_3bf9206,3bf92063fd99e23b7cbdf6a439a2fc4344807710,a7637c768221f74000508d083c4f791d1b5b1ec95f2b1618129769251b727125,5440e39d72d3fe354ffe890f55eb3cc785d9311c8e37e8e80ac12ad59492c6e7,de2c8976b2da16a26f9636f6662bab669a4aa7ce65f15ce56b6d1cd7573c701f,ridge,0.1,coverage,0.33204633204633205,0.27413127413127414,0.38996138996138996,2000,0.95,125.0,259,True,20,19,19,19,19,1.0,0.0,interior,finite_observed_order_statistic,1
C04,FD002,primary,13,C04_FD002_3bf92063fd99_seed_13,outputs/c04_final_hardened_3bf9206,3bf92063fd99e23b7cbdf6a439a2fc4344807710,a7637c768221f74000508d083c4f791d1b5b1ec95f2b1618129769251b727125,5440e39d72d3fe354ffe890f55eb3cc785d9311c8e37e8e80ac12ad59492c6e7,de2c8976b2da16a26f9636f6662bab669a4aa7ce65f15ce56b6d1cd7573c701f,ridge,0.1,mean_width,73.91528697326743,73.91528697326743,73.91528697326743,2000,0.95,125.0,259,True,20,19,19,19,19,1.0,0.0,interior,finite_observed_order_statistic,1
C04,FD002,primary,13,C04_FD002_3bf92063fd99_seed_13,outputs/c04_final_hardened_3bf9206,3bf92063fd99e23b7cbdf6a439a2fc4344807710,a7637c768221f74000508d083c4f791d1b5b1ec95f2b1618129769251b727125,5440e39d72d3fe354ffe890f55eb3cc785d9311c8e37e8e80ac12ad59492c6e7,de2c8976b2da16a26f9636f6662bab669a4aa7ce65f15ce56b6d1cd7573c701f,ridge,0.1,normalized_interval_score,6.3867370768285285,5.7365678084520235,7.04757952146187,2000,0.95,125.0,259,True,20,19,19,19,19,1.0,0.0,interior,finite_observed_order_statistic,1
C04,FD002,primary,13,C04_FD002_3bf92063fd99_seed_13,outputs/c04_final_hardened_3bf9206,3bf92063fd99e23b7cbdf6a439a2fc4344807710,a7637c768221f74000508d083c4f791d1b5b1ec95f2b1618129769251b727125,5440e39d72d3fe354ffe890f55eb3cc785d9311c8e37e8e80ac12ad59492c6e7,de2c8976b2da16a26f9636f6662bab669a4aa7ce65f15ce56b6d1cd7573c701f,ridge,0.05,coverage,0.3436293436293436,0.2857142857142857,0.39777992277992225,2000,0.95,125.0,259,True,20,20,20,20,20,1.0,0.0,max_statistic,finite_observed_order_statistic,1
C04,FD002,primary,13,C04_FD002_3bf92063fd99_seed_13,outputs/c04_final_hardened_3bf9206,3bf92063fd99e23b7cbdf6a439a2fc4344807710,a7637c768221f74000508d083c4f791d1b5b1ec95f2b1618129769251b727125,5440e39d72d3fe354ffe890f55eb3cc785d9311c8e37e8e80ac12ad59492c6e7,de2c8976b2da16a26f9636f6662bab669a4aa7ce65f15ce56b6d1cd7573c701f,ridge,0.05,mean_width,77.85108885138071,77.85108885138071,77.85108885138071,2000,0.95,125.0,259,True,20,20,20,20,20,1.0,0.0,max_statistic,finite_observed_order_statistic,1
C04,FD002,primary,13,C04_FD002_3bf92063fd99_seed_13,outputs/c04_final_hardened_3bf9206,3bf92063fd99e23b7cbdf6a439a2fc4344807710,a7637c768221f74000508d083c4f791d1b5b1ec95f2b1618129769251b727125,5440e39d72d3fe354ffe890f55eb3cc785d9311c8e37e8e80ac12ad59492c6e7,de2c8976b2da16a26f9636f6662bab669a4aa7ce65f15ce56b6d1cd7573c701f,ridge,0.05,normalized_interval_score,11.79891057661199,10.524141979899245,13.08884317854226,2000,0.95,125.0,259,True,20,20,20,20,20,1.0,0.0,max_statistic,finite_observed_order_statistic,1
C04,FD002,primary,13,C04_FD002_3bf92063fd99_seed_13,outputs/c04_final_hardened_3bf9206,3bf92063fd99e23b7cbdf6a439a2fc4344807710,a7637c768221f74000508d083c4f791d1b5b1ec95f2b1618129769251b727125,5440e39d72d3fe354ffe890f55eb3cc785d9311c8e37e8e80ac12ad59492c6e7,de2c8976b2da16a26f9636f6662bab669a4aa7ce65f15ce56b6d1cd7573c701f,hist_gradient_boosting,0.1,coverage,0.7104247104247104,0.6563706563706564,0.7644787644787645,2000,0.95,125.0,259,True,20,19,19,19,19,1.0,0.0,interior,finite_observed_order_statistic,1
C04,FD002,primary,13,C04_FD002_3bf92063fd99_seed_13,outputs/c04_final_hardened_3bf9206,3bf92063fd99e23b7cbdf6a439a2fc4344807710,a7637c768221f74000508d083c4f791d1b5b1ec95f2b1618129769251b727125,5440e39d72d3fe354ffe890f55eb3cc785d9311c8e37e8e80ac12ad59492c6e7,de2c8976b2da16a26f9636f6662bab669a4aa7ce65f15ce56b6d1cd7573c701f,hist_gradient_boosting,0.1,mean_width,79.68830959567981,79.68830959567981,79.68830959567981,2000,0.95,125.0,259,True,20,19,19,19,19,1.0,0.0,interior,finite_observed_order_statistic,1
C04,FD002,primary,13,C04_FD002_3bf92063fd99_seed_13,outputs/c04_final_hardened_3bf9206,3bf92063fd99e23b7cbdf6a439a2fc4344807710,a7637c768221f74000508d083c4f791d1b5b1ec95f2b1618129769251b727125,5440e39d72d3fe354ffe890f55eb3cc785d9311c8e37e8e80ac12ad59492c6e7,de2c8976b2da16a26f9636f6662bab669a4aa7ce65f15ce56b6d1cd7573c701f,hist_gradient_boosting,0.1,normalized_interval_score,1.0954909795406338,0.9818743984587536,1.2127696584246999,2000,0.95,125.0,259,True,20,19,19,19,19,1.0,0.0,interior,finite_observed_order_statistic,1
C04,FD002,primary,13,C04_FD002_3bf92063fd99_seed_13,outputs/c04_final_hardened_3bf9206,3bf92063fd99e23b7cbdf6a439a2fc4344807710,a7637c768221f74000508d083c4f791d1b5b1ec95f2b1618129769251b727125,5440e39d72d3fe354ffe890f55eb3cc785d9311c8e37e8e80ac12ad59492c6e7,de2c8976b2da16a26f9636f6662bab669a4aa7ce65f15ce56b6d1cd7573c701f,hist_gradient_boosting,0.05,coverage,0.7374517374517374,0.6871621621621623,0.7915057915057915,2000,0.95,125.0,259,True,20,20,20,20,20,1.0,0.0,max_statistic,finite_observed_order_statistic,1
C04,FD002,primary,13,C04_FD002_3bf92063fd99_seed_13,outputs/c04_final_hardened_3bf9206,3bf92063fd99e23b7cbdf6a439a2fc4344807710,a7637c768221f74000508d083c4f791d1b5b1ec95f2b1618129769251b727125,5440e39d72d3fe354ffe890f55eb3cc785d9311c8e37e8e80ac12ad59492c6e7,de2c8976b2da16a26f9636f6662bab669a4aa7ce65f15ce56b6d1cd7573c701f,hist_gradient_boosting,0.05,mean_width,82.05425848498331,82.05425848498331,82.05425848498332,2000,0.95,125.0,259,True,20,20,20,20,20,1.0,0.0,max_statistic,finite_observed_order_statistic,1
C04,FD002,primary,13,C04_FD002_3bf92063fd99_seed_13,outputs/c04_final_hardened_3bf9206,3bf92063fd99e23b7cbdf6a439a2fc4344807710,a7637c768221f74000508d083c4f791d1b5b1ec95f2b1618129769251b727125,5440e39d72d3fe354ffe890f55eb3cc785d9311c8e37e8e80ac12ad59492c6e7,de2c8976b2da16a26f9636f6662bab669a4aa7ce65f15ce56b6d1cd7573c701f,hist_gradient_boosting,0.05,normalized_interval_score,1.4679166617511652,1.2576121845901909,1.6866594392183656,2000,0.95,125.0,259,True,20,20,20,20,20,1.0,0.0,max_statistic,finite_observed_order_statistic,1
C04,FD002,primary,37,C04_FD002_3bf92063fd99_seed_37,outputs/c04_final_hardened_3bf9206,3bf92063fd99e23b7cbdf6a439a2fc4344807710,3a51502e3788ac64548cb37a111dcb7d5649affb6f64e7ec04a063de2eed88f6,19e4d60a096b6602bcb25ad925cc0a8042f316625f46aec6df340532f9cdef40,b067fa160acf45396b6b7ca3e0617d12a5b07b5169eb955e772cb4a8c180fab5,mean,0.1,coverage,0.7760617760617761,0.722007722007722,0.822490347490347,2000,0.95,125.0,259,True,20,19,19,19,19,1.0,0.0,interior,finite_observed_order_statistic,1
C04,FD002,primary,37,C04_FD002_3bf92063fd99_seed_37,outputs/c04_final_hardened_3bf9206,3bf92063fd99e23b7cbdf6a439a2fc4344807710,3a51502e3788ac64548cb37a111dcb7d5649affb6f64e7ec04a063de2eed88f6,19e4d60a096b6602bcb25ad925cc0a8042f316625f46aec6df340532f9cdef40,b067fa160acf45396b6b7ca3e0617d12a5b07b5169eb955e772cb4a8c180fab5,mean,0.1,mean_width,122.96426869938065,122.96426869938065,122.96426869938065,2000,0.95,125.0,259,True,20,19,19,19,19,1.0,0.0,interior,finite_observed_order_statistic,1
C04,FD002,primary,37,C04_FD002_3bf92063fd99_seed_37,outputs/c04_final_hardened_3bf9206,3bf92063fd99e23b7cbdf6a439a2fc4344807710,3a51502e3788ac64548cb37a111dcb7d5649affb6f64e7ec04a063de2eed88f6,19e4d60a096b6602bcb25ad925cc0a8042f316625f46aec6df340532f9cdef40,b067fa160acf45396b6b7ca3e0617d12a5b07b5169eb955e772cb4a8c180fab5,mean,0.1,normalized_interval_score,1.4698917557726516,1.3549882808691767,1.590370520251416,2000,0.95,125.0,259,True,20,19,19,19,19,1.0,0.0,interior,finite_observed_order_statistic,1
C04,FD002,primary,37,C04_FD002_3bf92063fd99_seed_37,outputs/c04_final_hardened_3bf9206,3bf92063fd99e23b7cbdf6a439a2fc4344807710,3a51502e3788ac64548cb37a111dcb7d5649affb6f64e7ec04a063de2eed88f6,19e4d60a096b6602bcb25ad925cc0a8042f316625f46aec6df340532f9cdef40,b067fa160acf45396b6b7ca3e0617d12a5b07b5169eb955e772cb4a8c180fab5,mean,0.05,coverage,0.7760617760617761,0.722007722007722,0.822490347490347,2000,0.95,125.0,259,True,20,20,20,20,20,1.0,0.0,max_statistic,finite_observed_order_statistic,1
C04,FD002,primary,37,C04_FD002_3bf92063fd99_seed_37,outputs/c04_final_hardened_3bf9206,3bf92063fd99e23b7cbdf6a439a2fc4344807710,3a51502e3788ac64548cb37a111dcb7d5649affb6f64e7ec04a063de2eed88f6,19e4d60a096b6602bcb25ad925cc0a8042f316625f46aec6df340532f9cdef40,b067fa160acf45396b6b7ca3e0617d12a5b07b5169eb955e772cb4a8c180fab5,mean,0.05,mean_width,126.96426869938068,126.96426869938068,126.96426869938068,2000,0.95,125.0,259,True,20,20,20,20,20,1.0,0.0,max_statistic,finite_observed_order_statistic,1
C04,FD002,primary,37,C04_FD002_3bf92063fd99_seed_37,outputs/c04_final_hardened_3bf9206,3bf92063fd99e23b7cbdf6a439a2fc4344807710,3a51502e3788ac64548cb37a111dcb7d5649affb6f64e7ec04a063de2eed88f6,19e4d60a096b6602bcb25ad925cc0a8042f316625f46aec6df340532f9cdef40,b067fa160acf45396b6b7ca3e0617d12a5b07b5169eb955e772cb4a8c180fab5,mean,0.05,normalized_interval_score,1.8447488986297944,1.6470346129155087,2.054818396699292,2000,0.95,125.0,259,True,20,20,20,20,20,1.0,0.0,max_statistic,finite_observed_order_statistic,1
C04,FD002,primary,37,C04_FD002_3bf92063fd99_seed_37,outputs/c04_final_hardened_3bf9206,3bf92063fd99e23b7cbdf6a439a2fc4344807710,3a51502e3788ac64548cb37a111dcb7d5649affb6f64e7ec04a063de2eed88f6,19e4d60a096b6602bcb25ad925cc0a8042f316625f46aec6df340532f9cdef40,b067fa160acf45396b6b7ca3e0617d12a5b07b5169eb955e772cb4a8c180fab5,ridge,0.1,coverage,0.3127413127413127,0.2625482625482625,0.3667953667953668,2000,0.95,125.0,259,True,20,19,19,19,19,1.0,0.0,interior,finite_observed_order_statistic,1
C04,FD002,primary,37,C04_FD002_3bf92063fd99_seed_37,outputs/c04_final_hardened_3bf9206,3bf92063fd99e23b7cbdf6a439a2fc4344807710,3a51502e3788ac64548cb37a111dcb7d5649affb6f64e7ec04a063de2eed88f6,19e4d60a096b6602bcb25ad925cc0a8042f316625f46aec6df340532f9cdef40,b067fa160acf45396b6b7ca3e0617d12a5b07b5169eb955e772cb4a8c180fab5,ridge,0.1,mean_width,73.07232912978934,73.07232912978934,73.07232912978934,2000,0.95,125.0,259,True,20,19,19,19,19,1.0,0.0,interior,finite_observed_order_statistic,1
C04,FD002,primary,37,C04_FD002_3bf92063fd99_seed_37,outputs/c04_final_hardened_3bf9206,3bf92063fd99e23b7cbdf6a439a2fc4344807710,3a51502e3788ac64548cb37a111dcb7d5649affb6f64e7ec04a063de2eed88f6,19e4d60a096b6602bcb25ad925cc0a8042f316625f46aec6df340532f9cdef40,b067fa160acf45396b6b7ca3e0617d12a5b07b5169eb955e772cb4a8c180fab5,ridge,0.1,normalized_interval_score,6.676045942659163,5.992593410969874,7.336463463982385,2000,0.95,125.0,259,True,20,19,19,19,19,1.0,0.0,interior,finite_observed_order_statistic,1
C04,FD002,primary,37,C04_FD002_3bf92063fd99_seed_37,outputs/c04_final_hardened_3bf9206,3bf92063fd99e23b7cbdf6a439a2fc4344807710,3a51502e3788ac64548cb37a111dcb7d5649affb6f64e7ec04a063de2eed88f6,19e4d60a096b6602bcb25ad925cc0a8042f316625f46aec6df340532f9cdef40,b067fa160acf45396b6b7ca3e0617d12a5b07b5169eb955e772cb4a8c180fab5,ridge,0.05,coverage,0.3127413127413127,0.2625482625482625,0.3667953667953668,2000,0.95,125.0,259,True,20,20,20,20,20,1.0,0.0,max_statistic,finite_observed_order_statistic,1
C04,FD002,primary,37,C04_FD002_3bf92063fd99_seed_37,outputs/c04_final_hardened_3bf9206,3bf92063fd99e23b7cbdf6a439a2fc4344807710,3a51502e3788ac64548cb37a111dcb7d5649affb6f64e7ec04a063de2eed88f6,19e4d60a096b6602bcb25ad925cc0a8042f316625f46aec6df340532f9cdef40,b067fa160acf45396b6b7ca3e0617d12a5b07b5169eb955e772cb4a8c180fab5,ridge,0.05,mean_width,73.959225391545,73.959225391545,73.959225391545,2000,0.95,125.0,259,True,20,20,20,20,20,1.0,0.0,max_statistic,finite_observed_order_statistic,1
C04,FD002,primary,37,C04_FD002_3bf92063fd99_seed_37,outputs/c04_final_hardened_3bf9206,3bf92063fd99e23b7cbdf6a439a2fc4344807710,3a51502e3788ac64548cb37a111dcb7d5649affb6f64e7ec04a063de2eed88f6,19e4d60a096b6602bcb25ad925cc0a8042f316625f46aec6df340532f9cdef40,b067fa160acf45396b6b7ca3e0617d12a5b07b5169eb955e772cb4a8c180fab5,ridge,0.05,normalized_interval_score,12.677084076679847,11.315137658862396,13.99679594568206,2000,0.95,125.0,259,True,20,20,20,20,20,1.0,0.0,max_statistic,finite_observed_order_statistic,1
C04,FD002,primary,37,C04_FD002_3bf92063fd99_seed_37,outputs/c04_final_hardened_3bf9206,3bf92063fd99e23b7cbdf6a439a2fc4344807710,3a51502e3788ac64548cb37a111dcb7d5649affb6f64e7ec04a063de2eed88f6,19e4d60a096b6602bcb25ad925cc0a8042f316625f46aec6df340532f9cdef40,b067fa160acf45396b6b7ca3e0617d12a5b07b5169eb955e772cb4a8c180fab5,hist_gradient_boosting,0.1,coverage,0.6332046332046332,0.5714285714285714,0.6911196911196911,2000,0.95,125.0,259,True,20,19,19,19,19,1.0,0.0,interior,finite_observed_order_statistic,1
C04,FD002,primary,37,C04_FD002_3bf92063fd99_seed_37,outputs/c04_final_hardened_3bf9206,3bf92063fd99e23b7cbdf6a439a2fc4344807710,3a51502e3788ac64548cb37a111dcb7d5649affb6f64e7ec04a063de2eed88f6,19e4d60a096b6602bcb25ad925cc0a8042f316625f46aec6df340532f9cdef40,b067fa160acf45396b6b7ca3e0617d12a5b07b5169eb955e772cb4a8c180fab5,hist_gradient_boosting,0.1,mean_width,68.08257168393392,68.0825716839339,68.08257168393392,2000,0.95,125.0,259,True,20,19,19,19,19,1.0,0.0,interior,finite_observed_order_statistic,1
C04,FD002,primary,37,C04_FD002_3bf92063fd99_seed_37,outputs/c04_final_hardened_3bf9206,3bf92063fd99e23b7cbdf6a439a2fc4344807710,3a51502e3788ac64548cb37a111dcb7d5649affb6f64e7ec04a063de2eed88f6,19e4d60a096b6602bcb25ad925cc0a8042f316625f46aec6df340532f9cdef40,b067fa160acf45396b6b7ca3e0617d12a5b07b5169eb955e772cb4a8c180fab5,hist_gradient_boosting,0.1,normalized_interval_score,1.4646731896033711,1.283310669636236,1.659140467877749,2000,0.95,125.0,259,True,20,19,19,19,19,1.0,0.0,interior,finite_observed_order_statistic,1
C04,FD002,primary,37,C04_FD002_3bf92063fd99_seed_37,outputs/c04_final_hardened_3bf9206,3bf92063fd99e23b7cbdf6a439a2fc4344807710,3a51502e3788ac64548cb37a111dcb7d5649affb6f64e7ec04a063de2eed88f6,19e4d60a096b6602bcb25ad925cc0a8042f316625f46aec6df340532f9cdef40,b067fa160acf45396b6b7ca3e0617d12a5b07b5169eb955e772cb4a8c180fab5,hist_gradient_boosting,0.05,coverage,0.6486486486486487,0.5907335907335908,0.7065637065637066,2000,0.95,125.0,259,True,20,20,20,20,20,1.0,0.0,max_statistic,finite_observed_order_statistic,1
C04,FD002,primary,37,C04_FD002_3bf92063fd99_seed_37,outputs/c04_final_hardened_3bf9206,3bf92063fd99e23b7cbdf6a439a2fc4344807710,3a51502e3788ac64548cb37a111dcb7d5649affb6f64e7ec04a063de2eed88f6,19e4d60a096b6602bcb25ad925cc0a8042f316625f46aec6df340532f9cdef40,b067fa160acf45396b6b7ca3e0617d12a5b07b5169eb955e772cb4a8c180fab5,hist_gradient_boosting,0.05,mean_width,71.73080476107296,71.73080476107295,71.73080476107296,2000,0.95,125.0,259,True,20,20,20,20,20,1.0,0.0,max_statistic,finite_observed_order_statistic,1
C04,FD002,primary,37,C04_FD002_3bf92063fd99_seed_37,outputs/c04_final_hardened_3bf9206,3bf92063fd99e23b7cbdf6a439a2fc4344807710,3a51502e3788ac64548cb37a111dcb7d5649affb6f64e7ec04a063de2eed88f6,19e4d60a096b6602bcb25ad925cc0a8042f316625f46aec6df340532f9cdef40,b067fa160acf45396b6b7ca3e0617d12a5b07b5169eb955e772cb4a8c180fab5,hist_gradient_boosting,0.05,normalized_interval_score,2.2063600612436787,1.8680752268677614,2.573654287307484,2000,0.95,125.0,259,True,20,20,20,20,20,1.0,0.0,max_statistic,finite_observed_order_statistic,1
C04,FD002,primary,73,C04_FD002_3bf92063fd99_seed_73,outputs/c04_final_hardened_3bf9206,3bf92063fd99e23b7cbdf6a439a2fc4344807710,39b3b9af814b55c77878f2ee1325a73d921f9b1de6c3b8708be443837358b92e,456ef0b3bf7c73444af6df8c76a7172f7682d3cd0783a972f32411f10a1f8765,bfbd08257ee89fbedac239e1b78b21030301d799502b306b724f454d32da5f99,mean,0.1,coverage,0.7760617760617761,0.7258687258687259,0.8301158301158301,2000,0.95,125.0,259,True,20,19,19,19,19,1.0,0.0,interior,finite_observed_order_statistic,1
C04,FD002,primary,73,C04_FD002_3bf92063fd99_seed_73,outputs/c04_final_hardened_3bf9206,3bf92063fd99e23b7cbdf6a439a2fc4344807710,39b3b9af814b55c77878f2ee1325a73d921f9b1de6c3b8708be443837358b92e,456ef0b3bf7c73444af6df8c76a7172f7682d3cd0783a972f32411f10a1f8765,bfbd08257ee89fbedac239e1b78b21030301d799502b306b724f454d32da5f99,mean,0.1,mean_width,121.08318411199737,121.08318411199737,121.08318411199737,2000,0.95,125.0,259,True,20,19,19,19,19,1.0,0.0,interior,finite_observed_order_statistic,1
C04,FD002,primary,73,C04_FD002_3bf92063fd99_seed_73,outputs/c04_final_hardened_3bf9206,3bf92063fd99e23b7cbdf6a439a2fc4344807710,39b3b9af814b55c77878f2ee1325a73d921f9b1de6c3b8708be443837358b92e,456ef0b3bf7c73444af6df8c76a7172f7682d3cd0783a972f32411f10a1f8765,bfbd08257ee89fbedac239e1b78b21030301d799502b306b724f454d32da5f99,mean,0.1,normalized_interval_score,1.4548430790735853,1.3343643145948205,1.5753218435523497,2000,0.95,125.0,259,True,20,19,19,19,19,1.0,0.0,interior,finite_observed_order_statistic,1
C04,FD002,primary,73,C04_FD002_3bf92063fd99_seed_73,outputs/c04_final_hardened_3bf9206,3bf92063fd99e23b7cbdf6a439a2fc4344807710,39b3b9af814b55c77878f2ee1325a73d921f9b1de6c3b8708be443837358b92e,456ef0b3bf7c73444af6df8c76a7172f7682d3cd0783a972f32411f10a1f8765,bfbd08257ee89fbedac239e1b78b21030301d799502b306b724f454d32da5f99,mean,0.05,coverage,0.7992277992277992,0.749034749034749,0.8456563706563701,2000,0.95,125.0,259,True,20,20,20,20,20,1.0,0.0,max_statistic,finite_observed_order_statistic,1
C04,FD002,primary,73,C04_FD002_3bf92063fd99_seed_73,outputs/c04_final_hardened_3bf9206,3bf92063fd99e23b7cbdf6a439a2fc4344807710,39b3b9af814b55c77878f2ee1325a73d921f9b1de6c3b8708be443837358b92e,456ef0b3bf7c73444af6df8c76a7172f7682d3cd0783a972f32411f10a1f8765,bfbd08257ee89fbedac239e1b78b21030301d799502b306b724f454d32da5f99,mean,0.05,mean_width,135.08318411199738,135.08318411199738,135.08318411199738,2000,0.95,125.0,259,True,20,20,20,20,20,1.0,0.0,max_statistic,finite_observed_order_statistic,1
C04,FD002,primary,73,C04_FD002_3bf92063fd99_seed_73,outputs/c04_final_hardened_3bf9206,3bf92063fd99e23b7cbdf6a439a2fc4344807710,39b3b9af814b55c77878f2ee1325a73d921f9b1de6c3b8708be443837358b92e,456ef0b3bf7c73444af6df8c76a7172f7682d3cd0783a972f32411f10a1f8765,bfbd08257ee89fbedac239e1b78b21030301d799502b306b724f454d32da5f99,mean,0.05,normalized_interval_score,1.572402924633431,1.4414067856372919,1.7132523454828517,2000,0.95,125.0,259,True,20,20,20,20,20,1.0,0.0,max_statistic,finite_observed_order_statistic,1
C04,FD002,primary,73,C04_FD002_3bf92063fd99_seed_73,outputs/c04_final_hardened_3bf9206,3bf92063fd99e23b7cbdf6a439a2fc4344807710,39b3b9af814b55c77878f2ee1325a73d921f9b1de6c3b8708be443837358b92e,456ef0b3bf7c73444af6df8c76a7172f7682d3cd0783a972f32411f10a1f8765,bfbd08257ee89fbedac239e1b78b21030301d799502b306b724f454d32da5f99,ridge,0.1,coverage,0.28957528957528955,0.23552123552123552,0.3436293436293436,2000,0.95,125.0,259,True,20,19,19,19,19,1.0,0.0,interior,finite_observed_order_statistic,1
C04,FD002,primary,73,C04_FD002_3bf92063fd99_seed_73,outputs/c04_final_hardened_3bf9206,3bf92063fd99e23b7cbdf6a439a2fc4344807710,39b3b9af814b55c77878f2ee1325a73d921f9b1de6c3b8708be443837358b92e,456ef0b3bf7c73444af6df8c76a7172f7682d3cd0783a972f32411f10a1f8765,bfbd08257ee89fbedac239e1b78b21030301d799502b306b724f454d32da5f99,ridge,0.1,mean_width,63.4219228204139,63.4219228204139,63.4219228204139,2000,0.95,125.0,259,True,20,19,19,19,19,1.0,0.0,interior,finite_observed_order_statistic,1
C04,FD002,primary,73,C04_FD002_3bf92063fd99_seed_73,outputs/c04_final_hardened_3bf9206,3bf92063fd99e23b7cbdf6a439a2fc4344807710,39b3b9af814b55c77878f2ee1325a73d921f9b1de6c3b8708be443837358b92e,456ef0b3bf7c73444af6df8c76a7172f7682d3cd0783a972f32411f10a1f8765,bfbd08257ee89fbedac239e1b78b21030301d799502b306b724f454d32da5f99,ridge,0.1,normalized_interval_score,7.007565714932067,6.326591654300199,7.66144749217834,2000,0.95,125.0,259,True,20,19,19,19,19,1.0,0.0,interior,finite_observed_order_statistic,1
C04,FD002,primary,73,C04_FD002_3bf92063fd99_seed_73,outputs/c04_final_hardened_3bf9206,3bf92063fd99e23b7cbdf6a439a2fc4344807710,39b3b9af814b55c77878f2ee1325a73d921f9b1de6c3b8708be443837358b92e,456ef0b3bf7c73444af6df8c76a7172f7682d3cd0783a972f32411f10a1f8765,bfbd08257ee89fbedac239e1b78b21030301d799502b306b724f454d32da5f99,ridge,0.05,coverage,0.30115830115830117,0.2470077220077222,0.3552123552123552,2000,0.95,125.0,259,True,20,20,20,20,20,1.0,0.0,max_statistic,finite_observed_order_statistic,1
C04,FD002,primary,73,C04_FD002_3bf92063fd99_seed_73,outputs/c04_final_hardened_3bf9206,3bf92063fd99e23b7cbdf6a439a2fc4344807710,39b3b9af814b55c77878f2ee1325a73d921f9b1de6c3b8708be443837358b92e,456ef0b3bf7c73444af6df8c76a7172f7682d3cd0783a972f32411f10a1f8765,bfbd08257ee89fbedac239e1b78b21030301d799502b306b724f454d32da5f99,ridge,0.05,mean_width,67.94330808288399,67.94330808288399,67.94330808288399,2000,0.95,125.0,259,True,20,20,20,20,20,1.0,0.0,max_statistic,finite_observed_order_statistic,1
C04,FD002,primary,73,C04_FD002_3bf92063fd99_seed_73,outputs/c04_final_hardened_3bf9206,3bf92063fd99e23b7cbdf6a439a2fc4344807710,39b3b9af814b55c77878f2ee1325a73d921f9b1de6c3b8708be443837358b92e,456ef0b3bf7c73444af6df8c76a7172f7682d3cd0783a972f32411f10a1f8765,bfbd08257ee89fbedac239e1b78b21030301d799502b306b724f454d32da5f99,ridge,0.05,normalized_interval_score,13.036063058947546,11.700322764112444,14.320244026914535,2000,0.95,125.0,259,True,20,20,20,20,20,1.0,0.0,max_statistic,finite_observed_order_statistic,1
C04,FD002,primary,73,C04_FD002_3bf92063fd99_seed_73,outputs/c04_final_hardened_3bf9206,3bf92063fd99e23b7cbdf6a439a2fc4344807710,39b3b9af814b55c77878f2ee1325a73d921f9b1de6c3b8708be443837358b92e,456ef0b3bf7c73444af6df8c76a7172f7682d3cd0783a972f32411f10a1f8765,bfbd08257ee89fbedac239e1b78b21030301d799502b306b724f454d32da5f99,hist_gradient_boosting,0.1,coverage,0.4247104247104247,0.36293436293436293,0.4864864864864865,2000,0.95,125.0,259,True,20,19,19,19,19,1.0,0.0,interior,finite_observed_order_statistic,1
C04,FD002,primary,73,C04_FD002_3bf92063fd99_seed_73,outputs/c04_final_hardened_3bf9206,3bf92063fd99e23b7cbdf6a439a2fc4344807710,39b3b9af814b55c77878f2ee1325a73d921f9b1de6c3b8708be443837358b92e,456ef0b3bf7c73444af6df8c76a7172f7682d3cd0783a972f32411f10a1f8765,bfbd08257ee89fbedac239e1b78b21030301d799502b306b724f454d32da5f99,hist_gradient_boosting,0.1,mean_width,67.23148014770779,67.23148014770779,67.23148014770779,2000,0.95,125.0,259,True,20,19,19,19,19,1.0,0.0,interior,finite_observed_order_statistic,1
C04,FD002,primary,73,C04_FD002_3bf92063fd99_seed_73,outputs/c04_final_hardened_3bf9206,3bf92063fd99e23b7cbdf6a439a2fc4344807710,39b3b9af814b55c77878f2ee1325a73d921f9b1de6c3b8708be443837358b92e,456ef0b3bf7c73444af6df8c76a7172f7682d3cd0783a972f32411f10a1f8765,bfbd08257ee89fbedac239e1b78b21030301d799502b306b724f454d32da5f99,hist_gradient_boosting,0.1,normalized_interval_score,1.556637449579733,1.3948176384678665,1.7096333886016517,2000,0.95,125.0,259,True,20,19,19,19,19,1.0,0.0,interior,finite_observed_order_statistic,1
C04,FD002,primary,73,C04_FD002_3bf92063fd99_seed_73,outputs/c04_final_hardened_3bf9206,3bf92063fd99e23b7cbdf6a439a2fc4344807710,39b3b9af814b55c77878f2ee1325a73d921f9b1de6c3b8708be443837358b92e,456ef0b3bf7c73444af6df8c76a7172f7682d3cd0783a972f32411f10a1f8765,bfbd08257ee89fbedac239e1b78b21030301d799502b306b724f454d32da5f99,hist_gradient_boosting,0.05,coverage,0.806949806949807,0.7567567567567568,0.8571428571428571,2000,0.95,125.0,259,True,20,20,20,20,20,1.0,0.0,max_statistic,finite_observed_order_statistic,1
C04,FD002,primary,73,C04_FD002_3bf92063fd99_seed_73,outputs/c04_final_hardened_3bf9206,3bf92063fd99e23b7cbdf6a439a2fc4344807710,39b3b9af814b55c77878f2ee1325a73d921f9b1de6c3b8708be443837358b92e,456ef0b3bf7c73444af6df8c76a7172f7682d3cd0783a972f32411f10a1f8765,bfbd08257ee89fbedac239e1b78b21030301d799502b306b724f454d32da5f99,hist_gradient_boosting,0.05,mean_width,96.57312661940558,96.57312661940557,96.57312661940558,2000,0.95,125.0,259,True,20,20,20,20,20,1.0,0.0,max_statistic,finite_observed_order_statistic,1
C04,FD002,primary,73,C04_FD002_3bf92063fd99_seed_73,outputs/c04_final_hardened_3bf9206,3bf92063fd99e23b7cbdf6a439a2fc4344807710,39b3b9af814b55c77878f2ee1325a73d921f9b1de6c3b8708be443837358b92e,456ef0b3bf7c73444af6df8c76a7172f7682d3cd0783a972f32411f10a1f8765,bfbd08257ee89fbedac239e1b78b21030301d799502b306b724f454d32da5f99,hist_gradient_boosting,0.05,normalized_interval_score,1.1546404101295635,1.0307788846051327,1.2856334686113187,2000,0.95,125.0,259,True,20,20,20,20,20,1.0,0.0,max_statistic,finite_observed_order_statistic,1
C04,FD002,primary,101,C04_FD002_3bf92063fd99_seed_101,outputs/c04_final_hardened_3bf9206,3bf92063fd99e23b7cbdf6a439a2fc4344807710,4e34ac3a5e260b42aac866e476ceb167dea09c411672612dfc666bf34fcb9a63,83c511046fa8970eada1c44b85593ef26cb927e8ea82abeeaaceeeb94d4ef556,710c87c7fc2887a0c3c73f3c6faf6b174244bebd0b3b6ccb1197349d613cc239,mean,0.1,coverage,0.7683397683397684,0.7181467181467182,0.8146718146718147,2000,0.95,125.0,259,True,20,19,19,19,19,1.0,0.0,interior,finite_observed_order_statistic,1
C04,FD002,primary,101,C04_FD002_3bf92063fd99_seed_101,outputs/c04_final_hardened_3bf9206,3bf92063fd99e23b7cbdf6a439a2fc4344807710,4e34ac3a5e260b42aac866e476ceb167dea09c411672612dfc666bf34fcb9a63,83c511046fa8970eada1c44b85593ef26cb927e8ea82abeeaaceeeb94d4ef556,710c87c7fc2887a0c3c73f3c6faf6b174244bebd0b3b6ccb1197349d613cc239,mean,0.1,mean_width,117.46938775510206,117.46938775510206,117.46938775510206,2000,0.95,125.0,259,True,20,19,19,19,19,1.0,0.0,interior,finite_observed_order_statistic,1
C04,FD002,primary,101,C04_FD002_3bf92063fd99_seed_101,outputs/c04_final_hardened_3bf9206,3bf92063fd99e23b7cbdf6a439a2fc4344807710,4e34ac3a5e260b42aac866e476ceb167dea09c411672612dfc666bf34fcb9a63,83c511046fa8970eada1c44b85593ef26cb927e8ea82abeeaaceeeb94d4ef556,710c87c7fc2887a0c3c73f3c6faf6b174244bebd0b3b6ccb1197349d613cc239,mean,0.1,normalized_interval_score,1.4994462217319362,1.3783342526199673,1.6366662989520133,2000,0.95,125.0,259,True,20,19,19,19,19,1.0,0.0,interior,finite_observed_order_statistic,1
C04,FD002,primary,101,C04_FD002_3bf92063fd99_seed_101,outputs/c04_final_hardened_3bf9206,3bf92063fd99e23b7cbdf6a439a2fc4344807710,4e34ac3a5e260b42aac866e476ceb167dea09c411672612dfc666bf34fcb9a63,83c511046fa8970eada1c44b85593ef26cb927e8ea82abeeaaceeeb94d4ef556,710c87c7fc2887a0c3c73f3c6faf6b174244bebd0b3b6ccb1197349d613cc239,mean,0.05,coverage,0.7876447876447876,0.7374517374517374,0.833976833976834,2000,0.95,125.0,259,True,20,20,20,20,20,1.0,0.0,max_statistic,finite_observed_order_statistic,1
C04,FD002,primary,101,C04_FD002_3bf92063fd99_seed_101,outputs/c04_final_hardened_3bf9206,3bf92063fd99e23b7cbdf6a439a2fc4344807710,4e34ac3a5e260b42aac866e476ceb167dea09c411672612dfc666bf34fcb9a63,83c511046fa8970eada1c44b85593ef26cb927e8ea82abeeaaceeeb94d4ef556,710c87c7fc2887a0c3c73f3c6faf6b174244bebd0b3b6ccb1197349d613cc239,mean,0.05,mean_width,127.46938775510206,127.46938775510206,127.46938775510206,2000,0.95,125.0,259,True,20,20,20,20,20,1.0,0.0,max_statistic,finite_observed_order_statistic,1
C04,FD002,primary,101,C04_FD002_3bf92063fd99_seed_101,outputs/c04_final_hardened_3bf9206,3bf92063fd99e23b7cbdf6a439a2fc4344807710,4e34ac3a5e260b42aac866e476ceb167dea09c411672612dfc666bf34fcb9a63,83c511046fa8970eada1c44b85593ef26cb927e8ea82abeeaaceeeb94d4ef556,710c87c7fc2887a0c3c73f3c6faf6b174244bebd0b3b6ccb1197349d613cc239,mean,0.05,normalized_interval_score,1.7771296194153343,1.597979040264755,1.9748439051296196,2000,0.95,125.0,259,True,20,20,20,20,20,1.0,0.0,max_statistic,finite_observed_order_statistic,1
C04,FD002,primary,101,C04_FD002_3bf92063fd99_seed_101,outputs/c04_final_hardened_3bf9206,3bf92063fd99e23b7cbdf6a439a2fc4344807710,4e34ac3a5e260b42aac866e476ceb167dea09c411672612dfc666bf34fcb9a63,83c511046fa8970eada1c44b85593ef26cb927e8ea82abeeaaceeeb94d4ef556,710c87c7fc2887a0c3c73f3c6faf6b174244bebd0b3b6ccb1197349d613cc239,ridge,0.1,coverage,0.3861003861003861,0.3281853281853282,0.44787644787644787,2000,0.95,125.0,259,True,20,19,19,19,19,1.0,0.0,interior,finite_observed_order_statistic,1
C04,FD002,primary,101,C04_FD002_3bf92063fd99_seed_101,outputs/c04_final_hardened_3bf9206,3bf92063fd99e23b7cbdf6a439a2fc4344807710,4e34ac3a5e260b42aac866e476ceb167dea09c411672612dfc666bf34fcb9a63,83c511046fa8970eada1c44b85593ef26cb927e8ea82abeeaaceeeb94d4ef556,710c87c7fc2887a0c3c73f3c6faf6b174244bebd0b3b6ccb1197349d613cc239,ridge,0.1,mean_width,99.2790127957618,99.2790127957618,99.2790127957618,2000,0.95,125.0,259,True,20,19,19,19,19,1.0,0.0,interior,finite_observed_order_statistic,1
C04,FD002,primary,101,C04_FD002_3bf92063fd99_seed_101,outputs/c04_final_hardened_3bf9206,3bf92063fd99e23b7cbdf6a439a2fc4344807710,4e34ac3a5e260b42aac866e476ceb167dea09c411672612dfc666bf34fcb9a63,83c511046fa8970eada1c44b85593ef26cb927e8ea82abeeaaceeeb94d4ef556,710c87c7fc2887a0c3c73f3c6faf6b174244bebd0b3b6ccb1197349d613cc239,ridge,0.1,normalized_interval_score,5.51473772876729,4.941665267249658,6.090523913014124,2000,0.95,125.0,259,True,20,19,19,19,19,1.0,0.0,interior,finite_observed_order_statistic,1
C04,FD002,primary,101,C04_FD002_3bf92063fd99_seed_101,outputs/c04_final_hardened_3bf9206,3bf92063fd99e23b7cbdf6a439a2fc4344807710,4e34ac3a5e260b42aac866e476ceb167dea09c411672612dfc666bf34fcb9a63,83c511046fa8970eada1c44b85593ef26cb927e8ea82abeeaaceeeb94d4ef556,710c87c7fc2887a0c3c73f3c6faf6b174244bebd0b3b6ccb1197349d613cc239,ridge,0.05,coverage,0.4015444015444015,0.3436293436293436,0.46332046332046334,2000,0.95,125.0,259,True,20,20,20,20,20,1.0,0.0,max_statistic,finite_observed_order_statistic,1
C04,FD002,primary,101,C04_FD002_3bf92063fd99_seed_101,outputs/c04_final_hardened_3bf9206,3bf92063fd99e23b7cbdf6a439a2fc4344807710,4e34ac3a5e260b42aac866e476ceb167dea09c411672612dfc666bf34fcb9a63,83c511046fa8970eada1c44b85593ef26cb927e8ea82abeeaaceeeb94d4ef556,710c87c7fc2887a0c3c73f3c6faf6b174244bebd0b3b6ccb1197349d613cc239,ridge,0.05,mean_width,102.88065205539169,102.88065205539169,102.88065205539169,2000,0.95,125.0,259,True,20,20,20,20,20,1.0,0.0,max_statistic,finite_observed_order_statistic,1
C04,FD002,primary,101,C04_FD002_3bf92063fd99_seed_101,outputs/c04_final_hardened_3bf9206,3bf92063fd99e23b7cbdf6a439a2fc4344807710,4e34ac3a5e260b42aac866e476ceb167dea09c411672612dfc666bf34fcb9a63,83c511046fa8970eada1c44b85593ef26cb927e8ea82abeeaaceeeb94d4ef556,710c87c7fc2887a0c3c73f3c6faf6b174244bebd0b3b6ccb1197349d613cc239,ridge,0.05,normalized_interval_score,9.916171969440379,8.803262795659835,11.04047754387785,2000,0.95,125.0,259,True,20,20,20,20,20,1.0,0.0,max_statistic,finite_observed_order_statistic,1
C04,FD002,primary,101,C04_FD002_3bf92063fd99_seed_101,outputs/c04_final_hardened_3bf9206,3bf92063fd99e23b7cbdf6a439a2fc4344807710,4e34ac3a5e260b42aac866e476ceb167dea09c411672612dfc666bf34fcb9a63,83c511046fa8970eada1c44b85593ef26cb927e8ea82abeeaaceeeb94d4ef556,710c87c7fc2887a0c3c73f3c6faf6b174244bebd0b3b6ccb1197349d613cc239,hist_gradient_boosting,0.1,coverage,0.6872586872586872,0.6293436293436293,0.7413127413127413,2000,0.95,125.0,259,True,20,19,19,19,19,1.0,0.0,interior,finite_observed_order_statistic,1
C04,FD002,primary,101,C04_FD002_3bf92063fd99_seed_101,outputs/c04_final_hardened_3bf9206,3bf92063fd99e23b7cbdf6a439a2fc4344807710,4e34ac3a5e260b42aac866e476ceb167dea09c411672612dfc666bf34fcb9a63,83c511046fa8970eada1c44b85593ef26cb927e8ea82abeeaaceeeb94d4ef556,710c87c7fc2887a0c3c73f3c6faf6b174244bebd0b3b6ccb1197349d613cc239,hist_gradient_boosting,0.1,mean_width,77.58209534003434,77.58209534003434,77.58209534003434,2000,0.95,125.0,259,True,20,19,19,19,19,1.0,0.0,interior,finite_observed_order_statistic,1
C04,FD002,primary,101,C04_FD002_3bf92063fd99_seed_101,outputs/c04_final_hardened_3bf9206,3bf92063fd99e23b7cbdf6a439a2fc4344807710,4e34ac3a5e260b42aac866e476ceb167dea09c411672612dfc666bf34fcb9a63,83c511046fa8970eada1c44b85593ef26cb927e8ea82abeeaaceeeb94d4ef556,710c87c7fc2887a0c3c73f3c6faf6b174244bebd0b3b6ccb1197349d613cc239,hist_gradient_boosting,0.1,normalized_interval_score,1.7429069102203496,1.5015569309879242,1.9891812987119526,2000,0.95,125.0,259,True,20,19,19,19,19,1.0,0.0,interior,finite_observed_order_statistic,1
C04,FD002,primary,101,C04_FD002_3bf92063fd99_seed_101,outputs/c04_final_hardened_3bf9206,3bf92063fd99e23b7cbdf6a439a2fc4344807710,4e34ac3a5e260b42aac866e476ceb167dea09c411672612dfc666bf34fcb9a63,83c511046fa8970eada1c44b85593ef26cb927e8ea82abeeaaceeeb94d4ef556,710c87c7fc2887a0c3c73f3c6faf6b174244bebd0b3b6ccb1197349d613cc239,hist_gradient_boosting,0.05,coverage,0.749034749034749,0.6988416988416989,0.7992277992277992,2000,0.95,125.0,259,True,20,20,20,20,20,1.0,0.0,max_statistic,finite_observed_order_statistic,1
C04,FD002,primary,101,C04_FD002_3bf92063fd99_seed_101,outputs/c04_final_hardened_3bf9206,3bf92063fd99e23b7cbdf6a439a2fc4344807710,4e34ac3a5e260b42aac866e476ceb167dea09c411672612dfc666bf34fcb9a63,83c511046fa8970eada1c44b85593ef26cb927e8ea82abeeaaceeeb94d4ef556,710c87c7fc2887a0c3c73f3c6faf6b174244bebd0b3b6ccb1197349d613cc239,hist_gradient_boosting,0.05,mean_width,96.58717531017419,96.58717531017419,96.58717531017419,2000,0.95,125.0,259,True,20,20,20,20,20,1.0,0.0,max_statistic,finite_observed_order_statistic,1
C04,FD002,primary,101,C04_FD002_3bf92063fd99_seed_101,outputs/c04_final_hardened_3bf9206,3bf92063fd99e23b7cbdf6a439a2fc4344807710,4e34ac3a5e260b42aac866e476ceb167dea09c411672612dfc666bf34fcb9a63,83c511046fa8970eada1c44b85593ef26cb927e8ea82abeeaaceeeb94d4ef556,710c87c7fc2887a0c3c73f3c6faf6b174244bebd0b3b6ccb1197349d613cc239,hist_gradient_boosting,0.05,normalized_interval_score,2.1583272419709245,1.79926907423978,2.5177592638546744,2000,0.95,125.0,259,True,20,20,20,20,20,1.0,0.0,max_statistic,finite_observed_order_statistic,1
C04,FD002,primary,137,C04_FD002_3bf92063fd99_seed_137,outputs/c04_final_hardened_3bf9206,3bf92063fd99e23b7cbdf6a439a2fc4344807710,e8d53874de3a9e6cee27ea4a366a05be6cfc5d832f3239ee0057100eedd595d8,cc4a3cc30f6d650947506e58ecac4d9092453206e15a4303fafc5e639a0b9f83,2ddf7b2703b6fe12d76a1ca1875d3f0ce10bd79e40d1e26ce1e6f010b96d0675,mean,0.1,coverage,0.7683397683397684,0.7142857142857143,0.8185328185328186,2000,0.95,125.0,259,True,20,19,19,19,19,1.0,0.0,interior,finite_observed_order_statistic,1
C04,FD002,primary,137,C04_FD002_3bf92063fd99_seed_137,outputs/c04_final_hardened_3bf9206,3bf92063fd99e23b7cbdf6a439a2fc4344807710,e8d53874de3a9e6cee27ea4a366a05be6cfc5d832f3239ee0057100eedd595d8,cc4a3cc30f6d650947506e58ecac4d9092453206e15a4303fafc5e639a0b9f83,2ddf7b2703b6fe12d76a1ca1875d3f0ce10bd79e40d1e26ce1e6f010b96d0675,mean,0.1,mean_width,113.79646802677205,113.79646802677205,113.79646802677205,2000,0.95,125.0,259,True,20,19,19,19,19,1.0,0.0,interior,finite_observed_order_statistic,1
C04,FD002,primary,137,C04_FD002_3bf92063fd99_seed_137,outputs/c04_final_hardened_3bf9206,3bf92063fd99e23b7cbdf6a439a2fc4344807710,e8d53874de3a9e6cee27ea4a366a05be6cfc5d832f3239ee0057100eedd595d8,cc4a3cc30f6d650947506e58ecac4d9092453206e15a4303fafc5e639a0b9f83,2ddf7b2703b6fe12d76a1ca1875d3f0ce10bd79e40d1e26ce1e6f010b96d0675,mean,0.1,normalized_interval_score,1.54419413803657,1.402109195951628,1.7036227094651413,2000,0.95,125.0,259,True,20,19,19,19,19,1.0,0.0,interior,finite_observed_order_statistic,1
C04,FD002,primary,137,C04_FD002_3bf92063fd99_seed_137,outputs/c04_final_hardened_3bf9206,3bf92063fd99e23b7cbdf6a439a2fc4344807710,e8d53874de3a9e6cee27ea4a366a05be6cfc5d832f3239ee0057100eedd595d8,cc4a3cc30f6d650947506e58ecac4d9092453206e15a4303fafc5e639a0b9f83,2ddf7b2703b6fe12d76a1ca1875d3f0ce10bd79e40d1e26ce1e6f010b96d0675,mean,0.05,coverage,0.7722007722007722,0.7181467181467182,0.8223938223938224,2000,0.95,125.0,259,True,20,20,20,20,20,1.0,0.0,max_statistic,finite_observed_order_statistic,1
C04,FD002,primary,137,C04_FD002_3bf92063fd99_seed_137,outputs/c04_final_hardened_3bf9206,3bf92063fd99e23b7cbdf6a439a2fc4344807710,e8d53874de3a9e6cee27ea4a366a05be6cfc5d832f3239ee0057100eedd595d8,cc4a3cc30f6d650947506e58ecac4d9092453206e15a4303fafc5e639a0b9f83,2ddf7b2703b6fe12d76a1ca1875d3f0ce10bd79e40d1e26ce1e6f010b96d0675,mean,0.05,mean_width,119.79646802677205,119.79646802677205,119.79646802677205,2000,0.95,125.0,259,True,20,20,20,20,20,1.0,0.0,max_statistic,finite_observed_order_statistic,1
C04,FD002,primary,137,C04_FD002_3bf92063fd99_seed_137,outputs/c04_final_hardened_3bf9206,3bf92063fd99e23b7cbdf6a439a2fc4344807710,e8d53874de3a9e6cee27ea4a366a05be6cfc5d832f3239ee0057100eedd595d8,cc4a3cc30f6d650947506e58ecac4d9092453206e15a4303fafc5e639a0b9f83,2ddf7b2703b6fe12d76a1ca1875d3f0ce10bd79e40d1e26ce1e6f010b96d0675,mean,0.05,normalized_interval_score,2.0036227094651413,1.765136222978655,2.2755918214342525,2000,0.95,125.0,259,True,20,20,20,20,20,1.0,0.0,max_statistic,finite_observed_order_statistic,1
C04,FD002,primary,137,C04_FD002_3bf92063fd99_seed_137,outputs/c04_final_hardened_3bf9206,3bf92063fd99e23b7cbdf6a439a2fc4344807710,e8d53874de3a9e6cee27ea4a366a05be6cfc5d832f3239ee0057100eedd595d8,cc4a3cc30f6d650947506e58ecac4d9092453206e15a4303fafc5e639a0b9f83,2ddf7b2703b6fe12d76a1ca1875d3f0ce10bd79e40d1e26ce1e6f010b96d0675,ridge,0.1,coverage,0.32432432432432434,0.2625482625482625,0.38223938223938225,2000,0.95,125.0,259,True,20,19,19,19,19,1.0,0.0,interior,finite_observed_order_statistic,1
C04,FD002,primary,137,C04_FD002_3bf92063fd99_seed_137,outputs/c04_final_hardened_3bf9206,3bf92063fd99e23b7cbdf6a439a2fc4344807710,e8d53874de3a9e6cee27ea4a366a05be6cfc5d832f3239ee0057100eedd595d8,cc4a3cc30f6d650947506e58ecac4d9092453206e15a4303fafc5e639a0b9f83,2ddf7b2703b6fe12d76a1ca1875d3f0ce10bd79e40d1e26ce1e6f010b96d0675,ridge,0.1,mean_width,73.72832414695218,73.72832414695218,73.72832414695218,2000,0.95,125.0,259,True,20,19,19,19,19,1.0,0.0,interior,finite_observed_order_statistic,1
C04,FD002,primary,137,C04_FD002_3bf92063fd99_seed_137,outputs/c04_final_hardened_3bf9206,3bf92063fd99e23b7cbdf6a439a2fc4344807710,e8d53874de3a9e6cee27ea4a366a05be6cfc5d832f3239ee0057100eedd595d8,cc4a3cc30f6d650947506e58ecac4d9092453206e15a4303fafc5e639a0b9f83,2ddf7b2703b6fe12d76a1ca1875d3f0ce10bd79e40d1e26ce1e6f010b96d0675,ridge,0.1,normalized_interval_score,6.454704824614496,5.798110230617761,7.105910795074388,2000,0.95,125.0,259,True,20,19,19,19,19,1.0,0.0,interior,finite_observed_order_statistic,1
C04,FD002,primary,137,C04_FD002_3bf92063fd99_seed_137,outputs/c04_final_hardened_3bf9206,3bf92063fd99e23b7cbdf6a439a2fc4344807710,e8d53874de3a9e6cee27ea4a366a05be6cfc5d832f3239ee0057100eedd595d8,cc4a3cc30f6d650947506e58ecac4d9092453206e15a4303fafc5e639a0b9f83,2ddf7b2703b6fe12d76a1ca1875d3f0ce10bd79e40d1e26ce1e6f010b96d0675,ridge,0.05,coverage,0.3474903474903475,0.28957528957528955,0.40540540540540543,2000,0.95,125.0,259,True,20,20,20,20,20,1.0,0.0,max_statistic,finite_observed_order_statistic,1
C04,FD002,primary,137,C04_FD002_3bf92063fd99_seed_137,outputs/c04_final_hardened_3bf9206,3bf92063fd99e23b7cbdf6a439a2fc4344807710,e8d53874de3a9e6cee27ea4a366a05be6cfc5d832f3239ee0057100eedd595d8,cc4a3cc30f6d650947506e58ecac4d9092453206e15a4303fafc5e639a0b9f83,2ddf7b2703b6fe12d76a1ca1875d3f0ce10bd79e40d1e26ce1e6f010b96d0675,ridge,0.05,mean_width,78.3682450272872,78.3682450272872,78.3682450272872,2000,0.95,125.0,259,True,20,20,20,20,20,1.0,0.0,max_statistic,finite_observed_order_statistic,1
C04,FD002,primary,137,C04_FD002_3bf92063fd99_seed_137,outputs/c04_final_hardened_3bf9206,3bf92063fd99e23b7cbdf6a439a2fc4344807710,e8d53874de3a9e6cee27ea4a366a05be6cfc5d832f3239ee0057100eedd595d8,cc4a3cc30f6d650947506e58ecac4d9092453206e15a4303fafc5e639a0b9f83,2ddf7b2703b6fe12d76a1ca1875d3f0ce10bd79e40d1e26ce1e6f010b96d0675,ridge,0.05,normalized_interval_score,11.862631884782598,10.57363779692355,13.13802919845908,2000,0.95,125.0,259,True,20,20,20,20,20,1.0,0.0,max_statistic,finite_observed_order_statistic,1
C04,FD002,primary,137,C04_FD002_3bf92063fd99_seed_137,outputs/c04_final_hardened_3bf9206,3bf92063fd99e23b7cbdf6a439a2fc4344807710,e8d53874de3a9e6cee27ea4a366a05be6cfc5d832f3239ee0057100eedd595d8,cc4a3cc30f6d650947506e58ecac4d9092453206e15a4303fafc5e639a0b9f83,2ddf7b2703b6fe12d76a1ca1875d3f0ce10bd79e40d1e26ce1e6f010b96d0675,hist_gradient_boosting,0.1,coverage,0.49034749034749037,0.42857142857142855,0.5521235521235521,2000,0.95,125.0,259,True,20,19,19,19,19,1.0,0.0,interior,finite_observed_order_statistic,1
C04,FD002,primary,137,C04_FD002_3bf92063fd99_seed_137,outputs/c04_final_hardened_3bf9206,3bf92063fd99e23b7cbdf6a439a2fc4344807710,e8d53874de3a9e6cee27ea4a366a05be6cfc5d832f3239ee0057100eedd595d8,cc4a3cc30f6d650947506e58ecac4d9092453206e15a4303fafc5e639a0b9f83,2ddf7b2703b6fe12d76a1ca1875d3f0ce10bd79e40d1e26ce1e6f010b96d0675,hist_gradient_boosting,0.1,mean_width,59.25950915956047,59.25950915956047,59.25950915956047,2000,0.95,125.0,259,True,20,19,19,19,19,1.0,0.0,interior,finite_observed_order_statistic,1
C04,FD002,primary,137,C04_FD002_3bf92063fd99_seed_137,outputs/c04_final_hardened_3bf9206,3bf92063fd99e23b7cbdf6a439a2fc4344807710,e8d53874de3a9e6cee27ea4a366a05be6cfc5d832f3239ee0057100eedd595d8,cc4a3cc30f6d650947506e58ecac4d9092453206e15a4303fafc5e639a0b9f83,2ddf7b2703b6fe12d76a1ca1875d3f0ce10bd79e40d1e26ce1e6f010b96d0675,hist_gradient_boosting,0.1,normalized_interval_score,1.8782628378133446,1.6639769153195842,2.117841815265723,2000,0.95,125.0,259,True,20,19,19,19,19,1.0,0.0,interior,finite_observed_order_statistic,1
C04,FD002,primary,137,C04_FD002_3bf92063fd99_seed_137,outputs/c04_final_hardened_3bf9206,3bf92063fd99e23b7cbdf6a439a2fc4344807710,e8d53874de3a9e6cee27ea4a366a05be6cfc5d832f3239ee0057100eedd595d8,cc4a3cc30f6d650947506e58ecac4d9092453206e15a4303fafc5e639a0b9f83,2ddf7b2703b6fe12d76a1ca1875d3f0ce10bd79e40d1e26ce1e6f010b96d0675,hist_gradient_boosting,0.05,coverage,0.5791505791505791,0.5173745173745173,0.640926640926641,2000,0.95,125.0,259,True,20,20,20,20,20,1.0,0.0,max_statistic,finite_observed_order_statistic,1
C04,FD002,primary,137,C04_FD002_3bf92063fd99_seed_137,outputs/c04_final_hardened_3bf9206,3bf92063fd99e23b7cbdf6a439a2fc4344807710,e8d53874de3a9e6cee27ea4a366a05be6cfc5d832f3239ee0057100eedd595d8,cc4a3cc30f6d650947506e58ecac4d9092453206e15a4303fafc5e639a0b9f83,2ddf7b2703b6fe12d76a1ca1875d3f0ce10bd79e40d1e26ce1e6f010b96d0675,hist_gradient_boosting,0.05,mean_width,68.16806865763319,68.16806865763319,68.16806865763319,2000,0.95,125.0,259,True,20,20,20,20,20,1.0,0.0,max_statistic,finite_observed_order_statistic,1
C04,FD002,primary,137,C04_FD002_3bf92063fd99_seed_137,outputs/c04_final_hardened_3bf9206,3bf92063fd99e23b7cbdf6a439a2fc4344807710,e8d53874de3a9e6cee27ea4a366a05be6cfc5d832f3239ee0057100eedd595d8,cc4a3cc30f6d650947506e58ecac4d9092453206e15a4303fafc5e639a0b9f83,2ddf7b2703b6fe12d76a1ca1875d3f0ce10bd79e40d1e26ce1e6f010b96d0675,hist_gradient_boosting,0.05,normalized_interval_score,2.7064442377352256,2.343655113440716,3.124313023620419,2000,0.95,125.0,259,True,20,20,20,20,20,1.0,0.0,max_statistic,finite_observed_order_statistic,1
C04,FD003,primary,13,C04_FD003_3bf92063fd99_seed_13,outputs/c04_final_hardened_3bf9206,3bf92063fd99e23b7cbdf6a439a2fc4344807710,d7d3e5652655a1c0d36eba5dc30edd8c2f893c02e7c6b5263f900f73c5851248,eda2a004a817c4a8371c7691ab01efb12de38ec4fc63b09319de3f7b05fc4ba9,d083da3a553ef3538ec922b91f5ef328f1fcf1f575e9997281ba2380b1e3d1b3,mean,0.1,coverage,0.8,0.7197500000000004,0.88,2000,0.95,125.0,100,True,20,19,19,19,19,1.0,0.0,interior,finite_observed_order_statistic,1
C04,FD003,primary,13,C04_FD003_3bf92063fd99_seed_13,outputs/c04_final_hardened_3bf9206,3bf92063fd99e23b7cbdf6a439a2fc4344807710,d7d3e5652655a1c0d36eba5dc30edd8c2f893c02e7c6b5263f900f73c5851248,eda2a004a817c4a8371c7691ab01efb12de38ec4fc63b09319de3f7b05fc4ba9,d083da3a553ef3538ec922b91f5ef328f1fcf1f575e9997281ba2380b1e3d1b3,mean,0.1,mean_width,110.65491183879088,110.65491183879088,110.65491183879088,2000,0.95,125.0,100,True,20,19,19,19,19,1.0,0.0,interior,finite_observed_order_statistic,1
C04,FD003,primary,13,C04_FD003_3bf92063fd99_seed_13,outputs/c04_final_hardened_3bf9206,3bf92063fd99e23b7cbdf6a439a2fc4344807710,d7d3e5652655a1c0d36eba5dc30edd8c2f893c02e7c6b5263f900f73c5851248,eda2a004a817c4a8371c7691ab01efb12de38ec4fc63b09319de3f7b05fc4ba9,d083da3a553ef3538ec922b91f5ef328f1fcf1f575e9997281ba2380b1e3d1b3,mean,0.1,normalized_interval_score,1.3188392947103273,1.1284392947103272,1.5381192947103277,2000,0.95,125.0,100,True,20,19,19,19,19,1.0,0.0,interior,finite_observed_order_statistic,1
C04,FD003,primary,13,C04_FD003_3bf92063fd99_seed_13,outputs/c04_final_hardened_3bf9206,3bf92063fd99e23b7cbdf6a439a2fc4344807710,d7d3e5652655a1c0d36eba5dc30edd8c2f893c02e7c6b5263f900f73c5851248,eda2a004a817c4a8371c7691ab01efb12de38ec4fc63b09319de3f7b05fc4ba9,d083da3a553ef3538ec922b91f5ef328f1fcf1f575e9997281ba2380b1e3d1b3,mean,0.05,coverage,0.86,0.79,0.92,2000,0.95,125.0,100,True,20,20,20,20,20,1.0,0.0,max_statistic,finite_observed_order_statistic,1
C04,FD003,primary,13,C04_FD003_3bf92063fd99_seed_13,outputs/c04_final_hardened_3bf9206,3bf92063fd99e23b7cbdf6a439a2fc4344807710,d7d3e5652655a1c0d36eba5dc30edd8c2f893c02e7c6b5263f900f73c5851248,eda2a004a817c4a8371c7691ab01efb12de38ec4fc63b09319de3f7b05fc4ba9,d083da3a553ef3538ec922b91f5ef328f1fcf1f575e9997281ba2380b1e3d1b3,mean,0.05,mean_width,126.65491183879088,126.65491183879088,126.65491183879088,2000,0.95,125.0,100,True,20,20,20,20,20,1.0,0.0,max_statistic,finite_observed_order_statistic,1
C04,FD003,primary,13,C04_FD003_3bf92063fd99_seed_13,outputs/c04_final_hardened_3bf9206,3bf92063fd99e23b7cbdf6a439a2fc4344807710,d7d3e5652655a1c0d36eba5dc30edd8c2f893c02e7c6b5263f900f73c5851248,eda2a004a817c4a8371c7691ab01efb12de38ec4fc63b09319de3f7b05fc4ba9,d083da3a553ef3538ec922b91f5ef328f1fcf1f575e9997281ba2380b1e3d1b3,mean,0.05,normalized_interval_score,1.4484392947103275,1.2244392947103273,1.7141192947103276,2000,0.95,125.0,100,True,20,20,20,20,20,1.0,0.0,max_statistic,finite_observed_order_statistic,1
C04,FD003,primary,13,C04_FD003_3bf92063fd99_seed_13,outputs/c04_final_hardened_3bf9206,3bf92063fd99e23b7cbdf6a439a2fc4344807710,d7d3e5652655a1c0d36eba5dc30edd8c2f893c02e7c6b5263f900f73c5851248,eda2a004a817c4a8371c7691ab01efb12de38ec4fc63b09319de3f7b05fc4ba9,d083da3a553ef3538ec922b91f5ef328f1fcf1f575e9997281ba2380b1e3d1b3,ridge,0.1,coverage,0.71,0.62,0.8,2000,0.95,125.0,100,True,20,19,19,19,19,1.0,0.0,interior,finite_observed_order_statistic,1
C04,FD003,primary,13,C04_FD003_3bf92063fd99_seed_13,outputs/c04_final_hardened_3bf9206,3bf92063fd99e23b7cbdf6a439a2fc4344807710,d7d3e5652655a1c0d36eba5dc30edd8c2f893c02e7c6b5263f900f73c5851248,eda2a004a817c4a8371c7691ab01efb12de38ec4fc63b09319de3f7b05fc4ba9,d083da3a553ef3538ec922b91f5ef328f1fcf1f575e9997281ba2380b1e3d1b3,ridge,0.1,mean_width,73.91528697326743,73.91528697326741,73.91528697326743,2000,0.95,125.0,100,True,20,19,19,19,19,1.0,0.0,interior,finite_observed_order_statistic,1
C04,FD003,primary,13,C04_FD003_3bf92063fd99_seed_13,outputs/c04_final_hardened_3bf9206,3bf92063fd99e23b7cbdf6a439a2fc4344807710,d7d3e5652655a1c0d36eba5dc30edd8c2f893c02e7c6b5263f900f73c5851248,eda2a004a817c4a8371c7691ab01efb12de38ec4fc63b09319de3f7b05fc4ba9,d083da3a553ef3538ec922b91f5ef328f1fcf1f575e9997281ba2380b1e3d1b3,ridge,0.1,normalized_interval_score,2.374426883241086,1.6666903162398023,3.1747932043068237,2000,0.95,125.0,100,True,20,19,19,19,19,1.0,0.0,interior,finite_observed_order_statistic,1
C04,FD003,primary,13,C04_FD003_3bf92063fd99_seed_13,outputs/c04_final_hardened_3bf9206,3bf92063fd99e23b7cbdf6a439a2fc4344807710,d7d3e5652655a1c0d36eba5dc30edd8c2f893c02e7c6b5263f900f73c5851248,eda2a004a817c4a8371c7691ab01efb12de38ec4fc63b09319de3f7b05fc4ba9,d083da3a553ef3538ec922b91f5ef328f1fcf1f575e9997281ba2380b1e3d1b3,ridge,0.05,coverage,0.73,0.64,0.82,2000,0.95,125.0,100,True,20,20,20,20,20,1.0,0.0,max_statistic,finite_observed_order_statistic,1
C04,FD003,primary,13,C04_FD003_3bf92063fd99_seed_13,outputs/c04_final_hardened_3bf9206,3bf92063fd99e23b7cbdf6a439a2fc4344807710,d7d3e5652655a1c0d36eba5dc30edd8c2f893c02e7c6b5263f900f73c5851248,eda2a004a817c4a8371c7691ab01efb12de38ec4fc63b09319de3f7b05fc4ba9,d083da3a553ef3538ec922b91f5ef328f1fcf1f575e9997281ba2380b1e3d1b3,ridge,0.05,mean_width,77.85108885138072,77.85108885138072,77.85108885138072,2000,0.95,125.0,100,True,20,20,20,20,20,1.0,0.0,max_statistic,finite_observed_order_statistic,1
C04,FD003,primary,13,C04_FD003_3bf92063fd99_seed_13,outputs/c04_final_hardened_3bf9206,3bf92063fd99e23b7cbdf6a439a2fc4344807710,d7d3e5652655a1c0d36eba5dc30edd8c2f893c02e7c6b5263f900f73c5851248,eda2a004a817c4a8371c7691ab01efb12de38ec4fc63b09319de3f7b05fc4ba9,d083da3a553ef3538ec922b91f5ef328f1fcf1f575e9997281ba2380b1e3d1b3,ridge,0.05,normalized_interval_score,4.015520162900899,2.6326468416948976,5.570967022835571,2000,0.95,125.0,100,True,20,20,20,20,20,1.0,0.0,max_statistic,finite_observed_order_statistic,1
C04,FD003,primary,13,C04_FD003_3bf92063fd99_seed_13,outputs/c04_final_hardened_3bf9206,3bf92063fd99e23b7cbdf6a439a2fc4344807710,d7d3e5652655a1c0d36eba5dc30edd8c2f893c02e7c6b5263f900f73c5851248,eda2a004a817c4a8371c7691ab01efb12de38ec4fc63b09319de3f7b05fc4ba9,d083da3a553ef3538ec922b91f5ef328f1fcf1f575e9997281ba2380b1e3d1b3,hist_gradient_boosting,0.1,coverage,0.91,0.85,0.96,2000,0.95,125.0,100,True,20,19,19,19,19,1.0,0.0,interior,finite_observed_order_statistic,1
C04,FD003,primary,13,C04_FD003_3bf92063fd99_seed_13,outputs/c04_final_hardened_3bf9206,3bf92063fd99e23b7cbdf6a439a2fc4344807710,d7d3e5652655a1c0d36eba5dc30edd8c2f893c02e7c6b5263f900f73c5851248,eda2a004a817c4a8371c7691ab01efb12de38ec4fc63b09319de3f7b05fc4ba9,d083da3a553ef3538ec922b91f5ef328f1fcf1f575e9997281ba2380b1e3d1b3,hist_gradient_boosting,0.1,mean_width,79.68830959567983,79.68830959567983,79.68830959567983,2000,0.95,125.0,100,True,20,19,19,19,19,1.0,0.0,interior,finite_observed_order_statistic,1
C04,FD003,primary,13,C04_FD003_3bf92063fd99_seed_13,outputs/c04_final_hardened_3bf9206,3bf92063fd99e23b7cbdf6a439a2fc4344807710,d7d3e5652655a1c0d36eba5dc30edd8c2f893c02e7c6b5263f900f73c5851248,eda2a004a817c4a8371c7691ab01efb12de38ec4fc63b09319de3f7b05fc4ba9,d083da3a553ef3538ec922b91f5ef328f1fcf1f575e9997281ba2380b1e3d1b3,hist_gradient_boosting,0.1,normalized_interval_score,0.7464283896243319,0.6690006863414757,0.8460450090057411,2000,0.95,125.0,100,True,20,19,19,19,19,1.0,0.0,interior,finite_observed_order_statistic,1
C04,FD003,primary,13,C04_FD003_3bf92063fd99_seed_13,outputs/c04_final_hardened_3bf9206,3bf92063fd99e23b7cbdf6a439a2fc4344807710,d7d3e5652655a1c0d36eba5dc30edd8c2f893c02e7c6b5263f900f73c5851248,eda2a004a817c4a8371c7691ab01efb12de38ec4fc63b09319de3f7b05fc4ba9,d083da3a553ef3538ec922b91f5ef328f1fcf1f575e9997281ba2380b1e3d1b3,hist_gradient_boosting,0.05,coverage,0.93,0.88,0.98,2000,0.95,125.0,100,True,20,20,20,20,20,1.0,0.0,max_statistic,finite_observed_order_statistic,1
C04,FD003,primary,13,C04_FD003_3bf92063fd99_seed_13,outputs/c04_final_hardened_3bf9206,3bf92063fd99e23b7cbdf6a439a2fc4344807710,d7d3e5652655a1c0d36eba5dc30edd8c2f893c02e7c6b5263f900f73c5851248,eda2a004a817c4a8371c7691ab01efb12de38ec4fc63b09319de3f7b05fc4ba9,d083da3a553ef3538ec922b91f5ef328f1fcf1f575e9997281ba2380b1e3d1b3,hist_gradient_boosting,0.05,mean_width,82.05425848498331,82.0542584849833,82.05425848498331,2000,0.95,125.0,100,True,20,20,20,20,20,1.0,0.0,max_statistic,finite_observed_order_statistic,1
C04,FD003,primary,13,C04_FD003_3bf92063fd99_seed_13,outputs/c04_final_hardened_3bf9206,3bf92063fd99e23b7cbdf6a439a2fc4344807710,d7d3e5652655a1c0d36eba5dc30edd8c2f893c02e7c6b5263f900f73c5851248,eda2a004a817c4a8371c7691ab01efb12de38ec4fc63b09319de3f7b05fc4ba9,d083da3a553ef3538ec922b91f5ef328f1fcf1f575e9997281ba2380b1e3d1b3,hist_gradient_boosting,0.05,normalized_interval_score,0.8425875351715887,0.7005818267599611,1.0225813601239995,2000,0.95,125.0,100,True,20,20,20,20,20,1.0,0.0,max_statistic,finite_observed_order_statistic,1
C04,FD003,primary,37,C04_FD003_3bf92063fd99_seed_37,outputs/c04_final_hardened_3bf9206,3bf92063fd99e23b7cbdf6a439a2fc4344807710,c52a53204a7de7c78a8448790722f53ec980c1e4e4fce78c47732a315ea0edc1,2b5c5235b6458f28f000f42263d71511eb065aeb2d3d2aca833f6ffeac40511c,c94992a374183d4462077ac486200913e237c834e76e6e651029b90ef9a94210,mean,0.1,coverage,0.84,0.76,0.91,2000,0.95,125.0,100,True,20,19,19,19,19,1.0,0.0,interior,finite_observed_order_statistic,1
C04,FD003,primary,37,C04_FD003_3bf92063fd99_seed_37,outputs/c04_final_hardened_3bf9206,3bf92063fd99e23b7cbdf6a439a2fc4344807710,c52a53204a7de7c78a8448790722f53ec980c1e4e4fce78c47732a315ea0edc1,2b5c5235b6458f28f000f42263d71511eb065aeb2d3d2aca833f6ffeac40511c,c94992a374183d4462077ac486200913e237c834e76e6e651029b90ef9a94210,mean,0.1,mean_width,122.96426869938068,122.96426869938068,122.96426869938068,2000,0.95,125.0,100,True,20,19,19,19,19,1.0,0.0,interior,finite_observed_order_statistic,1
C04,FD003,primary,37,C04_FD003_3bf92063fd99_seed_37,outputs/c04_final_hardened_3bf9206,3bf92063fd99e23b7cbdf6a439a2fc4344807710,c52a53204a7de7c78a8448790722f53ec980c1e4e4fce78c47732a315ea0edc1,2b5c5235b6458f28f000f42263d71511eb065aeb2d3d2aca833f6ffeac40511c,c94992a374183d4462077ac486200913e237c834e76e6e651029b90ef9a94210,mean,0.1,normalized_interval_score,1.2989141495950456,1.1453141495950456,1.4605541495950447,2000,0.95,125.0,100,True,20,19,19,19,19,1.0,0.0,interior,finite_observed_order_statistic,1
C04,FD003,primary,37,C04_FD003_3bf92063fd99_seed_37,outputs/c04_final_hardened_3bf9206,3bf92063fd99e23b7cbdf6a439a2fc4344807710,c52a53204a7de7c78a8448790722f53ec980c1e4e4fce78c47732a315ea0edc1,2b5c5235b6458f28f000f42263d71511eb065aeb2d3d2aca833f6ffeac40511c,c94992a374183d4462077ac486200913e237c834e76e6e651029b90ef9a94210,mean,0.05,coverage,0.85,0.78,0.91,2000,0.95,125.0,100,True,20,20,20,20,20,1.0,0.0,max_statistic,finite_observed_order_statistic,1
C04,FD003,primary,37,C04_FD003_3bf92063fd99_seed_37,outputs/c04_final_hardened_3bf9206,3bf92063fd99e23b7cbdf6a439a2fc4344807710,c52a53204a7de7c78a8448790722f53ec980c1e4e4fce78c47732a315ea0edc1,2b5c5235b6458f28f000f42263d71511eb065aeb2d3d2aca833f6ffeac40511c,c94992a374183d4462077ac486200913e237c834e76e6e651029b90ef9a94210,mean,0.05,mean_width,126.96426869938068,126.96426869938068,126.96426869938068,2000,0.95,125.0,100,True,20,20,20,20,20,1.0,0.0,max_statistic,finite_observed_order_statistic,1
C04,FD003,primary,37,C04_FD003_3bf92063fd99_seed_37,outputs/c04_final_hardened_3bf9206,3bf92063fd99e23b7cbdf6a439a2fc4344807710,c52a53204a7de7c78a8448790722f53ec980c1e4e4fce78c47732a315ea0edc1,2b5c5235b6458f28f000f42263d71511eb065aeb2d3d2aca833f6ffeac40511c,c94992a374183d4462077ac486200913e237c834e76e6e651029b90ef9a94210,mean,0.05,normalized_interval_score,1.5469141495950451,1.2844341495950458,1.8285941495950446,2000,0.95,125.0,100,True,20,20,20,20,20,1.0,0.0,max_statistic,finite_observed_order_statistic,1
C04,FD003,primary,37,C04_FD003_3bf92063fd99_seed_37,outputs/c04_final_hardened_3bf9206,3bf92063fd99e23b7cbdf6a439a2fc4344807710,c52a53204a7de7c78a8448790722f53ec980c1e4e4fce78c47732a315ea0edc1,2b5c5235b6458f28f000f42263d71511eb065aeb2d3d2aca833f6ffeac40511c,c94992a374183d4462077ac486200913e237c834e76e6e651029b90ef9a94210,ridge,0.1,coverage,0.68,0.59,0.77,2000,0.95,125.0,100,True,20,19,19,19,19,1.0,0.0,interior,finite_observed_order_statistic,1
C04,FD003,primary,37,C04_FD003_3bf92063fd99_seed_37,outputs/c04_final_hardened_3bf9206,3bf92063fd99e23b7cbdf6a439a2fc4344807710,c52a53204a7de7c78a8448790722f53ec980c1e4e4fce78c47732a315ea0edc1,2b5c5235b6458f28f000f42263d71511eb065aeb2d3d2aca833f6ffeac40511c,c94992a374183d4462077ac486200913e237c834e76e6e651029b90ef9a94210,ridge,0.1,mean_width,73.07232912978932,73.07232912978932,73.07232912978934,2000,0.95,125.0,100,True,20,19,19,19,19,1.0,0.0,interior,finite_observed_order_statistic,1
C04,FD003,primary,37,C04_FD003_3bf92063fd99_seed_37,outputs/c04_final_hardened_3bf9206,3bf92063fd99e23b7cbdf6a439a2fc4344807710,c52a53204a7de7c78a8448790722f53ec980c1e4e4fce78c47732a315ea0edc1,2b5c5235b6458f28f000f42263d71511eb065aeb2d3d2aca833f6ffeac40511c,c94992a374183d4462077ac486200913e237c834e76e6e651029b90ef9a94210,ridge,0.1,normalized_interval_score,2.48905939969842,1.7584435854296505,3.298444447307827,2000,0.95,125.0,100,True,20,19,19,19,19,1.0,0.0,interior,finite_observed_order_statistic,1
C04,FD003,primary,37,C04_FD003_3bf92063fd99_seed_37,outputs/c04_final_hardened_3bf9206,3bf92063fd99e23b7cbdf6a439a2fc4344807710,c52a53204a7de7c78a8448790722f53ec980c1e4e4fce78c47732a315ea0edc1,2b5c5235b6458f28f000f42263d71511eb065aeb2d3d2aca833f6ffeac40511c,c94992a374183d4462077ac486200913e237c834e76e6e651029b90ef9a94210,ridge,0.05,coverage,0.68,0.59,0.77,2000,0.95,125.0,100,True,20,20,20,20,20,1.0,0.0,max_statistic,finite_observed_order_statistic,1
C04,FD003,primary,37,C04_FD003_3bf92063fd99_seed_37,outputs/c04_final_hardened_3bf9206,3bf92063fd99e23b7cbdf6a439a2fc4344807710,c52a53204a7de7c78a8448790722f53ec980c1e4e4fce78c47732a315ea0edc1,2b5c5235b6458f28f000f42263d71511eb065aeb2d3d2aca833f6ffeac40511c,c94992a374183d4462077ac486200913e237c834e76e6e651029b90ef9a94210,ridge,0.05,mean_width,73.95922539154499,73.95922539154499,73.959225391545,2000,0.95,125.0,100,True,20,20,20,20,20,1.0,0.0,max_statistic,finite_observed_order_statistic,1
C04,FD003,primary,37,C04_FD003_3bf92063fd99_seed_37,outputs/c04_final_hardened_3bf9206,3bf92063fd99e23b7cbdf6a439a2fc4344807710,c52a53204a7de7c78a8448790722f53ec980c1e4e4fce78c47732a315ea0edc1,2b5c5235b6458f28f000f42263d71511eb065aeb2d3d2aca833f6ffeac40511c,c94992a374183d4462077ac486200913e237c834e76e6e651029b90ef9a94210,ridge,0.05,normalized_interval_score,4.355226247850682,2.9004963186821633,5.971126710760694,2000,0.95,125.0,100,True,20,20,20,20,20,1.0,0.0,max_statistic,finite_observed_order_statistic,1
C04,FD003,primary,37,C04_FD003_3bf92063fd99_seed_37,outputs/c04_final_hardened_3bf9206,3bf92063fd99e23b7cbdf6a439a2fc4344807710,c52a53204a7de7c78a8448790722f53ec980c1e4e4fce78c47732a315ea0edc1,2b5c5235b6458f28f000f42263d71511eb065aeb2d3d2aca833f6ffeac40511c,c94992a374183d4462077ac486200913e237c834e76e6e651029b90ef9a94210,hist_gradient_boosting,0.1,coverage,0.82,0.74,0.89,2000,0.95,125.0,100,True,20,19,19,19,19,1.0,0.0,interior,finite_observed_order_statistic,1
C04,FD003,primary,37,C04_FD003_3bf92063fd99_seed_37,outputs/c04_final_hardened_3bf9206,3bf92063fd99e23b7cbdf6a439a2fc4344807710,c52a53204a7de7c78a8448790722f53ec980c1e4e4fce78c47732a315ea0edc1,2b5c5235b6458f28f000f42263d71511eb065aeb2d3d2aca833f6ffeac40511c,c94992a374183d4462077ac486200913e237c834e76e6e651029b90ef9a94210,hist_gradient_boosting,0.1,mean_width,68.0825716839339,68.0825716839339,68.0825716839339,2000,0.95,125.0,100,True,20,19,19,19,19,1.0,0.0,interior,finite_observed_order_statistic,1
C04,FD003,primary,37,C04_FD003_3bf92063fd99_seed_37,outputs/c04_final_hardened_3bf9206,3bf92063fd99e23b7cbdf6a439a2fc4344807710,c52a53204a7de7c78a8448790722f53ec980c1e4e4fce78c47732a315ea0edc1,2b5c5235b6458f28f000f42263d71511eb065aeb2d3d2aca833f6ffeac40511c,c94992a374183d4462077ac486200913e237c834e76e6e651029b90ef9a94210,hist_gradient_boosting,0.1,normalized_interval_score,0.7218588149469325,0.6230192646689131,0.8363252881508182,2000,0.95,125.0,100,True,20,19,19,19,19,1.0,0.0,interior,finite_observed_order_statistic,1
C04,FD003,primary,37,C04_FD003_3bf92063fd99_seed_37,outputs/c04_final_hardened_3bf9206,3bf92063fd99e23b7cbdf6a439a2fc4344807710,c52a53204a7de7c78a8448790722f53ec980c1e4e4fce78c47732a315ea0edc1,2b5c5235b6458f28f000f42263d71511eb065aeb2d3d2aca833f6ffeac40511c,c94992a374183d4462077ac486200913e237c834e76e6e651029b90ef9a94210,hist_gradient_boosting,0.05,coverage,0.87,0.8,0.93,2000,0.95,125.0,100,True,20,20,20,20,20,1.0,0.0,max_statistic,finite_observed_order_statistic,1
C04,FD003,primary,37,C04_FD003_3bf92063fd99_seed_37,outputs/c04_final_hardened_3bf9206,3bf92063fd99e23b7cbdf6a439a2fc4344807710,c52a53204a7de7c78a8448790722f53ec980c1e4e4fce78c47732a315ea0edc1,2b5c5235b6458f28f000f42263d71511eb065aeb2d3d2aca833f6ffeac40511c,c94992a374183d4462077ac486200913e237c834e76e6e651029b90ef9a94210,hist_gradient_boosting,0.05,mean_width,71.73080476107296,71.73080476107295,71.73080476107296,2000,0.95,125.0,100,True,20,20,20,20,20,1.0,0.0,max_statistic,finite_observed_order_statistic,1
C04,FD003,primary,37,C04_FD003_3bf92063fd99_seed_37,outputs/c04_final_hardened_3bf9206,3bf92063fd99e23b7cbdf6a439a2fc4344807710,c52a53204a7de7c78a8448790722f53ec980c1e4e4fce78c47732a315ea0edc1,2b5c5235b6458f28f000f42263d71511eb065aeb2d3d2aca833f6ffeac40511c,c94992a374183d4462077ac486200913e237c834e76e6e651029b90ef9a94210,hist_gradient_boosting,0.05,normalized_interval_score,0.8426589425227787,0.6741095758488233,1.0416145819336062,2000,0.95,125.0,100,True,20,20,20,20,20,1.0,0.0,max_statistic,finite_observed_order_statistic,1
C04,FD003,primary,73,C04_FD003_3bf92063fd99_seed_73,outputs/c04_final_hardened_3bf9206,3bf92063fd99e23b7cbdf6a439a2fc4344807710,3f09d3d00b4955dc54138f3732d7535701d6d555398521e5c0eaee9557389313,6bde5d574d85f9c7fad6cae8b5a1db1fdc18a546cd023bc8540ae7a47b314560,37211b4a5991690139974d2a0cd8f491c5489e7644bb9836ffc9ddab558ee11d,mean,0.1,coverage,0.84,0.76,0.91,2000,0.95,125.0,100,True,20,19,19,19,19,1.0,0.0,interior,finite_observed_order_statistic,1
C04,FD003,primary,73,C04_FD003_3bf92063fd99_seed_73,outputs/c04_final_hardened_3bf9206,3bf92063fd99e23b7cbdf6a439a2fc4344807710,3f09d3d00b4955dc54138f3732d7535701d6d555398521e5c0eaee9557389313,6bde5d574d85f9c7fad6cae8b5a1db1fdc18a546cd023bc8540ae7a47b314560,37211b4a5991690139974d2a0cd8f491c5489e7644bb9836ffc9ddab558ee11d,mean,0.1,mean_width,121.0831841119974,121.0831841119974,121.0831841119974,2000,0.95,125.0,100,True,20,19,19,19,19,1.0,0.0,interior,finite_observed_order_statistic,1
C04,FD003,primary,73,C04_FD003_3bf92063fd99_seed_73,outputs/c04_final_hardened_3bf9206,3bf92063fd99e23b7cbdf6a439a2fc4344807710,3f09d3d00b4955dc54138f3732d7535701d6d555398521e5c0eaee9557389313,6bde5d574d85f9c7fad6cae8b5a1db1fdc18a546cd023bc8540ae7a47b314560,37211b4a5991690139974d2a0cd8f491c5489e7644bb9836ffc9ddab558ee11d,mean,0.1,normalized_interval_score,1.283865472895979,1.1398654728959792,1.4566654728959794,2000,0.95,125.0,100,True,20,19,19,19,19,1.0,0.0,interior,finite_observed_order_statistic,1
C04,FD003,primary,73,C04_FD003_3bf92063fd99_seed_73,outputs/c04_final_hardened_3bf9206,3bf92063fd99e23b7cbdf6a439a2fc4344807710,3f09d3d00b4955dc54138f3732d7535701d6d555398521e5c0eaee9557389313,6bde5d574d85f9c7fad6cae8b5a1db1fdc18a546cd023bc8540ae7a47b314560,37211b4a5991690139974d2a0cd8f491c5489e7644bb9836ffc9ddab558ee11d,mean,0.05,coverage,0.87,0.8,0.93,2000,0.95,125.0,100,True,20,20,20,20,20,1.0,0.0,max_statistic,finite_observed_order_statistic,1
C04,FD003,primary,73,C04_FD003_3bf92063fd99_seed_73,outputs/c04_final_hardened_3bf9206,3bf92063fd99e23b7cbdf6a439a2fc4344807710,3f09d3d00b4955dc54138f3732d7535701d6d555398521e5c0eaee9557389313,6bde5d574d85f9c7fad6cae8b5a1db1fdc18a546cd023bc8540ae7a47b314560,37211b4a5991690139974d2a0cd8f491c5489e7644bb9836ffc9ddab558ee11d,mean,0.05,mean_width,135.08318411199738,135.08318411199738,135.08318411199738,2000,0.95,125.0,100,True,20,20,20,20,20,1.0,0.0,max_statistic,finite_observed_order_statistic,1
C04,FD003,primary,73,C04_FD003_3bf92063fd99_seed_73,outputs/c04_final_hardened_3bf9206,3bf92063fd99e23b7cbdf6a439a2fc4344807710,3f09d3d00b4955dc54138f3732d7535701d6d555398521e5c0eaee9557389313,6bde5d574d85f9c7fad6cae8b5a1db1fdc18a546cd023bc8540ae7a47b314560,37211b4a5991690139974d2a0cd8f491c5489e7644bb9836ffc9ddab558ee11d,mean,0.05,normalized_interval_score,1.3846654728959789,1.218265472895979,1.5830654728959792,2000,0.95,125.0,100,True,20,20,20,20,20,1.0,0.0,max_statistic,finite_observed_order_statistic,1
C04,FD003,primary,73,C04_FD003_3bf92063fd99_seed_73,outputs/c04_final_hardened_3bf9206,3bf92063fd99e23b7cbdf6a439a2fc4344807710,3f09d3d00b4955dc54138f3732d7535701d6d555398521e5c0eaee9557389313,6bde5d574d85f9c7fad6cae8b5a1db1fdc18a546cd023bc8540ae7a47b314560,37211b4a5991690139974d2a0cd8f491c5489e7644bb9836ffc9ddab558ee11d,ridge,0.1,coverage,0.64,0.55,0.73,2000,0.95,125.0,100,True,20,19,19,19,19,1.0,0.0,interior,finite_observed_order_statistic,1
C04,FD003,primary,73,C04_FD003_3bf92063fd99_seed_73,outputs/c04_final_hardened_3bf9206,3bf92063fd99e23b7cbdf6a439a2fc4344807710,3f09d3d00b4955dc54138f3732d7535701d6d555398521e5c0eaee9557389313,6bde5d574d85f9c7fad6cae8b5a1db1fdc18a546cd023bc8540ae7a47b314560,37211b4a5991690139974d2a0cd8f491c5489e7644bb9836ffc9ddab558ee11d,ridge,0.1,mean_width,63.42192282041391,63.421922820413904,63.42192282041391,2000,0.95,125.0,100,True,20,19,19,19,19,1.0,0.0,interior,finite_observed_order_statistic,1
C04,FD003,primary,73,C04_FD003_3bf92063fd99_seed_73,outputs/c04_final_hardened_3bf9206,3bf92063fd99e23b7cbdf6a439a2fc4344807710,3f09d3d00b4955dc54138f3732d7535701d6d555398521e5c0eaee9557389313,6bde5d574d85f9c7fad6cae8b5a1db1fdc18a546cd023bc8540ae7a47b314560,37211b4a5991690139974d2a0cd8f491c5489e7644bb9836ffc9ddab558ee11d,ridge,0.1,normalized_interval_score,2.8464547475300948,2.0799310937637023,3.72443666443004,2000,0.95,125.0,100,True,20,19,19,19,19,1.0,0.0,interior,finite_observed_order_statistic,1
C04,FD003,primary,73,C04_FD003_3bf92063fd99_seed_73,outputs/c04_final_hardened_3bf9206,3bf92063fd99e23b7cbdf6a439a2fc4344807710,3f09d3d00b4955dc54138f3732d7535701d6d555398521e5c0eaee9557389313,6bde5d574d85f9c7fad6cae8b5a1db1fdc18a546cd023bc8540ae7a47b314560,37211b4a5991690139974d2a0cd8f491c5489e7644bb9836ffc9ddab558ee11d,ridge,0.05,coverage,0.66,0.57,0.75,2000,0.95,125.0,100,True,20,20,20,20,20,1.0,0.0,max_statistic,finite_observed_order_statistic,1
C04,FD003,primary,73,C04_FD003_3bf92063fd99_seed_73,outputs/c04_final_hardened_3bf9206,3bf92063fd99e23b7cbdf6a439a2fc4344807710,3f09d3d00b4955dc54138f3732d7535701d6d555398521e5c0eaee9557389313,6bde5d574d85f9c7fad6cae8b5a1db1fdc18a546cd023bc8540ae7a47b314560,37211b4a5991690139974d2a0cd8f491c5489e7644bb9836ffc9ddab558ee11d,ridge,0.05,mean_width,67.943308082884,67.943308082884,67.943308082884,2000,0.95,125.0,100,True,20,20,20,20,20,1.0,0.0,max_statistic,finite_observed_order_statistic,1
C04,FD003,primary,73,C04_FD003_3bf92063fd99_seed_73,outputs/c04_final_hardened_3bf9206,3bf92063fd99e23b7cbdf6a439a2fc4344807710,3f09d3d00b4955dc54138f3732d7535701d6d555398521e5c0eaee9557389313,6bde5d574d85f9c7fad6cae8b5a1db1fdc18a546cd023bc8540ae7a47b314560,37211b4a5991690139974d2a0cd8f491c5489e7644bb9836ffc9ddab558ee11d,ridge,0.05,normalized_interval_score,4.969119072576306,3.4704538539561334,6.65249744042142,2000,0.95,125.0,100,True,20,20,20,20,20,1.0,0.0,max_statistic,finite_observed_order_statistic,1
C04,FD003,primary,73,C04_FD003_3bf92063fd99_seed_73,outputs/c04_final_hardened_3bf9206,3bf92063fd99e23b7cbdf6a439a2fc4344807710,3f09d3d00b4955dc54138f3732d7535701d6d555398521e5c0eaee9557389313,6bde5d574d85f9c7fad6cae8b5a1db1fdc18a546cd023bc8540ae7a47b314560,37211b4a5991690139974d2a0cd8f491c5489e7644bb9836ffc9ddab558ee11d,hist_gradient_boosting,0.1,coverage,0.83,0.75,0.9,2000,0.95,125.0,100,True,20,19,19,19,19,1.0,0.0,interior,finite_observed_order_statistic,1
C04,FD003,primary,73,C04_FD003_3bf92063fd99_seed_73,outputs/c04_final_hardened_3bf9206,3bf92063fd99e23b7cbdf6a439a2fc4344807710,3f09d3d00b4955dc54138f3732d7535701d6d555398521e5c0eaee9557389313,6bde5d574d85f9c7fad6cae8b5a1db1fdc18a546cd023bc8540ae7a47b314560,37211b4a5991690139974d2a0cd8f491c5489e7644bb9836ffc9ddab558ee11d,hist_gradient_boosting,0.1,mean_width,67.23148014770779,67.23148014770779,67.23148014770779,2000,0.95,125.0,100,True,20,19,19,19,19,1.0,0.0,interior,finite_observed_order_statistic,1
C04,FD003,primary,73,C04_FD003_3bf92063fd99_seed_73,outputs/c04_final_hardened_3bf9206,3bf92063fd99e23b7cbdf6a439a2fc4344807710,3f09d3d00b4955dc54138f3732d7535701d6d555398521e5c0eaee9557389313,6bde5d574d85f9c7fad6cae8b5a1db1fdc18a546cd023bc8540ae7a47b314560,37211b4a5991690139974d2a0cd8f491c5489e7644bb9836ffc9ddab558ee11d,hist_gradient_boosting,0.1,normalized_interval_score,0.7097525522094511,0.6219423147729695,0.8167172555148772,2000,0.95,125.0,100,True,20,19,19,19,19,1.0,0.0,interior,finite_observed_order_statistic,1
C04,FD003,primary,73,C04_FD003_3bf92063fd99_seed_73,outputs/c04_final_hardened_3bf9206,3bf92063fd99e23b7cbdf6a439a2fc4344807710,3f09d3d00b4955dc54138f3732d7535701d6d555398521e5c0eaee9557389313,6bde5d574d85f9c7fad6cae8b5a1db1fdc18a546cd023bc8540ae7a47b314560,37211b4a5991690139974d2a0cd8f491c5489e7644bb9836ffc9ddab558ee11d,hist_gradient_boosting,0.05,coverage,0.98,0.95,1.0,2000,0.95,125.0,100,True,20,20,20,20,20,1.0,0.0,max_statistic,finite_observed_order_statistic,1
C04,FD003,primary,73,C04_FD003_3bf92063fd99_seed_73,outputs/c04_final_hardened_3bf9206,3bf92063fd99e23b7cbdf6a439a2fc4344807710,3f09d3d00b4955dc54138f3732d7535701d6d555398521e5c0eaee9557389313,6bde5d574d85f9c7fad6cae8b5a1db1fdc18a546cd023bc8540ae7a47b314560,37211b4a5991690139974d2a0cd8f491c5489e7644bb9836ffc9ddab558ee11d,hist_gradient_boosting,0.05,mean_width,96.57312661940556,96.57312661940556,96.57312661940556,2000,0.95,125.0,100,True,20,20,20,20,20,1.0,0.0,max_statistic,finite_observed_order_statistic,1
C04,FD003,primary,73,C04_FD003_3bf92063fd99_seed_73,outputs/c04_final_hardened_3bf9206,3bf92063fd99e23b7cbdf6a439a2fc4344807710,3f09d3d00b4955dc54138f3732d7535701d6d555398521e5c0eaee9557389313,6bde5d574d85f9c7fad6cae8b5a1db1fdc18a546cd023bc8540ae7a47b314560,37211b4a5991690139974d2a0cd8f491c5489e7644bb9836ffc9ddab558ee11d,hist_gradient_boosting,0.05,normalized_interval_score,0.7864243227289782,0.7725850129552444,0.8140023440414533,2000,0.95,125.0,100,True,20,20,20,20,20,1.0,0.0,max_statistic,finite_observed_order_statistic,1
C04,FD003,primary,101,C04_FD003_3bf92063fd99_seed_101,outputs/c04_final_hardened_3bf9206,3bf92063fd99e23b7cbdf6a439a2fc4344807710,a280b2375c32fd5e565408e82f529d5f5936d1822d8eebbb74a330fb5d20b0fc,2d5f60577c95db86f59ce6c0a7abdaa20af3e7a9a758ea06f434db730dedc6d4,f3e22720eca0168d56c8b6914d6b2c4655f85c9e5e06641fd8336a18ff9706de,mean,0.1,coverage,0.82,0.74,0.89,2000,0.95,125.0,100,True,20,19,19,19,19,1.0,0.0,interior,finite_observed_order_statistic,1
C04,FD003,primary,101,C04_FD003_3bf92063fd99_seed_101,outputs/c04_final_hardened_3bf9206,3bf92063fd99e23b7cbdf6a439a2fc4344807710,a280b2375c32fd5e565408e82f529d5f5936d1822d8eebbb74a330fb5d20b0fc,2d5f60577c95db86f59ce6c0a7abdaa20af3e7a9a758ea06f434db730dedc6d4,f3e22720eca0168d56c8b6914d6b2c4655f85c9e5e06641fd8336a18ff9706de,mean,0.1,mean_width,117.46938775510208,117.46938775510208,117.46938775510208,2000,0.95,125.0,100,True,20,19,19,19,19,1.0,0.0,interior,finite_observed_order_statistic,1
C04,FD003,primary,101,C04_FD003_3bf92063fd99_seed_101,outputs/c04_final_hardened_3bf9206,3bf92063fd99e23b7cbdf6a439a2fc4344807710,a280b2375c32fd5e565408e82f529d5f5936d1822d8eebbb74a330fb5d20b0fc,2d5f60577c95db86f59ce6c0a7abdaa20af3e7a9a758ea06f434db730dedc6d4,f3e22720eca0168d56c8b6914d6b2c4655f85c9e5e06641fd8336a18ff9706de,mean,0.1,normalized_interval_score,1.3093551020408165,1.1445151020408166,1.499795102040817,2000,0.95,125.0,100,True,20,19,19,19,19,1.0,0.0,interior,finite_observed_order_statistic,1
C04,FD003,primary,101,C04_FD003_3bf92063fd99_seed_101,outputs/c04_final_hardened_3bf9206,3bf92063fd99e23b7cbdf6a439a2fc4344807710,a280b2375c32fd5e565408e82f529d5f5936d1822d8eebbb74a330fb5d20b0fc,2d5f60577c95db86f59ce6c0a7abdaa20af3e7a9a758ea06f434db730dedc6d4,f3e22720eca0168d56c8b6914d6b2c4655f85c9e5e06641fd8336a18ff9706de,mean,0.05,coverage,0.85,0.78,0.91,2000,0.95,125.0,100,True,20,20,20,20,20,1.0,0.0,max_statistic,finite_observed_order_statistic,1
C04,FD003,primary,101,C04_FD003_3bf92063fd99_seed_101,outputs/c04_final_hardened_3bf9206,3bf92063fd99e23b7cbdf6a439a2fc4344807710,a280b2375c32fd5e565408e82f529d5f5936d1822d8eebbb74a330fb5d20b0fc,2d5f60577c95db86f59ce6c0a7abdaa20af3e7a9a758ea06f434db730dedc6d4,f3e22720eca0168d56c8b6914d6b2c4655f85c9e5e06641fd8336a18ff9706de,mean,0.05,mean_width,127.46938775510208,127.46938775510208,127.46938775510208,2000,0.95,125.0,100,True,20,20,20,20,20,1.0,0.0,max_statistic,finite_observed_order_statistic,1
C04,FD003,primary,101,C04_FD003_3bf92063fd99_seed_101,outputs/c04_final_hardened_3bf9206,3bf92063fd99e23b7cbdf6a439a2fc4344807710,a280b2375c32fd5e565408e82f529d5f5936d1822d8eebbb74a330fb5d20b0fc,2d5f60577c95db86f59ce6c0a7abdaa20af3e7a9a758ea06f434db730dedc6d4,f3e22720eca0168d56c8b6914d6b2c4655f85c9e5e06641fd8336a18ff9706de,mean,0.05,normalized_interval_score,1.5029551020408172,1.2724751020408167,1.778155102040817,2000,0.95,125.0,100,True,20,20,20,20,20,1.0,0.0,max_statistic,finite_observed_order_statistic,1
C04,FD003,primary,101,C04_FD003_3bf92063fd99_seed_101,outputs/c04_final_hardened_3bf9206,3bf92063fd99e23b7cbdf6a439a2fc4344807710,a280b2375c32fd5e565408e82f529d5f5936d1822d8eebbb74a330fb5d20b0fc,2d5f60577c95db86f59ce6c0a7abdaa20af3e7a9a758ea06f434db730dedc6d4,f3e22720eca0168d56c8b6914d6b2c4655f85c9e5e06641fd8336a18ff9706de,ridge,0.1,coverage,0.76,0.67,0.84,2000,0.95,125.0,100,True,20,19,19,19,19,1.0,0.0,interior,finite_observed_order_statistic,1
C04,FD003,primary,101,C04_FD003_3bf92063fd99_seed_101,outputs/c04_final_hardened_3bf9206,3bf92063fd99e23b7cbdf6a439a2fc4344807710,a280b2375c32fd5e565408e82f529d5f5936d1822d8eebbb74a330fb5d20b0fc,2d5f60577c95db86f59ce6c0a7abdaa20af3e7a9a758ea06f434db730dedc6d4,f3e22720eca0168d56c8b6914d6b2c4655f85c9e5e06641fd8336a18ff9706de,ridge,0.1,mean_width,99.27901279576177,99.27901279576177,99.27901279576177,2000,0.95,125.0,100,True,20,19,19,19,19,1.0,0.0,interior,finite_observed_order_statistic,1
C04,FD003,primary,101,C04_FD003_3bf92063fd99_seed_101,outputs/c04_final_hardened_3bf9206,3bf92063fd99e23b7cbdf6a439a2fc4344807710,a280b2375c32fd5e565408e82f529d5f5936d1822d8eebbb74a330fb5d20b0fc,2d5f60577c95db86f59ce6c0a7abdaa20af3e7a9a758ea06f434db730dedc6d4,f3e22720eca0168d56c8b6914d6b2c4655f85c9e5e06641fd8336a18ff9706de,ridge,0.1,normalized_interval_score,2.4947828316839216,1.8638518560816306,3.1928180760253704,2000,0.95,125.0,100,True,20,19,19,19,19,1.0,0.0,interior,finite_observed_order_statistic,1
C04,FD003,primary,101,C04_FD003_3bf92063fd99_seed_101,outputs/c04_final_hardened_3bf9206,3bf92063fd99e23b7cbdf6a439a2fc4344807710,a280b2375c32fd5e565408e82f529d5f5936d1822d8eebbb74a330fb5d20b0fc,2d5f60577c95db86f59ce6c0a7abdaa20af3e7a9a758ea06f434db730dedc6d4,f3e22720eca0168d56c8b6914d6b2c4655f85c9e5e06641fd8336a18ff9706de,ridge,0.05,coverage,0.76,0.67,0.84,2000,0.95,125.0,100,True,20,20,20,20,20,1.0,0.0,max_statistic,finite_observed_order_statistic,1
C04,FD003,primary,101,C04_FD003_3bf92063fd99_seed_101,outputs/c04_final_hardened_3bf9206,3bf92063fd99e23b7cbdf6a439a2fc4344807710,a280b2375c32fd5e565408e82f529d5f5936d1822d8eebbb74a330fb5d20b0fc,2d5f60577c95db86f59ce6c0a7abdaa20af3e7a9a758ea06f434db730dedc6d4,f3e22720eca0168d56c8b6914d6b2c4655f85c9e5e06641fd8336a18ff9706de,ridge,0.05,mean_width,102.88065205539169,102.88065205539169,102.88065205539169,2000,0.95,125.0,100,True,20,20,20,20,20,1.0,0.0,max_statistic,finite_observed_order_statistic,1
C04,FD003,primary,101,C04_FD003_3bf92063fd99_seed_101,outputs/c04_final_hardened_3bf9206,3bf92063fd99e23b7cbdf6a439a2fc4344807710,a280b2375c32fd5e565408e82f529d5f5936d1822d8eebbb74a330fb5d20b0fc,2d5f60577c95db86f59ce6c0a7abdaa20af3e7a9a758ea06f434db730dedc6d4,f3e22720eca0168d56c8b6914d6b2c4655f85c9e5e06641fd8336a18ff9706de,ridge,0.05,normalized_interval_score,4.085843727508998,2.8577027437281974,5.431060678531183,2000,0.95,125.0,100,True,20,20,20,20,20,1.0,0.0,max_statistic,finite_observed_order_statistic,1
C04,FD003,primary,101,C04_FD003_3bf92063fd99_seed_101,outputs/c04_final_hardened_3bf9206,3bf92063fd99e23b7cbdf6a439a2fc4344807710,a280b2375c32fd5e565408e82f529d5f5936d1822d8eebbb74a330fb5d20b0fc,2d5f60577c95db86f59ce6c0a7abdaa20af3e7a9a758ea06f434db730dedc6d4,f3e22720eca0168d56c8b6914d6b2c4655f85c9e5e06641fd8336a18ff9706de,hist_gradient_boosting,0.1,coverage,0.89,0.8297500000000004,0.95,2000,0.95,125.0,100,True,20,19,19,19,19,1.0,0.0,interior,finite_observed_order_statistic,1
C04,FD003,primary,101,C04_FD003_3bf92063fd99_seed_101,outputs/c04_final_hardened_3bf9206,3bf92063fd99e23b7cbdf6a439a2fc4344807710,a280b2375c32fd5e565408e82f529d5f5936d1822d8eebbb74a330fb5d20b0fc,2d5f60577c95db86f59ce6c0a7abdaa20af3e7a9a758ea06f434db730dedc6d4,f3e22720eca0168d56c8b6914d6b2c4655f85c9e5e06641fd8336a18ff9706de,hist_gradient_boosting,0.1,mean_width,77.58209534003434,77.58209534003434,77.58209534003434,2000,0.95,125.0,100,True,20,19,19,19,19,1.0,0.0,interior,finite_observed_order_statistic,1
C04,FD003,primary,101,C04_FD003_3bf92063fd99_seed_101,outputs/c04_final_hardened_3bf9206,3bf92063fd99e23b7cbdf6a439a2fc4344807710,a280b2375c32fd5e565408e82f529d5f5936d1822d8eebbb74a330fb5d20b0fc,2d5f60577c95db86f59ce6c0a7abdaa20af3e7a9a758ea06f434db730dedc6d4,f3e22720eca0168d56c8b6914d6b2c4655f85c9e5e06641fd8336a18ff9706de,hist_gradient_boosting,0.1,normalized_interval_score,0.8589681302894534,0.7150790245900537,1.030982337754866,2000,0.95,125.0,100,True,20,19,19,19,19,1.0,0.0,interior,finite_observed_order_statistic,1
C04,FD003,primary,101,C04_FD003_3bf92063fd99_seed_101,outputs/c04_final_hardened_3bf9206,3bf92063fd99e23b7cbdf6a439a2fc4344807710,a280b2375c32fd5e565408e82f529d5f5936d1822d8eebbb74a330fb5d20b0fc,2d5f60577c95db86f59ce6c0a7abdaa20af3e7a9a758ea06f434db730dedc6d4,f3e22720eca0168d56c8b6914d6b2c4655f85c9e5e06641fd8336a18ff9706de,hist_gradient_boosting,0.05,coverage,0.94,0.89,0.98,2000,0.95,125.0,100,True,20,20,20,20,20,1.0,0.0,max_statistic,finite_observed_order_statistic,1
C04,FD003,primary,101,C04_FD003_3bf92063fd99_seed_101,outputs/c04_final_hardened_3bf9206,3bf92063fd99e23b7cbdf6a439a2fc4344807710,a280b2375c32fd5e565408e82f529d5f5936d1822d8eebbb74a330fb5d20b0fc,2d5f60577c95db86f59ce6c0a7abdaa20af3e7a9a758ea06f434db730dedc6d4,f3e22720eca0168d56c8b6914d6b2c4655f85c9e5e06641fd8336a18ff9706de,hist_gradient_boosting,0.05,mean_width,96.5871753101742,96.5871753101742,96.5871753101742,2000,0.95,125.0,100,True,20,20,20,20,20,1.0,0.0,max_statistic,finite_observed_order_statistic,1
C04,FD003,primary,101,C04_FD003_3bf92063fd99_seed_101,outputs/c04_final_hardened_3bf9206,3bf92063fd99e23b7cbdf6a439a2fc4344807710,a280b2375c32fd5e565408e82f529d5f5936d1822d8eebbb74a330fb5d20b0fc,2d5f60577c95db86f59ce6c0a7abdaa20af3e7a9a758ea06f434db730dedc6d4,f3e22720eca0168d56c8b6914d6b2c4655f85c9e5e06641fd8336a18ff9706de,hist_gradient_boosting,0.05,normalized_interval_score,0.9696730613187846,0.8064349343969753,1.1849257962931388,2000,0.95,125.0,100,True,20,20,20,20,20,1.0,0.0,max_statistic,finite_observed_order_statistic,1
C04,FD003,primary,137,C04_FD003_3bf92063fd99_seed_137,outputs/c04_final_hardened_3bf9206,3bf92063fd99e23b7cbdf6a439a2fc4344807710,4cacabac155ff181fe370d1d21b2002654d35ae4852ce36b7d60d51a5c5e6763,b72e0d8dd617fbaf08ebc1888083b935f8b3a3458a3ae33067e4e304878c5c22,8637e9f98b9091da48937bc8e295bfcf79f784c0ca8a6f36f5792e3f070c146c,mean,0.1,coverage,0.8,0.72,0.87,2000,0.95,125.0,100,True,20,19,19,19,19,1.0,0.0,interior,finite_observed_order_statistic,1
C04,FD003,primary,137,C04_FD003_3bf92063fd99_seed_137,outputs/c04_final_hardened_3bf9206,3bf92063fd99e23b7cbdf6a439a2fc4344807710,4cacabac155ff181fe370d1d21b2002654d35ae4852ce36b7d60d51a5c5e6763,b72e0d8dd617fbaf08ebc1888083b935f8b3a3458a3ae33067e4e304878c5c22,8637e9f98b9091da48937bc8e295bfcf79f784c0ca8a6f36f5792e3f070c146c,mean,0.1,mean_width,113.79646802677206,113.79646802677206,113.79646802677206,2000,0.95,125.0,100,True,20,19,19,19,19,1.0,0.0,interior,finite_observed_order_statistic,1
C04,FD003,primary,137,C04_FD003_3bf92063fd99_seed_137,outputs/c04_final_hardened_3bf9206,3bf92063fd99e23b7cbdf6a439a2fc4344807710,4cacabac155ff181fe370d1d21b2002654d35ae4852ce36b7d60d51a5c5e6763,b72e0d8dd617fbaf08ebc1888083b935f8b3a3458a3ae33067e4e304878c5c22,8637e9f98b9091da48937bc8e295bfcf79f784c0ca8a6f36f5792e3f070c146c,mean,0.1,normalized_interval_score,1.3439717442141763,1.1663317442141765,1.558451744214176,2000,0.95,125.0,100,True,20,19,19,19,19,1.0,0.0,interior,finite_observed_order_statistic,1
C04,FD003,primary,137,C04_FD003_3bf92063fd99_seed_137,outputs/c04_final_hardened_3bf9206,3bf92063fd99e23b7cbdf6a439a2fc4344807710,4cacabac155ff181fe370d1d21b2002654d35ae4852ce36b7d60d51a5c5e6763,b72e0d8dd617fbaf08ebc1888083b935f8b3a3458a3ae33067e4e304878c5c22,8637e9f98b9091da48937bc8e295bfcf79f784c0ca8a6f36f5792e3f070c146c,mean,0.05,coverage,0.84,0.77,0.9002499999999987,2000,0.95,125.0,100,True,20,20,20,20,20,1.0,0.0,max_statistic,finite_observed_order_statistic,1
C04,FD003,primary,137,C04_FD003_3bf92063fd99_seed_137,outputs/c04_final_hardened_3bf9206,3bf92063fd99e23b7cbdf6a439a2fc4344807710,4cacabac155ff181fe370d1d21b2002654d35ae4852ce36b7d60d51a5c5e6763,b72e0d8dd617fbaf08ebc1888083b935f8b3a3458a3ae33067e4e304878c5c22,8637e9f98b9091da48937bc8e295bfcf79f784c0ca8a6f36f5792e3f070c146c,mean,0.05,mean_width,119.79646802677206,119.79646802677206,119.79646802677206,2000,0.95,125.0,100,True,20,20,20,20,20,1.0,0.0,max_statistic,finite_observed_order_statistic,1
C04,FD003,primary,137,C04_FD003_3bf92063fd99_seed_137,outputs/c04_final_hardened_3bf9206,3bf92063fd99e23b7cbdf6a439a2fc4344807710,4cacabac155ff181fe370d1d21b2002654d35ae4852ce36b7d60d51a5c5e6763,b72e0d8dd617fbaf08ebc1888083b935f8b3a3458a3ae33067e4e304878c5c22,8637e9f98b9091da48937bc8e295bfcf79f784c0ca8a6f36f5792e3f070c146c,mean,0.05,normalized_interval_score,1.6399717442141764,1.3359717442141763,2.008051744214176,2000,0.95,125.0,100,True,20,20,20,20,20,1.0,0.0,max_statistic,finite_observed_order_statistic,1
C04,FD003,primary,137,C04_FD003_3bf92063fd99_seed_137,outputs/c04_final_hardened_3bf9206,3bf92063fd99e23b7cbdf6a439a2fc4344807710,4cacabac155ff181fe370d1d21b2002654d35ae4852ce36b7d60d51a5c5e6763,b72e0d8dd617fbaf08ebc1888083b935f8b3a3458a3ae33067e4e304878c5c22,8637e9f98b9091da48937bc8e295bfcf79f784c0ca8a6f36f5792e3f070c146c,ridge,0.1,coverage,0.68,0.59,0.77,2000,0.95,125.0,100,True,20,19,19,19,19,1.0,0.0,interior,finite_observed_order_statistic,1
C04,FD003,primary,137,C04_FD003_3bf92063fd99_seed_137,outputs/c04_final_hardened_3bf9206,3bf92063fd99e23b7cbdf6a439a2fc4344807710,4cacabac155ff181fe370d1d21b2002654d35ae4852ce36b7d60d51a5c5e6763,b72e0d8dd617fbaf08ebc1888083b935f8b3a3458a3ae33067e4e304878c5c22,8637e9f98b9091da48937bc8e295bfcf79f784c0ca8a6f36f5792e3f070c146c,ridge,0.1,mean_width,73.72832414695218,73.72832414695218,73.72832414695218,2000,0.95,125.0,100,True,20,19,19,19,19,1.0,0.0,interior,finite_observed_order_statistic,1
C04,FD003,primary,137,C04_FD003_3bf92063fd99_seed_137,outputs/c04_final_hardened_3bf9206,3bf92063fd99e23b7cbdf6a439a2fc4344807710,4cacabac155ff181fe370d1d21b2002654d35ae4852ce36b7d60d51a5c5e6763,b72e0d8dd617fbaf08ebc1888083b935f8b3a3458a3ae33067e4e304878c5c22,8637e9f98b9091da48937bc8e295bfcf79f784c0ca8a6f36f5792e3f070c146c,ridge,0.1,normalized_interval_score,2.5674010107756198,1.8796876302829035,3.4061342431326636,2000,0.95,125.0,100,True,20,19,19,19,19,1.0,0.0,interior,finite_observed_order_statistic,1
C04,FD003,primary,137,C04_FD003_3bf92063fd99_seed_137,outputs/c04_final_hardened_3bf9206,3bf92063fd99e23b7cbdf6a439a2fc4344807710,4cacabac155ff181fe370d1d21b2002654d35ae4852ce36b7d60d51a5c5e6763,b72e0d8dd617fbaf08ebc1888083b935f8b3a3458a3ae33067e4e304878c5c22,8637e9f98b9091da48937bc8e295bfcf79f784c0ca8a6f36f5792e3f070c146c,ridge,0.05,coverage,0.71,0.62,0.79,2000,0.95,125.0,100,True,20,20,20,20,20,1.0,0.0,max_statistic,finite_observed_order_statistic,1
C04,FD003,primary,137,C04_FD003_3bf92063fd99_seed_137,outputs/c04_final_hardened_3bf9206,3bf92063fd99e23b7cbdf6a439a2fc4344807710,4cacabac155ff181fe370d1d21b2002654d35ae4852ce36b7d60d51a5c5e6763,b72e0d8dd617fbaf08ebc1888083b935f8b3a3458a3ae33067e4e304878c5c22,8637e9f98b9091da48937bc8e295bfcf79f784c0ca8a6f36f5792e3f070c146c,ridge,0.05,mean_width,78.36824502728722,78.36824502728722,78.36824502728722,2000,0.95,125.0,100,True,20,20,20,20,20,1.0,0.0,max_statistic,finite_observed_order_statistic,1
C04,FD003,primary,137,C04_FD003_3bf92063fd99_seed_137,outputs/c04_final_hardened_3bf9206,3bf92063fd99e23b7cbdf6a439a2fc4344807710,4cacabac155ff181fe370d1d21b2002654d35ae4852ce36b7d60d51a5c5e6763,b72e0d8dd617fbaf08ebc1888083b935f8b3a3458a3ae33067e4e304878c5c22,8637e9f98b9091da48937bc8e295bfcf79f784c0ca8a6f36f5792e3f070c146c,ridge,0.05,normalized_interval_score,4.359098422476128,3.042355831215696,5.977148315263552,2000,0.95,125.0,100,True,20,20,20,20,20,1.0,0.0,max_statistic,finite_observed_order_statistic,1
C04,FD003,primary,137,C04_FD003_3bf92063fd99_seed_137,outputs/c04_final_hardened_3bf9206,3bf92063fd99e23b7cbdf6a439a2fc4344807710,4cacabac155ff181fe370d1d21b2002654d35ae4852ce36b7d60d51a5c5e6763,b72e0d8dd617fbaf08ebc1888083b935f8b3a3458a3ae33067e4e304878c5c22,8637e9f98b9091da48937bc8e295bfcf79f784c0ca8a6f36f5792e3f070c146c,hist_gradient_boosting,0.1,coverage,0.76,0.68,0.84,2000,0.95,125.0,100,True,20,19,19,19,19,1.0,0.0,interior,finite_observed_order_statistic,1
C04,FD003,primary,137,C04_FD003_3bf92063fd99_seed_137,outputs/c04_final_hardened_3bf9206,3bf92063fd99e23b7cbdf6a439a2fc4344807710,4cacabac155ff181fe370d1d21b2002654d35ae4852ce36b7d60d51a5c5e6763,b72e0d8dd617fbaf08ebc1888083b935f8b3a3458a3ae33067e4e304878c5c22,8637e9f98b9091da48937bc8e295bfcf79f784c0ca8a6f36f5792e3f070c146c,hist_gradient_boosting,0.1,mean_width,59.25950915956047,59.25950915956047,59.25950915956047,2000,0.95,125.0,100,True,20,19,19,19,19,1.0,0.0,interior,finite_observed_order_statistic,1
C04,FD003,primary,137,C04_FD003_3bf92063fd99_seed_137,outputs/c04_final_hardened_3bf9206,3bf92063fd99e23b7cbdf6a439a2fc4344807710,4cacabac155ff181fe370d1d21b2002654d35ae4852ce36b7d60d51a5c5e6763,b72e0d8dd617fbaf08ebc1888083b935f8b3a3458a3ae33067e4e304878c5c22,8637e9f98b9091da48937bc8e295bfcf79f784c0ca8a6f36f5792e3f070c146c,hist_gradient_boosting,0.1,normalized_interval_score,0.9712122402520348,0.7527822549046722,1.2082752437590516,2000,0.95,125.0,100,True,20,19,19,19,19,1.0,0.0,interior,finite_observed_order_statistic,1
C04,FD003,primary,137,C04_FD003_3bf92063fd99_seed_137,outputs/c04_final_hardened_3bf9206,3bf92063fd99e23b7cbdf6a439a2fc4344807710,4cacabac155ff181fe370d1d21b2002654d35ae4852ce36b7d60d51a5c5e6763,b72e0d8dd617fbaf08ebc1888083b935f8b3a3458a3ae33067e4e304878c5c22,8637e9f98b9091da48937bc8e295bfcf79f784c0ca8a6f36f5792e3f070c146c,hist_gradient_boosting,0.05,coverage,0.83,0.75,0.9,2000,0.95,125.0,100,True,20,20,20,20,20,1.0,0.0,max_statistic,finite_observed_order_statistic,1
C04,FD003,primary,137,C04_FD003_3bf92063fd99_seed_137,outputs/c04_final_hardened_3bf9206,3bf92063fd99e23b7cbdf6a439a2fc4344807710,4cacabac155ff181fe370d1d21b2002654d35ae4852ce36b7d60d51a5c5e6763,b72e0d8dd617fbaf08ebc1888083b935f8b3a3458a3ae33067e4e304878c5c22,8637e9f98b9091da48937bc8e295bfcf79f784c0ca8a6f36f5792e3f070c146c,hist_gradient_boosting,0.05,mean_width,68.16806865763317,68.16806865763317,68.16806865763317,2000,0.95,125.0,100,True,20,20,20,20,20,1.0,0.0,max_statistic,finite_observed_order_statistic,1
C04,FD003,primary,137,C04_FD003_3bf92063fd99_seed_137,outputs/c04_final_hardened_3bf9206,3bf92063fd99e23b7cbdf6a439a2fc4344807710,4cacabac155ff181fe370d1d21b2002654d35ae4852ce36b7d60d51a5c5e6763,b72e0d8dd617fbaf08ebc1888083b935f8b3a3458a3ae33067e4e304878c5c22,8637e9f98b9091da48937bc8e295bfcf79f784c0ca8a6f36f5792e3f070c146c,hist_gradient_boosting,0.05,normalized_interval_score,1.2440723061504837,0.901163694489525,1.6390789474141976,2000,0.95,125.0,100,True,20,20,20,20,20,1.0,0.0,max_statistic,finite_observed_order_statistic,1
C04,FD004,primary,13,C04_FD004_3bf92063fd99_seed_13,outputs/c04_final_hardened_3bf9206,3bf92063fd99e23b7cbdf6a439a2fc4344807710,6a49609200cd54bad7502c1381d9721caeb4bfd298c5a7ac2a5effc5165dd643,f74dd1455e4168cb9d65b2aec3ba09090a9a12e4e52a242d90ad2b66ab36ed6a,d9ebc5e62f3a6f37340b41879c14324aeb5dadad83e63844777fbc3c8eea96e6,mean,0.1,coverage,0.7903225806451613,0.7379032258064516,0.8387096774193549,2000,0.95,125.0,248,True,20,19,19,19,19,1.0,0.0,interior,finite_observed_order_statistic,1
C04,FD004,primary,13,C04_FD004_3bf92063fd99_seed_13,outputs/c04_final_hardened_3bf9206,3bf92063fd99e23b7cbdf6a439a2fc4344807710,6a49609200cd54bad7502c1381d9721caeb4bfd298c5a7ac2a5effc5165dd643,f74dd1455e4168cb9d65b2aec3ba09090a9a12e4e52a242d90ad2b66ab36ed6a,d9ebc5e62f3a6f37340b41879c14324aeb5dadad83e63844777fbc3c8eea96e6,mean,0.1,mean_width,110.65491183879092,110.65491183879092,110.65491183879092,2000,0.95,125.0,248,True,20,19,19,19,19,1.0,0.0,interior,finite_observed_order_statistic,1
C04,FD004,primary,13,C04_FD004_3bf92063fd99_seed_13,outputs/c04_final_hardened_3bf9206,3bf92063fd99e23b7cbdf6a439a2fc4344807710,6a49609200cd54bad7502c1381d9721caeb4bfd298c5a7ac2a5effc5165dd643,f74dd1455e4168cb9d65b2aec3ba09090a9a12e4e52a242d90ad2b66ab36ed6a,d9ebc5e62f3a6f37340b41879c14324aeb5dadad83e63844777fbc3c8eea96e6,mean,0.1,normalized_interval_score,1.4084651011619405,1.2735780043877467,1.555561875355489,2000,0.95,125.0,248,True,20,19,19,19,19,1.0,0.0,interior,finite_observed_order_statistic,1
C04,FD004,primary,13,C04_FD004_3bf92063fd99_seed_13,outputs/c04_final_hardened_3bf9206,3bf92063fd99e23b7cbdf6a439a2fc4344807710,6a49609200cd54bad7502c1381d9721caeb4bfd298c5a7ac2a5effc5165dd643,f74dd1455e4168cb9d65b2aec3ba09090a9a12e4e52a242d90ad2b66ab36ed6a,d9ebc5e62f3a6f37340b41879c14324aeb5dadad83e63844777fbc3c8eea96e6,mean,0.05,coverage,0.8387096774193549,0.7903225806451613,0.8830645161290323,2000,0.95,125.0,248,True,20,20,20,20,20,1.0,0.0,max_statistic,finite_observed_order_statistic,1
C04,FD004,primary,13,C04_FD004_3bf92063fd99_seed_13,outputs/c04_final_hardened_3bf9206,3bf92063fd99e23b7cbdf6a439a2fc4344807710,6a49609200cd54bad7502c1381d9721caeb4bfd298c5a7ac2a5effc5165dd643,f74dd1455e4168cb9d65b2aec3ba09090a9a12e4e52a242d90ad2b66ab36ed6a,d9ebc5e62f3a6f37340b41879c14324aeb5dadad83e63844777fbc3c8eea96e6,mean,0.05,mean_width,126.65491183879092,126.65491183879092,126.65491183879092,2000,0.95,125.0,248,True,20,20,20,20,20,1.0,0.0,max_statistic,finite_observed_order_statistic,1
C04,FD004,primary,13,C04_FD004_3bf92063fd99_seed_13,outputs/c04_final_hardened_3bf9206,3bf92063fd99e23b7cbdf6a439a2fc4344807710,6a49609200cd54bad7502c1381d9721caeb4bfd298c5a7ac2a5effc5165dd643,f74dd1455e4168cb9d65b2aec3ba09090a9a12e4e52a242d90ad2b66ab36ed6a,d9ebc5e62f3a6f37340b41879c14324aeb5dadad83e63844777fbc3c8eea96e6,mean,0.05,normalized_interval_score,1.5474328430974245,1.3874328430974245,1.7229812301941982,2000,0.95,125.0,248,True,20,20,20,20,20,1.0,0.0,max_statistic,finite_observed_order_statistic,1
C04,FD004,primary,13,C04_FD004_3bf92063fd99_seed_13,outputs/c04_final_hardened_3bf9206,3bf92063fd99e23b7cbdf6a439a2fc4344807710,6a49609200cd54bad7502c1381d9721caeb4bfd298c5a7ac2a5effc5165dd643,f74dd1455e4168cb9d65b2aec3ba09090a9a12e4e52a242d90ad2b66ab36ed6a,d9ebc5e62f3a6f37340b41879c14324aeb5dadad83e63844777fbc3c8eea96e6,ridge,0.1,coverage,0.3709677419354839,0.31048387096774194,0.4314516129032258,2000,0.95,125.0,248,True,20,19,19,19,19,1.0,0.0,interior,finite_observed_order_statistic,1
C04,FD004,primary,13,C04_FD004_3bf92063fd99_seed_13,outputs/c04_final_hardened_3bf9206,3bf92063fd99e23b7cbdf6a439a2fc4344807710,6a49609200cd54bad7502c1381d9721caeb4bfd298c5a7ac2a5effc5165dd643,f74dd1455e4168cb9d65b2aec3ba09090a9a12e4e52a242d90ad2b66ab36ed6a,d9ebc5e62f3a6f37340b41879c14324aeb5dadad83e63844777fbc3c8eea96e6,ridge,0.1,mean_width,73.91528697326746,73.91528697326746,73.91528697326746,2000,0.95,125.0,248,True,20,19,19,19,19,1.0,0.0,interior,finite_observed_order_statistic,1
C04,FD004,primary,13,C04_FD004_3bf92063fd99_seed_13,outputs/c04_final_hardened_3bf9206,3bf92063fd99e23b7cbdf6a439a2fc4344807710,6a49609200cd54bad7502c1381d9721caeb4bfd298c5a7ac2a5effc5165dd643,f74dd1455e4168cb9d65b2aec3ba09090a9a12e4e52a242d90ad2b66ab36ed6a,d9ebc5e62f3a6f37340b41879c14324aeb5dadad83e63844777fbc3c8eea96e6,ridge,0.1,normalized_interval_score,6.194940112615262,5.482486755057933,6.8642972923578665,2000,0.95,125.0,248,True,20,19,19,19,19,1.0,0.0,interior,finite_observed_order_statistic,1
C04,FD004,primary,13,C04_FD004_3bf92063fd99_seed_13,outputs/c04_final_hardened_3bf9206,3bf92063fd99e23b7cbdf6a439a2fc4344807710,6a49609200cd54bad7502c1381d9721caeb4bfd298c5a7ac2a5effc5165dd643,f74dd1455e4168cb9d65b2aec3ba09090a9a12e4e52a242d90ad2b66ab36ed6a,d9ebc5e62f3a6f37340b41879c14324aeb5dadad83e63844777fbc3c8eea96e6,ridge,0.05,coverage,0.3870967741935484,0.32661290322580644,0.4475806451612903,2000,0.95,125.0,248,True,20,20,20,20,20,1.0,0.0,max_statistic,finite_observed_order_statistic,1
C04,FD004,primary,13,C04_FD004_3bf92063fd99_seed_13,outputs/c04_final_hardened_3bf9206,3bf92063fd99e23b7cbdf6a439a2fc4344807710,6a49609200cd54bad7502c1381d9721caeb4bfd298c5a7ac2a5effc5165dd643,f74dd1455e4168cb9d65b2aec3ba09090a9a12e4e52a242d90ad2b66ab36ed6a,d9ebc5e62f3a6f37340b41879c14324aeb5dadad83e63844777fbc3c8eea96e6,ridge,0.05,mean_width,77.8510888513807,77.8510888513807,77.8510888513807,2000,0.95,125.0,248,True,20,20,20,20,20,1.0,0.0,max_statistic,finite_observed_order_statistic,1
C04,FD004,primary,13,C04_FD004_3bf92063fd99_seed_13,outputs/c04_final_hardened_3bf9206,3bf92063fd99e23b7cbdf6a439a2fc4344807710,6a49609200cd54bad7502c1381d9721caeb4bfd298c5a7ac2a5effc5165dd643,f74dd1455e4168cb9d65b2aec3ba09090a9a12e4e52a242d90ad2b66ab36ed6a,d9ebc5e62f3a6f37340b41879c14324aeb5dadad83e63844777fbc3c8eea96e6,ridge,0.05,normalized_interval_score,11.443863223449842,10.059924568578744,12.745759424408675,2000,0.95,125.0,248,True,20,20,20,20,20,1.0,0.0,max_statistic,finite_observed_order_statistic,1
C04,FD004,primary,13,C04_FD004_3bf92063fd99_seed_13,outputs/c04_final_hardened_3bf9206,3bf92063fd99e23b7cbdf6a439a2fc4344807710,6a49609200cd54bad7502c1381d9721caeb4bfd298c5a7ac2a5effc5165dd643,f74dd1455e4168cb9d65b2aec3ba09090a9a12e4e52a242d90ad2b66ab36ed6a,d9ebc5e62f3a6f37340b41879c14324aeb5dadad83e63844777fbc3c8eea96e6,hist_gradient_boosting,0.1,coverage,0.5967741935483871,0.5362903225806451,0.657258064516129,2000,0.95,125.0,248,True,20,19,19,19,19,1.0,0.0,interior,finite_observed_order_statistic,1
C04,FD004,primary,13,C04_FD004_3bf92063fd99_seed_13,outputs/c04_final_hardened_3bf9206,3bf92063fd99e23b7cbdf6a439a2fc4344807710,6a49609200cd54bad7502c1381d9721caeb4bfd298c5a7ac2a5effc5165dd643,f74dd1455e4168cb9d65b2aec3ba09090a9a12e4e52a242d90ad2b66ab36ed6a,d9ebc5e62f3a6f37340b41879c14324aeb5dadad83e63844777fbc3c8eea96e6,hist_gradient_boosting,0.1,mean_width,79.6883095956798,79.6883095956798,79.6883095956798,2000,0.95,125.0,248,True,20,19,19,19,19,1.0,0.0,interior,finite_observed_order_statistic,1
C04,FD004,primary,13,C04_FD004_3bf92063fd99_seed_13,outputs/c04_final_hardened_3bf9206,3bf92063fd99e23b7cbdf6a439a2fc4344807710,6a49609200cd54bad7502c1381d9721caeb4bfd298c5a7ac2a5effc5165dd643,f74dd1455e4168cb9d65b2aec3ba09090a9a12e4e52a242d90ad2b66ab36ed6a,d9ebc5e62f3a6f37340b41879c14324aeb5dadad83e63844777fbc3c8eea96e6,hist_gradient_boosting,0.1,normalized_interval_score,1.5622591824835583,1.3681717652492615,1.7575786050463782,2000,0.95,125.0,248,True,20,19,19,19,19,1.0,0.0,interior,finite_observed_order_statistic,1
C04,FD004,primary,13,C04_FD004_3bf92063fd99_seed_13,outputs/c04_final_hardened_3bf9206,3bf92063fd99e23b7cbdf6a439a2fc4344807710,6a49609200cd54bad7502c1381d9721caeb4bfd298c5a7ac2a5effc5165dd643,f74dd1455e4168cb9d65b2aec3ba09090a9a12e4e52a242d90ad2b66ab36ed6a,d9ebc5e62f3a6f37340b41879c14324aeb5dadad83e63844777fbc3c8eea96e6,hist_gradient_boosting,0.05,coverage,0.6129032258064516,0.5524193548387096,0.6733870967741935,2000,0.95,125.0,248,True,20,20,20,20,20,1.0,0.0,max_statistic,finite_observed_order_statistic,1
C04,FD004,primary,13,C04_FD004_3bf92063fd99_seed_13,outputs/c04_final_hardened_3bf9206,3bf92063fd99e23b7cbdf6a439a2fc4344807710,6a49609200cd54bad7502c1381d9721caeb4bfd298c5a7ac2a5effc5165dd643,f74dd1455e4168cb9d65b2aec3ba09090a9a12e4e52a242d90ad2b66ab36ed6a,d9ebc5e62f3a6f37340b41879c14324aeb5dadad83e63844777fbc3c8eea96e6,hist_gradient_boosting,0.05,mean_width,82.05425848498331,82.0542584849833,82.05425848498331,2000,0.95,125.0,248,True,20,20,20,20,20,1.0,0.0,max_statistic,finite_observed_order_statistic,1
C04,FD004,primary,13,C04_FD004_3bf92063fd99_seed_13,outputs/c04_final_hardened_3bf9206,3bf92063fd99e23b7cbdf6a439a2fc4344807710,6a49609200cd54bad7502c1381d9721caeb4bfd298c5a7ac2a5effc5165dd643,f74dd1455e4168cb9d65b2aec3ba09090a9a12e4e52a242d90ad2b66ab36ed6a,d9ebc5e62f3a6f37340b41879c14324aeb5dadad83e63844777fbc3c8eea96e6,hist_gradient_boosting,0.05,normalized_interval_score,2.3563942373237987,1.9832888454870554,2.7266903054416916,2000,0.95,125.0,248,True,20,20,20,20,20,1.0,0.0,max_statistic,finite_observed_order_statistic,1
C04,FD004,primary,37,C04_FD004_3bf92063fd99_seed_37,outputs/c04_final_hardened_3bf9206,3bf92063fd99e23b7cbdf6a439a2fc4344807710,288229b7f42eaea4421ebce9b2ffa23fc9550f063e8a22a19ee4326ca1156103,3b06d7b8f396db226bbaeb937391face9ae550a767dbdc431c3ac5aa22335a15,6763f70f0c99047db04bbe0317695a2d0441bd46d28efaf07cbcb182d9a43a51,mean,0.1,coverage,0.7983870967741935,0.7459677419354839,0.8467741935483871,2000,0.95,125.0,248,True,20,19,19,19,19,1.0,0.0,interior,finite_observed_order_statistic,1
C04,FD004,primary,37,C04_FD004_3bf92063fd99_seed_37,outputs/c04_final_hardened_3bf9206,3bf92063fd99e23b7cbdf6a439a2fc4344807710,288229b7f42eaea4421ebce9b2ffa23fc9550f063e8a22a19ee4326ca1156103,3b06d7b8f396db226bbaeb937391face9ae550a767dbdc431c3ac5aa22335a15,6763f70f0c99047db04bbe0317695a2d0441bd46d28efaf07cbcb182d9a43a51,mean,0.1,mean_width,122.96426869938067,122.96426869938067,122.96426869938067,2000,0.95,125.0,248,True,20,19,19,19,19,1.0,0.0,interior,finite_observed_order_statistic,1
C04,FD004,primary,37,C04_FD004_3bf92063fd99_seed_37,outputs/c04_final_hardened_3bf9206,3bf92063fd99e23b7cbdf6a439a2fc4344807710,288229b7f42eaea4421ebce9b2ffa23fc9550f063e8a22a19ee4326ca1156103,3b06d7b8f396db226bbaeb937391face9ae550a767dbdc431c3ac5aa22335a15,6763f70f0c99047db04bbe0317695a2d0441bd46d28efaf07cbcb182d9a43a51,mean,0.1,normalized_interval_score,1.3727464076595615,1.2714399560466583,1.4837464076595612,2000,0.95,125.0,248,True,20,19,19,19,19,1.0,0.0,interior,finite_observed_order_statistic,1
C04,FD004,primary,37,C04_FD004_3bf92063fd99_seed_37,outputs/c04_final_hardened_3bf9206,3bf92063fd99e23b7cbdf6a439a2fc4344807710,288229b7f42eaea4421ebce9b2ffa23fc9550f063e8a22a19ee4326ca1156103,3b06d7b8f396db226bbaeb937391face9ae550a767dbdc431c3ac5aa22335a15,6763f70f0c99047db04bbe0317695a2d0441bd46d28efaf07cbcb182d9a43a51,mean,0.05,coverage,0.8145161290322581,0.7661290322580645,0.8589717741935479,2000,0.95,125.0,248,True,20,20,20,20,20,1.0,0.0,max_statistic,finite_observed_order_statistic,1
C04,FD004,primary,37,C04_FD004_3bf92063fd99_seed_37,outputs/c04_final_hardened_3bf9206,3bf92063fd99e23b7cbdf6a439a2fc4344807710,288229b7f42eaea4421ebce9b2ffa23fc9550f063e8a22a19ee4326ca1156103,3b06d7b8f396db226bbaeb937391face9ae550a767dbdc431c3ac5aa22335a15,6763f70f0c99047db04bbe0317695a2d0441bd46d28efaf07cbcb182d9a43a51,mean,0.05,mean_width,126.96426869938067,126.96426869938067,126.96426869938067,2000,0.95,125.0,248,True,20,20,20,20,20,1.0,0.0,max_statistic,finite_observed_order_statistic,1
C04,FD004,primary,37,C04_FD004_3bf92063fd99_seed_37,outputs/c04_final_hardened_3bf9206,3bf92063fd99e23b7cbdf6a439a2fc4344807710,288229b7f42eaea4421ebce9b2ffa23fc9550f063e8a22a19ee4326ca1156103,3b06d7b8f396db226bbaeb937391face9ae550a767dbdc431c3ac5aa22335a15,6763f70f0c99047db04bbe0317695a2d0441bd46d28efaf07cbcb182d9a43a51,mean,0.05,normalized_interval_score,1.6660367302402066,1.486681891530529,1.860907697982142,2000,0.95,125.0,248,True,20,20,20,20,20,1.0,0.0,max_statistic,finite_observed_order_statistic,1
C04,FD004,primary,37,C04_FD004_3bf92063fd99_seed_37,outputs/c04_final_hardened_3bf9206,3bf92063fd99e23b7cbdf6a439a2fc4344807710,288229b7f42eaea4421ebce9b2ffa23fc9550f063e8a22a19ee4326ca1156103,3b06d7b8f396db226bbaeb937391face9ae550a767dbdc431c3ac5aa22335a15,6763f70f0c99047db04bbe0317695a2d0441bd46d28efaf07cbcb182d9a43a51,ridge,0.1,coverage,0.3467741935483871,0.2903225806451613,0.40725806451612906,2000,0.95,125.0,248,True,20,19,19,19,19,1.0,0.0,interior,finite_observed_order_statistic,1
C04,FD004,primary,37,C04_FD004_3bf92063fd99_seed_37,outputs/c04_final_hardened_3bf9206,3bf92063fd99e23b7cbdf6a439a2fc4344807710,288229b7f42eaea4421ebce9b2ffa23fc9550f063e8a22a19ee4326ca1156103,3b06d7b8f396db226bbaeb937391face9ae550a767dbdc431c3ac5aa22335a15,6763f70f0c99047db04bbe0317695a2d0441bd46d28efaf07cbcb182d9a43a51,ridge,0.1,mean_width,73.07232912978934,73.07232912978934,73.07232912978934,2000,0.95,125.0,248,True,20,19,19,19,19,1.0,0.0,interior,finite_observed_order_statistic,1
C04,FD004,primary,37,C04_FD004_3bf92063fd99_seed_37,outputs/c04_final_hardened_3bf9206,3bf92063fd99e23b7cbdf6a439a2fc4344807710,288229b7f42eaea4421ebce9b2ffa23fc9550f063e8a22a19ee4326ca1156103,3b06d7b8f396db226bbaeb937391face9ae550a767dbdc431c3ac5aa22335a15,6763f70f0c99047db04bbe0317695a2d0441bd46d28efaf07cbcb182d9a43a51,ridge,0.1,normalized_interval_score,6.598218207546098,5.892730922399418,7.265583641972551,2000,0.95,125.0,248,True,20,19,19,19,19,1.0,0.0,interior,finite_observed_order_statistic,1
C04,FD004,primary,37,C04_FD004_3bf92063fd99_seed_37,outputs/c04_final_hardened_3bf9206,3bf92063fd99e23b7cbdf6a439a2fc4344807710,288229b7f42eaea4421ebce9b2ffa23fc9550f063e8a22a19ee4326ca1156103,3b06d7b8f396db226bbaeb937391face9ae550a767dbdc431c3ac5aa22335a15,6763f70f0c99047db04bbe0317695a2d0441bd46d28efaf07cbcb182d9a43a51,ridge,0.05,coverage,0.3467741935483871,0.2903225806451613,0.40725806451612906,2000,0.95,125.0,248,True,20,20,20,20,20,1.0,0.0,max_statistic,finite_observed_order_statistic,1
C04,FD004,primary,37,C04_FD004_3bf92063fd99_seed_37,outputs/c04_final_hardened_3bf9206,3bf92063fd99e23b7cbdf6a439a2fc4344807710,288229b7f42eaea4421ebce9b2ffa23fc9550f063e8a22a19ee4326ca1156103,3b06d7b8f396db226bbaeb937391face9ae550a767dbdc431c3ac5aa22335a15,6763f70f0c99047db04bbe0317695a2d0441bd46d28efaf07cbcb182d9a43a51,ridge,0.05,mean_width,73.95922539154499,73.95922539154499,73.95922539154499,2000,0.95,125.0,248,True,20,20,20,20,20,1.0,0.0,max_statistic,finite_observed_order_statistic,1
C04,FD004,primary,37,C04_FD004_3bf92063fd99_seed_37,outputs/c04_final_hardened_3bf9206,3bf92063fd99e23b7cbdf6a439a2fc4344807710,288229b7f42eaea4421ebce9b2ffa23fc9550f063e8a22a19ee4326ca1156103,3b06d7b8f396db226bbaeb937391face9ae550a767dbdc431c3ac5aa22335a15,6763f70f0c99047db04bbe0317695a2d0441bd46d28efaf07cbcb182d9a43a51,ridge,0.05,normalized_interval_score,12.526257988016047,11.123308398413734,13.856897690242143,2000,0.95,125.0,248,True,20,20,20,20,20,1.0,0.0,max_statistic,finite_observed_order_statistic,1
C04,FD004,primary,37,C04_FD004_3bf92063fd99_seed_37,outputs/c04_final_hardened_3bf9206,3bf92063fd99e23b7cbdf6a439a2fc4344807710,288229b7f42eaea4421ebce9b2ffa23fc9550f063e8a22a19ee4326ca1156103,3b06d7b8f396db226bbaeb937391face9ae550a767dbdc431c3ac5aa22335a15,6763f70f0c99047db04bbe0317695a2d0441bd46d28efaf07cbcb182d9a43a51,hist_gradient_boosting,0.1,coverage,0.5362903225806451,0.4717741935483871,0.5967741935483871,2000,0.95,125.0,248,True,20,19,19,19,19,1.0,0.0,interior,finite_observed_order_statistic,1
C04,FD004,primary,37,C04_FD004_3bf92063fd99_seed_37,outputs/c04_final_hardened_3bf9206,3bf92063fd99e23b7cbdf6a439a2fc4344807710,288229b7f42eaea4421ebce9b2ffa23fc9550f063e8a22a19ee4326ca1156103,3b06d7b8f396db226bbaeb937391face9ae550a767dbdc431c3ac5aa22335a15,6763f70f0c99047db04bbe0317695a2d0441bd46d28efaf07cbcb182d9a43a51,hist_gradient_boosting,0.1,mean_width,68.08257168393392,68.08257168393392,68.08257168393392,2000,0.95,125.0,248,True,20,19,19,19,19,1.0,0.0,interior,finite_observed_order_statistic,1
C04,FD004,primary,37,C04_FD004_3bf92063fd99_seed_37,outputs/c04_final_hardened_3bf9206,3bf92063fd99e23b7cbdf6a439a2fc4344807710,288229b7f42eaea4421ebce9b2ffa23fc9550f063e8a22a19ee4326ca1156103,3b06d7b8f396db226bbaeb937391face9ae550a767dbdc431c3ac5aa22335a15,6763f70f0c99047db04bbe0317695a2d0441bd46d28efaf07cbcb182d9a43a51,hist_gradient_boosting,0.1,normalized_interval_score,1.6776893598175104,1.4903744914840653,1.870941988151335,2000,0.95,125.0,248,True,20,19,19,19,19,1.0,0.0,interior,finite_observed_order_statistic,1
C04,FD004,primary,37,C04_FD004_3bf92063fd99_seed_37,outputs/c04_final_hardened_3bf9206,3bf92063fd99e23b7cbdf6a439a2fc4344807710,288229b7f42eaea4421ebce9b2ffa23fc9550f063e8a22a19ee4326ca1156103,3b06d7b8f396db226bbaeb937391face9ae550a767dbdc431c3ac5aa22335a15,6763f70f0c99047db04bbe0317695a2d0441bd46d28efaf07cbcb182d9a43a51,hist_gradient_boosting,0.05,coverage,0.5604838709677419,0.5,0.6209677419354839,2000,0.95,125.0,248,True,20,20,20,20,20,1.0,0.0,max_statistic,finite_observed_order_statistic,1
C04,FD004,primary,37,C04_FD004_3bf92063fd99_seed_37,outputs/c04_final_hardened_3bf9206,3bf92063fd99e23b7cbdf6a439a2fc4344807710,288229b7f42eaea4421ebce9b2ffa23fc9550f063e8a22a19ee4326ca1156103,3b06d7b8f396db226bbaeb937391face9ae550a767dbdc431c3ac5aa22335a15,6763f70f0c99047db04bbe0317695a2d0441bd46d28efaf07cbcb182d9a43a51,hist_gradient_boosting,0.05,mean_width,71.73080476107296,71.73080476107296,71.73080476107296,2000,0.95,125.0,248,True,20,20,20,20,20,1.0,0.0,max_statistic,finite_observed_order_statistic,1
C04,FD004,primary,37,C04_FD004_3bf92063fd99_seed_37,outputs/c04_final_hardened_3bf9206,3bf92063fd99e23b7cbdf6a439a2fc4344807710,288229b7f42eaea4421ebce9b2ffa23fc9550f063e8a22a19ee4326ca1156103,3b06d7b8f396db226bbaeb937391face9ae550a767dbdc431c3ac5aa22335a15,6763f70f0c99047db04bbe0317695a2d0441bd46d28efaf07cbcb182d9a43a51,hist_gradient_boosting,0.05,normalized_interval_score,2.5767815185784704,2.231198562123269,2.9282418767002865,2000,0.95,125.0,248,True,20,20,20,20,20,1.0,0.0,max_statistic,finite_observed_order_statistic,1
C04,FD004,primary,73,C04_FD004_3bf92063fd99_seed_73,outputs/c04_final_hardened_3bf9206,3bf92063fd99e23b7cbdf6a439a2fc4344807710,8b2ff1aaee617177379692a16091dd8e45246fc2aabdfb843bc007d3c9ec7da9,e365b95e1213fe66b2343373d2900bde7841008999b803aa956422eeae2ed976,6f755be663b27d45ae7cba285979a3e6712f994bd34fc92de183e2ad80dceed0,mean,0.1,coverage,0.7983870967741935,0.7459677419354839,0.8467741935483871,2000,0.95,125.0,248,True,20,19,19,19,19,1.0,0.0,interior,finite_observed_order_statistic,1
C04,FD004,primary,73,C04_FD004_3bf92063fd99_seed_73,outputs/c04_final_hardened_3bf9206,3bf92063fd99e23b7cbdf6a439a2fc4344807710,8b2ff1aaee617177379692a16091dd8e45246fc2aabdfb843bc007d3c9ec7da9,e365b95e1213fe66b2343373d2900bde7841008999b803aa956422eeae2ed976,6f755be663b27d45ae7cba285979a3e6712f994bd34fc92de183e2ad80dceed0,mean,0.1,mean_width,121.08318411199737,121.08318411199737,121.08318411199737,2000,0.95,125.0,248,True,20,19,19,19,19,1.0,0.0,interior,finite_observed_order_statistic,1
C04,FD004,primary,73,C04_FD004_3bf92063fd99_seed_73,outputs/c04_final_hardened_3bf9206,3bf92063fd99e23b7cbdf6a439a2fc4344807710,8b2ff1aaee617177379692a16091dd8e45246fc2aabdfb843bc007d3c9ec7da9,e365b95e1213fe66b2343373d2900bde7841008999b803aa956422eeae2ed976,6f755be663b27d45ae7cba285979a3e6712f994bd34fc92de183e2ad80dceed0,mean,0.1,normalized_interval_score,1.3576977309604952,1.250600956766947,1.4648106341863016,2000,0.95,125.0,248,True,20,19,19,19,19,1.0,0.0,interior,finite_observed_order_statistic,1
C04,FD004,primary,73,C04_FD004_3bf92063fd99_seed_73,outputs/c04_final_hardened_3bf9206,3bf92063fd99e23b7cbdf6a439a2fc4344807710,8b2ff1aaee617177379692a16091dd8e45246fc2aabdfb843bc007d3c9ec7da9,e365b95e1213fe66b2343373d2900bde7841008999b803aa956422eeae2ed976,6f755be663b27d45ae7cba285979a3e6712f994bd34fc92de183e2ad80dceed0,mean,0.05,coverage,0.8387096774193549,0.7943548387096774,0.8830645161290323,2000,0.95,125.0,248,True,20,20,20,20,20,1.0,0.0,max_statistic,finite_observed_order_statistic,1
C04,FD004,primary,73,C04_FD004_3bf92063fd99_seed_73,outputs/c04_final_hardened_3bf9206,3bf92063fd99e23b7cbdf6a439a2fc4344807710,8b2ff1aaee617177379692a16091dd8e45246fc2aabdfb843bc007d3c9ec7da9,e365b95e1213fe66b2343373d2900bde7841008999b803aa956422eeae2ed976,6f755be663b27d45ae7cba285979a3e6712f994bd34fc92de183e2ad80dceed0,mean,0.05,mean_width,135.08318411199733,135.08318411199733,135.08318411199733,2000,0.95,125.0,248,True,20,20,20,20,20,1.0,0.0,max_statistic,finite_observed_order_statistic,1
C04,FD004,primary,73,C04_FD004_3bf92063fd99_seed_73,outputs/c04_final_hardened_3bf9206,3bf92063fd99e23b7cbdf6a439a2fc4344807710,8b2ff1aaee617177379692a16091dd8e45246fc2aabdfb843bc007d3c9ec7da9,e365b95e1213fe66b2343373d2900bde7841008999b803aa956422eeae2ed976,6f755be663b27d45ae7cba285979a3e6712f994bd34fc92de183e2ad80dceed0,mean,0.05,normalized_interval_score,1.4600203116056567,1.3464719245088825,1.5813106341863017,2000,0.95,125.0,248,True,20,20,20,20,20,1.0,0.0,max_statistic,finite_observed_order_statistic,1
C04,FD004,primary,73,C04_FD004_3bf92063fd99_seed_73,outputs/c04_final_hardened_3bf9206,3bf92063fd99e23b7cbdf6a439a2fc4344807710,8b2ff1aaee617177379692a16091dd8e45246fc2aabdfb843bc007d3c9ec7da9,e365b95e1213fe66b2343373d2900bde7841008999b803aa956422eeae2ed976,6f755be663b27d45ae7cba285979a3e6712f994bd34fc92de183e2ad80dceed0,ridge,0.1,coverage,0.33064516129032256,0.27419354838709675,0.3911290322580645,2000,0.95,125.0,248,True,20,19,19,19,19,1.0,0.0,interior,finite_observed_order_statistic,1
C04,FD004,primary,73,C04_FD004_3bf92063fd99_seed_73,outputs/c04_final_hardened_3bf9206,3bf92063fd99e23b7cbdf6a439a2fc4344807710,8b2ff1aaee617177379692a16091dd8e45246fc2aabdfb843bc007d3c9ec7da9,e365b95e1213fe66b2343373d2900bde7841008999b803aa956422eeae2ed976,6f755be663b27d45ae7cba285979a3e6712f994bd34fc92de183e2ad80dceed0,ridge,0.1,mean_width,63.421922820413904,63.421922820413904,63.421922820413904,2000,0.95,125.0,248,True,20,19,19,19,19,1.0,0.0,interior,finite_observed_order_statistic,1
C04,FD004,primary,73,C04_FD004_3bf92063fd99_seed_73,outputs/c04_final_hardened_3bf9206,3bf92063fd99e23b7cbdf6a439a2fc4344807710,8b2ff1aaee617177379692a16091dd8e45246fc2aabdfb843bc007d3c9ec7da9,e365b95e1213fe66b2343373d2900bde7841008999b803aa956422eeae2ed976,6f755be663b27d45ae7cba285979a3e6712f994bd34fc92de183e2ad80dceed0,ridge,0.1,normalized_interval_score,6.813814354115341,6.068003754075511,7.544077416433719,2000,0.95,125.0,248,True,20,19,19,19,19,1.0,0.0,interior,finite_observed_order_statistic,1
C04,FD004,primary,73,C04_FD004_3bf92063fd99_seed_73,outputs/c04_final_hardened_3bf9206,3bf92063fd99e23b7cbdf6a439a2fc4344807710,8b2ff1aaee617177379692a16091dd8e45246fc2aabdfb843bc007d3c9ec7da9,e365b95e1213fe66b2343373d2900bde7841008999b803aa956422eeae2ed976,6f755be663b27d45ae7cba285979a3e6712f994bd34fc92de183e2ad80dceed0,ridge,0.05,coverage,0.3467741935483871,0.2903225806451613,0.40725806451612906,2000,0.95,125.0,248,True,20,20,20,20,20,1.0,0.0,max_statistic,finite_observed_order_statistic,1
C04,FD004,primary,73,C04_FD004_3bf92063fd99_seed_73,outputs/c04_final_hardened_3bf9206,3bf92063fd99e23b7cbdf6a439a2fc4344807710,8b2ff1aaee617177379692a16091dd8e45246fc2aabdfb843bc007d3c9ec7da9,e365b95e1213fe66b2343373d2900bde7841008999b803aa956422eeae2ed976,6f755be663b27d45ae7cba285979a3e6712f994bd34fc92de183e2ad80dceed0,ridge,0.05,mean_width,67.94330808288399,67.94330808288399,67.94330808288399,2000,0.95,125.0,248,True,20,20,20,20,20,1.0,0.0,max_statistic,finite_observed_order_statistic,1
C04,FD004,primary,73,C04_FD004_3bf92063fd99_seed_73,outputs/c04_final_hardened_3bf9206,3bf92063fd99e23b7cbdf6a439a2fc4344807710,8b2ff1aaee617177379692a16091dd8e45246fc2aabdfb843bc007d3c9ec7da9,e365b95e1213fe66b2343373d2900bde7841008999b803aa956422eeae2ed976,6f755be663b27d45ae7cba285979a3e6712f994bd34fc92de183e2ad80dceed0,ridge,0.05,normalized_interval_score,12.677213619871324,11.227636133330968,14.122177496531936,2000,0.95,125.0,248,True,20,20,20,20,20,1.0,0.0,max_statistic,finite_observed_order_statistic,1
C04,FD004,primary,73,C04_FD004_3bf92063fd99_seed_73,outputs/c04_final_hardened_3bf9206,3bf92063fd99e23b7cbdf6a439a2fc4344807710,8b2ff1aaee617177379692a16091dd8e45246fc2aabdfb843bc007d3c9ec7da9,e365b95e1213fe66b2343373d2900bde7841008999b803aa956422eeae2ed976,6f755be663b27d45ae7cba285979a3e6712f994bd34fc92de183e2ad80dceed0,hist_gradient_boosting,0.1,coverage,0.375,0.31451612903225806,0.43548387096774194,2000,0.95,125.0,248,True,20,19,19,19,19,1.0,0.0,interior,finite_observed_order_statistic,1
C04,FD004,primary,73,C04_FD004_3bf92063fd99_seed_73,outputs/c04_final_hardened_3bf9206,3bf92063fd99e23b7cbdf6a439a2fc4344807710,8b2ff1aaee617177379692a16091dd8e45246fc2aabdfb843bc007d3c9ec7da9,e365b95e1213fe66b2343373d2900bde7841008999b803aa956422eeae2ed976,6f755be663b27d45ae7cba285979a3e6712f994bd34fc92de183e2ad80dceed0,hist_gradient_boosting,0.1,mean_width,67.23148014770779,67.23148014770779,67.23148014770779,2000,0.95,125.0,248,True,20,19,19,19,19,1.0,0.0,interior,finite_observed_order_statistic,1
C04,FD004,primary,73,C04_FD004_3bf92063fd99_seed_73,outputs/c04_final_hardened_3bf9206,3bf92063fd99e23b7cbdf6a439a2fc4344807710,8b2ff1aaee617177379692a16091dd8e45246fc2aabdfb843bc007d3c9ec7da9,e365b95e1213fe66b2343373d2900bde7841008999b803aa956422eeae2ed976,6f755be663b27d45ae7cba285979a3e6712f994bd34fc92de183e2ad80dceed0,hist_gradient_boosting,0.1,normalized_interval_score,1.9360238580823077,1.7369522638050374,2.162180657146134,2000,0.95,125.0,248,True,20,19,19,19,19,1.0,0.0,interior,finite_observed_order_statistic,1
C04,FD004,primary,73,C04_FD004_3bf92063fd99_seed_73,outputs/c04_final_hardened_3bf9206,3bf92063fd99e23b7cbdf6a439a2fc4344807710,8b2ff1aaee617177379692a16091dd8e45246fc2aabdfb843bc007d3c9ec7da9,e365b95e1213fe66b2343373d2900bde7841008999b803aa956422eeae2ed976,6f755be663b27d45ae7cba285979a3e6712f994bd34fc92de183e2ad80dceed0,hist_gradient_boosting,0.05,coverage,0.7459677419354839,0.6895161290322581,0.7983870967741935,2000,0.95,125.0,248,True,20,20,20,20,20,1.0,0.0,max_statistic,finite_observed_order_statistic,1
C04,FD004,primary,73,C04_FD004_3bf92063fd99_seed_73,outputs/c04_final_hardened_3bf9206,3bf92063fd99e23b7cbdf6a439a2fc4344807710,8b2ff1aaee617177379692a16091dd8e45246fc2aabdfb843bc007d3c9ec7da9,e365b95e1213fe66b2343373d2900bde7841008999b803aa956422eeae2ed976,6f755be663b27d45ae7cba285979a3e6712f994bd34fc92de183e2ad80dceed0,hist_gradient_boosting,0.05,mean_width,96.5731266194056,96.57312661940558,96.5731266194056,2000,0.95,125.0,248,True,20,20,20,20,20,1.0,0.0,max_statistic,finite_observed_order_statistic,1
C04,FD004,primary,73,C04_FD004_3bf92063fd99_seed_73,outputs/c04_final_hardened_3bf9206,3bf92063fd99e23b7cbdf6a439a2fc4344807710,8b2ff1aaee617177379692a16091dd8e45246fc2aabdfb843bc007d3c9ec7da9,e365b95e1213fe66b2343373d2900bde7841008999b803aa956422eeae2ed976,6f755be663b27d45ae7cba285979a3e6712f994bd34fc92de183e2ad80dceed0,hist_gradient_boosting,0.05,normalized_interval_score,1.616607356719844,1.4013806776122295,1.8584198137381471,2000,0.95,125.0,248,True,20,20,20,20,20,1.0,0.0,max_statistic,finite_observed_order_statistic,1
C04,FD004,primary,101,C04_FD004_3bf92063fd99_seed_101,outputs/c04_final_hardened_3bf9206,3bf92063fd99e23b7cbdf6a439a2fc4344807710,1c08faede2582624803d4b9cfb0b1506c4b1b42083a2a1dea7a2959bc3121108,c2559a2d283a3e854b8df4c9859f40830b28288716ccdf551984ce04bab0f74b,25e52b7e59fac768337790bcc64197aa6b87fe9bffa164402870cb01edaa4262,mean,0.1,coverage,0.7903225806451613,0.7379032258064516,0.8387096774193549,2000,0.95,125.0,248,True,20,19,19,19,19,1.0,0.0,interior,finite_observed_order_statistic,1
C04,FD004,primary,101,C04_FD004_3bf92063fd99_seed_101,outputs/c04_final_hardened_3bf9206,3bf92063fd99e23b7cbdf6a439a2fc4344807710,1c08faede2582624803d4b9cfb0b1506c4b1b42083a2a1dea7a2959bc3121108,c2559a2d283a3e854b8df4c9859f40830b28288716ccdf551984ce04bab0f74b,25e52b7e59fac768337790bcc64197aa6b87fe9bffa164402870cb01edaa4262,mean,0.1,mean_width,117.4693877551021,117.4693877551021,117.4693877551021,2000,0.95,125.0,248,True,20,19,19,19,19,1.0,0.0,interior,finite_observed_order_statistic,1
C04,FD004,primary,101,C04_FD004_3bf92063fd99_seed_101,outputs/c04_final_hardened_3bf9206,3bf92063fd99e23b7cbdf6a439a2fc4344807710,1c08faede2582624803d4b9cfb0b1506c4b1b42083a2a1dea7a2959bc3121108,c2559a2d283a3e854b8df4c9859f40830b28288716ccdf551984ce04bab0f74b,25e52b7e59fac768337790bcc64197aa6b87fe9bffa164402870cb01edaa4262,mean,0.1,normalized_interval_score,1.3958841342988815,1.2771744568795267,1.524287360105333,2000,0.95,125.0,248,True,20,19,19,19,19,1.0,0.0,interior,finite_observed_order_statistic,1
C04,FD004,primary,101,C04_FD004_3bf92063fd99_seed_101,outputs/c04_final_hardened_3bf9206,3bf92063fd99e23b7cbdf6a439a2fc4344807710,1c08faede2582624803d4b9cfb0b1506c4b1b42083a2a1dea7a2959bc3121108,c2559a2d283a3e854b8df4c9859f40830b28288716ccdf551984ce04bab0f74b,25e52b7e59fac768337790bcc64197aa6b87fe9bffa164402870cb01edaa4262,mean,0.05,coverage,0.8225806451612904,0.7741935483870968,0.8709677419354839,2000,0.95,125.0,248,True,20,20,20,20,20,1.0,0.0,max_statistic,finite_observed_order_statistic,1
C04,FD004,primary,101,C04_FD004_3bf92063fd99_seed_101,outputs/c04_final_hardened_3bf9206,3bf92063fd99e23b7cbdf6a439a2fc4344807710,1c08faede2582624803d4b9cfb0b1506c4b1b42083a2a1dea7a2959bc3121108,c2559a2d283a3e854b8df4c9859f40830b28288716ccdf551984ce04bab0f74b,25e52b7e59fac768337790bcc64197aa6b87fe9bffa164402870cb01edaa4262,mean,0.05,mean_width,127.4693877551021,127.4693877551021,127.4693877551021,2000,0.95,125.0,248,True,20,20,20,20,20,1.0,0.0,max_statistic,finite_observed_order_statistic,1
C04,FD004,primary,101,C04_FD004_3bf92063fd99_seed_101,outputs/c04_final_hardened_3bf9206,3bf92063fd99e23b7cbdf6a439a2fc4344807710,1c08faede2582624803d4b9cfb0b1506c4b1b42083a2a1dea7a2959bc3121108,c2559a2d283a3e854b8df4c9859f40830b28288716ccdf551984ce04bab0f74b,25e52b7e59fac768337790bcc64197aa6b87fe9bffa164402870cb01edaa4262,mean,0.05,normalized_interval_score,1.6107228439763008,1.4468196181698494,1.7939809084924296,2000,0.95,125.0,248,True,20,20,20,20,20,1.0,0.0,max_statistic,finite_observed_order_statistic,1
C04,FD004,primary,101,C04_FD004_3bf92063fd99_seed_101,outputs/c04_final_hardened_3bf9206,3bf92063fd99e23b7cbdf6a439a2fc4344807710,1c08faede2582624803d4b9cfb0b1506c4b1b42083a2a1dea7a2959bc3121108,c2559a2d283a3e854b8df4c9859f40830b28288716ccdf551984ce04bab0f74b,25e52b7e59fac768337790bcc64197aa6b87fe9bffa164402870cb01edaa4262,ridge,0.1,coverage,0.4112903225806452,0.35080645161290325,0.4717741935483871,2000,0.95,125.0,248,True,20,19,19,19,19,1.0,0.0,interior,finite_observed_order_statistic,1
C04,FD004,primary,101,C04_FD004_3bf92063fd99_seed_101,outputs/c04_final_hardened_3bf9206,3bf92063fd99e23b7cbdf6a439a2fc4344807710,1c08faede2582624803d4b9cfb0b1506c4b1b42083a2a1dea7a2959bc3121108,c2559a2d283a3e854b8df4c9859f40830b28288716ccdf551984ce04bab0f74b,25e52b7e59fac768337790bcc64197aa6b87fe9bffa164402870cb01edaa4262,ridge,0.1,mean_width,99.27901279576182,99.27901279576182,99.27901279576182,2000,0.95,125.0,248,True,20,19,19,19,19,1.0,0.0,interior,finite_observed_order_statistic,1
C04,FD004,primary,101,C04_FD004_3bf92063fd99_seed_101,outputs/c04_final_hardened_3bf9206,3bf92063fd99e23b7cbdf6a439a2fc4344807710,1c08faede2582624803d4b9cfb0b1506c4b1b42083a2a1dea7a2959bc3121108,c2559a2d283a3e854b8df4c9859f40830b28288716ccdf551984ce04bab0f74b,25e52b7e59fac768337790bcc64197aa6b87fe9bffa164402870cb01edaa4262,ridge,0.1,normalized_interval_score,5.456575370694732,4.87254518639666,6.048580427017806,2000,0.95,125.0,248,True,20,19,19,19,19,1.0,0.0,interior,finite_observed_order_statistic,1
C04,FD004,primary,101,C04_FD004_3bf92063fd99_seed_101,outputs/c04_final_hardened_3bf9206,3bf92063fd99e23b7cbdf6a439a2fc4344807710,1c08faede2582624803d4b9cfb0b1506c4b1b42083a2a1dea7a2959bc3121108,c2559a2d283a3e854b8df4c9859f40830b28288716ccdf551984ce04bab0f74b,25e52b7e59fac768337790bcc64197aa6b87fe9bffa164402870cb01edaa4262,ridge,0.05,coverage,0.42338709677419356,0.3629032258064516,0.4838709677419355,2000,0.95,125.0,248,True,20,20,20,20,20,1.0,0.0,max_statistic,finite_observed_order_statistic,1
C04,FD004,primary,101,C04_FD004_3bf92063fd99_seed_101,outputs/c04_final_hardened_3bf9206,3bf92063fd99e23b7cbdf6a439a2fc4344807710,1c08faede2582624803d4b9cfb0b1506c4b1b42083a2a1dea7a2959bc3121108,c2559a2d283a3e854b8df4c9859f40830b28288716ccdf551984ce04bab0f74b,25e52b7e59fac768337790bcc64197aa6b87fe9bffa164402870cb01edaa4262,ridge,0.05,mean_width,102.88065205539169,102.88065205539169,102.88065205539169,2000,0.95,125.0,248,True,20,20,20,20,20,1.0,0.0,max_statistic,finite_observed_order_statistic,1
C04,FD004,primary,101,C04_FD004_3bf92063fd99_seed_101,outputs/c04_final_hardened_3bf9206,3bf92063fd99e23b7cbdf6a439a2fc4344807710,1c08faede2582624803d4b9cfb0b1506c4b1b42083a2a1dea7a2959bc3121108,c2559a2d283a3e854b8df4c9859f40830b28288716ccdf551984ce04bab0f74b,25e52b7e59fac768337790bcc64197aa6b87fe9bffa164402870cb01edaa4262,ridge,0.05,normalized_interval_score,9.81276570423603,8.68309074516096,10.965926637683326,2000,0.95,125.0,248,True,20,20,20,20,20,1.0,0.0,max_statistic,finite_observed_order_statistic,1
C04,FD004,primary,101,C04_FD004_3bf92063fd99_seed_101,outputs/c04_final_hardened_3bf9206,3bf92063fd99e23b7cbdf6a439a2fc4344807710,1c08faede2582624803d4b9cfb0b1506c4b1b42083a2a1dea7a2959bc3121108,c2559a2d283a3e854b8df4c9859f40830b28288716ccdf551984ce04bab0f74b,25e52b7e59fac768337790bcc64197aa6b87fe9bffa164402870cb01edaa4262,hist_gradient_boosting,0.1,coverage,0.625,0.5645161290322581,0.6895161290322581,2000,0.95,125.0,248,True,20,19,19,19,19,1.0,0.0,interior,finite_observed_order_statistic,1
C04,FD004,primary,101,C04_FD004_3bf92063fd99_seed_101,outputs/c04_final_hardened_3bf9206,3bf92063fd99e23b7cbdf6a439a2fc4344807710,1c08faede2582624803d4b9cfb0b1506c4b1b42083a2a1dea7a2959bc3121108,c2559a2d283a3e854b8df4c9859f40830b28288716ccdf551984ce04bab0f74b,25e52b7e59fac768337790bcc64197aa6b87fe9bffa164402870cb01edaa4262,hist_gradient_boosting,0.1,mean_width,77.58209534003434,77.58209534003434,77.58209534003434,2000,0.95,125.0,248,True,20,19,19,19,19,1.0,0.0,interior,finite_observed_order_statistic,1
C04,FD004,primary,101,C04_FD004_3bf92063fd99_seed_101,outputs/c04_final_hardened_3bf9206,3bf92063fd99e23b7cbdf6a439a2fc4344807710,1c08faede2582624803d4b9cfb0b1506c4b1b42083a2a1dea7a2959bc3121108,c2559a2d283a3e854b8df4c9859f40830b28288716ccdf551984ce04bab0f74b,25e52b7e59fac768337790bcc64197aa6b87fe9bffa164402870cb01edaa4262,hist_gradient_boosting,0.1,normalized_interval_score,1.7177245923109088,1.493512673207693,1.9607310751466205,2000,0.95,125.0,248,True,20,19,19,19,19,1.0,0.0,interior,finite_observed_order_statistic,1
C04,FD004,primary,101,C04_FD004_3bf92063fd99_seed_101,outputs/c04_final_hardened_3bf9206,3bf92063fd99e23b7cbdf6a439a2fc4344807710,1c08faede2582624803d4b9cfb0b1506c4b1b42083a2a1dea7a2959bc3121108,c2559a2d283a3e854b8df4c9859f40830b28288716ccdf551984ce04bab0f74b,25e52b7e59fac768337790bcc64197aa6b87fe9bffa164402870cb01edaa4262,hist_gradient_boosting,0.05,coverage,0.7419354838709677,0.6854838709677419,0.7944556451612897,2000,0.95,125.0,248,True,20,20,20,20,20,1.0,0.0,max_statistic,finite_observed_order_statistic,1
C04,FD004,primary,101,C04_FD004_3bf92063fd99_seed_101,outputs/c04_final_hardened_3bf9206,3bf92063fd99e23b7cbdf6a439a2fc4344807710,1c08faede2582624803d4b9cfb0b1506c4b1b42083a2a1dea7a2959bc3121108,c2559a2d283a3e854b8df4c9859f40830b28288716ccdf551984ce04bab0f74b,25e52b7e59fac768337790bcc64197aa6b87fe9bffa164402870cb01edaa4262,hist_gradient_boosting,0.05,mean_width,96.58717531017419,96.58717531017419,96.58717531017419,2000,0.95,125.0,248,True,20,20,20,20,20,1.0,0.0,max_statistic,finite_observed_order_statistic,1
C04,FD004,primary,101,C04_FD004_3bf92063fd99_seed_101,outputs/c04_final_hardened_3bf9206,3bf92063fd99e23b7cbdf6a439a2fc4344807710,1c08faede2582624803d4b9cfb0b1506c4b1b42083a2a1dea7a2959bc3121108,c2559a2d283a3e854b8df4c9859f40830b28288716ccdf551984ce04bab0f74b,25e52b7e59fac768337790bcc64197aa6b87fe9bffa164402870cb01edaa4262,hist_gradient_boosting,0.05,normalized_interval_score,1.9849667142581782,1.6864822135131177,2.3126521281701575,2000,0.95,125.0,248,True,20,20,20,20,20,1.0,0.0,max_statistic,finite_observed_order_statistic,1
C04,FD004,primary,137,C04_FD004_3bf92063fd99_seed_137,outputs/c04_final_hardened_3bf9206,3bf92063fd99e23b7cbdf6a439a2fc4344807710,6e06015c4fcdc28c448dac7b3c1c59cace3949f642d1ef952b369d2f1ffeae31,715cb2dd1c6d315eb558896b18c90cb05b0ccdc1a55d55cbf54469c249061d5a,455bc6ef386362d3868191653d2efe8d9ea4c962a5bda0ff47859db255bfb355,mean,0.1,coverage,0.7903225806451613,0.7379032258064516,0.842741935483871,2000,0.95,125.0,248,True,20,19,19,19,19,1.0,0.0,interior,finite_observed_order_statistic,1
C04,FD004,primary,137,C04_FD004_3bf92063fd99_seed_137,outputs/c04_final_hardened_3bf9206,3bf92063fd99e23b7cbdf6a439a2fc4344807710,6e06015c4fcdc28c448dac7b3c1c59cace3949f642d1ef952b369d2f1ffeae31,715cb2dd1c6d315eb558896b18c90cb05b0ccdc1a55d55cbf54469c249061d5a,455bc6ef386362d3868191653d2efe8d9ea4c962a5bda0ff47859db255bfb355,mean,0.1,mean_width,113.79646802677205,113.79646802677205,113.79646802677205,2000,0.95,125.0,248,True,20,19,19,19,19,1.0,0.0,interior,finite_observed_order_statistic,1
C04,FD004,primary,137,C04_FD004_3bf92063fd99_seed_137,outputs/c04_final_hardened_3bf9206,3bf92063fd99e23b7cbdf6a439a2fc4344807710,6e06015c4fcdc28c448dac7b3c1c59cace3949f642d1ef952b369d2f1ffeae31,715cb2dd1c6d315eb558896b18c90cb05b0ccdc1a55d55cbf54469c249061d5a,455bc6ef386362d3868191653d2efe8d9ea4c962a5bda0ff47859db255bfb355,mean,0.1,normalized_interval_score,1.433597550665789,1.2942104538915957,1.5665330345367565,2000,0.95,125.0,248,True,20,19,19,19,19,1.0,0.0,interior,finite_observed_order_statistic,1
C04,FD004,primary,137,C04_FD004_3bf92063fd99_seed_137,outputs/c04_final_hardened_3bf9206,3bf92063fd99e23b7cbdf6a439a2fc4344807710,6e06015c4fcdc28c448dac7b3c1c59cace3949f642d1ef952b369d2f1ffeae31,715cb2dd1c6d315eb558896b18c90cb05b0ccdc1a55d55cbf54469c249061d5a,455bc6ef386362d3868191653d2efe8d9ea4c962a5bda0ff47859db255bfb355,mean,0.05,coverage,0.7903225806451613,0.7379032258064516,0.842741935483871,2000,0.95,125.0,248,True,20,20,20,20,20,1.0,0.0,max_statistic,finite_observed_order_statistic,1
C04,FD004,primary,137,C04_FD004_3bf92063fd99_seed_137,outputs/c04_final_hardened_3bf9206,3bf92063fd99e23b7cbdf6a439a2fc4344807710,6e06015c4fcdc28c448dac7b3c1c59cace3949f642d1ef952b369d2f1ffeae31,715cb2dd1c6d315eb558896b18c90cb05b0ccdc1a55d55cbf54469c249061d5a,455bc6ef386362d3868191653d2efe8d9ea4c962a5bda0ff47859db255bfb355,mean,0.05,mean_width,119.79646802677205,119.79646802677205,119.79646802677205,2000,0.95,125.0,248,True,20,20,20,20,20,1.0,0.0,max_statistic,finite_observed_order_statistic,1
C04,FD004,primary,137,C04_FD004_3bf92063fd99_seed_137,outputs/c04_final_hardened_3bf9206,3bf92063fd99e23b7cbdf6a439a2fc4344807710,6e06015c4fcdc28c448dac7b3c1c59cace3949f642d1ef952b369d2f1ffeae31,715cb2dd1c6d315eb558896b18c90cb05b0ccdc1a55d55cbf54469c249061d5a,455bc6ef386362d3868191653d2efe8d9ea4c962a5bda0ff47859db255bfb355,mean,0.05,normalized_interval_score,1.8035330345367566,1.5725330345367565,2.028081421633531,2000,0.95,125.0,248,True,20,20,20,20,20,1.0,0.0,max_statistic,finite_observed_order_statistic,1
C04,FD004,primary,137,C04_FD004_3bf92063fd99_seed_137,outputs/c04_final_hardened_3bf9206,3bf92063fd99e23b7cbdf6a439a2fc4344807710,6e06015c4fcdc28c448dac7b3c1c59cace3949f642d1ef952b369d2f1ffeae31,715cb2dd1c6d315eb558896b18c90cb05b0ccdc1a55d55cbf54469c249061d5a,455bc6ef386362d3868191653d2efe8d9ea4c962a5bda0ff47859db255bfb355,ridge,0.1,coverage,0.3790322580645161,0.3185483870967742,0.43951612903225806,2000,0.95,125.0,248,True,20,19,19,19,19,1.0,0.0,interior,finite_observed_order_statistic,1
C04,FD004,primary,137,C04_FD004_3bf92063fd99_seed_137,outputs/c04_final_hardened_3bf9206,3bf92063fd99e23b7cbdf6a439a2fc4344807710,6e06015c4fcdc28c448dac7b3c1c59cace3949f642d1ef952b369d2f1ffeae31,715cb2dd1c6d315eb558896b18c90cb05b0ccdc1a55d55cbf54469c249061d5a,455bc6ef386362d3868191653d2efe8d9ea4c962a5bda0ff47859db255bfb355,ridge,0.1,mean_width,73.72832414695219,73.72832414695219,73.72832414695219,2000,0.95,125.0,248,True,20,19,19,19,19,1.0,0.0,interior,finite_observed_order_statistic,1
C04,FD004,primary,137,C04_FD004_3bf92063fd99_seed_137,outputs/c04_final_hardened_3bf9206,3bf92063fd99e23b7cbdf6a439a2fc4344807710,6e06015c4fcdc28c448dac7b3c1c59cace3949f642d1ef952b369d2f1ffeae31,715cb2dd1c6d315eb558896b18c90cb05b0ccdc1a55d55cbf54469c249061d5a,455bc6ef386362d3868191653d2efe8d9ea4c962a5bda0ff47859db255bfb355,ridge,0.1,normalized_interval_score,6.185258232327026,5.515488235353788,6.86777067683862,2000,0.95,125.0,248,True,20,19,19,19,19,1.0,0.0,interior,finite_observed_order_statistic,1
C04,FD004,primary,137,C04_FD004_3bf92063fd99_seed_137,outputs/c04_final_hardened_3bf9206,3bf92063fd99e23b7cbdf6a439a2fc4344807710,6e06015c4fcdc28c448dac7b3c1c59cace3949f642d1ef952b369d2f1ffeae31,715cb2dd1c6d315eb558896b18c90cb05b0ccdc1a55d55cbf54469c249061d5a,455bc6ef386362d3868191653d2efe8d9ea4c962a5bda0ff47859db255bfb355,ridge,0.05,coverage,0.3951612903225806,0.3346774193548387,0.45564516129032256,2000,0.95,125.0,248,True,20,20,20,20,20,1.0,0.0,max_statistic,finite_observed_order_statistic,1
C04,FD004,primary,137,C04_FD004_3bf92063fd99_seed_137,outputs/c04_final_hardened_3bf9206,3bf92063fd99e23b7cbdf6a439a2fc4344807710,6e06015c4fcdc28c448dac7b3c1c59cace3949f642d1ef952b369d2f1ffeae31,715cb2dd1c6d315eb558896b18c90cb05b0ccdc1a55d55cbf54469c249061d5a,455bc6ef386362d3868191653d2efe8d9ea4c962a5bda0ff47859db255bfb355,ridge,0.05,mean_width,78.36824502728722,78.36824502728722,78.36824502728722,2000,0.95,125.0,248,True,20,20,20,20,20,1.0,0.0,max_statistic,finite_observed_order_statistic,1
C04,FD004,primary,137,C04_FD004_3bf92063fd99_seed_137,outputs/c04_final_hardened_3bf9206,3bf92063fd99e23b7cbdf6a439a2fc4344807710,6e06015c4fcdc28c448dac7b3c1c59cace3949f642d1ef952b369d2f1ffeae31,715cb2dd1c6d315eb558896b18c90cb05b0ccdc1a55d55cbf54469c249061d5a,455bc6ef386362d3868191653d2efe8d9ea4c962a5bda0ff47859db255bfb355,ridge,0.05,normalized_interval_score,11.362922247900178,10.055655961296853,12.68995438104345,2000,0.95,125.0,248,True,20,20,20,20,20,1.0,0.0,max_statistic,finite_observed_order_statistic,1
C04,FD004,primary,137,C04_FD004_3bf92063fd99_seed_137,outputs/c04_final_hardened_3bf9206,3bf92063fd99e23b7cbdf6a439a2fc4344807710,6e06015c4fcdc28c448dac7b3c1c59cace3949f642d1ef952b369d2f1ffeae31,715cb2dd1c6d315eb558896b18c90cb05b0ccdc1a55d55cbf54469c249061d5a,455bc6ef386362d3868191653d2efe8d9ea4c962a5bda0ff47859db255bfb355,hist_gradient_boosting,0.1,coverage,0.4153225806451613,0.35080645161290325,0.47580645161290325,2000,0.95,125.0,248,True,20,19,19,19,19,1.0,0.0,interior,finite_observed_order_statistic,1
C04,FD004,primary,137,C04_FD004_3bf92063fd99_seed_137,outputs/c04_final_hardened_3bf9206,3bf92063fd99e23b7cbdf6a439a2fc4344807710,6e06015c4fcdc28c448dac7b3c1c59cace3949f642d1ef952b369d2f1ffeae31,715cb2dd1c6d315eb558896b18c90cb05b0ccdc1a55d55cbf54469c249061d5a,455bc6ef386362d3868191653d2efe8d9ea4c962a5bda0ff47859db255bfb355,hist_gradient_boosting,0.1,mean_width,59.25950915956049,59.25950915956049,59.25950915956049,2000,0.95,125.0,248,True,20,19,19,19,19,1.0,0.0,interior,finite_observed_order_statistic,1
C04,FD004,primary,137,C04_FD004_3bf92063fd99_seed_137,outputs/c04_final_hardened_3bf9206,3bf92063fd99e23b7cbdf6a439a2fc4344807710,6e06015c4fcdc28c448dac7b3c1c59cace3949f642d1ef952b369d2f1ffeae31,715cb2dd1c6d315eb558896b18c90cb05b0ccdc1a55d55cbf54469c249061d5a,455bc6ef386362d3868191653d2efe8d9ea4c962a5bda0ff47859db255bfb355,hist_gradient_boosting,0.1,normalized_interval_score,2.1519732732239962,1.9133653376743045,2.396436307935233,2000,0.95,125.0,248,True,20,19,19,19,19,1.0,0.0,interior,finite_observed_order_statistic,1
C04,FD004,primary,137,C04_FD004_3bf92063fd99_seed_137,outputs/c04_final_hardened_3bf9206,3bf92063fd99e23b7cbdf6a439a2fc4344807710,6e06015c4fcdc28c448dac7b3c1c59cace3949f642d1ef952b369d2f1ffeae31,715cb2dd1c6d315eb558896b18c90cb05b0ccdc1a55d55cbf54469c249061d5a,455bc6ef386362d3868191653d2efe8d9ea4c962a5bda0ff47859db255bfb355,hist_gradient_boosting,0.05,coverage,0.4879032258064516,0.4274193548387097,0.5524193548387096,2000,0.95,125.0,248,True,20,20,20,20,20,1.0,0.0,max_statistic,finite_observed_order_statistic,1
C04,FD004,primary,137,C04_FD004_3bf92063fd99_seed_137,outputs/c04_final_hardened_3bf9206,3bf92063fd99e23b7cbdf6a439a2fc4344807710,6e06015c4fcdc28c448dac7b3c1c59cace3949f642d1ef952b369d2f1ffeae31,715cb2dd1c6d315eb558896b18c90cb05b0ccdc1a55d55cbf54469c249061d5a,455bc6ef386362d3868191653d2efe8d9ea4c962a5bda0ff47859db255bfb355,hist_gradient_boosting,0.05,mean_width,68.16806865763319,68.16806865763319,68.16806865763319,2000,0.95,125.0,248,True,20,20,20,20,20,1.0,0.0,max_statistic,finite_observed_order_statistic,1
C04,FD004,primary,137,C04_FD004_3bf92063fd99_seed_137,outputs/c04_final_hardened_3bf9206,3bf92063fd99e23b7cbdf6a439a2fc4344807710,6e06015c4fcdc28c448dac7b3c1c59cace3949f642d1ef952b369d2f1ffeae31,715cb2dd1c6d315eb558896b18c90cb05b0ccdc1a55d55cbf54469c249061d5a,455bc6ef386362d3868191653d2efe8d9ea4c962a5bda0ff47859db255bfb355,hist_gradient_boosting,0.05,normalized_interval_score,3.120363076044144,2.7163730112191375,3.5395295640058997,2000,0.95,125.0,248,True,20,20,20,20,20,1.0,0.0,max_statistic,finite_observed_order_statistic,1
C05,FD002,primary,13,C05_FD002_0cfbe6357863_seed_13,outputs/c05_final_bounded_0cfbe63,0cfbe6357863e5bffcf4b3223823d1323fd86b0a,70d7be6bf67e11cf173126f71cafab59bc9610c729270ecc14bc6c9199780609,ecb443515925213a4b19422ae4c7716f4ee6bfde77c71692e2136e2105b55cd3,de2c8976b2da16a26f9636f6662bab669a4aa7ce65f15ce56b6d1cd7573c701f,mean,0.1,coverage,0.7683397683397684,0.7181467181467182,0.8185328185328186,2000,0.95,125.0,259,True,20,PENDING,PENDING,PENDING,PENDING,PENDING,PENDING,weighted_pointwise_not_integer_ranked,not_applicable_to_weighted_quantile,1
C05,FD002,primary,13,C05_FD002_0cfbe6357863_seed_13,outputs/c05_final_bounded_0cfbe63,0cfbe6357863e5bffcf4b3223823d1323fd86b0a,70d7be6bf67e11cf173126f71cafab59bc9610c729270ecc14bc6c9199780609,ecb443515925213a4b19422ae4c7716f4ee6bfde77c71692e2136e2105b55cd3,de2c8976b2da16a26f9636f6662bab669a4aa7ce65f15ce56b6d1cd7573c701f,mean,0.1,mean_width,110.65491183879091,110.65491183879091,110.65491183879091,2000,0.95,125.0,259,True,20,PENDING,PENDING,PENDING,PENDING,PENDING,PENDING,weighted_pointwise_not_integer_ranked,not_applicable_to_weighted_quantile,1
C05,FD002,primary,13,C05_FD002_0cfbe6357863_seed_13,outputs/c05_final_bounded_0cfbe63,0cfbe6357863e5bffcf4b3223823d1323fd86b0a,70d7be6bf67e11cf173126f71cafab59bc9610c729270ecc14bc6c9199780609,ecb443515925213a4b19422ae4c7716f4ee6bfde77c71692e2136e2105b55cd3,de2c8976b2da16a26f9636f6662bab669a4aa7ce65f15ce56b6d1cd7573c701f,mean,0.1,normalized_interval_score,1.519061688532721,1.3745057039767365,1.6667836962547282,2000,0.95,125.0,259,True,20,PENDING,PENDING,PENDING,PENDING,PENDING,PENDING,weighted_pointwise_not_integer_ranked,not_applicable_to_weighted_quantile,1
C05,FD002,primary,13,C05_FD002_0cfbe6357863_seed_13,outputs/c05_final_bounded_0cfbe63,0cfbe6357863e5bffcf4b3223823d1323fd86b0a,70d7be6bf67e11cf173126f71cafab59bc9610c729270ecc14bc6c9199780609,ecb443515925213a4b19422ae4c7716f4ee6bfde77c71692e2136e2105b55cd3,de2c8976b2da16a26f9636f6662bab669a4aa7ce65f15ce56b6d1cd7573c701f,mean,0.05,coverage,0.7915057915057915,0.7413127413127413,0.8416988416988417,2000,0.95,125.0,259,True,20,PENDING,PENDING,PENDING,PENDING,PENDING,PENDING,weighted_pointwise_not_integer_ranked,not_applicable_to_weighted_quantile,1
C05,FD002,primary,13,C05_FD002_0cfbe6357863_seed_13,outputs/c05_final_bounded_0cfbe63,0cfbe6357863e5bffcf4b3223823d1323fd86b0a,70d7be6bf67e11cf173126f71cafab59bc9610c729270ecc14bc6c9199780609,ecb443515925213a4b19422ae4c7716f4ee6bfde77c71692e2136e2105b55cd3,de2c8976b2da16a26f9636f6662bab669a4aa7ce65f15ce56b6d1cd7573c701f,mean,0.05,mean_width,126.65491183879091,126.65491183879091,126.65491183879091,2000,0.95,125.0,259,True,20,PENDING,PENDING,PENDING,PENDING,PENDING,PENDING,weighted_pointwise_not_integer_ranked,not_applicable_to_weighted_quantile,1
C05,FD002,primary,13,C05_FD002_0cfbe6357863_seed_13,outputs/c05_final_bounded_0cfbe63,0cfbe6357863e5bffcf4b3223823d1323fd86b0a,70d7be6bf67e11cf173126f71cafab59bc9610c729270ecc14bc6c9199780609,ecb443515925213a4b19422ae4c7716f4ee6bfde77c71692e2136e2105b55cd3,de2c8976b2da16a26f9636f6662bab669a4aa7ce65f15ce56b6d1cd7573c701f,mean,0.05,normalized_interval_score,1.7026601441311766,1.5296562831273157,1.881841611312644,2000,0.95,125.0,259,True,20,PENDING,PENDING,PENDING,PENDING,PENDING,PENDING,weighted_pointwise_not_integer_ranked,not_applicable_to_weighted_quantile,1
C05,FD002,primary,13,C05_FD002_0cfbe6357863_seed_13,outputs/c05_final_bounded_0cfbe63,0cfbe6357863e5bffcf4b3223823d1323fd86b0a,70d7be6bf67e11cf173126f71cafab59bc9610c729270ecc14bc6c9199780609,ecb443515925213a4b19422ae4c7716f4ee6bfde77c71692e2136e2105b55cd3,de2c8976b2da16a26f9636f6662bab669a4aa7ce65f15ce56b6d1cd7573c701f,ridge,0.1,coverage,0.33204633204633205,0.27413127413127414,0.38996138996138996,2000,0.95,125.0,259,True,20,PENDING,PENDING,PENDING,PENDING,PENDING,PENDING,weighted_pointwise_not_integer_ranked,not_applicable_to_weighted_quantile,1
C05,FD002,primary,13,C05_FD002_0cfbe6357863_seed_13,outputs/c05_final_bounded_0cfbe63,0cfbe6357863e5bffcf4b3223823d1323fd86b0a,70d7be6bf67e11cf173126f71cafab59bc9610c729270ecc14bc6c9199780609,ecb443515925213a4b19422ae4c7716f4ee6bfde77c71692e2136e2105b55cd3,de2c8976b2da16a26f9636f6662bab669a4aa7ce65f15ce56b6d1cd7573c701f,ridge,0.1,mean_width,73.91528697326743,73.91528697326743,73.91528697326743,2000,0.95,125.0,259,True,20,PENDING,PENDING,PENDING,PENDING,PENDING,PENDING,weighted_pointwise_not_integer_ranked,not_applicable_to_weighted_quantile,1
C05,FD002,primary,13,C05_FD002_0cfbe6357863_seed_13,outputs/c05_final_bounded_0cfbe63,0cfbe6357863e5bffcf4b3223823d1323fd86b0a,70d7be6bf67e11cf173126f71cafab59bc9610c729270ecc14bc6c9199780609,ecb443515925213a4b19422ae4c7716f4ee6bfde77c71692e2136e2105b55cd3,de2c8976b2da16a26f9636f6662bab669a4aa7ce65f15ce56b6d1cd7573c701f,ridge,0.1,normalized_interval_score,6.3867370768285285,5.7365678084520235,7.04757952146187,2000,0.95,125.0,259,True,20,PENDING,PENDING,PENDING,PENDING,PENDING,PENDING,weighted_pointwise_not_integer_ranked,not_applicable_to_weighted_quantile,1
C05,FD002,primary,13,C05_FD002_0cfbe6357863_seed_13,outputs/c05_final_bounded_0cfbe63,0cfbe6357863e5bffcf4b3223823d1323fd86b0a,70d7be6bf67e11cf173126f71cafab59bc9610c729270ecc14bc6c9199780609,ecb443515925213a4b19422ae4c7716f4ee6bfde77c71692e2136e2105b55cd3,de2c8976b2da16a26f9636f6662bab669a4aa7ce65f15ce56b6d1cd7573c701f,ridge,0.05,coverage,0.3436293436293436,0.2857142857142857,0.39777992277992225,2000,0.95,125.0,259,True,20,PENDING,PENDING,PENDING,PENDING,PENDING,PENDING,weighted_pointwise_not_integer_ranked,not_applicable_to_weighted_quantile,1
C05,FD002,primary,13,C05_FD002_0cfbe6357863_seed_13,outputs/c05_final_bounded_0cfbe63,0cfbe6357863e5bffcf4b3223823d1323fd86b0a,70d7be6bf67e11cf173126f71cafab59bc9610c729270ecc14bc6c9199780609,ecb443515925213a4b19422ae4c7716f4ee6bfde77c71692e2136e2105b55cd3,de2c8976b2da16a26f9636f6662bab669a4aa7ce65f15ce56b6d1cd7573c701f,ridge,0.05,mean_width,77.85108885138071,77.85108885138071,77.85108885138071,2000,0.95,125.0,259,True,20,PENDING,PENDING,PENDING,PENDING,PENDING,PENDING,weighted_pointwise_not_integer_ranked,not_applicable_to_weighted_quantile,1
C05,FD002,primary,13,C05_FD002_0cfbe6357863_seed_13,outputs/c05_final_bounded_0cfbe63,0cfbe6357863e5bffcf4b3223823d1323fd86b0a,70d7be6bf67e11cf173126f71cafab59bc9610c729270ecc14bc6c9199780609,ecb443515925213a4b19422ae4c7716f4ee6bfde77c71692e2136e2105b55cd3,de2c8976b2da16a26f9636f6662bab669a4aa7ce65f15ce56b6d1cd7573c701f,ridge,0.05,normalized_interval_score,11.79891057661199,10.524141979899245,13.08884317854226,2000,0.95,125.0,259,True,20,PENDING,PENDING,PENDING,PENDING,PENDING,PENDING,weighted_pointwise_not_integer_ranked,not_applicable_to_weighted_quantile,1
C05,FD002,primary,13,C05_FD002_0cfbe6357863_seed_13,outputs/c05_final_bounded_0cfbe63,0cfbe6357863e5bffcf4b3223823d1323fd86b0a,70d7be6bf67e11cf173126f71cafab59bc9610c729270ecc14bc6c9199780609,ecb443515925213a4b19422ae4c7716f4ee6bfde77c71692e2136e2105b55cd3,de2c8976b2da16a26f9636f6662bab669a4aa7ce65f15ce56b6d1cd7573c701f,hist_gradient_boosting,0.1,coverage,0.7104247104247104,0.6563706563706564,0.7644787644787645,2000,0.95,125.0,259,True,20,PENDING,PENDING,PENDING,PENDING,PENDING,PENDING,weighted_pointwise_not_integer_ranked,not_applicable_to_weighted_quantile,1
C05,FD002,primary,13,C05_FD002_0cfbe6357863_seed_13,outputs/c05_final_bounded_0cfbe63,0cfbe6357863e5bffcf4b3223823d1323fd86b0a,70d7be6bf67e11cf173126f71cafab59bc9610c729270ecc14bc6c9199780609,ecb443515925213a4b19422ae4c7716f4ee6bfde77c71692e2136e2105b55cd3,de2c8976b2da16a26f9636f6662bab669a4aa7ce65f15ce56b6d1cd7573c701f,hist_gradient_boosting,0.1,mean_width,79.68830959567981,79.68830959567981,79.68830959567981,2000,0.95,125.0,259,True,20,PENDING,PENDING,PENDING,PENDING,PENDING,PENDING,weighted_pointwise_not_integer_ranked,not_applicable_to_weighted_quantile,1
C05,FD002,primary,13,C05_FD002_0cfbe6357863_seed_13,outputs/c05_final_bounded_0cfbe63,0cfbe6357863e5bffcf4b3223823d1323fd86b0a,70d7be6bf67e11cf173126f71cafab59bc9610c729270ecc14bc6c9199780609,ecb443515925213a4b19422ae4c7716f4ee6bfde77c71692e2136e2105b55cd3,de2c8976b2da16a26f9636f6662bab669a4aa7ce65f15ce56b6d1cd7573c701f,hist_gradient_boosting,0.1,normalized_interval_score,1.0954909795406338,0.9818743984587536,1.2127696584246999,2000,0.95,125.0,259,True,20,PENDING,PENDING,PENDING,PENDING,PENDING,PENDING,weighted_pointwise_not_integer_ranked,not_applicable_to_weighted_quantile,1
C05,FD002,primary,13,C05_FD002_0cfbe6357863_seed_13,outputs/c05_final_bounded_0cfbe63,0cfbe6357863e5bffcf4b3223823d1323fd86b0a,70d7be6bf67e11cf173126f71cafab59bc9610c729270ecc14bc6c9199780609,ecb443515925213a4b19422ae4c7716f4ee6bfde77c71692e2136e2105b55cd3,de2c8976b2da16a26f9636f6662bab669a4aa7ce65f15ce56b6d1cd7573c701f,hist_gradient_boosting,0.05,coverage,0.7374517374517374,0.6871621621621623,0.7915057915057915,2000,0.95,125.0,259,True,20,PENDING,PENDING,PENDING,PENDING,PENDING,PENDING,weighted_pointwise_not_integer_ranked,not_applicable_to_weighted_quantile,1
C05,FD002,primary,13,C05_FD002_0cfbe6357863_seed_13,outputs/c05_final_bounded_0cfbe63,0cfbe6357863e5bffcf4b3223823d1323fd86b0a,70d7be6bf67e11cf173126f71cafab59bc9610c729270ecc14bc6c9199780609,ecb443515925213a4b19422ae4c7716f4ee6bfde77c71692e2136e2105b55cd3,de2c8976b2da16a26f9636f6662bab669a4aa7ce65f15ce56b6d1cd7573c701f,hist_gradient_boosting,0.05,mean_width,82.05425848498331,82.05425848498331,82.05425848498332,2000,0.95,125.0,259,True,20,PENDING,PENDING,PENDING,PENDING,PENDING,PENDING,weighted_pointwise_not_integer_ranked,not_applicable_to_weighted_quantile,1
C05,FD002,primary,13,C05_FD002_0cfbe6357863_seed_13,outputs/c05_final_bounded_0cfbe63,0cfbe6357863e5bffcf4b3223823d1323fd86b0a,70d7be6bf67e11cf173126f71cafab59bc9610c729270ecc14bc6c9199780609,ecb443515925213a4b19422ae4c7716f4ee6bfde77c71692e2136e2105b55cd3,de2c8976b2da16a26f9636f6662bab669a4aa7ce65f15ce56b6d1cd7573c701f,hist_gradient_boosting,0.05,normalized_interval_score,1.4679166617511652,1.2576121845901909,1.6866594392183656,2000,0.95,125.0,259,True,20,PENDING,PENDING,PENDING,PENDING,PENDING,PENDING,weighted_pointwise_not_integer_ranked,not_applicable_to_weighted_quantile,1
C05,FD002,primary,37,C05_FD002_0cfbe6357863_seed_37,outputs/c05_final_bounded_0cfbe63,0cfbe6357863e5bffcf4b3223823d1323fd86b0a,ff59ec61b276ad590c54f60902a1c198b9e920da5130c6a0e9f543191c012847,fa60ffd628f5ffa273d934d6ba4800f7d039a1d622e9c8c4b2e418a1a6ee531e,b067fa160acf45396b6b7ca3e0617d12a5b07b5169eb955e772cb4a8c180fab5,mean,0.1,coverage,0.7760617760617761,0.722007722007722,0.822490347490347,2000,0.95,125.0,259,True,20,PENDING,PENDING,PENDING,PENDING,PENDING,PENDING,weighted_pointwise_not_integer_ranked,not_applicable_to_weighted_quantile,1
C05,FD002,primary,37,C05_FD002_0cfbe6357863_seed_37,outputs/c05_final_bounded_0cfbe63,0cfbe6357863e5bffcf4b3223823d1323fd86b0a,ff59ec61b276ad590c54f60902a1c198b9e920da5130c6a0e9f543191c012847,fa60ffd628f5ffa273d934d6ba4800f7d039a1d622e9c8c4b2e418a1a6ee531e,b067fa160acf45396b6b7ca3e0617d12a5b07b5169eb955e772cb4a8c180fab5,mean,0.1,mean_width,122.96426869938065,122.96426869938065,122.96426869938065,2000,0.95,125.0,259,True,20,PENDING,PENDING,PENDING,PENDING,PENDING,PENDING,weighted_pointwise_not_integer_ranked,not_applicable_to_weighted_quantile,1
C05,FD002,primary,37,C05_FD002_0cfbe6357863_seed_37,outputs/c05_final_bounded_0cfbe63,0cfbe6357863e5bffcf4b3223823d1323fd86b0a,ff59ec61b276ad590c54f60902a1c198b9e920da5130c6a0e9f543191c012847,fa60ffd628f5ffa273d934d6ba4800f7d039a1d622e9c8c4b2e418a1a6ee531e,b067fa160acf45396b6b7ca3e0617d12a5b07b5169eb955e772cb4a8c180fab5,mean,0.1,normalized_interval_score,1.4698917557726516,1.3549882808691767,1.590370520251416,2000,0.95,125.0,259,True,20,PENDING,PENDING,PENDING,PENDING,PENDING,PENDING,weighted_pointwise_not_integer_ranked,not_applicable_to_weighted_quantile,1
C05,FD002,primary,37,C05_FD002_0cfbe6357863_seed_37,outputs/c05_final_bounded_0cfbe63,0cfbe6357863e5bffcf4b3223823d1323fd86b0a,ff59ec61b276ad590c54f60902a1c198b9e920da5130c6a0e9f543191c012847,fa60ffd628f5ffa273d934d6ba4800f7d039a1d622e9c8c4b2e418a1a6ee531e,b067fa160acf45396b6b7ca3e0617d12a5b07b5169eb955e772cb4a8c180fab5,mean,0.05,coverage,0.7760617760617761,0.722007722007722,0.822490347490347,2000,0.95,125.0,259,True,20,PENDING,PENDING,PENDING,PENDING,PENDING,PENDING,weighted_pointwise_not_integer_ranked,not_applicable_to_weighted_quantile,1
C05,FD002,primary,37,C05_FD002_0cfbe6357863_seed_37,outputs/c05_final_bounded_0cfbe63,0cfbe6357863e5bffcf4b3223823d1323fd86b0a,ff59ec61b276ad590c54f60902a1c198b9e920da5130c6a0e9f543191c012847,fa60ffd628f5ffa273d934d6ba4800f7d039a1d622e9c8c4b2e418a1a6ee531e,b067fa160acf45396b6b7ca3e0617d12a5b07b5169eb955e772cb4a8c180fab5,mean,0.05,mean_width,126.96426869938068,126.96426869938068,126.96426869938068,2000,0.95,125.0,259,True,20,PENDING,PENDING,PENDING,PENDING,PENDING,PENDING,weighted_pointwise_not_integer_ranked,not_applicable_to_weighted_quantile,1
C05,FD002,primary,37,C05_FD002_0cfbe6357863_seed_37,outputs/c05_final_bounded_0cfbe63,0cfbe6357863e5bffcf4b3223823d1323fd86b0a,ff59ec61b276ad590c54f60902a1c198b9e920da5130c6a0e9f543191c012847,fa60ffd628f5ffa273d934d6ba4800f7d039a1d622e9c8c4b2e418a1a6ee531e,b067fa160acf45396b6b7ca3e0617d12a5b07b5169eb955e772cb4a8c180fab5,mean,0.05,normalized_interval_score,1.8447488986297944,1.6470346129155087,2.054818396699292,2000,0.95,125.0,259,True,20,PENDING,PENDING,PENDING,PENDING,PENDING,PENDING,weighted_pointwise_not_integer_ranked,not_applicable_to_weighted_quantile,1
C05,FD002,primary,37,C05_FD002_0cfbe6357863_seed_37,outputs/c05_final_bounded_0cfbe63,0cfbe6357863e5bffcf4b3223823d1323fd86b0a,ff59ec61b276ad590c54f60902a1c198b9e920da5130c6a0e9f543191c012847,fa60ffd628f5ffa273d934d6ba4800f7d039a1d622e9c8c4b2e418a1a6ee531e,b067fa160acf45396b6b7ca3e0617d12a5b07b5169eb955e772cb4a8c180fab5,ridge,0.1,coverage,0.3127413127413127,0.2625482625482625,0.3667953667953668,2000,0.95,125.0,259,True,20,PENDING,PENDING,PENDING,PENDING,PENDING,PENDING,weighted_pointwise_not_integer_ranked,not_applicable_to_weighted_quantile,1
C05,FD002,primary,37,C05_FD002_0cfbe6357863_seed_37,outputs/c05_final_bounded_0cfbe63,0cfbe6357863e5bffcf4b3223823d1323fd86b0a,ff59ec61b276ad590c54f60902a1c198b9e920da5130c6a0e9f543191c012847,fa60ffd628f5ffa273d934d6ba4800f7d039a1d622e9c8c4b2e418a1a6ee531e,b067fa160acf45396b6b7ca3e0617d12a5b07b5169eb955e772cb4a8c180fab5,ridge,0.1,mean_width,73.07232912978934,73.07232912978934,73.07232912978934,2000,0.95,125.0,259,True,20,PENDING,PENDING,PENDING,PENDING,PENDING,PENDING,weighted_pointwise_not_integer_ranked,not_applicable_to_weighted_quantile,1
C05,FD002,primary,37,C05_FD002_0cfbe6357863_seed_37,outputs/c05_final_bounded_0cfbe63,0cfbe6357863e5bffcf4b3223823d1323fd86b0a,ff59ec61b276ad590c54f60902a1c198b9e920da5130c6a0e9f543191c012847,fa60ffd628f5ffa273d934d6ba4800f7d039a1d622e9c8c4b2e418a1a6ee531e,b067fa160acf45396b6b7ca3e0617d12a5b07b5169eb955e772cb4a8c180fab5,ridge,0.1,normalized_interval_score,6.676045942659163,5.992593410969874,7.336463463982385,2000,0.95,125.0,259,True,20,PENDING,PENDING,PENDING,PENDING,PENDING,PENDING,weighted_pointwise_not_integer_ranked,not_applicable_to_weighted_quantile,1
C05,FD002,primary,37,C05_FD002_0cfbe6357863_seed_37,outputs/c05_final_bounded_0cfbe63,0cfbe6357863e5bffcf4b3223823d1323fd86b0a,ff59ec61b276ad590c54f60902a1c198b9e920da5130c6a0e9f543191c012847,fa60ffd628f5ffa273d934d6ba4800f7d039a1d622e9c8c4b2e418a1a6ee531e,b067fa160acf45396b6b7ca3e0617d12a5b07b5169eb955e772cb4a8c180fab5,ridge,0.05,coverage,0.3127413127413127,0.2625482625482625,0.3667953667953668,2000,0.95,125.0,259,True,20,PENDING,PENDING,PENDING,PENDING,PENDING,PENDING,weighted_pointwise_not_integer_ranked,not_applicable_to_weighted_quantile,1
C05,FD002,primary,37,C05_FD002_0cfbe6357863_seed_37,outputs/c05_final_bounded_0cfbe63,0cfbe6357863e5bffcf4b3223823d1323fd86b0a,ff59ec61b276ad590c54f60902a1c198b9e920da5130c6a0e9f543191c012847,fa60ffd628f5ffa273d934d6ba4800f7d039a1d622e9c8c4b2e418a1a6ee531e,b067fa160acf45396b6b7ca3e0617d12a5b07b5169eb955e772cb4a8c180fab5,ridge,0.05,mean_width,73.959225391545,73.959225391545,73.959225391545,2000,0.95,125.0,259,True,20,PENDING,PENDING,PENDING,PENDING,PENDING,PENDING,weighted_pointwise_not_integer_ranked,not_applicable_to_weighted_quantile,1
C05,FD002,primary,37,C05_FD002_0cfbe6357863_seed_37,outputs/c05_final_bounded_0cfbe63,0cfbe6357863e5bffcf4b3223823d1323fd86b0a,ff59ec61b276ad590c54f60902a1c198b9e920da5130c6a0e9f543191c012847,fa60ffd628f5ffa273d934d6ba4800f7d039a1d622e9c8c4b2e418a1a6ee531e,b067fa160acf45396b6b7ca3e0617d12a5b07b5169eb955e772cb4a8c180fab5,ridge,0.05,normalized_interval_score,12.677084076679847,11.315137658862396,13.99679594568206,2000,0.95,125.0,259,True,20,PENDING,PENDING,PENDING,PENDING,PENDING,PENDING,weighted_pointwise_not_integer_ranked,not_applicable_to_weighted_quantile,1
C05,FD002,primary,37,C05_FD002_0cfbe6357863_seed_37,outputs/c05_final_bounded_0cfbe63,0cfbe6357863e5bffcf4b3223823d1323fd86b0a,ff59ec61b276ad590c54f60902a1c198b9e920da5130c6a0e9f543191c012847,fa60ffd628f5ffa273d934d6ba4800f7d039a1d622e9c8c4b2e418a1a6ee531e,b067fa160acf45396b6b7ca3e0617d12a5b07b5169eb955e772cb4a8c180fab5,hist_gradient_boosting,0.1,coverage,0.6332046332046332,0.5714285714285714,0.6911196911196911,2000,0.95,125.0,259,True,20,PENDING,PENDING,PENDING,PENDING,PENDING,PENDING,weighted_pointwise_not_integer_ranked,not_applicable_to_weighted_quantile,1
C05,FD002,primary,37,C05_FD002_0cfbe6357863_seed_37,outputs/c05_final_bounded_0cfbe63,0cfbe6357863e5bffcf4b3223823d1323fd86b0a,ff59ec61b276ad590c54f60902a1c198b9e920da5130c6a0e9f543191c012847,fa60ffd628f5ffa273d934d6ba4800f7d039a1d622e9c8c4b2e418a1a6ee531e,b067fa160acf45396b6b7ca3e0617d12a5b07b5169eb955e772cb4a8c180fab5,hist_gradient_boosting,0.1,mean_width,68.08257168393392,68.0825716839339,68.08257168393392,2000,0.95,125.0,259,True,20,PENDING,PENDING,PENDING,PENDING,PENDING,PENDING,weighted_pointwise_not_integer_ranked,not_applicable_to_weighted_quantile,1
C05,FD002,primary,37,C05_FD002_0cfbe6357863_seed_37,outputs/c05_final_bounded_0cfbe63,0cfbe6357863e5bffcf4b3223823d1323fd86b0a,ff59ec61b276ad590c54f60902a1c198b9e920da5130c6a0e9f543191c012847,fa60ffd628f5ffa273d934d6ba4800f7d039a1d622e9c8c4b2e418a1a6ee531e,b067fa160acf45396b6b7ca3e0617d12a5b07b5169eb955e772cb4a8c180fab5,hist_gradient_boosting,0.1,normalized_interval_score,1.4646731896033711,1.283310669636236,1.659140467877749,2000,0.95,125.0,259,True,20,PENDING,PENDING,PENDING,PENDING,PENDING,PENDING,weighted_pointwise_not_integer_ranked,not_applicable_to_weighted_quantile,1
C05,FD002,primary,37,C05_FD002_0cfbe6357863_seed_37,outputs/c05_final_bounded_0cfbe63,0cfbe6357863e5bffcf4b3223823d1323fd86b0a,ff59ec61b276ad590c54f60902a1c198b9e920da5130c6a0e9f543191c012847,fa60ffd628f5ffa273d934d6ba4800f7d039a1d622e9c8c4b2e418a1a6ee531e,b067fa160acf45396b6b7ca3e0617d12a5b07b5169eb955e772cb4a8c180fab5,hist_gradient_boosting,0.05,coverage,0.6486486486486487,0.5907335907335908,0.7065637065637066,2000,0.95,125.0,259,True,20,PENDING,PENDING,PENDING,PENDING,PENDING,PENDING,weighted_pointwise_not_integer_ranked,not_applicable_to_weighted_quantile,1
C05,FD002,primary,37,C05_FD002_0cfbe6357863_seed_37,outputs/c05_final_bounded_0cfbe63,0cfbe6357863e5bffcf4b3223823d1323fd86b0a,ff59ec61b276ad590c54f60902a1c198b9e920da5130c6a0e9f543191c012847,fa60ffd628f5ffa273d934d6ba4800f7d039a1d622e9c8c4b2e418a1a6ee531e,b067fa160acf45396b6b7ca3e0617d12a5b07b5169eb955e772cb4a8c180fab5,hist_gradient_boosting,0.05,mean_width,71.73080476107296,71.73080476107295,71.73080476107296,2000,0.95,125.0,259,True,20,PENDING,PENDING,PENDING,PENDING,PENDING,PENDING,weighted_pointwise_not_integer_ranked,not_applicable_to_weighted_quantile,1
C05,FD002,primary,37,C05_FD002_0cfbe6357863_seed_37,outputs/c05_final_bounded_0cfbe63,0cfbe6357863e5bffcf4b3223823d1323fd86b0a,ff59ec61b276ad590c54f60902a1c198b9e920da5130c6a0e9f543191c012847,fa60ffd628f5ffa273d934d6ba4800f7d039a1d622e9c8c4b2e418a1a6ee531e,b067fa160acf45396b6b7ca3e0617d12a5b07b5169eb955e772cb4a8c180fab5,hist_gradient_boosting,0.05,normalized_interval_score,2.2063600612436787,1.8680752268677614,2.573654287307484,2000,0.95,125.0,259,True,20,PENDING,PENDING,PENDING,PENDING,PENDING,PENDING,weighted_pointwise_not_integer_ranked,not_applicable_to_weighted_quantile,1
C05,FD002,primary,73,C05_FD002_0cfbe6357863_seed_73,outputs/c05_final_bounded_0cfbe63,0cfbe6357863e5bffcf4b3223823d1323fd86b0a,1e95a13993dad8fb4c5db1d71a8ec149792edbaad0e4a83cf95ad506a3aa4b1c,998ed05861d2fe39a6c66730aa617ea846591bf93b77d9b52ba1739fd198ab4b,bfbd08257ee89fbedac239e1b78b21030301d799502b306b724f454d32da5f99,mean,0.1,coverage,0.7760617760617761,0.7258687258687259,0.8301158301158301,2000,0.95,125.0,259,True,20,PENDING,PENDING,PENDING,PENDING,PENDING,PENDING,weighted_pointwise_not_integer_ranked,not_applicable_to_weighted_quantile,1
C05,FD002,primary,73,C05_FD002_0cfbe6357863_seed_73,outputs/c05_final_bounded_0cfbe63,0cfbe6357863e5bffcf4b3223823d1323fd86b0a,1e95a13993dad8fb4c5db1d71a8ec149792edbaad0e4a83cf95ad506a3aa4b1c,998ed05861d2fe39a6c66730aa617ea846591bf93b77d9b52ba1739fd198ab4b,bfbd08257ee89fbedac239e1b78b21030301d799502b306b724f454d32da5f99,mean,0.1,mean_width,121.08318411199737,121.08318411199737,121.08318411199737,2000,0.95,125.0,259,True,20,PENDING,PENDING,PENDING,PENDING,PENDING,PENDING,weighted_pointwise_not_integer_ranked,not_applicable_to_weighted_quantile,1
C05,FD002,primary,73,C05_FD002_0cfbe6357863_seed_73,outputs/c05_final_bounded_0cfbe63,0cfbe6357863e5bffcf4b3223823d1323fd86b0a,1e95a13993dad8fb4c5db1d71a8ec149792edbaad0e4a83cf95ad506a3aa4b1c,998ed05861d2fe39a6c66730aa617ea846591bf93b77d9b52ba1739fd198ab4b,bfbd08257ee89fbedac239e1b78b21030301d799502b306b724f454d32da5f99,mean,0.1,normalized_interval_score,1.4548430790735853,1.3343643145948205,1.5753218435523497,2000,0.95,125.0,259,True,20,PENDING,PENDING,PENDING,PENDING,PENDING,PENDING,weighted_pointwise_not_integer_ranked,not_applicable_to_weighted_quantile,1
C05,FD002,primary,73,C05_FD002_0cfbe6357863_seed_73,outputs/c05_final_bounded_0cfbe63,0cfbe6357863e5bffcf4b3223823d1323fd86b0a,1e95a13993dad8fb4c5db1d71a8ec149792edbaad0e4a83cf95ad506a3aa4b1c,998ed05861d2fe39a6c66730aa617ea846591bf93b77d9b52ba1739fd198ab4b,bfbd08257ee89fbedac239e1b78b21030301d799502b306b724f454d32da5f99,mean,0.05,coverage,0.7992277992277992,0.749034749034749,0.8456563706563701,2000,0.95,125.0,259,True,20,PENDING,PENDING,PENDING,PENDING,PENDING,PENDING,weighted_pointwise_not_integer_ranked,not_applicable_to_weighted_quantile,1
C05,FD002,primary,73,C05_FD002_0cfbe6357863_seed_73,outputs/c05_final_bounded_0cfbe63,0cfbe6357863e5bffcf4b3223823d1323fd86b0a,1e95a13993dad8fb4c5db1d71a8ec149792edbaad0e4a83cf95ad506a3aa4b1c,998ed05861d2fe39a6c66730aa617ea846591bf93b77d9b52ba1739fd198ab4b,bfbd08257ee89fbedac239e1b78b21030301d799502b306b724f454d32da5f99,mean,0.05,mean_width,135.08318411199738,135.08318411199738,135.08318411199738,2000,0.95,125.0,259,True,20,PENDING,PENDING,PENDING,PENDING,PENDING,PENDING,weighted_pointwise_not_integer_ranked,not_applicable_to_weighted_quantile,1
C05,FD002,primary,73,C05_FD002_0cfbe6357863_seed_73,outputs/c05_final_bounded_0cfbe63,0cfbe6357863e5bffcf4b3223823d1323fd86b0a,1e95a13993dad8fb4c5db1d71a8ec149792edbaad0e4a83cf95ad506a3aa4b1c,998ed05861d2fe39a6c66730aa617ea846591bf93b77d9b52ba1739fd198ab4b,bfbd08257ee89fbedac239e1b78b21030301d799502b306b724f454d32da5f99,mean,0.05,normalized_interval_score,1.572402924633431,1.4414067856372919,1.7132523454828517,2000,0.95,125.0,259,True,20,PENDING,PENDING,PENDING,PENDING,PENDING,PENDING,weighted_pointwise_not_integer_ranked,not_applicable_to_weighted_quantile,1
C05,FD002,primary,73,C05_FD002_0cfbe6357863_seed_73,outputs/c05_final_bounded_0cfbe63,0cfbe6357863e5bffcf4b3223823d1323fd86b0a,1e95a13993dad8fb4c5db1d71a8ec149792edbaad0e4a83cf95ad506a3aa4b1c,998ed05861d2fe39a6c66730aa617ea846591bf93b77d9b52ba1739fd198ab4b,bfbd08257ee89fbedac239e1b78b21030301d799502b306b724f454d32da5f99,ridge,0.1,coverage,0.28957528957528955,0.23552123552123552,0.3436293436293436,2000,0.95,125.0,259,True,20,PENDING,PENDING,PENDING,PENDING,PENDING,PENDING,weighted_pointwise_not_integer_ranked,not_applicable_to_weighted_quantile,1
C05,FD002,primary,73,C05_FD002_0cfbe6357863_seed_73,outputs/c05_final_bounded_0cfbe63,0cfbe6357863e5bffcf4b3223823d1323fd86b0a,1e95a13993dad8fb4c5db1d71a8ec149792edbaad0e4a83cf95ad506a3aa4b1c,998ed05861d2fe39a6c66730aa617ea846591bf93b77d9b52ba1739fd198ab4b,bfbd08257ee89fbedac239e1b78b21030301d799502b306b724f454d32da5f99,ridge,0.1,mean_width,63.4219228204139,63.4219228204139,63.4219228204139,2000,0.95,125.0,259,True,20,PENDING,PENDING,PENDING,PENDING,PENDING,PENDING,weighted_pointwise_not_integer_ranked,not_applicable_to_weighted_quantile,1
C05,FD002,primary,73,C05_FD002_0cfbe6357863_seed_73,outputs/c05_final_bounded_0cfbe63,0cfbe6357863e5bffcf4b3223823d1323fd86b0a,1e95a13993dad8fb4c5db1d71a8ec149792edbaad0e4a83cf95ad506a3aa4b1c,998ed05861d2fe39a6c66730aa617ea846591bf93b77d9b52ba1739fd198ab4b,bfbd08257ee89fbedac239e1b78b21030301d799502b306b724f454d32da5f99,ridge,0.1,normalized_interval_score,7.007565714932067,6.326591654300199,7.66144749217834,2000,0.95,125.0,259,True,20,PENDING,PENDING,PENDING,PENDING,PENDING,PENDING,weighted_pointwise_not_integer_ranked,not_applicable_to_weighted_quantile,1
C05,FD002,primary,73,C05_FD002_0cfbe6357863_seed_73,outputs/c05_final_bounded_0cfbe63,0cfbe6357863e5bffcf4b3223823d1323fd86b0a,1e95a13993dad8fb4c5db1d71a8ec149792edbaad0e4a83cf95ad506a3aa4b1c,998ed05861d2fe39a6c66730aa617ea846591bf93b77d9b52ba1739fd198ab4b,bfbd08257ee89fbedac239e1b78b21030301d799502b306b724f454d32da5f99,ridge,0.05,coverage,0.30115830115830117,0.2470077220077222,0.3552123552123552,2000,0.95,125.0,259,True,20,PENDING,PENDING,PENDING,PENDING,PENDING,PENDING,weighted_pointwise_not_integer_ranked,not_applicable_to_weighted_quantile,1
C05,FD002,primary,73,C05_FD002_0cfbe6357863_seed_73,outputs/c05_final_bounded_0cfbe63,0cfbe6357863e5bffcf4b3223823d1323fd86b0a,1e95a13993dad8fb4c5db1d71a8ec149792edbaad0e4a83cf95ad506a3aa4b1c,998ed05861d2fe39a6c66730aa617ea846591bf93b77d9b52ba1739fd198ab4b,bfbd08257ee89fbedac239e1b78b21030301d799502b306b724f454d32da5f99,ridge,0.05,mean_width,67.94330808288399,67.94330808288399,67.94330808288399,2000,0.95,125.0,259,True,20,PENDING,PENDING,PENDING,PENDING,PENDING,PENDING,weighted_pointwise_not_integer_ranked,not_applicable_to_weighted_quantile,1
C05,FD002,primary,73,C05_FD002_0cfbe6357863_seed_73,outputs/c05_final_bounded_0cfbe63,0cfbe6357863e5bffcf4b3223823d1323fd86b0a,1e95a13993dad8fb4c5db1d71a8ec149792edbaad0e4a83cf95ad506a3aa4b1c,998ed05861d2fe39a6c66730aa617ea846591bf93b77d9b52ba1739fd198ab4b,bfbd08257ee89fbedac239e1b78b21030301d799502b306b724f454d32da5f99,ridge,0.05,normalized_interval_score,13.036063058947546,11.700322764112444,14.320244026914535,2000,0.95,125.0,259,True,20,PENDING,PENDING,PENDING,PENDING,PENDING,PENDING,weighted_pointwise_not_integer_ranked,not_applicable_to_weighted_quantile,1
C05,FD002,primary,73,C05_FD002_0cfbe6357863_seed_73,outputs/c05_final_bounded_0cfbe63,0cfbe6357863e5bffcf4b3223823d1323fd86b0a,1e95a13993dad8fb4c5db1d71a8ec149792edbaad0e4a83cf95ad506a3aa4b1c,998ed05861d2fe39a6c66730aa617ea846591bf93b77d9b52ba1739fd198ab4b,bfbd08257ee89fbedac239e1b78b21030301d799502b306b724f454d32da5f99,hist_gradient_boosting,0.1,coverage,0.4247104247104247,0.36293436293436293,0.4864864864864865,2000,0.95,125.0,259,True,20,PENDING,PENDING,PENDING,PENDING,PENDING,PENDING,weighted_pointwise_not_integer_ranked,not_applicable_to_weighted_quantile,1
C05,FD002,primary,73,C05_FD002_0cfbe6357863_seed_73,outputs/c05_final_bounded_0cfbe63,0cfbe6357863e5bffcf4b3223823d1323fd86b0a,1e95a13993dad8fb4c5db1d71a8ec149792edbaad0e4a83cf95ad506a3aa4b1c,998ed05861d2fe39a6c66730aa617ea846591bf93b77d9b52ba1739fd198ab4b,bfbd08257ee89fbedac239e1b78b21030301d799502b306b724f454d32da5f99,hist_gradient_boosting,0.1,mean_width,67.23148014770779,67.23148014770779,67.23148014770779,2000,0.95,125.0,259,True,20,PENDING,PENDING,PENDING,PENDING,PENDING,PENDING,weighted_pointwise_not_integer_ranked,not_applicable_to_weighted_quantile,1
C05,FD002,primary,73,C05_FD002_0cfbe6357863_seed_73,outputs/c05_final_bounded_0cfbe63,0cfbe6357863e5bffcf4b3223823d1323fd86b0a,1e95a13993dad8fb4c5db1d71a8ec149792edbaad0e4a83cf95ad506a3aa4b1c,998ed05861d2fe39a6c66730aa617ea846591bf93b77d9b52ba1739fd198ab4b,bfbd08257ee89fbedac239e1b78b21030301d799502b306b724f454d32da5f99,hist_gradient_boosting,0.1,normalized_interval_score,1.556637449579733,1.3948176384678665,1.7096333886016517,2000,0.95,125.0,259,True,20,PENDING,PENDING,PENDING,PENDING,PENDING,PENDING,weighted_pointwise_not_integer_ranked,not_applicable_to_weighted_quantile,1
C05,FD002,primary,73,C05_FD002_0cfbe6357863_seed_73,outputs/c05_final_bounded_0cfbe63,0cfbe6357863e5bffcf4b3223823d1323fd86b0a,1e95a13993dad8fb4c5db1d71a8ec149792edbaad0e4a83cf95ad506a3aa4b1c,998ed05861d2fe39a6c66730aa617ea846591bf93b77d9b52ba1739fd198ab4b,bfbd08257ee89fbedac239e1b78b21030301d799502b306b724f454d32da5f99,hist_gradient_boosting,0.05,coverage,0.806949806949807,0.7567567567567568,0.8571428571428571,2000,0.95,125.0,259,True,20,PENDING,PENDING,PENDING,PENDING,PENDING,PENDING,weighted_pointwise_not_integer_ranked,not_applicable_to_weighted_quantile,1
C05,FD002,primary,73,C05_FD002_0cfbe6357863_seed_73,outputs/c05_final_bounded_0cfbe63,0cfbe6357863e5bffcf4b3223823d1323fd86b0a,1e95a13993dad8fb4c5db1d71a8ec149792edbaad0e4a83cf95ad506a3aa4b1c,998ed05861d2fe39a6c66730aa617ea846591bf93b77d9b52ba1739fd198ab4b,bfbd08257ee89fbedac239e1b78b21030301d799502b306b724f454d32da5f99,hist_gradient_boosting,0.05,mean_width,96.57312661940558,96.57312661940557,96.57312661940558,2000,0.95,125.0,259,True,20,PENDING,PENDING,PENDING,PENDING,PENDING,PENDING,weighted_pointwise_not_integer_ranked,not_applicable_to_weighted_quantile,1
C05,FD002,primary,73,C05_FD002_0cfbe6357863_seed_73,outputs/c05_final_bounded_0cfbe63,0cfbe6357863e5bffcf4b3223823d1323fd86b0a,1e95a13993dad8fb4c5db1d71a8ec149792edbaad0e4a83cf95ad506a3aa4b1c,998ed05861d2fe39a6c66730aa617ea846591bf93b77d9b52ba1739fd198ab4b,bfbd08257ee89fbedac239e1b78b21030301d799502b306b724f454d32da5f99,hist_gradient_boosting,0.05,normalized_interval_score,1.1546404101295635,1.0307788846051327,1.2856334686113187,2000,0.95,125.0,259,True,20,PENDING,PENDING,PENDING,PENDING,PENDING,PENDING,weighted_pointwise_not_integer_ranked,not_applicable_to_weighted_quantile,1
C05,FD002,primary,101,C05_FD002_0cfbe6357863_seed_101,outputs/c05_final_bounded_0cfbe63,0cfbe6357863e5bffcf4b3223823d1323fd86b0a,3a4301dbf785b66065f41e6606400b7adda5445c868f9692a2d2af904fe2616a,3eafddf0ed39bf625808ac53fed201c3074c297032207b17b973733e27940078,710c87c7fc2887a0c3c73f3c6faf6b174244bebd0b3b6ccb1197349d613cc239,mean,0.1,coverage,0.7683397683397684,0.7181467181467182,0.8146718146718147,2000,0.95,125.0,259,True,20,PENDING,PENDING,PENDING,PENDING,PENDING,PENDING,weighted_pointwise_not_integer_ranked,not_applicable_to_weighted_quantile,1
C05,FD002,primary,101,C05_FD002_0cfbe6357863_seed_101,outputs/c05_final_bounded_0cfbe63,0cfbe6357863e5bffcf4b3223823d1323fd86b0a,3a4301dbf785b66065f41e6606400b7adda5445c868f9692a2d2af904fe2616a,3eafddf0ed39bf625808ac53fed201c3074c297032207b17b973733e27940078,710c87c7fc2887a0c3c73f3c6faf6b174244bebd0b3b6ccb1197349d613cc239,mean,0.1,mean_width,117.46938775510206,117.46938775510206,117.46938775510206,2000,0.95,125.0,259,True,20,PENDING,PENDING,PENDING,PENDING,PENDING,PENDING,weighted_pointwise_not_integer_ranked,not_applicable_to_weighted_quantile,1
C05,FD002,primary,101,C05_FD002_0cfbe6357863_seed_101,outputs/c05_final_bounded_0cfbe63,0cfbe6357863e5bffcf4b3223823d1323fd86b0a,3a4301dbf785b66065f41e6606400b7adda5445c868f9692a2d2af904fe2616a,3eafddf0ed39bf625808ac53fed201c3074c297032207b17b973733e27940078,710c87c7fc2887a0c3c73f3c6faf6b174244bebd0b3b6ccb1197349d613cc239,mean,0.1,normalized_interval_score,1.4994462217319362,1.3783342526199673,1.6366662989520133,2000,0.95,125.0,259,True,20,PENDING,PENDING,PENDING,PENDING,PENDING,PENDING,weighted_pointwise_not_integer_ranked,not_applicable_to_weighted_quantile,1
C05,FD002,primary,101,C05_FD002_0cfbe6357863_seed_101,outputs/c05_final_bounded_0cfbe63,0cfbe6357863e5bffcf4b3223823d1323fd86b0a,3a4301dbf785b66065f41e6606400b7adda5445c868f9692a2d2af904fe2616a,3eafddf0ed39bf625808ac53fed201c3074c297032207b17b973733e27940078,710c87c7fc2887a0c3c73f3c6faf6b174244bebd0b3b6ccb1197349d613cc239,mean,0.05,coverage,0.7876447876447876,0.7374517374517374,0.833976833976834,2000,0.95,125.0,259,True,20,PENDING,PENDING,PENDING,PENDING,PENDING,PENDING,weighted_pointwise_not_integer_ranked,not_applicable_to_weighted_quantile,1
C05,FD002,primary,101,C05_FD002_0cfbe6357863_seed_101,outputs/c05_final_bounded_0cfbe63,0cfbe6357863e5bffcf4b3223823d1323fd86b0a,3a4301dbf785b66065f41e6606400b7adda5445c868f9692a2d2af904fe2616a,3eafddf0ed39bf625808ac53fed201c3074c297032207b17b973733e27940078,710c87c7fc2887a0c3c73f3c6faf6b174244bebd0b3b6ccb1197349d613cc239,mean,0.05,mean_width,127.46938775510206,127.46938775510206,127.46938775510206,2000,0.95,125.0,259,True,20,PENDING,PENDING,PENDING,PENDING,PENDING,PENDING,weighted_pointwise_not_integer_ranked,not_applicable_to_weighted_quantile,1
C05,FD002,primary,101,C05_FD002_0cfbe6357863_seed_101,outputs/c05_final_bounded_0cfbe63,0cfbe6357863e5bffcf4b3223823d1323fd86b0a,3a4301dbf785b66065f41e6606400b7adda5445c868f9692a2d2af904fe2616a,3eafddf0ed39bf625808ac53fed201c3074c297032207b17b973733e27940078,710c87c7fc2887a0c3c73f3c6faf6b174244bebd0b3b6ccb1197349d613cc239,mean,0.05,normalized_interval_score,1.7771296194153343,1.597979040264755,1.9748439051296196,2000,0.95,125.0,259,True,20,PENDING,PENDING,PENDING,PENDING,PENDING,PENDING,weighted_pointwise_not_integer_ranked,not_applicable_to_weighted_quantile,1
C05,FD002,primary,101,C05_FD002_0cfbe6357863_seed_101,outputs/c05_final_bounded_0cfbe63,0cfbe6357863e5bffcf4b3223823d1323fd86b0a,3a4301dbf785b66065f41e6606400b7adda5445c868f9692a2d2af904fe2616a,3eafddf0ed39bf625808ac53fed201c3074c297032207b17b973733e27940078,710c87c7fc2887a0c3c73f3c6faf6b174244bebd0b3b6ccb1197349d613cc239,ridge,0.1,coverage,0.3861003861003861,0.3281853281853282,0.44787644787644787,2000,0.95,125.0,259,True,20,PENDING,PENDING,PENDING,PENDING,PENDING,PENDING,weighted_pointwise_not_integer_ranked,not_applicable_to_weighted_quantile,1
C05,FD002,primary,101,C05_FD002_0cfbe6357863_seed_101,outputs/c05_final_bounded_0cfbe63,0cfbe6357863e5bffcf4b3223823d1323fd86b0a,3a4301dbf785b66065f41e6606400b7adda5445c868f9692a2d2af904fe2616a,3eafddf0ed39bf625808ac53fed201c3074c297032207b17b973733e27940078,710c87c7fc2887a0c3c73f3c6faf6b174244bebd0b3b6ccb1197349d613cc239,ridge,0.1,mean_width,99.2790127957618,99.2790127957618,99.2790127957618,2000,0.95,125.0,259,True,20,PENDING,PENDING,PENDING,PENDING,PENDING,PENDING,weighted_pointwise_not_integer_ranked,not_applicable_to_weighted_quantile,1
C05,FD002,primary,101,C05_FD002_0cfbe6357863_seed_101,outputs/c05_final_bounded_0cfbe63,0cfbe6357863e5bffcf4b3223823d1323fd86b0a,3a4301dbf785b66065f41e6606400b7adda5445c868f9692a2d2af904fe2616a,3eafddf0ed39bf625808ac53fed201c3074c297032207b17b973733e27940078,710c87c7fc2887a0c3c73f3c6faf6b174244bebd0b3b6ccb1197349d613cc239,ridge,0.1,normalized_interval_score,5.51473772876729,4.941665267249658,6.090523913014124,2000,0.95,125.0,259,True,20,PENDING,PENDING,PENDING,PENDING,PENDING,PENDING,weighted_pointwise_not_integer_ranked,not_applicable_to_weighted_quantile,1
C05,FD002,primary,101,C05_FD002_0cfbe6357863_seed_101,outputs/c05_final_bounded_0cfbe63,0cfbe6357863e5bffcf4b3223823d1323fd86b0a,3a4301dbf785b66065f41e6606400b7adda5445c868f9692a2d2af904fe2616a,3eafddf0ed39bf625808ac53fed201c3074c297032207b17b973733e27940078,710c87c7fc2887a0c3c73f3c6faf6b174244bebd0b3b6ccb1197349d613cc239,ridge,0.05,coverage,0.4015444015444015,0.3436293436293436,0.46332046332046334,2000,0.95,125.0,259,True,20,PENDING,PENDING,PENDING,PENDING,PENDING,PENDING,weighted_pointwise_not_integer_ranked,not_applicable_to_weighted_quantile,1
C05,FD002,primary,101,C05_FD002_0cfbe6357863_seed_101,outputs/c05_final_bounded_0cfbe63,0cfbe6357863e5bffcf4b3223823d1323fd86b0a,3a4301dbf785b66065f41e6606400b7adda5445c868f9692a2d2af904fe2616a,3eafddf0ed39bf625808ac53fed201c3074c297032207b17b973733e27940078,710c87c7fc2887a0c3c73f3c6faf6b174244bebd0b3b6ccb1197349d613cc239,ridge,0.05,mean_width,102.88065205539169,102.88065205539169,102.88065205539169,2000,0.95,125.0,259,True,20,PENDING,PENDING,PENDING,PENDING,PENDING,PENDING,weighted_pointwise_not_integer_ranked,not_applicable_to_weighted_quantile,1
C05,FD002,primary,101,C05_FD002_0cfbe6357863_seed_101,outputs/c05_final_bounded_0cfbe63,0cfbe6357863e5bffcf4b3223823d1323fd86b0a,3a4301dbf785b66065f41e6606400b7adda5445c868f9692a2d2af904fe2616a,3eafddf0ed39bf625808ac53fed201c3074c297032207b17b973733e27940078,710c87c7fc2887a0c3c73f3c6faf6b174244bebd0b3b6ccb1197349d613cc239,ridge,0.05,normalized_interval_score,9.916171969440379,8.803262795659835,11.04047754387785,2000,0.95,125.0,259,True,20,PENDING,PENDING,PENDING,PENDING,PENDING,PENDING,weighted_pointwise_not_integer_ranked,not_applicable_to_weighted_quantile,1
C05,FD002,primary,101,C05_FD002_0cfbe6357863_seed_101,outputs/c05_final_bounded_0cfbe63,0cfbe6357863e5bffcf4b3223823d1323fd86b0a,3a4301dbf785b66065f41e6606400b7adda5445c868f9692a2d2af904fe2616a,3eafddf0ed39bf625808ac53fed201c3074c297032207b17b973733e27940078,710c87c7fc2887a0c3c73f3c6faf6b174244bebd0b3b6ccb1197349d613cc239,hist_gradient_boosting,0.1,coverage,0.6872586872586872,0.6293436293436293,0.7413127413127413,2000,0.95,125.0,259,True,20,PENDING,PENDING,PENDING,PENDING,PENDING,PENDING,weighted_pointwise_not_integer_ranked,not_applicable_to_weighted_quantile,1
C05,FD002,primary,101,C05_FD002_0cfbe6357863_seed_101,outputs/c05_final_bounded_0cfbe63,0cfbe6357863e5bffcf4b3223823d1323fd86b0a,3a4301dbf785b66065f41e6606400b7adda5445c868f9692a2d2af904fe2616a,3eafddf0ed39bf625808ac53fed201c3074c297032207b17b973733e27940078,710c87c7fc2887a0c3c73f3c6faf6b174244bebd0b3b6ccb1197349d613cc239,hist_gradient_boosting,0.1,mean_width,77.58209534003434,77.58209534003434,77.58209534003434,2000,0.95,125.0,259,True,20,PENDING,PENDING,PENDING,PENDING,PENDING,PENDING,weighted_pointwise_not_integer_ranked,not_applicable_to_weighted_quantile,1
C05,FD002,primary,101,C05_FD002_0cfbe6357863_seed_101,outputs/c05_final_bounded_0cfbe63,0cfbe6357863e5bffcf4b3223823d1323fd86b0a,3a4301dbf785b66065f41e6606400b7adda5445c868f9692a2d2af904fe2616a,3eafddf0ed39bf625808ac53fed201c3074c297032207b17b973733e27940078,710c87c7fc2887a0c3c73f3c6faf6b174244bebd0b3b6ccb1197349d613cc239,hist_gradient_boosting,0.1,normalized_interval_score,1.7429069102203496,1.5015569309879242,1.9891812987119526,2000,0.95,125.0,259,True,20,PENDING,PENDING,PENDING,PENDING,PENDING,PENDING,weighted_pointwise_not_integer_ranked,not_applicable_to_weighted_quantile,1
C05,FD002,primary,101,C05_FD002_0cfbe6357863_seed_101,outputs/c05_final_bounded_0cfbe63,0cfbe6357863e5bffcf4b3223823d1323fd86b0a,3a4301dbf785b66065f41e6606400b7adda5445c868f9692a2d2af904fe2616a,3eafddf0ed39bf625808ac53fed201c3074c297032207b17b973733e27940078,710c87c7fc2887a0c3c73f3c6faf6b174244bebd0b3b6ccb1197349d613cc239,hist_gradient_boosting,0.05,coverage,0.749034749034749,0.6988416988416989,0.7992277992277992,2000,0.95,125.0,259,True,20,PENDING,PENDING,PENDING,PENDING,PENDING,PENDING,weighted_pointwise_not_integer_ranked,not_applicable_to_weighted_quantile,1
C05,FD002,primary,101,C05_FD002_0cfbe6357863_seed_101,outputs/c05_final_bounded_0cfbe63,0cfbe6357863e5bffcf4b3223823d1323fd86b0a,3a4301dbf785b66065f41e6606400b7adda5445c868f9692a2d2af904fe2616a,3eafddf0ed39bf625808ac53fed201c3074c297032207b17b973733e27940078,710c87c7fc2887a0c3c73f3c6faf6b174244bebd0b3b6ccb1197349d613cc239,hist_gradient_boosting,0.05,mean_width,96.58717531017419,96.58717531017419,96.58717531017419,2000,0.95,125.0,259,True,20,PENDING,PENDING,PENDING,PENDING,PENDING,PENDING,weighted_pointwise_not_integer_ranked,not_applicable_to_weighted_quantile,1
C05,FD002,primary,101,C05_FD002_0cfbe6357863_seed_101,outputs/c05_final_bounded_0cfbe63,0cfbe6357863e5bffcf4b3223823d1323fd86b0a,3a4301dbf785b66065f41e6606400b7adda5445c868f9692a2d2af904fe2616a,3eafddf0ed39bf625808ac53fed201c3074c297032207b17b973733e27940078,710c87c7fc2887a0c3c73f3c6faf6b174244bebd0b3b6ccb1197349d613cc239,hist_gradient_boosting,0.05,normalized_interval_score,2.1583272419709245,1.79926907423978,2.5177592638546744,2000,0.95,125.0,259,True,20,PENDING,PENDING,PENDING,PENDING,PENDING,PENDING,weighted_pointwise_not_integer_ranked,not_applicable_to_weighted_quantile,1
C05,FD002,primary,137,C05_FD002_0cfbe6357863_seed_137,outputs/c05_final_bounded_0cfbe63,0cfbe6357863e5bffcf4b3223823d1323fd86b0a,99352554768cf7505302650644f9471ae66c5ae7a06713d578b73209ca6bc14b,c418d678298ab208c4b757a484812f4f3ed5f07c64c319278007693c4f51ed17,2ddf7b2703b6fe12d76a1ca1875d3f0ce10bd79e40d1e26ce1e6f010b96d0675,mean,0.1,coverage,0.7683397683397684,0.7142857142857143,0.8185328185328186,2000,0.95,125.0,259,True,20,PENDING,PENDING,PENDING,PENDING,PENDING,PENDING,weighted_pointwise_not_integer_ranked,not_applicable_to_weighted_quantile,1
C05,FD002,primary,137,C05_FD002_0cfbe6357863_seed_137,outputs/c05_final_bounded_0cfbe63,0cfbe6357863e5bffcf4b3223823d1323fd86b0a,99352554768cf7505302650644f9471ae66c5ae7a06713d578b73209ca6bc14b,c418d678298ab208c4b757a484812f4f3ed5f07c64c319278007693c4f51ed17,2ddf7b2703b6fe12d76a1ca1875d3f0ce10bd79e40d1e26ce1e6f010b96d0675,mean,0.1,mean_width,113.79646802677205,113.79646802677205,113.79646802677205,2000,0.95,125.0,259,True,20,PENDING,PENDING,PENDING,PENDING,PENDING,PENDING,weighted_pointwise_not_integer_ranked,not_applicable_to_weighted_quantile,1
C05,FD002,primary,137,C05_FD002_0cfbe6357863_seed_137,outputs/c05_final_bounded_0cfbe63,0cfbe6357863e5bffcf4b3223823d1323fd86b0a,99352554768cf7505302650644f9471ae66c5ae7a06713d578b73209ca6bc14b,c418d678298ab208c4b757a484812f4f3ed5f07c64c319278007693c4f51ed17,2ddf7b2703b6fe12d76a1ca1875d3f0ce10bd79e40d1e26ce1e6f010b96d0675,mean,0.1,normalized_interval_score,1.54419413803657,1.402109195951628,1.7036227094651413,2000,0.95,125.0,259,True,20,PENDING,PENDING,PENDING,PENDING,PENDING,PENDING,weighted_pointwise_not_integer_ranked,not_applicable_to_weighted_quantile,1
C05,FD002,primary,137,C05_FD002_0cfbe6357863_seed_137,outputs/c05_final_bounded_0cfbe63,0cfbe6357863e5bffcf4b3223823d1323fd86b0a,99352554768cf7505302650644f9471ae66c5ae7a06713d578b73209ca6bc14b,c418d678298ab208c4b757a484812f4f3ed5f07c64c319278007693c4f51ed17,2ddf7b2703b6fe12d76a1ca1875d3f0ce10bd79e40d1e26ce1e6f010b96d0675,mean,0.05,coverage,0.7722007722007722,0.7181467181467182,0.8223938223938224,2000,0.95,125.0,259,True,20,PENDING,PENDING,PENDING,PENDING,PENDING,PENDING,weighted_pointwise_not_integer_ranked,not_applicable_to_weighted_quantile,1
C05,FD002,primary,137,C05_FD002_0cfbe6357863_seed_137,outputs/c05_final_bounded_0cfbe63,0cfbe6357863e5bffcf4b3223823d1323fd86b0a,99352554768cf7505302650644f9471ae66c5ae7a06713d578b73209ca6bc14b,c418d678298ab208c4b757a484812f4f3ed5f07c64c319278007693c4f51ed17,2ddf7b2703b6fe12d76a1ca1875d3f0ce10bd79e40d1e26ce1e6f010b96d0675,mean,0.05,mean_width,119.79646802677205,119.79646802677205,119.79646802677205,2000,0.95,125.0,259,True,20,PENDING,PENDING,PENDING,PENDING,PENDING,PENDING,weighted_pointwise_not_integer_ranked,not_applicable_to_weighted_quantile,1
C05,FD002,primary,137,C05_FD002_0cfbe6357863_seed_137,outputs/c05_final_bounded_0cfbe63,0cfbe6357863e5bffcf4b3223823d1323fd86b0a,99352554768cf7505302650644f9471ae66c5ae7a06713d578b73209ca6bc14b,c418d678298ab208c4b757a484812f4f3ed5f07c64c319278007693c4f51ed17,2ddf7b2703b6fe12d76a1ca1875d3f0ce10bd79e40d1e26ce1e6f010b96d0675,mean,0.05,normalized_interval_score,2.0036227094651413,1.765136222978655,2.2755918214342525,2000,0.95,125.0,259,True,20,PENDING,PENDING,PENDING,PENDING,PENDING,PENDING,weighted_pointwise_not_integer_ranked,not_applicable_to_weighted_quantile,1
C05,FD002,primary,137,C05_FD002_0cfbe6357863_seed_137,outputs/c05_final_bounded_0cfbe63,0cfbe6357863e5bffcf4b3223823d1323fd86b0a,99352554768cf7505302650644f9471ae66c5ae7a06713d578b73209ca6bc14b,c418d678298ab208c4b757a484812f4f3ed5f07c64c319278007693c4f51ed17,2ddf7b2703b6fe12d76a1ca1875d3f0ce10bd79e40d1e26ce1e6f010b96d0675,ridge,0.1,coverage,0.32432432432432434,0.2625482625482625,0.38223938223938225,2000,0.95,125.0,259,True,20,PENDING,PENDING,PENDING,PENDING,PENDING,PENDING,weighted_pointwise_not_integer_ranked,not_applicable_to_weighted_quantile,1
C05,FD002,primary,137,C05_FD002_0cfbe6357863_seed_137,outputs/c05_final_bounded_0cfbe63,0cfbe6357863e5bffcf4b3223823d1323fd86b0a,99352554768cf7505302650644f9471ae66c5ae7a06713d578b73209ca6bc14b,c418d678298ab208c4b757a484812f4f3ed5f07c64c319278007693c4f51ed17,2ddf7b2703b6fe12d76a1ca1875d3f0ce10bd79e40d1e26ce1e6f010b96d0675,ridge,0.1,mean_width,73.72832414695218,73.72832414695218,73.72832414695218,2000,0.95,125.0,259,True,20,PENDING,PENDING,PENDING,PENDING,PENDING,PENDING,weighted_pointwise_not_integer_ranked,not_applicable_to_weighted_quantile,1
C05,FD002,primary,137,C05_FD002_0cfbe6357863_seed_137,outputs/c05_final_bounded_0cfbe63,0cfbe6357863e5bffcf4b3223823d1323fd86b0a,99352554768cf7505302650644f9471ae66c5ae7a06713d578b73209ca6bc14b,c418d678298ab208c4b757a484812f4f3ed5f07c64c319278007693c4f51ed17,2ddf7b2703b6fe12d76a1ca1875d3f0ce10bd79e40d1e26ce1e6f010b96d0675,ridge,0.1,normalized_interval_score,6.454704824614496,5.798110230617761,7.105910795074388,2000,0.95,125.0,259,True,20,PENDING,PENDING,PENDING,PENDING,PENDING,PENDING,weighted_pointwise_not_integer_ranked,not_applicable_to_weighted_quantile,1
C05,FD002,primary,137,C05_FD002_0cfbe6357863_seed_137,outputs/c05_final_bounded_0cfbe63,0cfbe6357863e5bffcf4b3223823d1323fd86b0a,99352554768cf7505302650644f9471ae66c5ae7a06713d578b73209ca6bc14b,c418d678298ab208c4b757a484812f4f3ed5f07c64c319278007693c4f51ed17,2ddf7b2703b6fe12d76a1ca1875d3f0ce10bd79e40d1e26ce1e6f010b96d0675,ridge,0.05,coverage,0.3474903474903475,0.28957528957528955,0.40540540540540543,2000,0.95,125.0,259,True,20,PENDING,PENDING,PENDING,PENDING,PENDING,PENDING,weighted_pointwise_not_integer_ranked,not_applicable_to_weighted_quantile,1
C05,FD002,primary,137,C05_FD002_0cfbe6357863_seed_137,outputs/c05_final_bounded_0cfbe63,0cfbe6357863e5bffcf4b3223823d1323fd86b0a,99352554768cf7505302650644f9471ae66c5ae7a06713d578b73209ca6bc14b,c418d678298ab208c4b757a484812f4f3ed5f07c64c319278007693c4f51ed17,2ddf7b2703b6fe12d76a1ca1875d3f0ce10bd79e40d1e26ce1e6f010b96d0675,ridge,0.05,mean_width,78.3682450272872,78.3682450272872,78.3682450272872,2000,0.95,125.0,259,True,20,PENDING,PENDING,PENDING,PENDING,PENDING,PENDING,weighted_pointwise_not_integer_ranked,not_applicable_to_weighted_quantile,1
C05,FD002,primary,137,C05_FD002_0cfbe6357863_seed_137,outputs/c05_final_bounded_0cfbe63,0cfbe6357863e5bffcf4b3223823d1323fd86b0a,99352554768cf7505302650644f9471ae66c5ae7a06713d578b73209ca6bc14b,c418d678298ab208c4b757a484812f4f3ed5f07c64c319278007693c4f51ed17,2ddf7b2703b6fe12d76a1ca1875d3f0ce10bd79e40d1e26ce1e6f010b96d0675,ridge,0.05,normalized_interval_score,11.862631884782598,10.57363779692355,13.13802919845908,2000,0.95,125.0,259,True,20,PENDING,PENDING,PENDING,PENDING,PENDING,PENDING,weighted_pointwise_not_integer_ranked,not_applicable_to_weighted_quantile,1
C05,FD002,primary,137,C05_FD002_0cfbe6357863_seed_137,outputs/c05_final_bounded_0cfbe63,0cfbe6357863e5bffcf4b3223823d1323fd86b0a,99352554768cf7505302650644f9471ae66c5ae7a06713d578b73209ca6bc14b,c418d678298ab208c4b757a484812f4f3ed5f07c64c319278007693c4f51ed17,2ddf7b2703b6fe12d76a1ca1875d3f0ce10bd79e40d1e26ce1e6f010b96d0675,hist_gradient_boosting,0.1,coverage,0.49034749034749037,0.42857142857142855,0.5521235521235521,2000,0.95,125.0,259,True,20,PENDING,PENDING,PENDING,PENDING,PENDING,PENDING,weighted_pointwise_not_integer_ranked,not_applicable_to_weighted_quantile,1
C05,FD002,primary,137,C05_FD002_0cfbe6357863_seed_137,outputs/c05_final_bounded_0cfbe63,0cfbe6357863e5bffcf4b3223823d1323fd86b0a,99352554768cf7505302650644f9471ae66c5ae7a06713d578b73209ca6bc14b,c418d678298ab208c4b757a484812f4f3ed5f07c64c319278007693c4f51ed17,2ddf7b2703b6fe12d76a1ca1875d3f0ce10bd79e40d1e26ce1e6f010b96d0675,hist_gradient_boosting,0.1,mean_width,59.25950915956047,59.25950915956047,59.25950915956047,2000,0.95,125.0,259,True,20,PENDING,PENDING,PENDING,PENDING,PENDING,PENDING,weighted_pointwise_not_integer_ranked,not_applicable_to_weighted_quantile,1
C05,FD002,primary,137,C05_FD002_0cfbe6357863_seed_137,outputs/c05_final_bounded_0cfbe63,0cfbe6357863e5bffcf4b3223823d1323fd86b0a,99352554768cf7505302650644f9471ae66c5ae7a06713d578b73209ca6bc14b,c418d678298ab208c4b757a484812f4f3ed5f07c64c319278007693c4f51ed17,2ddf7b2703b6fe12d76a1ca1875d3f0ce10bd79e40d1e26ce1e6f010b96d0675,hist_gradient_boosting,0.1,normalized_interval_score,1.8782628378133446,1.6639769153195842,2.117841815265723,2000,0.95,125.0,259,True,20,PENDING,PENDING,PENDING,PENDING,PENDING,PENDING,weighted_pointwise_not_integer_ranked,not_applicable_to_weighted_quantile,1
C05,FD002,primary,137,C05_FD002_0cfbe6357863_seed_137,outputs/c05_final_bounded_0cfbe63,0cfbe6357863e5bffcf4b3223823d1323fd86b0a,99352554768cf7505302650644f9471ae66c5ae7a06713d578b73209ca6bc14b,c418d678298ab208c4b757a484812f4f3ed5f07c64c319278007693c4f51ed17,2ddf7b2703b6fe12d76a1ca1875d3f0ce10bd79e40d1e26ce1e6f010b96d0675,hist_gradient_boosting,0.05,coverage,0.5791505791505791,0.5173745173745173,0.640926640926641,2000,0.95,125.0,259,True,20,PENDING,PENDING,PENDING,PENDING,PENDING,PENDING,weighted_pointwise_not_integer_ranked,not_applicable_to_weighted_quantile,1
C05,FD002,primary,137,C05_FD002_0cfbe6357863_seed_137,outputs/c05_final_bounded_0cfbe63,0cfbe6357863e5bffcf4b3223823d1323fd86b0a,99352554768cf7505302650644f9471ae66c5ae7a06713d578b73209ca6bc14b,c418d678298ab208c4b757a484812f4f3ed5f07c64c319278007693c4f51ed17,2ddf7b2703b6fe12d76a1ca1875d3f0ce10bd79e40d1e26ce1e6f010b96d0675,hist_gradient_boosting,0.05,mean_width,68.16806865763319,68.16806865763319,68.16806865763319,2000,0.95,125.0,259,True,20,PENDING,PENDING,PENDING,PENDING,PENDING,PENDING,weighted_pointwise_not_integer_ranked,not_applicable_to_weighted_quantile,1
C05,FD002,primary,137,C05_FD002_0cfbe6357863_seed_137,outputs/c05_final_bounded_0cfbe63,0cfbe6357863e5bffcf4b3223823d1323fd86b0a,99352554768cf7505302650644f9471ae66c5ae7a06713d578b73209ca6bc14b,c418d678298ab208c4b757a484812f4f3ed5f07c64c319278007693c4f51ed17,2ddf7b2703b6fe12d76a1ca1875d3f0ce10bd79e40d1e26ce1e6f010b96d0675,hist_gradient_boosting,0.05,normalized_interval_score,2.7064442377352256,2.343655113440716,3.124313023620419,2000,0.95,125.0,259,True,20,PENDING,PENDING,PENDING,PENDING,PENDING,PENDING,weighted_pointwise_not_integer_ranked,not_applicable_to_weighted_quantile,1
C05,FD003,primary,13,C05_FD003_0cfbe6357863_seed_13,outputs/c05_final_bounded_0cfbe63,0cfbe6357863e5bffcf4b3223823d1323fd86b0a,9c1d792e662e378d8c99795993e7d7ecaffcaa1bbe21d144f6cc2849ce1ef497,19bacf049b035f3fd6cd97fce331fe7e92777d105dca931cb4b9edd3da68a1f9,2a4cdd5abacb272f8192cf69af16b20118301850945a97d7f8950ea7a9fbc222,mean,0.1,coverage,0.8,0.7197500000000004,0.88,2000,0.95,125.0,100,True,20,PENDING,PENDING,PENDING,PENDING,PENDING,PENDING,weighted_pointwise_not_integer_ranked,not_applicable_to_weighted_quantile,1
C05,FD003,primary,13,C05_FD003_0cfbe6357863_seed_13,outputs/c05_final_bounded_0cfbe63,0cfbe6357863e5bffcf4b3223823d1323fd86b0a,9c1d792e662e378d8c99795993e7d7ecaffcaa1bbe21d144f6cc2849ce1ef497,19bacf049b035f3fd6cd97fce331fe7e92777d105dca931cb4b9edd3da68a1f9,2a4cdd5abacb272f8192cf69af16b20118301850945a97d7f8950ea7a9fbc222,mean,0.1,mean_width,110.65491183879088,110.65491183879088,110.65491183879088,2000,0.95,125.0,100,True,20,PENDING,PENDING,PENDING,PENDING,PENDING,PENDING,weighted_pointwise_not_integer_ranked,not_applicable_to_weighted_quantile,1
C05,FD003,primary,13,C05_FD003_0cfbe6357863_seed_13,outputs/c05_final_bounded_0cfbe63,0cfbe6357863e5bffcf4b3223823d1323fd86b0a,9c1d792e662e378d8c99795993e7d7ecaffcaa1bbe21d144f6cc2849ce1ef497,19bacf049b035f3fd6cd97fce331fe7e92777d105dca931cb4b9edd3da68a1f9,2a4cdd5abacb272f8192cf69af16b20118301850945a97d7f8950ea7a9fbc222,mean,0.1,normalized_interval_score,1.3188392947103273,1.1284392947103272,1.5381192947103277,2000,0.95,125.0,100,True,20,PENDING,PENDING,PENDING,PENDING,PENDING,PENDING,weighted_pointwise_not_integer_ranked,not_applicable_to_weighted_quantile,1
C05,FD003,primary,13,C05_FD003_0cfbe6357863_seed_13,outputs/c05_final_bounded_0cfbe63,0cfbe6357863e5bffcf4b3223823d1323fd86b0a,9c1d792e662e378d8c99795993e7d7ecaffcaa1bbe21d144f6cc2849ce1ef497,19bacf049b035f3fd6cd97fce331fe7e92777d105dca931cb4b9edd3da68a1f9,2a4cdd5abacb272f8192cf69af16b20118301850945a97d7f8950ea7a9fbc222,mean,0.05,coverage,0.86,0.79,0.92,2000,0.95,125.0,100,True,20,PENDING,PENDING,PENDING,PENDING,PENDING,PENDING,weighted_pointwise_not_integer_ranked,not_applicable_to_weighted_quantile,1
C05,FD003,primary,13,C05_FD003_0cfbe6357863_seed_13,outputs/c05_final_bounded_0cfbe63,0cfbe6357863e5bffcf4b3223823d1323fd86b0a,9c1d792e662e378d8c99795993e7d7ecaffcaa1bbe21d144f6cc2849ce1ef497,19bacf049b035f3fd6cd97fce331fe7e92777d105dca931cb4b9edd3da68a1f9,2a4cdd5abacb272f8192cf69af16b20118301850945a97d7f8950ea7a9fbc222,mean,0.05,mean_width,126.65491183879088,126.65491183879088,126.65491183879088,2000,0.95,125.0,100,True,20,PENDING,PENDING,PENDING,PENDING,PENDING,PENDING,weighted_pointwise_not_integer_ranked,not_applicable_to_weighted_quantile,1
C05,FD003,primary,13,C05_FD003_0cfbe6357863_seed_13,outputs/c05_final_bounded_0cfbe63,0cfbe6357863e5bffcf4b3223823d1323fd86b0a,9c1d792e662e378d8c99795993e7d7ecaffcaa1bbe21d144f6cc2849ce1ef497,19bacf049b035f3fd6cd97fce331fe7e92777d105dca931cb4b9edd3da68a1f9,2a4cdd5abacb272f8192cf69af16b20118301850945a97d7f8950ea7a9fbc222,mean,0.05,normalized_interval_score,1.4484392947103275,1.2244392947103273,1.7141192947103276,2000,0.95,125.0,100,True,20,PENDING,PENDING,PENDING,PENDING,PENDING,PENDING,weighted_pointwise_not_integer_ranked,not_applicable_to_weighted_quantile,1
C05,FD003,primary,13,C05_FD003_0cfbe6357863_seed_13,outputs/c05_final_bounded_0cfbe63,0cfbe6357863e5bffcf4b3223823d1323fd86b0a,9c1d792e662e378d8c99795993e7d7ecaffcaa1bbe21d144f6cc2849ce1ef497,19bacf049b035f3fd6cd97fce331fe7e92777d105dca931cb4b9edd3da68a1f9,2a4cdd5abacb272f8192cf69af16b20118301850945a97d7f8950ea7a9fbc222,ridge,0.1,coverage,0.73,0.64,0.82,2000,0.95,125.0,100,True,20,PENDING,PENDING,PENDING,PENDING,PENDING,PENDING,weighted_pointwise_not_integer_ranked,not_applicable_to_weighted_quantile,2
C05,FD003,primary,13,C05_FD003_0cfbe6357863_seed_13,outputs/c05_final_bounded_0cfbe63,0cfbe6357863e5bffcf4b3223823d1323fd86b0a,9c1d792e662e378d8c99795993e7d7ecaffcaa1bbe21d144f6cc2849ce1ef497,19bacf049b035f3fd6cd97fce331fe7e92777d105dca931cb4b9edd3da68a1f9,2a4cdd5abacb272f8192cf69af16b20118301850945a97d7f8950ea7a9fbc222,ridge,0.1,mean_width,77.10328649453919,76.78842234429014,77.41815064478826,2000,0.95,125.0,100,True,20,PENDING,PENDING,PENDING,PENDING,PENDING,PENDING,weighted_pointwise_not_integer_ranked,not_applicable_to_weighted_quantile,2
C05,FD003,primary,13,C05_FD003_0cfbe6357863_seed_13,outputs/c05_final_bounded_0cfbe63,0cfbe6357863e5bffcf4b3223823d1323fd86b0a,9c1d792e662e378d8c99795993e7d7ecaffcaa1bbe21d144f6cc2849ce1ef497,19bacf049b035f3fd6cd97fce331fe7e92777d105dca931cb4b9edd3da68a1f9,2a4cdd5abacb272f8192cf69af16b20118301850945a97d7f8950ea7a9fbc222,ridge,0.1,normalized_interval_score,2.319479301006222,1.6260191427213508,3.098289814176779,2000,0.95,125.0,100,True,20,PENDING,PENDING,PENDING,PENDING,PENDING,PENDING,weighted_pointwise_not_integer_ranked,not_applicable_to_weighted_quantile,2
C05,FD003,primary,13,C05_FD003_0cfbe6357863_seed_13,outputs/c05_final_bounded_0cfbe63,0cfbe6357863e5bffcf4b3223823d1323fd86b0a,9c1d792e662e378d8c99795993e7d7ecaffcaa1bbe21d144f6cc2849ce1ef497,19bacf049b035f3fd6cd97fce331fe7e92777d105dca931cb4b9edd3da68a1f9,2a4cdd5abacb272f8192cf69af16b20118301850945a97d7f8950ea7a9fbc222,ridge,0.05,coverage,0.73,0.64,0.82,2000,0.95,125.0,100,True,20,PENDING,PENDING,PENDING,PENDING,PENDING,PENDING,weighted_pointwise_not_integer_ranked,not_applicable_to_weighted_quantile,1
C05,FD003,primary,13,C05_FD003_0cfbe6357863_seed_13,outputs/c05_final_bounded_0cfbe63,0cfbe6357863e5bffcf4b3223823d1323fd86b0a,9c1d792e662e378d8c99795993e7d7ecaffcaa1bbe21d144f6cc2849ce1ef497,19bacf049b035f3fd6cd97fce331fe7e92777d105dca931cb4b9edd3da68a1f9,2a4cdd5abacb272f8192cf69af16b20118301850945a97d7f8950ea7a9fbc222,ridge,0.05,mean_width,77.85108885138072,77.85108885138072,77.85108885138072,2000,0.95,125.0,100,True,20,PENDING,PENDING,PENDING,PENDING,PENDING,PENDING,weighted_pointwise_not_integer_ranked,not_applicable_to_weighted_quantile,1
C05,FD003,primary,13,C05_FD003_0cfbe6357863_seed_13,outputs/c05_final_bounded_0cfbe63,0cfbe6357863e5bffcf4b3223823d1323fd86b0a,9c1d792e662e378d8c99795993e7d7ecaffcaa1bbe21d144f6cc2849ce1ef497,19bacf049b035f3fd6cd97fce331fe7e92777d105dca931cb4b9edd3da68a1f9,2a4cdd5abacb272f8192cf69af16b20118301850945a97d7f8950ea7a9fbc222,ridge,0.05,normalized_interval_score,4.015520162900899,2.6326468416948976,5.570967022835571,2000,0.95,125.0,100,True,20,PENDING,PENDING,PENDING,PENDING,PENDING,PENDING,weighted_pointwise_not_integer_ranked,not_applicable_to_weighted_quantile,1
C05,FD003,primary,13,C05_FD003_0cfbe6357863_seed_13,outputs/c05_final_bounded_0cfbe63,0cfbe6357863e5bffcf4b3223823d1323fd86b0a,9c1d792e662e378d8c99795993e7d7ecaffcaa1bbe21d144f6cc2849ce1ef497,19bacf049b035f3fd6cd97fce331fe7e92777d105dca931cb4b9edd3da68a1f9,2a4cdd5abacb272f8192cf69af16b20118301850945a97d7f8950ea7a9fbc222,hist_gradient_boosting,0.1,coverage,0.93,0.88,0.98,2000,0.95,125.0,100,True,20,PENDING,PENDING,PENDING,PENDING,PENDING,PENDING,weighted_pointwise_not_integer_ranked,not_applicable_to_weighted_quantile,2
C05,FD003,primary,13,C05_FD003_0cfbe6357863_seed_13,outputs/c05_final_bounded_0cfbe63,0cfbe6357863e5bffcf4b3223823d1323fd86b0a,9c1d792e662e378d8c99795993e7d7ecaffcaa1bbe21d144f6cc2849ce1ef497,19bacf049b035f3fd6cd97fce331fe7e92777d105dca931cb4b9edd3da68a1f9,2a4cdd5abacb272f8192cf69af16b20118301850945a97d7f8950ea7a9fbc222,hist_gradient_boosting,0.1,mean_width,81.60472819601564,81.41545228487138,81.79400410715992,2000,0.95,125.0,100,True,20,PENDING,PENDING,PENDING,PENDING,PENDING,PENDING,weighted_pointwise_not_integer_ranked,not_applicable_to_weighted_quantile,2
C05,FD003,primary,13,C05_FD003_0cfbe6357863_seed_13,outputs/c05_final_bounded_0cfbe63,0cfbe6357863e5bffcf4b3223823d1323fd86b0a,9c1d792e662e378d8c99795993e7d7ecaffcaa1bbe21d144f6cc2849ce1ef497,19bacf049b035f3fd6cd97fce331fe7e92777d105dca931cb4b9edd3da68a1f9,2a4cdd5abacb272f8192cf69af16b20118301850945a97d7f8950ea7a9fbc222,hist_gradient_boosting,0.1,normalized_interval_score,0.7515928365483147,0.6780212509417377,0.8462164691965463,2000,0.95,125.0,100,True,20,PENDING,PENDING,PENDING,PENDING,PENDING,PENDING,weighted_pointwise_not_integer_ranked,not_applicable_to_weighted_quantile,2
C05,FD003,primary,13,C05_FD003_0cfbe6357863_seed_13,outputs/c05_final_bounded_0cfbe63,0cfbe6357863e5bffcf4b3223823d1323fd86b0a,9c1d792e662e378d8c99795993e7d7ecaffcaa1bbe21d144f6cc2849ce1ef497,19bacf049b035f3fd6cd97fce331fe7e92777d105dca931cb4b9edd3da68a1f9,2a4cdd5abacb272f8192cf69af16b20118301850945a97d7f8950ea7a9fbc222,hist_gradient_boosting,0.05,coverage,0.93,0.88,0.98,2000,0.95,125.0,100,True,20,PENDING,PENDING,PENDING,PENDING,PENDING,PENDING,weighted_pointwise_not_integer_ranked,not_applicable_to_weighted_quantile,1
C05,FD003,primary,13,C05_FD003_0cfbe6357863_seed_13,outputs/c05_final_bounded_0cfbe63,0cfbe6357863e5bffcf4b3223823d1323fd86b0a,9c1d792e662e378d8c99795993e7d7ecaffcaa1bbe21d144f6cc2849ce1ef497,19bacf049b035f3fd6cd97fce331fe7e92777d105dca931cb4b9edd3da68a1f9,2a4cdd5abacb272f8192cf69af16b20118301850945a97d7f8950ea7a9fbc222,hist_gradient_boosting,0.05,mean_width,82.05425848498331,82.0542584849833,82.05425848498331,2000,0.95,125.0,100,True,20,PENDING,PENDING,PENDING,PENDING,PENDING,PENDING,weighted_pointwise_not_integer_ranked,not_applicable_to_weighted_quantile,1
C05,FD003,primary,13,C05_FD003_0cfbe6357863_seed_13,outputs/c05_final_bounded_0cfbe63,0cfbe6357863e5bffcf4b3223823d1323fd86b0a,9c1d792e662e378d8c99795993e7d7ecaffcaa1bbe21d144f6cc2849ce1ef497,19bacf049b035f3fd6cd97fce331fe7e92777d105dca931cb4b9edd3da68a1f9,2a4cdd5abacb272f8192cf69af16b20118301850945a97d7f8950ea7a9fbc222,hist_gradient_boosting,0.05,normalized_interval_score,0.8425875351715887,0.7005818267599611,1.0225813601239995,2000,0.95,125.0,100,True,20,PENDING,PENDING,PENDING,PENDING,PENDING,PENDING,weighted_pointwise_not_integer_ranked,not_applicable_to_weighted_quantile,1
C05,FD003,primary,37,C05_FD003_0cfbe6357863_seed_37,outputs/c05_final_bounded_0cfbe63,0cfbe6357863e5bffcf4b3223823d1323fd86b0a,60882fe97a3f29d6b2a2067e4ebbaa3ff993a5bb00b5d52872a73d2045c22fce,ce44c11ad7ccb955efc04f28bff1939702494f687e3c7ca2b5e31cc588ee2a81,c94992a374183d4462077ac486200913e237c834e76e6e651029b90ef9a94210,mean,0.1,coverage,0.84,0.76,0.91,2000,0.95,125.0,100,True,20,PENDING,PENDING,PENDING,PENDING,PENDING,PENDING,weighted_pointwise_not_integer_ranked,not_applicable_to_weighted_quantile,1
C05,FD003,primary,37,C05_FD003_0cfbe6357863_seed_37,outputs/c05_final_bounded_0cfbe63,0cfbe6357863e5bffcf4b3223823d1323fd86b0a,60882fe97a3f29d6b2a2067e4ebbaa3ff993a5bb00b5d52872a73d2045c22fce,ce44c11ad7ccb955efc04f28bff1939702494f687e3c7ca2b5e31cc588ee2a81,c94992a374183d4462077ac486200913e237c834e76e6e651029b90ef9a94210,mean,0.1,mean_width,122.96426869938068,122.96426869938068,122.96426869938068,2000,0.95,125.0,100,True,20,PENDING,PENDING,PENDING,PENDING,PENDING,PENDING,weighted_pointwise_not_integer_ranked,not_applicable_to_weighted_quantile,1
C05,FD003,primary,37,C05_FD003_0cfbe6357863_seed_37,outputs/c05_final_bounded_0cfbe63,0cfbe6357863e5bffcf4b3223823d1323fd86b0a,60882fe97a3f29d6b2a2067e4ebbaa3ff993a5bb00b5d52872a73d2045c22fce,ce44c11ad7ccb955efc04f28bff1939702494f687e3c7ca2b5e31cc588ee2a81,c94992a374183d4462077ac486200913e237c834e76e6e651029b90ef9a94210,mean,0.1,normalized_interval_score,1.2989141495950456,1.1453141495950456,1.4605541495950447,2000,0.95,125.0,100,True,20,PENDING,PENDING,PENDING,PENDING,PENDING,PENDING,weighted_pointwise_not_integer_ranked,not_applicable_to_weighted_quantile,1
C05,FD003,primary,37,C05_FD003_0cfbe6357863_seed_37,outputs/c05_final_bounded_0cfbe63,0cfbe6357863e5bffcf4b3223823d1323fd86b0a,60882fe97a3f29d6b2a2067e4ebbaa3ff993a5bb00b5d52872a73d2045c22fce,ce44c11ad7ccb955efc04f28bff1939702494f687e3c7ca2b5e31cc588ee2a81,c94992a374183d4462077ac486200913e237c834e76e6e651029b90ef9a94210,mean,0.05,coverage,0.85,0.78,0.91,2000,0.95,125.0,100,True,20,PENDING,PENDING,PENDING,PENDING,PENDING,PENDING,weighted_pointwise_not_integer_ranked,not_applicable_to_weighted_quantile,1
C05,FD003,primary,37,C05_FD003_0cfbe6357863_seed_37,outputs/c05_final_bounded_0cfbe63,0cfbe6357863e5bffcf4b3223823d1323fd86b0a,60882fe97a3f29d6b2a2067e4ebbaa3ff993a5bb00b5d52872a73d2045c22fce,ce44c11ad7ccb955efc04f28bff1939702494f687e3c7ca2b5e31cc588ee2a81,c94992a374183d4462077ac486200913e237c834e76e6e651029b90ef9a94210,mean,0.05,mean_width,126.96426869938068,126.96426869938068,126.96426869938068,2000,0.95,125.0,100,True,20,PENDING,PENDING,PENDING,PENDING,PENDING,PENDING,weighted_pointwise_not_integer_ranked,not_applicable_to_weighted_quantile,1
C05,FD003,primary,37,C05_FD003_0cfbe6357863_seed_37,outputs/c05_final_bounded_0cfbe63,0cfbe6357863e5bffcf4b3223823d1323fd86b0a,60882fe97a3f29d6b2a2067e4ebbaa3ff993a5bb00b5d52872a73d2045c22fce,ce44c11ad7ccb955efc04f28bff1939702494f687e3c7ca2b5e31cc588ee2a81,c94992a374183d4462077ac486200913e237c834e76e6e651029b90ef9a94210,mean,0.05,normalized_interval_score,1.5469141495950451,1.2844341495950458,1.8285941495950446,2000,0.95,125.0,100,True,20,PENDING,PENDING,PENDING,PENDING,PENDING,PENDING,weighted_pointwise_not_integer_ranked,not_applicable_to_weighted_quantile,1
C05,FD003,primary,37,C05_FD003_0cfbe6357863_seed_37,outputs/c05_final_bounded_0cfbe63,0cfbe6357863e5bffcf4b3223823d1323fd86b0a,60882fe97a3f29d6b2a2067e4ebbaa3ff993a5bb00b5d52872a73d2045c22fce,ce44c11ad7ccb955efc04f28bff1939702494f687e3c7ca2b5e31cc588ee2a81,c94992a374183d4462077ac486200913e237c834e76e6e651029b90ef9a94210,ridge,0.1,coverage,0.68,0.59,0.77,2000,0.95,125.0,100,True,20,PENDING,PENDING,PENDING,PENDING,PENDING,PENDING,weighted_pointwise_not_integer_ranked,not_applicable_to_weighted_quantile,1
C05,FD003,primary,37,C05_FD003_0cfbe6357863_seed_37,outputs/c05_final_bounded_0cfbe63,0cfbe6357863e5bffcf4b3223823d1323fd86b0a,60882fe97a3f29d6b2a2067e4ebbaa3ff993a5bb00b5d52872a73d2045c22fce,ce44c11ad7ccb955efc04f28bff1939702494f687e3c7ca2b5e31cc588ee2a81,c94992a374183d4462077ac486200913e237c834e76e6e651029b90ef9a94210,ridge,0.1,mean_width,73.07232912978932,73.07232912978932,73.07232912978934,2000,0.95,125.0,100,True,20,PENDING,PENDING,PENDING,PENDING,PENDING,PENDING,weighted_pointwise_not_integer_ranked,not_applicable_to_weighted_quantile,1
C05,FD003,primary,37,C05_FD003_0cfbe6357863_seed_37,outputs/c05_final_bounded_0cfbe63,0cfbe6357863e5bffcf4b3223823d1323fd86b0a,60882fe97a3f29d6b2a2067e4ebbaa3ff993a5bb00b5d52872a73d2045c22fce,ce44c11ad7ccb955efc04f28bff1939702494f687e3c7ca2b5e31cc588ee2a81,c94992a374183d4462077ac486200913e237c834e76e6e651029b90ef9a94210,ridge,0.1,normalized_interval_score,2.48905939969842,1.7584435854296505,3.298444447307827,2000,0.95,125.0,100,True,20,PENDING,PENDING,PENDING,PENDING,PENDING,PENDING,weighted_pointwise_not_integer_ranked,not_applicable_to_weighted_quantile,1
C05,FD003,primary,37,C05_FD003_0cfbe6357863_seed_37,outputs/c05_final_bounded_0cfbe63,0cfbe6357863e5bffcf4b3223823d1323fd86b0a,60882fe97a3f29d6b2a2067e4ebbaa3ff993a5bb00b5d52872a73d2045c22fce,ce44c11ad7ccb955efc04f28bff1939702494f687e3c7ca2b5e31cc588ee2a81,c94992a374183d4462077ac486200913e237c834e76e6e651029b90ef9a94210,ridge,0.05,coverage,0.68,0.59,0.77,2000,0.95,125.0,100,True,20,PENDING,PENDING,PENDING,PENDING,PENDING,PENDING,weighted_pointwise_not_integer_ranked,not_applicable_to_weighted_quantile,1
C05,FD003,primary,37,C05_FD003_0cfbe6357863_seed_37,outputs/c05_final_bounded_0cfbe63,0cfbe6357863e5bffcf4b3223823d1323fd86b0a,60882fe97a3f29d6b2a2067e4ebbaa3ff993a5bb00b5d52872a73d2045c22fce,ce44c11ad7ccb955efc04f28bff1939702494f687e3c7ca2b5e31cc588ee2a81,c94992a374183d4462077ac486200913e237c834e76e6e651029b90ef9a94210,ridge,0.05,mean_width,73.95922539154499,73.95922539154499,73.959225391545,2000,0.95,125.0,100,True,20,PENDING,PENDING,PENDING,PENDING,PENDING,PENDING,weighted_pointwise_not_integer_ranked,not_applicable_to_weighted_quantile,1
C05,FD003,primary,37,C05_FD003_0cfbe6357863_seed_37,outputs/c05_final_bounded_0cfbe63,0cfbe6357863e5bffcf4b3223823d1323fd86b0a,60882fe97a3f29d6b2a2067e4ebbaa3ff993a5bb00b5d52872a73d2045c22fce,ce44c11ad7ccb955efc04f28bff1939702494f687e3c7ca2b5e31cc588ee2a81,c94992a374183d4462077ac486200913e237c834e76e6e651029b90ef9a94210,ridge,0.05,normalized_interval_score,4.355226247850682,2.9004963186821633,5.971126710760694,2000,0.95,125.0,100,True,20,PENDING,PENDING,PENDING,PENDING,PENDING,PENDING,weighted_pointwise_not_integer_ranked,not_applicable_to_weighted_quantile,1
C05,FD003,primary,37,C05_FD003_0cfbe6357863_seed_37,outputs/c05_final_bounded_0cfbe63,0cfbe6357863e5bffcf4b3223823d1323fd86b0a,60882fe97a3f29d6b2a2067e4ebbaa3ff993a5bb00b5d52872a73d2045c22fce,ce44c11ad7ccb955efc04f28bff1939702494f687e3c7ca2b5e31cc588ee2a81,c94992a374183d4462077ac486200913e237c834e76e6e651029b90ef9a94210,hist_gradient_boosting,0.1,coverage,0.82,0.74,0.89,2000,0.95,125.0,100,True,20,PENDING,PENDING,PENDING,PENDING,PENDING,PENDING,weighted_pointwise_not_integer_ranked,not_applicable_to_weighted_quantile,1
C05,FD003,primary,37,C05_FD003_0cfbe6357863_seed_37,outputs/c05_final_bounded_0cfbe63,0cfbe6357863e5bffcf4b3223823d1323fd86b0a,60882fe97a3f29d6b2a2067e4ebbaa3ff993a5bb00b5d52872a73d2045c22fce,ce44c11ad7ccb955efc04f28bff1939702494f687e3c7ca2b5e31cc588ee2a81,c94992a374183d4462077ac486200913e237c834e76e6e651029b90ef9a94210,hist_gradient_boosting,0.1,mean_width,68.0825716839339,68.0825716839339,68.0825716839339,2000,0.95,125.0,100,True,20,PENDING,PENDING,PENDING,PENDING,PENDING,PENDING,weighted_pointwise_not_integer_ranked,not_applicable_to_weighted_quantile,1
C05,FD003,primary,37,C05_FD003_0cfbe6357863_seed_37,outputs/c05_final_bounded_0cfbe63,0cfbe6357863e5bffcf4b3223823d1323fd86b0a,60882fe97a3f29d6b2a2067e4ebbaa3ff993a5bb00b5d52872a73d2045c22fce,ce44c11ad7ccb955efc04f28bff1939702494f687e3c7ca2b5e31cc588ee2a81,c94992a374183d4462077ac486200913e237c834e76e6e651029b90ef9a94210,hist_gradient_boosting,0.1,normalized_interval_score,0.7218588149469325,0.6230192646689131,0.8363252881508182,2000,0.95,125.0,100,True,20,PENDING,PENDING,PENDING,PENDING,PENDING,PENDING,weighted_pointwise_not_integer_ranked,not_applicable_to_weighted_quantile,1
C05,FD003,primary,37,C05_FD003_0cfbe6357863_seed_37,outputs/c05_final_bounded_0cfbe63,0cfbe6357863e5bffcf4b3223823d1323fd86b0a,60882fe97a3f29d6b2a2067e4ebbaa3ff993a5bb00b5d52872a73d2045c22fce,ce44c11ad7ccb955efc04f28bff1939702494f687e3c7ca2b5e31cc588ee2a81,c94992a374183d4462077ac486200913e237c834e76e6e651029b90ef9a94210,hist_gradient_boosting,0.05,coverage,0.87,0.8,0.93,2000,0.95,125.0,100,True,20,PENDING,PENDING,PENDING,PENDING,PENDING,PENDING,weighted_pointwise_not_integer_ranked,not_applicable_to_weighted_quantile,1
C05,FD003,primary,37,C05_FD003_0cfbe6357863_seed_37,outputs/c05_final_bounded_0cfbe63,0cfbe6357863e5bffcf4b3223823d1323fd86b0a,60882fe97a3f29d6b2a2067e4ebbaa3ff993a5bb00b5d52872a73d2045c22fce,ce44c11ad7ccb955efc04f28bff1939702494f687e3c7ca2b5e31cc588ee2a81,c94992a374183d4462077ac486200913e237c834e76e6e651029b90ef9a94210,hist_gradient_boosting,0.05,mean_width,71.73080476107296,71.73080476107295,71.73080476107296,2000,0.95,125.0,100,True,20,PENDING,PENDING,PENDING,PENDING,PENDING,PENDING,weighted_pointwise_not_integer_ranked,not_applicable_to_weighted_quantile,1
C05,FD003,primary,37,C05_FD003_0cfbe6357863_seed_37,outputs/c05_final_bounded_0cfbe63,0cfbe6357863e5bffcf4b3223823d1323fd86b0a,60882fe97a3f29d6b2a2067e4ebbaa3ff993a5bb00b5d52872a73d2045c22fce,ce44c11ad7ccb955efc04f28bff1939702494f687e3c7ca2b5e31cc588ee2a81,c94992a374183d4462077ac486200913e237c834e76e6e651029b90ef9a94210,hist_gradient_boosting,0.05,normalized_interval_score,0.8426589425227787,0.6741095758488233,1.0416145819336062,2000,0.95,125.0,100,True,20,PENDING,PENDING,PENDING,PENDING,PENDING,PENDING,weighted_pointwise_not_integer_ranked,not_applicable_to_weighted_quantile,1
C05,FD003,primary,73,C05_FD003_0cfbe6357863_seed_73,outputs/c05_final_bounded_0cfbe63,0cfbe6357863e5bffcf4b3223823d1323fd86b0a,2e997dcc66a0d456dfc1ac9131ab7917bf2a897f53d564aba60576512fb35537,350d97ece8c8da163930588f72a93373d6cf04b9860844e2da57f485b0c0d647,37211b4a5991690139974d2a0cd8f491c5489e7644bb9836ffc9ddab558ee11d,mean,0.1,coverage,0.84,0.76,0.91,2000,0.95,125.0,100,True,20,PENDING,PENDING,PENDING,PENDING,PENDING,PENDING,weighted_pointwise_not_integer_ranked,not_applicable_to_weighted_quantile,1
C05,FD003,primary,73,C05_FD003_0cfbe6357863_seed_73,outputs/c05_final_bounded_0cfbe63,0cfbe6357863e5bffcf4b3223823d1323fd86b0a,2e997dcc66a0d456dfc1ac9131ab7917bf2a897f53d564aba60576512fb35537,350d97ece8c8da163930588f72a93373d6cf04b9860844e2da57f485b0c0d647,37211b4a5991690139974d2a0cd8f491c5489e7644bb9836ffc9ddab558ee11d,mean,0.1,mean_width,121.0831841119974,121.0831841119974,121.0831841119974,2000,0.95,125.0,100,True,20,PENDING,PENDING,PENDING,PENDING,PENDING,PENDING,weighted_pointwise_not_integer_ranked,not_applicable_to_weighted_quantile,1
C05,FD003,primary,73,C05_FD003_0cfbe6357863_seed_73,outputs/c05_final_bounded_0cfbe63,0cfbe6357863e5bffcf4b3223823d1323fd86b0a,2e997dcc66a0d456dfc1ac9131ab7917bf2a897f53d564aba60576512fb35537,350d97ece8c8da163930588f72a93373d6cf04b9860844e2da57f485b0c0d647,37211b4a5991690139974d2a0cd8f491c5489e7644bb9836ffc9ddab558ee11d,mean,0.1,normalized_interval_score,1.283865472895979,1.1398654728959792,1.4566654728959794,2000,0.95,125.0,100,True,20,PENDING,PENDING,PENDING,PENDING,PENDING,PENDING,weighted_pointwise_not_integer_ranked,not_applicable_to_weighted_quantile,1
C05,FD003,primary,73,C05_FD003_0cfbe6357863_seed_73,outputs/c05_final_bounded_0cfbe63,0cfbe6357863e5bffcf4b3223823d1323fd86b0a,2e997dcc66a0d456dfc1ac9131ab7917bf2a897f53d564aba60576512fb35537,350d97ece8c8da163930588f72a93373d6cf04b9860844e2da57f485b0c0d647,37211b4a5991690139974d2a0cd8f491c5489e7644bb9836ffc9ddab558ee11d,mean,0.05,coverage,0.87,0.8,0.93,2000,0.95,125.0,100,True,20,PENDING,PENDING,PENDING,PENDING,PENDING,PENDING,weighted_pointwise_not_integer_ranked,not_applicable_to_weighted_quantile,1
C05,FD003,primary,73,C05_FD003_0cfbe6357863_seed_73,outputs/c05_final_bounded_0cfbe63,0cfbe6357863e5bffcf4b3223823d1323fd86b0a,2e997dcc66a0d456dfc1ac9131ab7917bf2a897f53d564aba60576512fb35537,350d97ece8c8da163930588f72a93373d6cf04b9860844e2da57f485b0c0d647,37211b4a5991690139974d2a0cd8f491c5489e7644bb9836ffc9ddab558ee11d,mean,0.05,mean_width,135.08318411199738,135.08318411199738,135.08318411199738,2000,0.95,125.0,100,True,20,PENDING,PENDING,PENDING,PENDING,PENDING,PENDING,weighted_pointwise_not_integer_ranked,not_applicable_to_weighted_quantile,1
C05,FD003,primary,73,C05_FD003_0cfbe6357863_seed_73,outputs/c05_final_bounded_0cfbe63,0cfbe6357863e5bffcf4b3223823d1323fd86b0a,2e997dcc66a0d456dfc1ac9131ab7917bf2a897f53d564aba60576512fb35537,350d97ece8c8da163930588f72a93373d6cf04b9860844e2da57f485b0c0d647,37211b4a5991690139974d2a0cd8f491c5489e7644bb9836ffc9ddab558ee11d,mean,0.05,normalized_interval_score,1.3846654728959789,1.218265472895979,1.5830654728959792,2000,0.95,125.0,100,True,20,PENDING,PENDING,PENDING,PENDING,PENDING,PENDING,weighted_pointwise_not_integer_ranked,not_applicable_to_weighted_quantile,1
C05,FD003,primary,73,C05_FD003_0cfbe6357863_seed_73,outputs/c05_final_bounded_0cfbe63,0cfbe6357863e5bffcf4b3223823d1323fd86b0a,2e997dcc66a0d456dfc1ac9131ab7917bf2a897f53d564aba60576512fb35537,350d97ece8c8da163930588f72a93373d6cf04b9860844e2da57f485b0c0d647,37211b4a5991690139974d2a0cd8f491c5489e7644bb9836ffc9ddab558ee11d,ridge,0.1,coverage,0.64,0.55,0.73,2000,0.95,125.0,100,True,20,PENDING,PENDING,PENDING,PENDING,PENDING,PENDING,weighted_pointwise_not_integer_ranked,not_applicable_to_weighted_quantile,1
C05,FD003,primary,73,C05_FD003_0cfbe6357863_seed_73,outputs/c05_final_bounded_0cfbe63,0cfbe6357863e5bffcf4b3223823d1323fd86b0a,2e997dcc66a0d456dfc1ac9131ab7917bf2a897f53d564aba60576512fb35537,350d97ece8c8da163930588f72a93373d6cf04b9860844e2da57f485b0c0d647,37211b4a5991690139974d2a0cd8f491c5489e7644bb9836ffc9ddab558ee11d,ridge,0.1,mean_width,63.42192282041391,63.421922820413904,63.42192282041391,2000,0.95,125.0,100,True,20,PENDING,PENDING,PENDING,PENDING,PENDING,PENDING,weighted_pointwise_not_integer_ranked,not_applicable_to_weighted_quantile,1
C05,FD003,primary,73,C05_FD003_0cfbe6357863_seed_73,outputs/c05_final_bounded_0cfbe63,0cfbe6357863e5bffcf4b3223823d1323fd86b0a,2e997dcc66a0d456dfc1ac9131ab7917bf2a897f53d564aba60576512fb35537,350d97ece8c8da163930588f72a93373d6cf04b9860844e2da57f485b0c0d647,37211b4a5991690139974d2a0cd8f491c5489e7644bb9836ffc9ddab558ee11d,ridge,0.1,normalized_interval_score,2.8464547475300948,2.0799310937637023,3.72443666443004,2000,0.95,125.0,100,True,20,PENDING,PENDING,PENDING,PENDING,PENDING,PENDING,weighted_pointwise_not_integer_ranked,not_applicable_to_weighted_quantile,1
C05,FD003,primary,73,C05_FD003_0cfbe6357863_seed_73,outputs/c05_final_bounded_0cfbe63,0cfbe6357863e5bffcf4b3223823d1323fd86b0a,2e997dcc66a0d456dfc1ac9131ab7917bf2a897f53d564aba60576512fb35537,350d97ece8c8da163930588f72a93373d6cf04b9860844e2da57f485b0c0d647,37211b4a5991690139974d2a0cd8f491c5489e7644bb9836ffc9ddab558ee11d,ridge,0.05,coverage,0.66,0.57,0.75,2000,0.95,125.0,100,True,20,PENDING,PENDING,PENDING,PENDING,PENDING,PENDING,weighted_pointwise_not_integer_ranked,not_applicable_to_weighted_quantile,1
C05,FD003,primary,73,C05_FD003_0cfbe6357863_seed_73,outputs/c05_final_bounded_0cfbe63,0cfbe6357863e5bffcf4b3223823d1323fd86b0a,2e997dcc66a0d456dfc1ac9131ab7917bf2a897f53d564aba60576512fb35537,350d97ece8c8da163930588f72a93373d6cf04b9860844e2da57f485b0c0d647,37211b4a5991690139974d2a0cd8f491c5489e7644bb9836ffc9ddab558ee11d,ridge,0.05,mean_width,67.943308082884,67.943308082884,67.943308082884,2000,0.95,125.0,100,True,20,PENDING,PENDING,PENDING,PENDING,PENDING,PENDING,weighted_pointwise_not_integer_ranked,not_applicable_to_weighted_quantile,1
C05,FD003,primary,73,C05_FD003_0cfbe6357863_seed_73,outputs/c05_final_bounded_0cfbe63,0cfbe6357863e5bffcf4b3223823d1323fd86b0a,2e997dcc66a0d456dfc1ac9131ab7917bf2a897f53d564aba60576512fb35537,350d97ece8c8da163930588f72a93373d6cf04b9860844e2da57f485b0c0d647,37211b4a5991690139974d2a0cd8f491c5489e7644bb9836ffc9ddab558ee11d,ridge,0.05,normalized_interval_score,4.969119072576306,3.4704538539561334,6.65249744042142,2000,0.95,125.0,100,True,20,PENDING,PENDING,PENDING,PENDING,PENDING,PENDING,weighted_pointwise_not_integer_ranked,not_applicable_to_weighted_quantile,1
C05,FD003,primary,73,C05_FD003_0cfbe6357863_seed_73,outputs/c05_final_bounded_0cfbe63,0cfbe6357863e5bffcf4b3223823d1323fd86b0a,2e997dcc66a0d456dfc1ac9131ab7917bf2a897f53d564aba60576512fb35537,350d97ece8c8da163930588f72a93373d6cf04b9860844e2da57f485b0c0d647,37211b4a5991690139974d2a0cd8f491c5489e7644bb9836ffc9ddab558ee11d,hist_gradient_boosting,0.1,coverage,0.83,0.75,0.9,2000,0.95,125.0,100,True,20,PENDING,PENDING,PENDING,PENDING,PENDING,PENDING,weighted_pointwise_not_integer_ranked,not_applicable_to_weighted_quantile,1
C05,FD003,primary,73,C05_FD003_0cfbe6357863_seed_73,outputs/c05_final_bounded_0cfbe63,0cfbe6357863e5bffcf4b3223823d1323fd86b0a,2e997dcc66a0d456dfc1ac9131ab7917bf2a897f53d564aba60576512fb35537,350d97ece8c8da163930588f72a93373d6cf04b9860844e2da57f485b0c0d647,37211b4a5991690139974d2a0cd8f491c5489e7644bb9836ffc9ddab558ee11d,hist_gradient_boosting,0.1,mean_width,67.23148014770779,67.23148014770779,67.23148014770779,2000,0.95,125.0,100,True,20,PENDING,PENDING,PENDING,PENDING,PENDING,PENDING,weighted_pointwise_not_integer_ranked,not_applicable_to_weighted_quantile,1
C05,FD003,primary,73,C05_FD003_0cfbe6357863_seed_73,outputs/c05_final_bounded_0cfbe63,0cfbe6357863e5bffcf4b3223823d1323fd86b0a,2e997dcc66a0d456dfc1ac9131ab7917bf2a897f53d564aba60576512fb35537,350d97ece8c8da163930588f72a93373d6cf04b9860844e2da57f485b0c0d647,37211b4a5991690139974d2a0cd8f491c5489e7644bb9836ffc9ddab558ee11d,hist_gradient_boosting,0.1,normalized_interval_score,0.7097525522094511,0.6219423147729695,0.8167172555148772,2000,0.95,125.0,100,True,20,PENDING,PENDING,PENDING,PENDING,PENDING,PENDING,weighted_pointwise_not_integer_ranked,not_applicable_to_weighted_quantile,1
C05,FD003,primary,73,C05_FD003_0cfbe6357863_seed_73,outputs/c05_final_bounded_0cfbe63,0cfbe6357863e5bffcf4b3223823d1323fd86b0a,2e997dcc66a0d456dfc1ac9131ab7917bf2a897f53d564aba60576512fb35537,350d97ece8c8da163930588f72a93373d6cf04b9860844e2da57f485b0c0d647,37211b4a5991690139974d2a0cd8f491c5489e7644bb9836ffc9ddab558ee11d,hist_gradient_boosting,0.05,coverage,0.98,0.95,1.0,2000,0.95,125.0,100,True,20,PENDING,PENDING,PENDING,PENDING,PENDING,PENDING,weighted_pointwise_not_integer_ranked,not_applicable_to_weighted_quantile,1
C05,FD003,primary,73,C05_FD003_0cfbe6357863_seed_73,outputs/c05_final_bounded_0cfbe63,0cfbe6357863e5bffcf4b3223823d1323fd86b0a,2e997dcc66a0d456dfc1ac9131ab7917bf2a897f53d564aba60576512fb35537,350d97ece8c8da163930588f72a93373d6cf04b9860844e2da57f485b0c0d647,37211b4a5991690139974d2a0cd8f491c5489e7644bb9836ffc9ddab558ee11d,hist_gradient_boosting,0.05,mean_width,96.57312661940556,96.57312661940556,96.57312661940556,2000,0.95,125.0,100,True,20,PENDING,PENDING,PENDING,PENDING,PENDING,PENDING,weighted_pointwise_not_integer_ranked,not_applicable_to_weighted_quantile,1
C05,FD003,primary,73,C05_FD003_0cfbe6357863_seed_73,outputs/c05_final_bounded_0cfbe63,0cfbe6357863e5bffcf4b3223823d1323fd86b0a,2e997dcc66a0d456dfc1ac9131ab7917bf2a897f53d564aba60576512fb35537,350d97ece8c8da163930588f72a93373d6cf04b9860844e2da57f485b0c0d647,37211b4a5991690139974d2a0cd8f491c5489e7644bb9836ffc9ddab558ee11d,hist_gradient_boosting,0.05,normalized_interval_score,0.7864243227289782,0.7725850129552444,0.8140023440414533,2000,0.95,125.0,100,True,20,PENDING,PENDING,PENDING,PENDING,PENDING,PENDING,weighted_pointwise_not_integer_ranked,not_applicable_to_weighted_quantile,1
C05,FD003,primary,101,C05_FD003_0cfbe6357863_seed_101,outputs/c05_final_bounded_0cfbe63,0cfbe6357863e5bffcf4b3223823d1323fd86b0a,b514239b17d8c782e8fc9717591c9d6b8130e7089f536fa1d841866d41866542,d2b9527195e831d90f7205bd10b850d8678e4e905b9917af63c2d43ef9f6fef1,f3e22720eca0168d56c8b6914d6b2c4655f85c9e5e06641fd8336a18ff9706de,mean,0.1,coverage,0.82,0.74,0.89,2000,0.95,125.0,100,True,20,PENDING,PENDING,PENDING,PENDING,PENDING,PENDING,weighted_pointwise_not_integer_ranked,not_applicable_to_weighted_quantile,1
C05,FD003,primary,101,C05_FD003_0cfbe6357863_seed_101,outputs/c05_final_bounded_0cfbe63,0cfbe6357863e5bffcf4b3223823d1323fd86b0a,b514239b17d8c782e8fc9717591c9d6b8130e7089f536fa1d841866d41866542,d2b9527195e831d90f7205bd10b850d8678e4e905b9917af63c2d43ef9f6fef1,f3e22720eca0168d56c8b6914d6b2c4655f85c9e5e06641fd8336a18ff9706de,mean,0.1,mean_width,117.46938775510208,117.46938775510208,117.46938775510208,2000,0.95,125.0,100,True,20,PENDING,PENDING,PENDING,PENDING,PENDING,PENDING,weighted_pointwise_not_integer_ranked,not_applicable_to_weighted_quantile,1
C05,FD003,primary,101,C05_FD003_0cfbe6357863_seed_101,outputs/c05_final_bounded_0cfbe63,0cfbe6357863e5bffcf4b3223823d1323fd86b0a,b514239b17d8c782e8fc9717591c9d6b8130e7089f536fa1d841866d41866542,d2b9527195e831d90f7205bd10b850d8678e4e905b9917af63c2d43ef9f6fef1,f3e22720eca0168d56c8b6914d6b2c4655f85c9e5e06641fd8336a18ff9706de,mean,0.1,normalized_interval_score,1.3093551020408165,1.1445151020408166,1.499795102040817,2000,0.95,125.0,100,True,20,PENDING,PENDING,PENDING,PENDING,PENDING,PENDING,weighted_pointwise_not_integer_ranked,not_applicable_to_weighted_quantile,1
C05,FD003,primary,101,C05_FD003_0cfbe6357863_seed_101,outputs/c05_final_bounded_0cfbe63,0cfbe6357863e5bffcf4b3223823d1323fd86b0a,b514239b17d8c782e8fc9717591c9d6b8130e7089f536fa1d841866d41866542,d2b9527195e831d90f7205bd10b850d8678e4e905b9917af63c2d43ef9f6fef1,f3e22720eca0168d56c8b6914d6b2c4655f85c9e5e06641fd8336a18ff9706de,mean,0.05,coverage,0.85,0.78,0.91,2000,0.95,125.0,100,True,20,PENDING,PENDING,PENDING,PENDING,PENDING,PENDING,weighted_pointwise_not_integer_ranked,not_applicable_to_weighted_quantile,1
C05,FD003,primary,101,C05_FD003_0cfbe6357863_seed_101,outputs/c05_final_bounded_0cfbe63,0cfbe6357863e5bffcf4b3223823d1323fd86b0a,b514239b17d8c782e8fc9717591c9d6b8130e7089f536fa1d841866d41866542,d2b9527195e831d90f7205bd10b850d8678e4e905b9917af63c2d43ef9f6fef1,f3e22720eca0168d56c8b6914d6b2c4655f85c9e5e06641fd8336a18ff9706de,mean,0.05,mean_width,127.46938775510208,127.46938775510208,127.46938775510208,2000,0.95,125.0,100,True,20,PENDING,PENDING,PENDING,PENDING,PENDING,PENDING,weighted_pointwise_not_integer_ranked,not_applicable_to_weighted_quantile,1
C05,FD003,primary,101,C05_FD003_0cfbe6357863_seed_101,outputs/c05_final_bounded_0cfbe63,0cfbe6357863e5bffcf4b3223823d1323fd86b0a,b514239b17d8c782e8fc9717591c9d6b8130e7089f536fa1d841866d41866542,d2b9527195e831d90f7205bd10b850d8678e4e905b9917af63c2d43ef9f6fef1,f3e22720eca0168d56c8b6914d6b2c4655f85c9e5e06641fd8336a18ff9706de,mean,0.05,normalized_interval_score,1.5029551020408172,1.2724751020408167,1.778155102040817,2000,0.95,125.0,100,True,20,PENDING,PENDING,PENDING,PENDING,PENDING,PENDING,weighted_pointwise_not_integer_ranked,not_applicable_to_weighted_quantile,1
C05,FD003,primary,101,C05_FD003_0cfbe6357863_seed_101,outputs/c05_final_bounded_0cfbe63,0cfbe6357863e5bffcf4b3223823d1323fd86b0a,b514239b17d8c782e8fc9717591c9d6b8130e7089f536fa1d841866d41866542,d2b9527195e831d90f7205bd10b850d8678e4e905b9917af63c2d43ef9f6fef1,f3e22720eca0168d56c8b6914d6b2c4655f85c9e5e06641fd8336a18ff9706de,ridge,0.1,coverage,0.76,0.67,0.84,2000,0.95,125.0,100,True,20,PENDING,PENDING,PENDING,PENDING,PENDING,PENDING,weighted_pointwise_not_integer_ranked,not_applicable_to_weighted_quantile,1
C05,FD003,primary,101,C05_FD003_0cfbe6357863_seed_101,outputs/c05_final_bounded_0cfbe63,0cfbe6357863e5bffcf4b3223823d1323fd86b0a,b514239b17d8c782e8fc9717591c9d6b8130e7089f536fa1d841866d41866542,d2b9527195e831d90f7205bd10b850d8678e4e905b9917af63c2d43ef9f6fef1,f3e22720eca0168d56c8b6914d6b2c4655f85c9e5e06641fd8336a18ff9706de,ridge,0.1,mean_width,99.27901279576177,99.27901279576177,99.27901279576177,2000,0.95,125.0,100,True,20,PENDING,PENDING,PENDING,PENDING,PENDING,PENDING,weighted_pointwise_not_integer_ranked,not_applicable_to_weighted_quantile,1
C05,FD003,primary,101,C05_FD003_0cfbe6357863_seed_101,outputs/c05_final_bounded_0cfbe63,0cfbe6357863e5bffcf4b3223823d1323fd86b0a,b514239b17d8c782e8fc9717591c9d6b8130e7089f536fa1d841866d41866542,d2b9527195e831d90f7205bd10b850d8678e4e905b9917af63c2d43ef9f6fef1,f3e22720eca0168d56c8b6914d6b2c4655f85c9e5e06641fd8336a18ff9706de,ridge,0.1,normalized_interval_score,2.4947828316839216,1.8638518560816306,3.1928180760253704,2000,0.95,125.0,100,True,20,PENDING,PENDING,PENDING,PENDING,PENDING,PENDING,weighted_pointwise_not_integer_ranked,not_applicable_to_weighted_quantile,1
C05,FD003,primary,101,C05_FD003_0cfbe6357863_seed_101,outputs/c05_final_bounded_0cfbe63,0cfbe6357863e5bffcf4b3223823d1323fd86b0a,b514239b17d8c782e8fc9717591c9d6b8130e7089f536fa1d841866d41866542,d2b9527195e831d90f7205bd10b850d8678e4e905b9917af63c2d43ef9f6fef1,f3e22720eca0168d56c8b6914d6b2c4655f85c9e5e06641fd8336a18ff9706de,ridge,0.05,coverage,0.76,0.67,0.84,2000,0.95,125.0,100,True,20,PENDING,PENDING,PENDING,PENDING,PENDING,PENDING,weighted_pointwise_not_integer_ranked,not_applicable_to_weighted_quantile,1
C05,FD003,primary,101,C05_FD003_0cfbe6357863_seed_101,outputs/c05_final_bounded_0cfbe63,0cfbe6357863e5bffcf4b3223823d1323fd86b0a,b514239b17d8c782e8fc9717591c9d6b8130e7089f536fa1d841866d41866542,d2b9527195e831d90f7205bd10b850d8678e4e905b9917af63c2d43ef9f6fef1,f3e22720eca0168d56c8b6914d6b2c4655f85c9e5e06641fd8336a18ff9706de,ridge,0.05,mean_width,102.88065205539169,102.88065205539169,102.88065205539169,2000,0.95,125.0,100,True,20,PENDING,PENDING,PENDING,PENDING,PENDING,PENDING,weighted_pointwise_not_integer_ranked,not_applicable_to_weighted_quantile,1
C05,FD003,primary,101,C05_FD003_0cfbe6357863_seed_101,outputs/c05_final_bounded_0cfbe63,0cfbe6357863e5bffcf4b3223823d1323fd86b0a,b514239b17d8c782e8fc9717591c9d6b8130e7089f536fa1d841866d41866542,d2b9527195e831d90f7205bd10b850d8678e4e905b9917af63c2d43ef9f6fef1,f3e22720eca0168d56c8b6914d6b2c4655f85c9e5e06641fd8336a18ff9706de,ridge,0.05,normalized_interval_score,4.085843727508998,2.8577027437281974,5.431060678531183,2000,0.95,125.0,100,True,20,PENDING,PENDING,PENDING,PENDING,PENDING,PENDING,weighted_pointwise_not_integer_ranked,not_applicable_to_weighted_quantile,1
C05,FD003,primary,101,C05_FD003_0cfbe6357863_seed_101,outputs/c05_final_bounded_0cfbe63,0cfbe6357863e5bffcf4b3223823d1323fd86b0a,b514239b17d8c782e8fc9717591c9d6b8130e7089f536fa1d841866d41866542,d2b9527195e831d90f7205bd10b850d8678e4e905b9917af63c2d43ef9f6fef1,f3e22720eca0168d56c8b6914d6b2c4655f85c9e5e06641fd8336a18ff9706de,hist_gradient_boosting,0.1,coverage,0.89,0.8297500000000004,0.95,2000,0.95,125.0,100,True,20,PENDING,PENDING,PENDING,PENDING,PENDING,PENDING,weighted_pointwise_not_integer_ranked,not_applicable_to_weighted_quantile,1
C05,FD003,primary,101,C05_FD003_0cfbe6357863_seed_101,outputs/c05_final_bounded_0cfbe63,0cfbe6357863e5bffcf4b3223823d1323fd86b0a,b514239b17d8c782e8fc9717591c9d6b8130e7089f536fa1d841866d41866542,d2b9527195e831d90f7205bd10b850d8678e4e905b9917af63c2d43ef9f6fef1,f3e22720eca0168d56c8b6914d6b2c4655f85c9e5e06641fd8336a18ff9706de,hist_gradient_boosting,0.1,mean_width,77.58209534003434,77.58209534003434,77.58209534003434,2000,0.95,125.0,100,True,20,PENDING,PENDING,PENDING,PENDING,PENDING,PENDING,weighted_pointwise_not_integer_ranked,not_applicable_to_weighted_quantile,1
C05,FD003,primary,101,C05_FD003_0cfbe6357863_seed_101,outputs/c05_final_bounded_0cfbe63,0cfbe6357863e5bffcf4b3223823d1323fd86b0a,b514239b17d8c782e8fc9717591c9d6b8130e7089f536fa1d841866d41866542,d2b9527195e831d90f7205bd10b850d8678e4e905b9917af63c2d43ef9f6fef1,f3e22720eca0168d56c8b6914d6b2c4655f85c9e5e06641fd8336a18ff9706de,hist_gradient_boosting,0.1,normalized_interval_score,0.8589681302894534,0.7150790245900537,1.030982337754866,2000,0.95,125.0,100,True,20,PENDING,PENDING,PENDING,PENDING,PENDING,PENDING,weighted_pointwise_not_integer_ranked,not_applicable_to_weighted_quantile,1
C05,FD003,primary,101,C05_FD003_0cfbe6357863_seed_101,outputs/c05_final_bounded_0cfbe63,0cfbe6357863e5bffcf4b3223823d1323fd86b0a,b514239b17d8c782e8fc9717591c9d6b8130e7089f536fa1d841866d41866542,d2b9527195e831d90f7205bd10b850d8678e4e905b9917af63c2d43ef9f6fef1,f3e22720eca0168d56c8b6914d6b2c4655f85c9e5e06641fd8336a18ff9706de,hist_gradient_boosting,0.05,coverage,0.94,0.89,0.98,2000,0.95,125.0,100,True,20,PENDING,PENDING,PENDING,PENDING,PENDING,PENDING,weighted_pointwise_not_integer_ranked,not_applicable_to_weighted_quantile,1
C05,FD003,primary,101,C05_FD003_0cfbe6357863_seed_101,outputs/c05_final_bounded_0cfbe63,0cfbe6357863e5bffcf4b3223823d1323fd86b0a,b514239b17d8c782e8fc9717591c9d6b8130e7089f536fa1d841866d41866542,d2b9527195e831d90f7205bd10b850d8678e4e905b9917af63c2d43ef9f6fef1,f3e22720eca0168d56c8b6914d6b2c4655f85c9e5e06641fd8336a18ff9706de,hist_gradient_boosting,0.05,mean_width,96.5871753101742,96.5871753101742,96.5871753101742,2000,0.95,125.0,100,True,20,PENDING,PENDING,PENDING,PENDING,PENDING,PENDING,weighted_pointwise_not_integer_ranked,not_applicable_to_weighted_quantile,1
C05,FD003,primary,101,C05_FD003_0cfbe6357863_seed_101,outputs/c05_final_bounded_0cfbe63,0cfbe6357863e5bffcf4b3223823d1323fd86b0a,b514239b17d8c782e8fc9717591c9d6b8130e7089f536fa1d841866d41866542,d2b9527195e831d90f7205bd10b850d8678e4e905b9917af63c2d43ef9f6fef1,f3e22720eca0168d56c8b6914d6b2c4655f85c9e5e06641fd8336a18ff9706de,hist_gradient_boosting,0.05,normalized_interval_score,0.9696730613187846,0.8064349343969753,1.1849257962931388,2000,0.95,125.0,100,True,20,PENDING,PENDING,PENDING,PENDING,PENDING,PENDING,weighted_pointwise_not_integer_ranked,not_applicable_to_weighted_quantile,1
C05,FD003,primary,137,C05_FD003_0cfbe6357863_seed_137,outputs/c05_final_bounded_0cfbe63,0cfbe6357863e5bffcf4b3223823d1323fd86b0a,ca1794ba628bebb8ae304a79b285fc8165758b95665cb7568c0d758e008827b0,54b74b220e1f84df180f5c2c9ddd28dd0a3a4d59d98b85bd3462e13f06dfc8c7,8637e9f98b9091da48937bc8e295bfcf79f784c0ca8a6f36f5792e3f070c146c,mean,0.1,coverage,0.8,0.72,0.87,2000,0.95,125.0,100,True,20,PENDING,PENDING,PENDING,PENDING,PENDING,PENDING,weighted_pointwise_not_integer_ranked,not_applicable_to_weighted_quantile,1
C05,FD003,primary,137,C05_FD003_0cfbe6357863_seed_137,outputs/c05_final_bounded_0cfbe63,0cfbe6357863e5bffcf4b3223823d1323fd86b0a,ca1794ba628bebb8ae304a79b285fc8165758b95665cb7568c0d758e008827b0,54b74b220e1f84df180f5c2c9ddd28dd0a3a4d59d98b85bd3462e13f06dfc8c7,8637e9f98b9091da48937bc8e295bfcf79f784c0ca8a6f36f5792e3f070c146c,mean,0.1,mean_width,113.79646802677206,113.79646802677206,113.79646802677206,2000,0.95,125.0,100,True,20,PENDING,PENDING,PENDING,PENDING,PENDING,PENDING,weighted_pointwise_not_integer_ranked,not_applicable_to_weighted_quantile,1
C05,FD003,primary,137,C05_FD003_0cfbe6357863_seed_137,outputs/c05_final_bounded_0cfbe63,0cfbe6357863e5bffcf4b3223823d1323fd86b0a,ca1794ba628bebb8ae304a79b285fc8165758b95665cb7568c0d758e008827b0,54b74b220e1f84df180f5c2c9ddd28dd0a3a4d59d98b85bd3462e13f06dfc8c7,8637e9f98b9091da48937bc8e295bfcf79f784c0ca8a6f36f5792e3f070c146c,mean,0.1,normalized_interval_score,1.3439717442141763,1.1663317442141765,1.558451744214176,2000,0.95,125.0,100,True,20,PENDING,PENDING,PENDING,PENDING,PENDING,PENDING,weighted_pointwise_not_integer_ranked,not_applicable_to_weighted_quantile,1
C05,FD003,primary,137,C05_FD003_0cfbe6357863_seed_137,outputs/c05_final_bounded_0cfbe63,0cfbe6357863e5bffcf4b3223823d1323fd86b0a,ca1794ba628bebb8ae304a79b285fc8165758b95665cb7568c0d758e008827b0,54b74b220e1f84df180f5c2c9ddd28dd0a3a4d59d98b85bd3462e13f06dfc8c7,8637e9f98b9091da48937bc8e295bfcf79f784c0ca8a6f36f5792e3f070c146c,mean,0.05,coverage,0.84,0.77,0.9002499999999987,2000,0.95,125.0,100,True,20,PENDING,PENDING,PENDING,PENDING,PENDING,PENDING,weighted_pointwise_not_integer_ranked,not_applicable_to_weighted_quantile,1
C05,FD003,primary,137,C05_FD003_0cfbe6357863_seed_137,outputs/c05_final_bounded_0cfbe63,0cfbe6357863e5bffcf4b3223823d1323fd86b0a,ca1794ba628bebb8ae304a79b285fc8165758b95665cb7568c0d758e008827b0,54b74b220e1f84df180f5c2c9ddd28dd0a3a4d59d98b85bd3462e13f06dfc8c7,8637e9f98b9091da48937bc8e295bfcf79f784c0ca8a6f36f5792e3f070c146c,mean,0.05,mean_width,119.79646802677206,119.79646802677206,119.79646802677206,2000,0.95,125.0,100,True,20,PENDING,PENDING,PENDING,PENDING,PENDING,PENDING,weighted_pointwise_not_integer_ranked,not_applicable_to_weighted_quantile,1
C05,FD003,primary,137,C05_FD003_0cfbe6357863_seed_137,outputs/c05_final_bounded_0cfbe63,0cfbe6357863e5bffcf4b3223823d1323fd86b0a,ca1794ba628bebb8ae304a79b285fc8165758b95665cb7568c0d758e008827b0,54b74b220e1f84df180f5c2c9ddd28dd0a3a4d59d98b85bd3462e13f06dfc8c7,8637e9f98b9091da48937bc8e295bfcf79f784c0ca8a6f36f5792e3f070c146c,mean,0.05,normalized_interval_score,1.6399717442141764,1.3359717442141763,2.008051744214176,2000,0.95,125.0,100,True,20,PENDING,PENDING,PENDING,PENDING,PENDING,PENDING,weighted_pointwise_not_integer_ranked,not_applicable_to_weighted_quantile,1
C05,FD003,primary,137,C05_FD003_0cfbe6357863_seed_137,outputs/c05_final_bounded_0cfbe63,0cfbe6357863e5bffcf4b3223823d1323fd86b0a,ca1794ba628bebb8ae304a79b285fc8165758b95665cb7568c0d758e008827b0,54b74b220e1f84df180f5c2c9ddd28dd0a3a4d59d98b85bd3462e13f06dfc8c7,8637e9f98b9091da48937bc8e295bfcf79f784c0ca8a6f36f5792e3f070c146c,ridge,0.1,coverage,0.68,0.59,0.77,2000,0.95,125.0,100,True,20,PENDING,PENDING,PENDING,PENDING,PENDING,PENDING,weighted_pointwise_not_integer_ranked,not_applicable_to_weighted_quantile,1
C05,FD003,primary,137,C05_FD003_0cfbe6357863_seed_137,outputs/c05_final_bounded_0cfbe63,0cfbe6357863e5bffcf4b3223823d1323fd86b0a,ca1794ba628bebb8ae304a79b285fc8165758b95665cb7568c0d758e008827b0,54b74b220e1f84df180f5c2c9ddd28dd0a3a4d59d98b85bd3462e13f06dfc8c7,8637e9f98b9091da48937bc8e295bfcf79f784c0ca8a6f36f5792e3f070c146c,ridge,0.1,mean_width,73.72832414695218,73.72832414695218,73.72832414695218,2000,0.95,125.0,100,True,20,PENDING,PENDING,PENDING,PENDING,PENDING,PENDING,weighted_pointwise_not_integer_ranked,not_applicable_to_weighted_quantile,1
C05,FD003,primary,137,C05_FD003_0cfbe6357863_seed_137,outputs/c05_final_bounded_0cfbe63,0cfbe6357863e5bffcf4b3223823d1323fd86b0a,ca1794ba628bebb8ae304a79b285fc8165758b95665cb7568c0d758e008827b0,54b74b220e1f84df180f5c2c9ddd28dd0a3a4d59d98b85bd3462e13f06dfc8c7,8637e9f98b9091da48937bc8e295bfcf79f784c0ca8a6f36f5792e3f070c146c,ridge,0.1,normalized_interval_score,2.5674010107756198,1.8796876302829035,3.4061342431326636,2000,0.95,125.0,100,True,20,PENDING,PENDING,PENDING,PENDING,PENDING,PENDING,weighted_pointwise_not_integer_ranked,not_applicable_to_weighted_quantile,1
C05,FD003,primary,137,C05_FD003_0cfbe6357863_seed_137,outputs/c05_final_bounded_0cfbe63,0cfbe6357863e5bffcf4b3223823d1323fd86b0a,ca1794ba628bebb8ae304a79b285fc8165758b95665cb7568c0d758e008827b0,54b74b220e1f84df180f5c2c9ddd28dd0a3a4d59d98b85bd3462e13f06dfc8c7,8637e9f98b9091da48937bc8e295bfcf79f784c0ca8a6f36f5792e3f070c146c,ridge,0.05,coverage,0.71,0.62,0.79,2000,0.95,125.0,100,True,20,PENDING,PENDING,PENDING,PENDING,PENDING,PENDING,weighted_pointwise_not_integer_ranked,not_applicable_to_weighted_quantile,1
C05,FD003,primary,137,C05_FD003_0cfbe6357863_seed_137,outputs/c05_final_bounded_0cfbe63,0cfbe6357863e5bffcf4b3223823d1323fd86b0a,ca1794ba628bebb8ae304a79b285fc8165758b95665cb7568c0d758e008827b0,54b74b220e1f84df180f5c2c9ddd28dd0a3a4d59d98b85bd3462e13f06dfc8c7,8637e9f98b9091da48937bc8e295bfcf79f784c0ca8a6f36f5792e3f070c146c,ridge,0.05,mean_width,78.36824502728722,78.36824502728722,78.36824502728722,2000,0.95,125.0,100,True,20,PENDING,PENDING,PENDING,PENDING,PENDING,PENDING,weighted_pointwise_not_integer_ranked,not_applicable_to_weighted_quantile,1
C05,FD003,primary,137,C05_FD003_0cfbe6357863_seed_137,outputs/c05_final_bounded_0cfbe63,0cfbe6357863e5bffcf4b3223823d1323fd86b0a,ca1794ba628bebb8ae304a79b285fc8165758b95665cb7568c0d758e008827b0,54b74b220e1f84df180f5c2c9ddd28dd0a3a4d59d98b85bd3462e13f06dfc8c7,8637e9f98b9091da48937bc8e295bfcf79f784c0ca8a6f36f5792e3f070c146c,ridge,0.05,normalized_interval_score,4.359098422476128,3.042355831215696,5.977148315263552,2000,0.95,125.0,100,True,20,PENDING,PENDING,PENDING,PENDING,PENDING,PENDING,weighted_pointwise_not_integer_ranked,not_applicable_to_weighted_quantile,1
C05,FD003,primary,137,C05_FD003_0cfbe6357863_seed_137,outputs/c05_final_bounded_0cfbe63,0cfbe6357863e5bffcf4b3223823d1323fd86b0a,ca1794ba628bebb8ae304a79b285fc8165758b95665cb7568c0d758e008827b0,54b74b220e1f84df180f5c2c9ddd28dd0a3a4d59d98b85bd3462e13f06dfc8c7,8637e9f98b9091da48937bc8e295bfcf79f784c0ca8a6f36f5792e3f070c146c,hist_gradient_boosting,0.1,coverage,0.76,0.68,0.84,2000,0.95,125.0,100,True,20,PENDING,PENDING,PENDING,PENDING,PENDING,PENDING,weighted_pointwise_not_integer_ranked,not_applicable_to_weighted_quantile,1
C05,FD003,primary,137,C05_FD003_0cfbe6357863_seed_137,outputs/c05_final_bounded_0cfbe63,0cfbe6357863e5bffcf4b3223823d1323fd86b0a,ca1794ba628bebb8ae304a79b285fc8165758b95665cb7568c0d758e008827b0,54b74b220e1f84df180f5c2c9ddd28dd0a3a4d59d98b85bd3462e13f06dfc8c7,8637e9f98b9091da48937bc8e295bfcf79f784c0ca8a6f36f5792e3f070c146c,hist_gradient_boosting,0.1,mean_width,59.25950915956047,59.25950915956047,59.25950915956047,2000,0.95,125.0,100,True,20,PENDING,PENDING,PENDING,PENDING,PENDING,PENDING,weighted_pointwise_not_integer_ranked,not_applicable_to_weighted_quantile,1
C05,FD003,primary,137,C05_FD003_0cfbe6357863_seed_137,outputs/c05_final_bounded_0cfbe63,0cfbe6357863e5bffcf4b3223823d1323fd86b0a,ca1794ba628bebb8ae304a79b285fc8165758b95665cb7568c0d758e008827b0,54b74b220e1f84df180f5c2c9ddd28dd0a3a4d59d98b85bd3462e13f06dfc8c7,8637e9f98b9091da48937bc8e295bfcf79f784c0ca8a6f36f5792e3f070c146c,hist_gradient_boosting,0.1,normalized_interval_score,0.9712122402520348,0.7527822549046722,1.2082752437590516,2000,0.95,125.0,100,True,20,PENDING,PENDING,PENDING,PENDING,PENDING,PENDING,weighted_pointwise_not_integer_ranked,not_applicable_to_weighted_quantile,1
C05,FD003,primary,137,C05_FD003_0cfbe6357863_seed_137,outputs/c05_final_bounded_0cfbe63,0cfbe6357863e5bffcf4b3223823d1323fd86b0a,ca1794ba628bebb8ae304a79b285fc8165758b95665cb7568c0d758e008827b0,54b74b220e1f84df180f5c2c9ddd28dd0a3a4d59d98b85bd3462e13f06dfc8c7,8637e9f98b9091da48937bc8e295bfcf79f784c0ca8a6f36f5792e3f070c146c,hist_gradient_boosting,0.05,coverage,0.83,0.75,0.9,2000,0.95,125.0,100,True,20,PENDING,PENDING,PENDING,PENDING,PENDING,PENDING,weighted_pointwise_not_integer_ranked,not_applicable_to_weighted_quantile,1
C05,FD003,primary,137,C05_FD003_0cfbe6357863_seed_137,outputs/c05_final_bounded_0cfbe63,0cfbe6357863e5bffcf4b3223823d1323fd86b0a,ca1794ba628bebb8ae304a79b285fc8165758b95665cb7568c0d758e008827b0,54b74b220e1f84df180f5c2c9ddd28dd0a3a4d59d98b85bd3462e13f06dfc8c7,8637e9f98b9091da48937bc8e295bfcf79f784c0ca8a6f36f5792e3f070c146c,hist_gradient_boosting,0.05,mean_width,68.16806865763317,68.16806865763317,68.16806865763317,2000,0.95,125.0,100,True,20,PENDING,PENDING,PENDING,PENDING,PENDING,PENDING,weighted_pointwise_not_integer_ranked,not_applicable_to_weighted_quantile,1
C05,FD003,primary,137,C05_FD003_0cfbe6357863_seed_137,outputs/c05_final_bounded_0cfbe63,0cfbe6357863e5bffcf4b3223823d1323fd86b0a,ca1794ba628bebb8ae304a79b285fc8165758b95665cb7568c0d758e008827b0,54b74b220e1f84df180f5c2c9ddd28dd0a3a4d59d98b85bd3462e13f06dfc8c7,8637e9f98b9091da48937bc8e295bfcf79f784c0ca8a6f36f5792e3f070c146c,hist_gradient_boosting,0.05,normalized_interval_score,1.2440723061504837,0.901163694489525,1.6390789474141976,2000,0.95,125.0,100,True,20,PENDING,PENDING,PENDING,PENDING,PENDING,PENDING,weighted_pointwise_not_integer_ranked,not_applicable_to_weighted_quantile,1
C05,FD004,primary,13,C05_FD004_0cfbe6357863_seed_13,outputs/c05_final_bounded_0cfbe63,0cfbe6357863e5bffcf4b3223823d1323fd86b0a,ece69655425f6c4f59916b506149e3c555a0d53181cb1fa3d181f530984d5929,4ff71ca05556519d84b4df26f6ce74ed4fa3f3d4593794d6c7441b9bf4e4d3c3,d9ebc5e62f3a6f37340b41879c14324aeb5dadad83e63844777fbc3c8eea96e6,mean,0.1,coverage,0.7903225806451613,0.7379032258064516,0.8387096774193549,2000,0.95,125.0,248,True,20,PENDING,PENDING,PENDING,PENDING,PENDING,PENDING,weighted_pointwise_not_integer_ranked,not_applicable_to_weighted_quantile,1
C05,FD004,primary,13,C05_FD004_0cfbe6357863_seed_13,outputs/c05_final_bounded_0cfbe63,0cfbe6357863e5bffcf4b3223823d1323fd86b0a,ece69655425f6c4f59916b506149e3c555a0d53181cb1fa3d181f530984d5929,4ff71ca05556519d84b4df26f6ce74ed4fa3f3d4593794d6c7441b9bf4e4d3c3,d9ebc5e62f3a6f37340b41879c14324aeb5dadad83e63844777fbc3c8eea96e6,mean,0.1,mean_width,110.65491183879092,110.65491183879092,110.65491183879092,2000,0.95,125.0,248,True,20,PENDING,PENDING,PENDING,PENDING,PENDING,PENDING,weighted_pointwise_not_integer_ranked,not_applicable_to_weighted_quantile,1
C05,FD004,primary,13,C05_FD004_0cfbe6357863_seed_13,outputs/c05_final_bounded_0cfbe63,0cfbe6357863e5bffcf4b3223823d1323fd86b0a,ece69655425f6c4f59916b506149e3c555a0d53181cb1fa3d181f530984d5929,4ff71ca05556519d84b4df26f6ce74ed4fa3f3d4593794d6c7441b9bf4e4d3c3,d9ebc5e62f3a6f37340b41879c14324aeb5dadad83e63844777fbc3c8eea96e6,mean,0.1,normalized_interval_score,1.4084651011619405,1.2735780043877467,1.555561875355489,2000,0.95,125.0,248,True,20,PENDING,PENDING,PENDING,PENDING,PENDING,PENDING,weighted_pointwise_not_integer_ranked,not_applicable_to_weighted_quantile,1
C05,FD004,primary,13,C05_FD004_0cfbe6357863_seed_13,outputs/c05_final_bounded_0cfbe63,0cfbe6357863e5bffcf4b3223823d1323fd86b0a,ece69655425f6c4f59916b506149e3c555a0d53181cb1fa3d181f530984d5929,4ff71ca05556519d84b4df26f6ce74ed4fa3f3d4593794d6c7441b9bf4e4d3c3,d9ebc5e62f3a6f37340b41879c14324aeb5dadad83e63844777fbc3c8eea96e6,mean,0.05,coverage,0.8387096774193549,0.7903225806451613,0.8830645161290323,2000,0.95,125.0,248,True,20,PENDING,PENDING,PENDING,PENDING,PENDING,PENDING,weighted_pointwise_not_integer_ranked,not_applicable_to_weighted_quantile,1
C05,FD004,primary,13,C05_FD004_0cfbe6357863_seed_13,outputs/c05_final_bounded_0cfbe63,0cfbe6357863e5bffcf4b3223823d1323fd86b0a,ece69655425f6c4f59916b506149e3c555a0d53181cb1fa3d181f530984d5929,4ff71ca05556519d84b4df26f6ce74ed4fa3f3d4593794d6c7441b9bf4e4d3c3,d9ebc5e62f3a6f37340b41879c14324aeb5dadad83e63844777fbc3c8eea96e6,mean,0.05,mean_width,126.65491183879092,126.65491183879092,126.65491183879092,2000,0.95,125.0,248,True,20,PENDING,PENDING,PENDING,PENDING,PENDING,PENDING,weighted_pointwise_not_integer_ranked,not_applicable_to_weighted_quantile,1
C05,FD004,primary,13,C05_FD004_0cfbe6357863_seed_13,outputs/c05_final_bounded_0cfbe63,0cfbe6357863e5bffcf4b3223823d1323fd86b0a,ece69655425f6c4f59916b506149e3c555a0d53181cb1fa3d181f530984d5929,4ff71ca05556519d84b4df26f6ce74ed4fa3f3d4593794d6c7441b9bf4e4d3c3,d9ebc5e62f3a6f37340b41879c14324aeb5dadad83e63844777fbc3c8eea96e6,mean,0.05,normalized_interval_score,1.5474328430974245,1.3874328430974245,1.7229812301941982,2000,0.95,125.0,248,True,20,PENDING,PENDING,PENDING,PENDING,PENDING,PENDING,weighted_pointwise_not_integer_ranked,not_applicable_to_weighted_quantile,1
C05,FD004,primary,13,C05_FD004_0cfbe6357863_seed_13,outputs/c05_final_bounded_0cfbe63,0cfbe6357863e5bffcf4b3223823d1323fd86b0a,ece69655425f6c4f59916b506149e3c555a0d53181cb1fa3d181f530984d5929,4ff71ca05556519d84b4df26f6ce74ed4fa3f3d4593794d6c7441b9bf4e4d3c3,d9ebc5e62f3a6f37340b41879c14324aeb5dadad83e63844777fbc3c8eea96e6,ridge,0.1,coverage,0.3709677419354839,0.31048387096774194,0.4314516129032258,2000,0.95,125.0,248,True,20,PENDING,PENDING,PENDING,PENDING,PENDING,PENDING,weighted_pointwise_not_integer_ranked,not_applicable_to_weighted_quantile,1
C05,FD004,primary,13,C05_FD004_0cfbe6357863_seed_13,outputs/c05_final_bounded_0cfbe63,0cfbe6357863e5bffcf4b3223823d1323fd86b0a,ece69655425f6c4f59916b506149e3c555a0d53181cb1fa3d181f530984d5929,4ff71ca05556519d84b4df26f6ce74ed4fa3f3d4593794d6c7441b9bf4e4d3c3,d9ebc5e62f3a6f37340b41879c14324aeb5dadad83e63844777fbc3c8eea96e6,ridge,0.1,mean_width,73.91528697326746,73.91528697326746,73.91528697326746,2000,0.95,125.0,248,True,20,PENDING,PENDING,PENDING,PENDING,PENDING,PENDING,weighted_pointwise_not_integer_ranked,not_applicable_to_weighted_quantile,1
C05,FD004,primary,13,C05_FD004_0cfbe6357863_seed_13,outputs/c05_final_bounded_0cfbe63,0cfbe6357863e5bffcf4b3223823d1323fd86b0a,ece69655425f6c4f59916b506149e3c555a0d53181cb1fa3d181f530984d5929,4ff71ca05556519d84b4df26f6ce74ed4fa3f3d4593794d6c7441b9bf4e4d3c3,d9ebc5e62f3a6f37340b41879c14324aeb5dadad83e63844777fbc3c8eea96e6,ridge,0.1,normalized_interval_score,6.194940112615262,5.482486755057933,6.8642972923578665,2000,0.95,125.0,248,True,20,PENDING,PENDING,PENDING,PENDING,PENDING,PENDING,weighted_pointwise_not_integer_ranked,not_applicable_to_weighted_quantile,1
C05,FD004,primary,13,C05_FD004_0cfbe6357863_seed_13,outputs/c05_final_bounded_0cfbe63,0cfbe6357863e5bffcf4b3223823d1323fd86b0a,ece69655425f6c4f59916b506149e3c555a0d53181cb1fa3d181f530984d5929,4ff71ca05556519d84b4df26f6ce74ed4fa3f3d4593794d6c7441b9bf4e4d3c3,d9ebc5e62f3a6f37340b41879c14324aeb5dadad83e63844777fbc3c8eea96e6,ridge,0.05,coverage,0.3870967741935484,0.32661290322580644,0.4475806451612903,2000,0.95,125.0,248,True,20,PENDING,PENDING,PENDING,PENDING,PENDING,PENDING,weighted_pointwise_not_integer_ranked,not_applicable_to_weighted_quantile,1
C05,FD004,primary,13,C05_FD004_0cfbe6357863_seed_13,outputs/c05_final_bounded_0cfbe63,0cfbe6357863e5bffcf4b3223823d1323fd86b0a,ece69655425f6c4f59916b506149e3c555a0d53181cb1fa3d181f530984d5929,4ff71ca05556519d84b4df26f6ce74ed4fa3f3d4593794d6c7441b9bf4e4d3c3,d9ebc5e62f3a6f37340b41879c14324aeb5dadad83e63844777fbc3c8eea96e6,ridge,0.05,mean_width,77.8510888513807,77.8510888513807,77.8510888513807,2000,0.95,125.0,248,True,20,PENDING,PENDING,PENDING,PENDING,PENDING,PENDING,weighted_pointwise_not_integer_ranked,not_applicable_to_weighted_quantile,1
C05,FD004,primary,13,C05_FD004_0cfbe6357863_seed_13,outputs/c05_final_bounded_0cfbe63,0cfbe6357863e5bffcf4b3223823d1323fd86b0a,ece69655425f6c4f59916b506149e3c555a0d53181cb1fa3d181f530984d5929,4ff71ca05556519d84b4df26f6ce74ed4fa3f3d4593794d6c7441b9bf4e4d3c3,d9ebc5e62f3a6f37340b41879c14324aeb5dadad83e63844777fbc3c8eea96e6,ridge,0.05,normalized_interval_score,11.443863223449842,10.059924568578744,12.745759424408675,2000,0.95,125.0,248,True,20,PENDING,PENDING,PENDING,PENDING,PENDING,PENDING,weighted_pointwise_not_integer_ranked,not_applicable_to_weighted_quantile,1
C05,FD004,primary,13,C05_FD004_0cfbe6357863_seed_13,outputs/c05_final_bounded_0cfbe63,0cfbe6357863e5bffcf4b3223823d1323fd86b0a,ece69655425f6c4f59916b506149e3c555a0d53181cb1fa3d181f530984d5929,4ff71ca05556519d84b4df26f6ce74ed4fa3f3d4593794d6c7441b9bf4e4d3c3,d9ebc5e62f3a6f37340b41879c14324aeb5dadad83e63844777fbc3c8eea96e6,hist_gradient_boosting,0.1,coverage,0.5967741935483871,0.5362903225806451,0.657258064516129,2000,0.95,125.0,248,True,20,PENDING,PENDING,PENDING,PENDING,PENDING,PENDING,weighted_pointwise_not_integer_ranked,not_applicable_to_weighted_quantile,1
C05,FD004,primary,13,C05_FD004_0cfbe6357863_seed_13,outputs/c05_final_bounded_0cfbe63,0cfbe6357863e5bffcf4b3223823d1323fd86b0a,ece69655425f6c4f59916b506149e3c555a0d53181cb1fa3d181f530984d5929,4ff71ca05556519d84b4df26f6ce74ed4fa3f3d4593794d6c7441b9bf4e4d3c3,d9ebc5e62f3a6f37340b41879c14324aeb5dadad83e63844777fbc3c8eea96e6,hist_gradient_boosting,0.1,mean_width,79.6883095956798,79.6883095956798,79.6883095956798,2000,0.95,125.0,248,True,20,PENDING,PENDING,PENDING,PENDING,PENDING,PENDING,weighted_pointwise_not_integer_ranked,not_applicable_to_weighted_quantile,1
C05,FD004,primary,13,C05_FD004_0cfbe6357863_seed_13,outputs/c05_final_bounded_0cfbe63,0cfbe6357863e5bffcf4b3223823d1323fd86b0a,ece69655425f6c4f59916b506149e3c555a0d53181cb1fa3d181f530984d5929,4ff71ca05556519d84b4df26f6ce74ed4fa3f3d4593794d6c7441b9bf4e4d3c3,d9ebc5e62f3a6f37340b41879c14324aeb5dadad83e63844777fbc3c8eea96e6,hist_gradient_boosting,0.1,normalized_interval_score,1.5622591824835583,1.3681717652492615,1.7575786050463782,2000,0.95,125.0,248,True,20,PENDING,PENDING,PENDING,PENDING,PENDING,PENDING,weighted_pointwise_not_integer_ranked,not_applicable_to_weighted_quantile,1
C05,FD004,primary,13,C05_FD004_0cfbe6357863_seed_13,outputs/c05_final_bounded_0cfbe63,0cfbe6357863e5bffcf4b3223823d1323fd86b0a,ece69655425f6c4f59916b506149e3c555a0d53181cb1fa3d181f530984d5929,4ff71ca05556519d84b4df26f6ce74ed4fa3f3d4593794d6c7441b9bf4e4d3c3,d9ebc5e62f3a6f37340b41879c14324aeb5dadad83e63844777fbc3c8eea96e6,hist_gradient_boosting,0.05,coverage,0.6129032258064516,0.5524193548387096,0.6733870967741935,2000,0.95,125.0,248,True,20,PENDING,PENDING,PENDING,PENDING,PENDING,PENDING,weighted_pointwise_not_integer_ranked,not_applicable_to_weighted_quantile,1
C05,FD004,primary,13,C05_FD004_0cfbe6357863_seed_13,outputs/c05_final_bounded_0cfbe63,0cfbe6357863e5bffcf4b3223823d1323fd86b0a,ece69655425f6c4f59916b506149e3c555a0d53181cb1fa3d181f530984d5929,4ff71ca05556519d84b4df26f6ce74ed4fa3f3d4593794d6c7441b9bf4e4d3c3,d9ebc5e62f3a6f37340b41879c14324aeb5dadad83e63844777fbc3c8eea96e6,hist_gradient_boosting,0.05,mean_width,82.05425848498331,82.0542584849833,82.05425848498331,2000,0.95,125.0,248,True,20,PENDING,PENDING,PENDING,PENDING,PENDING,PENDING,weighted_pointwise_not_integer_ranked,not_applicable_to_weighted_quantile,1
C05,FD004,primary,13,C05_FD004_0cfbe6357863_seed_13,outputs/c05_final_bounded_0cfbe63,0cfbe6357863e5bffcf4b3223823d1323fd86b0a,ece69655425f6c4f59916b506149e3c555a0d53181cb1fa3d181f530984d5929,4ff71ca05556519d84b4df26f6ce74ed4fa3f3d4593794d6c7441b9bf4e4d3c3,d9ebc5e62f3a6f37340b41879c14324aeb5dadad83e63844777fbc3c8eea96e6,hist_gradient_boosting,0.05,normalized_interval_score,2.3563942373237987,1.9832888454870554,2.7266903054416916,2000,0.95,125.0,248,True,20,PENDING,PENDING,PENDING,PENDING,PENDING,PENDING,weighted_pointwise_not_integer_ranked,not_applicable_to_weighted_quantile,1
C05,FD004,primary,37,C05_FD004_0cfbe6357863_seed_37,outputs/c05_final_bounded_0cfbe63,0cfbe6357863e5bffcf4b3223823d1323fd86b0a,3f987cd375bcfeaa415c55f45723c1ac56e0dcaa3f1e4b48b1d0ddacf083420b,a4c85262f2034489f580b9b48b54b9c8439562cc52b5d31bae2952bb36b9a2e3,6763f70f0c99047db04bbe0317695a2d0441bd46d28efaf07cbcb182d9a43a51,mean,0.1,coverage,0.7983870967741935,0.7459677419354839,0.8467741935483871,2000,0.95,125.0,248,True,20,PENDING,PENDING,PENDING,PENDING,PENDING,PENDING,weighted_pointwise_not_integer_ranked,not_applicable_to_weighted_quantile,1
C05,FD004,primary,37,C05_FD004_0cfbe6357863_seed_37,outputs/c05_final_bounded_0cfbe63,0cfbe6357863e5bffcf4b3223823d1323fd86b0a,3f987cd375bcfeaa415c55f45723c1ac56e0dcaa3f1e4b48b1d0ddacf083420b,a4c85262f2034489f580b9b48b54b9c8439562cc52b5d31bae2952bb36b9a2e3,6763f70f0c99047db04bbe0317695a2d0441bd46d28efaf07cbcb182d9a43a51,mean,0.1,mean_width,122.96426869938067,122.96426869938067,122.96426869938067,2000,0.95,125.0,248,True,20,PENDING,PENDING,PENDING,PENDING,PENDING,PENDING,weighted_pointwise_not_integer_ranked,not_applicable_to_weighted_quantile,1
C05,FD004,primary,37,C05_FD004_0cfbe6357863_seed_37,outputs/c05_final_bounded_0cfbe63,0cfbe6357863e5bffcf4b3223823d1323fd86b0a,3f987cd375bcfeaa415c55f45723c1ac56e0dcaa3f1e4b48b1d0ddacf083420b,a4c85262f2034489f580b9b48b54b9c8439562cc52b5d31bae2952bb36b9a2e3,6763f70f0c99047db04bbe0317695a2d0441bd46d28efaf07cbcb182d9a43a51,mean,0.1,normalized_interval_score,1.3727464076595615,1.2714399560466583,1.4837464076595612,2000,0.95,125.0,248,True,20,PENDING,PENDING,PENDING,PENDING,PENDING,PENDING,weighted_pointwise_not_integer_ranked,not_applicable_to_weighted_quantile,1
C05,FD004,primary,37,C05_FD004_0cfbe6357863_seed_37,outputs/c05_final_bounded_0cfbe63,0cfbe6357863e5bffcf4b3223823d1323fd86b0a,3f987cd375bcfeaa415c55f45723c1ac56e0dcaa3f1e4b48b1d0ddacf083420b,a4c85262f2034489f580b9b48b54b9c8439562cc52b5d31bae2952bb36b9a2e3,6763f70f0c99047db04bbe0317695a2d0441bd46d28efaf07cbcb182d9a43a51,mean,0.05,coverage,0.8145161290322581,0.7661290322580645,0.8589717741935479,2000,0.95,125.0,248,True,20,PENDING,PENDING,PENDING,PENDING,PENDING,PENDING,weighted_pointwise_not_integer_ranked,not_applicable_to_weighted_quantile,1
C05,FD004,primary,37,C05_FD004_0cfbe6357863_seed_37,outputs/c05_final_bounded_0cfbe63,0cfbe6357863e5bffcf4b3223823d1323fd86b0a,3f987cd375bcfeaa415c55f45723c1ac56e0dcaa3f1e4b48b1d0ddacf083420b,a4c85262f2034489f580b9b48b54b9c8439562cc52b5d31bae2952bb36b9a2e3,6763f70f0c99047db04bbe0317695a2d0441bd46d28efaf07cbcb182d9a43a51,mean,0.05,mean_width,126.96426869938067,126.96426869938067,126.96426869938067,2000,0.95,125.0,248,True,20,PENDING,PENDING,PENDING,PENDING,PENDING,PENDING,weighted_pointwise_not_integer_ranked,not_applicable_to_weighted_quantile,1
C05,FD004,primary,37,C05_FD004_0cfbe6357863_seed_37,outputs/c05_final_bounded_0cfbe63,0cfbe6357863e5bffcf4b3223823d1323fd86b0a,3f987cd375bcfeaa415c55f45723c1ac56e0dcaa3f1e4b48b1d0ddacf083420b,a4c85262f2034489f580b9b48b54b9c8439562cc52b5d31bae2952bb36b9a2e3,6763f70f0c99047db04bbe0317695a2d0441bd46d28efaf07cbcb182d9a43a51,mean,0.05,normalized_interval_score,1.6660367302402066,1.486681891530529,1.860907697982142,2000,0.95,125.0,248,True,20,PENDING,PENDING,PENDING,PENDING,PENDING,PENDING,weighted_pointwise_not_integer_ranked,not_applicable_to_weighted_quantile,1
C05,FD004,primary,37,C05_FD004_0cfbe6357863_seed_37,outputs/c05_final_bounded_0cfbe63,0cfbe6357863e5bffcf4b3223823d1323fd86b0a,3f987cd375bcfeaa415c55f45723c1ac56e0dcaa3f1e4b48b1d0ddacf083420b,a4c85262f2034489f580b9b48b54b9c8439562cc52b5d31bae2952bb36b9a2e3,6763f70f0c99047db04bbe0317695a2d0441bd46d28efaf07cbcb182d9a43a51,ridge,0.1,coverage,0.3467741935483871,0.2903225806451613,0.40725806451612906,2000,0.95,125.0,248,True,20,PENDING,PENDING,PENDING,PENDING,PENDING,PENDING,weighted_pointwise_not_integer_ranked,not_applicable_to_weighted_quantile,1
C05,FD004,primary,37,C05_FD004_0cfbe6357863_seed_37,outputs/c05_final_bounded_0cfbe63,0cfbe6357863e5bffcf4b3223823d1323fd86b0a,3f987cd375bcfeaa415c55f45723c1ac56e0dcaa3f1e4b48b1d0ddacf083420b,a4c85262f2034489f580b9b48b54b9c8439562cc52b5d31bae2952bb36b9a2e3,6763f70f0c99047db04bbe0317695a2d0441bd46d28efaf07cbcb182d9a43a51,ridge,0.1,mean_width,73.07232912978934,73.07232912978934,73.07232912978934,2000,0.95,125.0,248,True,20,PENDING,PENDING,PENDING,PENDING,PENDING,PENDING,weighted_pointwise_not_integer_ranked,not_applicable_to_weighted_quantile,1
C05,FD004,primary,37,C05_FD004_0cfbe6357863_seed_37,outputs/c05_final_bounded_0cfbe63,0cfbe6357863e5bffcf4b3223823d1323fd86b0a,3f987cd375bcfeaa415c55f45723c1ac56e0dcaa3f1e4b48b1d0ddacf083420b,a4c85262f2034489f580b9b48b54b9c8439562cc52b5d31bae2952bb36b9a2e3,6763f70f0c99047db04bbe0317695a2d0441bd46d28efaf07cbcb182d9a43a51,ridge,0.1,normalized_interval_score,6.598218207546098,5.892730922399418,7.265583641972551,2000,0.95,125.0,248,True,20,PENDING,PENDING,PENDING,PENDING,PENDING,PENDING,weighted_pointwise_not_integer_ranked,not_applicable_to_weighted_quantile,1
C05,FD004,primary,37,C05_FD004_0cfbe6357863_seed_37,outputs/c05_final_bounded_0cfbe63,0cfbe6357863e5bffcf4b3223823d1323fd86b0a,3f987cd375bcfeaa415c55f45723c1ac56e0dcaa3f1e4b48b1d0ddacf083420b,a4c85262f2034489f580b9b48b54b9c8439562cc52b5d31bae2952bb36b9a2e3,6763f70f0c99047db04bbe0317695a2d0441bd46d28efaf07cbcb182d9a43a51,ridge,0.05,coverage,0.3467741935483871,0.2903225806451613,0.40725806451612906,2000,0.95,125.0,248,True,20,PENDING,PENDING,PENDING,PENDING,PENDING,PENDING,weighted_pointwise_not_integer_ranked,not_applicable_to_weighted_quantile,1
C05,FD004,primary,37,C05_FD004_0cfbe6357863_seed_37,outputs/c05_final_bounded_0cfbe63,0cfbe6357863e5bffcf4b3223823d1323fd86b0a,3f987cd375bcfeaa415c55f45723c1ac56e0dcaa3f1e4b48b1d0ddacf083420b,a4c85262f2034489f580b9b48b54b9c8439562cc52b5d31bae2952bb36b9a2e3,6763f70f0c99047db04bbe0317695a2d0441bd46d28efaf07cbcb182d9a43a51,ridge,0.05,mean_width,73.95922539154499,73.95922539154499,73.95922539154499,2000,0.95,125.0,248,True,20,PENDING,PENDING,PENDING,PENDING,PENDING,PENDING,weighted_pointwise_not_integer_ranked,not_applicable_to_weighted_quantile,1
C05,FD004,primary,37,C05_FD004_0cfbe6357863_seed_37,outputs/c05_final_bounded_0cfbe63,0cfbe6357863e5bffcf4b3223823d1323fd86b0a,3f987cd375bcfeaa415c55f45723c1ac56e0dcaa3f1e4b48b1d0ddacf083420b,a4c85262f2034489f580b9b48b54b9c8439562cc52b5d31bae2952bb36b9a2e3,6763f70f0c99047db04bbe0317695a2d0441bd46d28efaf07cbcb182d9a43a51,ridge,0.05,normalized_interval_score,12.526257988016047,11.123308398413734,13.856897690242143,2000,0.95,125.0,248,True,20,PENDING,PENDING,PENDING,PENDING,PENDING,PENDING,weighted_pointwise_not_integer_ranked,not_applicable_to_weighted_quantile,1
C05,FD004,primary,37,C05_FD004_0cfbe6357863_seed_37,outputs/c05_final_bounded_0cfbe63,0cfbe6357863e5bffcf4b3223823d1323fd86b0a,3f987cd375bcfeaa415c55f45723c1ac56e0dcaa3f1e4b48b1d0ddacf083420b,a4c85262f2034489f580b9b48b54b9c8439562cc52b5d31bae2952bb36b9a2e3,6763f70f0c99047db04bbe0317695a2d0441bd46d28efaf07cbcb182d9a43a51,hist_gradient_boosting,0.1,coverage,0.5362903225806451,0.4717741935483871,0.5967741935483871,2000,0.95,125.0,248,True,20,PENDING,PENDING,PENDING,PENDING,PENDING,PENDING,weighted_pointwise_not_integer_ranked,not_applicable_to_weighted_quantile,1
C05,FD004,primary,37,C05_FD004_0cfbe6357863_seed_37,outputs/c05_final_bounded_0cfbe63,0cfbe6357863e5bffcf4b3223823d1323fd86b0a,3f987cd375bcfeaa415c55f45723c1ac56e0dcaa3f1e4b48b1d0ddacf083420b,a4c85262f2034489f580b9b48b54b9c8439562cc52b5d31bae2952bb36b9a2e3,6763f70f0c99047db04bbe0317695a2d0441bd46d28efaf07cbcb182d9a43a51,hist_gradient_boosting,0.1,mean_width,68.08257168393392,68.08257168393392,68.08257168393392,2000,0.95,125.0,248,True,20,PENDING,PENDING,PENDING,PENDING,PENDING,PENDING,weighted_pointwise_not_integer_ranked,not_applicable_to_weighted_quantile,1
C05,FD004,primary,37,C05_FD004_0cfbe6357863_seed_37,outputs/c05_final_bounded_0cfbe63,0cfbe6357863e5bffcf4b3223823d1323fd86b0a,3f987cd375bcfeaa415c55f45723c1ac56e0dcaa3f1e4b48b1d0ddacf083420b,a4c85262f2034489f580b9b48b54b9c8439562cc52b5d31bae2952bb36b9a2e3,6763f70f0c99047db04bbe0317695a2d0441bd46d28efaf07cbcb182d9a43a51,hist_gradient_boosting,0.1,normalized_interval_score,1.6776893598175104,1.4903744914840653,1.870941988151335,2000,0.95,125.0,248,True,20,PENDING,PENDING,PENDING,PENDING,PENDING,PENDING,weighted_pointwise_not_integer_ranked,not_applicable_to_weighted_quantile,1
C05,FD004,primary,37,C05_FD004_0cfbe6357863_seed_37,outputs/c05_final_bounded_0cfbe63,0cfbe6357863e5bffcf4b3223823d1323fd86b0a,3f987cd375bcfeaa415c55f45723c1ac56e0dcaa3f1e4b48b1d0ddacf083420b,a4c85262f2034489f580b9b48b54b9c8439562cc52b5d31bae2952bb36b9a2e3,6763f70f0c99047db04bbe0317695a2d0441bd46d28efaf07cbcb182d9a43a51,hist_gradient_boosting,0.05,coverage,0.5604838709677419,0.5,0.6209677419354839,2000,0.95,125.0,248,True,20,PENDING,PENDING,PENDING,PENDING,PENDING,PENDING,weighted_pointwise_not_integer_ranked,not_applicable_to_weighted_quantile,1
C05,FD004,primary,37,C05_FD004_0cfbe6357863_seed_37,outputs/c05_final_bounded_0cfbe63,0cfbe6357863e5bffcf4b3223823d1323fd86b0a,3f987cd375bcfeaa415c55f45723c1ac56e0dcaa3f1e4b48b1d0ddacf083420b,a4c85262f2034489f580b9b48b54b9c8439562cc52b5d31bae2952bb36b9a2e3,6763f70f0c99047db04bbe0317695a2d0441bd46d28efaf07cbcb182d9a43a51,hist_gradient_boosting,0.05,mean_width,71.73080476107296,71.73080476107296,71.73080476107296,2000,0.95,125.0,248,True,20,PENDING,PENDING,PENDING,PENDING,PENDING,PENDING,weighted_pointwise_not_integer_ranked,not_applicable_to_weighted_quantile,1
C05,FD004,primary,37,C05_FD004_0cfbe6357863_seed_37,outputs/c05_final_bounded_0cfbe63,0cfbe6357863e5bffcf4b3223823d1323fd86b0a,3f987cd375bcfeaa415c55f45723c1ac56e0dcaa3f1e4b48b1d0ddacf083420b,a4c85262f2034489f580b9b48b54b9c8439562cc52b5d31bae2952bb36b9a2e3,6763f70f0c99047db04bbe0317695a2d0441bd46d28efaf07cbcb182d9a43a51,hist_gradient_boosting,0.05,normalized_interval_score,2.5767815185784704,2.231198562123269,2.9282418767002865,2000,0.95,125.0,248,True,20,PENDING,PENDING,PENDING,PENDING,PENDING,PENDING,weighted_pointwise_not_integer_ranked,not_applicable_to_weighted_quantile,1
C05,FD004,primary,73,C05_FD004_0cfbe6357863_seed_73,outputs/c05_final_bounded_0cfbe63,0cfbe6357863e5bffcf4b3223823d1323fd86b0a,2bbce1b4d71024e01938e363c85d775d16cccb5cd0bff11231fe2251e4c66807,6fe974abc5c2d38533ebfbc1fe60b943086d2740f8370687f7c1899c35a3f242,6f755be663b27d45ae7cba285979a3e6712f994bd34fc92de183e2ad80dceed0,mean,0.1,coverage,0.7983870967741935,0.7459677419354839,0.8467741935483871,2000,0.95,125.0,248,True,20,PENDING,PENDING,PENDING,PENDING,PENDING,PENDING,weighted_pointwise_not_integer_ranked,not_applicable_to_weighted_quantile,1
C05,FD004,primary,73,C05_FD004_0cfbe6357863_seed_73,outputs/c05_final_bounded_0cfbe63,0cfbe6357863e5bffcf4b3223823d1323fd86b0a,2bbce1b4d71024e01938e363c85d775d16cccb5cd0bff11231fe2251e4c66807,6fe974abc5c2d38533ebfbc1fe60b943086d2740f8370687f7c1899c35a3f242,6f755be663b27d45ae7cba285979a3e6712f994bd34fc92de183e2ad80dceed0,mean,0.1,mean_width,121.08318411199737,121.08318411199737,121.08318411199737,2000,0.95,125.0,248,True,20,PENDING,PENDING,PENDING,PENDING,PENDING,PENDING,weighted_pointwise_not_integer_ranked,not_applicable_to_weighted_quantile,1
C05,FD004,primary,73,C05_FD004_0cfbe6357863_seed_73,outputs/c05_final_bounded_0cfbe63,0cfbe6357863e5bffcf4b3223823d1323fd86b0a,2bbce1b4d71024e01938e363c85d775d16cccb5cd0bff11231fe2251e4c66807,6fe974abc5c2d38533ebfbc1fe60b943086d2740f8370687f7c1899c35a3f242,6f755be663b27d45ae7cba285979a3e6712f994bd34fc92de183e2ad80dceed0,mean,0.1,normalized_interval_score,1.3576977309604952,1.250600956766947,1.4648106341863016,2000,0.95,125.0,248,True,20,PENDING,PENDING,PENDING,PENDING,PENDING,PENDING,weighted_pointwise_not_integer_ranked,not_applicable_to_weighted_quantile,1
C05,FD004,primary,73,C05_FD004_0cfbe6357863_seed_73,outputs/c05_final_bounded_0cfbe63,0cfbe6357863e5bffcf4b3223823d1323fd86b0a,2bbce1b4d71024e01938e363c85d775d16cccb5cd0bff11231fe2251e4c66807,6fe974abc5c2d38533ebfbc1fe60b943086d2740f8370687f7c1899c35a3f242,6f755be663b27d45ae7cba285979a3e6712f994bd34fc92de183e2ad80dceed0,mean,0.05,coverage,0.8387096774193549,0.7943548387096774,0.8830645161290323,2000,0.95,125.0,248,True,20,PENDING,PENDING,PENDING,PENDING,PENDING,PENDING,weighted_pointwise_not_integer_ranked,not_applicable_to_weighted_quantile,1
C05,FD004,primary,73,C05_FD004_0cfbe6357863_seed_73,outputs/c05_final_bounded_0cfbe63,0cfbe6357863e5bffcf4b3223823d1323fd86b0a,2bbce1b4d71024e01938e363c85d775d16cccb5cd0bff11231fe2251e4c66807,6fe974abc5c2d38533ebfbc1fe60b943086d2740f8370687f7c1899c35a3f242,6f755be663b27d45ae7cba285979a3e6712f994bd34fc92de183e2ad80dceed0,mean,0.05,mean_width,135.08318411199733,135.08318411199733,135.08318411199733,2000,0.95,125.0,248,True,20,PENDING,PENDING,PENDING,PENDING,PENDING,PENDING,weighted_pointwise_not_integer_ranked,not_applicable_to_weighted_quantile,1
C05,FD004,primary,73,C05_FD004_0cfbe6357863_seed_73,outputs/c05_final_bounded_0cfbe63,0cfbe6357863e5bffcf4b3223823d1323fd86b0a,2bbce1b4d71024e01938e363c85d775d16cccb5cd0bff11231fe2251e4c66807,6fe974abc5c2d38533ebfbc1fe60b943086d2740f8370687f7c1899c35a3f242,6f755be663b27d45ae7cba285979a3e6712f994bd34fc92de183e2ad80dceed0,mean,0.05,normalized_interval_score,1.4600203116056567,1.3464719245088825,1.5813106341863017,2000,0.95,125.0,248,True,20,PENDING,PENDING,PENDING,PENDING,PENDING,PENDING,weighted_pointwise_not_integer_ranked,not_applicable_to_weighted_quantile,1
C05,FD004,primary,73,C05_FD004_0cfbe6357863_seed_73,outputs/c05_final_bounded_0cfbe63,0cfbe6357863e5bffcf4b3223823d1323fd86b0a,2bbce1b4d71024e01938e363c85d775d16cccb5cd0bff11231fe2251e4c66807,6fe974abc5c2d38533ebfbc1fe60b943086d2740f8370687f7c1899c35a3f242,6f755be663b27d45ae7cba285979a3e6712f994bd34fc92de183e2ad80dceed0,ridge,0.1,coverage,0.33064516129032256,0.27419354838709675,0.3911290322580645,2000,0.95,125.0,248,True,20,PENDING,PENDING,PENDING,PENDING,PENDING,PENDING,weighted_pointwise_not_integer_ranked,not_applicable_to_weighted_quantile,1
C05,FD004,primary,73,C05_FD004_0cfbe6357863_seed_73,outputs/c05_final_bounded_0cfbe63,0cfbe6357863e5bffcf4b3223823d1323fd86b0a,2bbce1b4d71024e01938e363c85d775d16cccb5cd0bff11231fe2251e4c66807,6fe974abc5c2d38533ebfbc1fe60b943086d2740f8370687f7c1899c35a3f242,6f755be663b27d45ae7cba285979a3e6712f994bd34fc92de183e2ad80dceed0,ridge,0.1,mean_width,63.421922820413904,63.421922820413904,63.421922820413904,2000,0.95,125.0,248,True,20,PENDING,PENDING,PENDING,PENDING,PENDING,PENDING,weighted_pointwise_not_integer_ranked,not_applicable_to_weighted_quantile,1
C05,FD004,primary,73,C05_FD004_0cfbe6357863_seed_73,outputs/c05_final_bounded_0cfbe63,0cfbe6357863e5bffcf4b3223823d1323fd86b0a,2bbce1b4d71024e01938e363c85d775d16cccb5cd0bff11231fe2251e4c66807,6fe974abc5c2d38533ebfbc1fe60b943086d2740f8370687f7c1899c35a3f242,6f755be663b27d45ae7cba285979a3e6712f994bd34fc92de183e2ad80dceed0,ridge,0.1,normalized_interval_score,6.813814354115341,6.068003754075511,7.544077416433719,2000,0.95,125.0,248,True,20,PENDING,PENDING,PENDING,PENDING,PENDING,PENDING,weighted_pointwise_not_integer_ranked,not_applicable_to_weighted_quantile,1
C05,FD004,primary,73,C05_FD004_0cfbe6357863_seed_73,outputs/c05_final_bounded_0cfbe63,0cfbe6357863e5bffcf4b3223823d1323fd86b0a,2bbce1b4d71024e01938e363c85d775d16cccb5cd0bff11231fe2251e4c66807,6fe974abc5c2d38533ebfbc1fe60b943086d2740f8370687f7c1899c35a3f242,6f755be663b27d45ae7cba285979a3e6712f994bd34fc92de183e2ad80dceed0,ridge,0.05,coverage,0.3467741935483871,0.2903225806451613,0.40725806451612906,2000,0.95,125.0,248,True,20,PENDING,PENDING,PENDING,PENDING,PENDING,PENDING,weighted_pointwise_not_integer_ranked,not_applicable_to_weighted_quantile,1
C05,FD004,primary,73,C05_FD004_0cfbe6357863_seed_73,outputs/c05_final_bounded_0cfbe63,0cfbe6357863e5bffcf4b3223823d1323fd86b0a,2bbce1b4d71024e01938e363c85d775d16cccb5cd0bff11231fe2251e4c66807,6fe974abc5c2d38533ebfbc1fe60b943086d2740f8370687f7c1899c35a3f242,6f755be663b27d45ae7cba285979a3e6712f994bd34fc92de183e2ad80dceed0,ridge,0.05,mean_width,67.94330808288399,67.94330808288399,67.94330808288399,2000,0.95,125.0,248,True,20,PENDING,PENDING,PENDING,PENDING,PENDING,PENDING,weighted_pointwise_not_integer_ranked,not_applicable_to_weighted_quantile,1
C05,FD004,primary,73,C05_FD004_0cfbe6357863_seed_73,outputs/c05_final_bounded_0cfbe63,0cfbe6357863e5bffcf4b3223823d1323fd86b0a,2bbce1b4d71024e01938e363c85d775d16cccb5cd0bff11231fe2251e4c66807,6fe974abc5c2d38533ebfbc1fe60b943086d2740f8370687f7c1899c35a3f242,6f755be663b27d45ae7cba285979a3e6712f994bd34fc92de183e2ad80dceed0,ridge,0.05,normalized_interval_score,12.677213619871324,11.227636133330968,14.122177496531936,2000,0.95,125.0,248,True,20,PENDING,PENDING,PENDING,PENDING,PENDING,PENDING,weighted_pointwise_not_integer_ranked,not_applicable_to_weighted_quantile,1
C05,FD004,primary,73,C05_FD004_0cfbe6357863_seed_73,outputs/c05_final_bounded_0cfbe63,0cfbe6357863e5bffcf4b3223823d1323fd86b0a,2bbce1b4d71024e01938e363c85d775d16cccb5cd0bff11231fe2251e4c66807,6fe974abc5c2d38533ebfbc1fe60b943086d2740f8370687f7c1899c35a3f242,6f755be663b27d45ae7cba285979a3e6712f994bd34fc92de183e2ad80dceed0,hist_gradient_boosting,0.1,coverage,0.375,0.31451612903225806,0.43548387096774194,2000,0.95,125.0,248,True,20,PENDING,PENDING,PENDING,PENDING,PENDING,PENDING,weighted_pointwise_not_integer_ranked,not_applicable_to_weighted_quantile,1
C05,FD004,primary,73,C05_FD004_0cfbe6357863_seed_73,outputs/c05_final_bounded_0cfbe63,0cfbe6357863e5bffcf4b3223823d1323fd86b0a,2bbce1b4d71024e01938e363c85d775d16cccb5cd0bff11231fe2251e4c66807,6fe974abc5c2d38533ebfbc1fe60b943086d2740f8370687f7c1899c35a3f242,6f755be663b27d45ae7cba285979a3e6712f994bd34fc92de183e2ad80dceed0,hist_gradient_boosting,0.1,mean_width,67.23148014770779,67.23148014770779,67.23148014770779,2000,0.95,125.0,248,True,20,PENDING,PENDING,PENDING,PENDING,PENDING,PENDING,weighted_pointwise_not_integer_ranked,not_applicable_to_weighted_quantile,1
C05,FD004,primary,73,C05_FD004_0cfbe6357863_seed_73,outputs/c05_final_bounded_0cfbe63,0cfbe6357863e5bffcf4b3223823d1323fd86b0a,2bbce1b4d71024e01938e363c85d775d16cccb5cd0bff11231fe2251e4c66807,6fe974abc5c2d38533ebfbc1fe60b943086d2740f8370687f7c1899c35a3f242,6f755be663b27d45ae7cba285979a3e6712f994bd34fc92de183e2ad80dceed0,hist_gradient_boosting,0.1,normalized_interval_score,1.9360238580823077,1.7369522638050374,2.162180657146134,2000,0.95,125.0,248,True,20,PENDING,PENDING,PENDING,PENDING,PENDING,PENDING,weighted_pointwise_not_integer_ranked,not_applicable_to_weighted_quantile,1
C05,FD004,primary,73,C05_FD004_0cfbe6357863_seed_73,outputs/c05_final_bounded_0cfbe63,0cfbe6357863e5bffcf4b3223823d1323fd86b0a,2bbce1b4d71024e01938e363c85d775d16cccb5cd0bff11231fe2251e4c66807,6fe974abc5c2d38533ebfbc1fe60b943086d2740f8370687f7c1899c35a3f242,6f755be663b27d45ae7cba285979a3e6712f994bd34fc92de183e2ad80dceed0,hist_gradient_boosting,0.05,coverage,0.7459677419354839,0.6895161290322581,0.7983870967741935,2000,0.95,125.0,248,True,20,PENDING,PENDING,PENDING,PENDING,PENDING,PENDING,weighted_pointwise_not_integer_ranked,not_applicable_to_weighted_quantile,1
C05,FD004,primary,73,C05_FD004_0cfbe6357863_seed_73,outputs/c05_final_bounded_0cfbe63,0cfbe6357863e5bffcf4b3223823d1323fd86b0a,2bbce1b4d71024e01938e363c85d775d16cccb5cd0bff11231fe2251e4c66807,6fe974abc5c2d38533ebfbc1fe60b943086d2740f8370687f7c1899c35a3f242,6f755be663b27d45ae7cba285979a3e6712f994bd34fc92de183e2ad80dceed0,hist_gradient_boosting,0.05,mean_width,96.5731266194056,96.57312661940558,96.5731266194056,2000,0.95,125.0,248,True,20,PENDING,PENDING,PENDING,PENDING,PENDING,PENDING,weighted_pointwise_not_integer_ranked,not_applicable_to_weighted_quantile,1
C05,FD004,primary,73,C05_FD004_0cfbe6357863_seed_73,outputs/c05_final_bounded_0cfbe63,0cfbe6357863e5bffcf4b3223823d1323fd86b0a,2bbce1b4d71024e01938e363c85d775d16cccb5cd0bff11231fe2251e4c66807,6fe974abc5c2d38533ebfbc1fe60b943086d2740f8370687f7c1899c35a3f242,6f755be663b27d45ae7cba285979a3e6712f994bd34fc92de183e2ad80dceed0,hist_gradient_boosting,0.05,normalized_interval_score,1.616607356719844,1.4013806776122295,1.8584198137381471,2000,0.95,125.0,248,True,20,PENDING,PENDING,PENDING,PENDING,PENDING,PENDING,weighted_pointwise_not_integer_ranked,not_applicable_to_weighted_quantile,1
C05,FD004,primary,101,C05_FD004_0cfbe6357863_seed_101,outputs/c05_final_bounded_0cfbe63,0cfbe6357863e5bffcf4b3223823d1323fd86b0a,71d058b92c91917c076c433b5e525ec6001a598c67efefbe0949a5feabd925a1,818fb6c5ad3d62307ab33c5e191a5095f5f156a427e1370269812f96bbd9ba65,25e52b7e59fac768337790bcc64197aa6b87fe9bffa164402870cb01edaa4262,mean,0.1,coverage,0.7903225806451613,0.7379032258064516,0.8387096774193549,2000,0.95,125.0,248,True,20,PENDING,PENDING,PENDING,PENDING,PENDING,PENDING,weighted_pointwise_not_integer_ranked,not_applicable_to_weighted_quantile,1
C05,FD004,primary,101,C05_FD004_0cfbe6357863_seed_101,outputs/c05_final_bounded_0cfbe63,0cfbe6357863e5bffcf4b3223823d1323fd86b0a,71d058b92c91917c076c433b5e525ec6001a598c67efefbe0949a5feabd925a1,818fb6c5ad3d62307ab33c5e191a5095f5f156a427e1370269812f96bbd9ba65,25e52b7e59fac768337790bcc64197aa6b87fe9bffa164402870cb01edaa4262,mean,0.1,mean_width,117.4693877551021,117.4693877551021,117.4693877551021,2000,0.95,125.0,248,True,20,PENDING,PENDING,PENDING,PENDING,PENDING,PENDING,weighted_pointwise_not_integer_ranked,not_applicable_to_weighted_quantile,1
C05,FD004,primary,101,C05_FD004_0cfbe6357863_seed_101,outputs/c05_final_bounded_0cfbe63,0cfbe6357863e5bffcf4b3223823d1323fd86b0a,71d058b92c91917c076c433b5e525ec6001a598c67efefbe0949a5feabd925a1,818fb6c5ad3d62307ab33c5e191a5095f5f156a427e1370269812f96bbd9ba65,25e52b7e59fac768337790bcc64197aa6b87fe9bffa164402870cb01edaa4262,mean,0.1,normalized_interval_score,1.3958841342988815,1.2771744568795267,1.524287360105333,2000,0.95,125.0,248,True,20,PENDING,PENDING,PENDING,PENDING,PENDING,PENDING,weighted_pointwise_not_integer_ranked,not_applicable_to_weighted_quantile,1
C05,FD004,primary,101,C05_FD004_0cfbe6357863_seed_101,outputs/c05_final_bounded_0cfbe63,0cfbe6357863e5bffcf4b3223823d1323fd86b0a,71d058b92c91917c076c433b5e525ec6001a598c67efefbe0949a5feabd925a1,818fb6c5ad3d62307ab33c5e191a5095f5f156a427e1370269812f96bbd9ba65,25e52b7e59fac768337790bcc64197aa6b87fe9bffa164402870cb01edaa4262,mean,0.05,coverage,0.8225806451612904,0.7741935483870968,0.8709677419354839,2000,0.95,125.0,248,True,20,PENDING,PENDING,PENDING,PENDING,PENDING,PENDING,weighted_pointwise_not_integer_ranked,not_applicable_to_weighted_quantile,1
C05,FD004,primary,101,C05_FD004_0cfbe6357863_seed_101,outputs/c05_final_bounded_0cfbe63,0cfbe6357863e5bffcf4b3223823d1323fd86b0a,71d058b92c91917c076c433b5e525ec6001a598c67efefbe0949a5feabd925a1,818fb6c5ad3d62307ab33c5e191a5095f5f156a427e1370269812f96bbd9ba65,25e52b7e59fac768337790bcc64197aa6b87fe9bffa164402870cb01edaa4262,mean,0.05,mean_width,127.4693877551021,127.4693877551021,127.4693877551021,2000,0.95,125.0,248,True,20,PENDING,PENDING,PENDING,PENDING,PENDING,PENDING,weighted_pointwise_not_integer_ranked,not_applicable_to_weighted_quantile,1
C05,FD004,primary,101,C05_FD004_0cfbe6357863_seed_101,outputs/c05_final_bounded_0cfbe63,0cfbe6357863e5bffcf4b3223823d1323fd86b0a,71d058b92c91917c076c433b5e525ec6001a598c67efefbe0949a5feabd925a1,818fb6c5ad3d62307ab33c5e191a5095f5f156a427e1370269812f96bbd9ba65,25e52b7e59fac768337790bcc64197aa6b87fe9bffa164402870cb01edaa4262,mean,0.05,normalized_interval_score,1.6107228439763008,1.4468196181698494,1.7939809084924296,2000,0.95,125.0,248,True,20,PENDING,PENDING,PENDING,PENDING,PENDING,PENDING,weighted_pointwise_not_integer_ranked,not_applicable_to_weighted_quantile,1
C05,FD004,primary,101,C05_FD004_0cfbe6357863_seed_101,outputs/c05_final_bounded_0cfbe63,0cfbe6357863e5bffcf4b3223823d1323fd86b0a,71d058b92c91917c076c433b5e525ec6001a598c67efefbe0949a5feabd925a1,818fb6c5ad3d62307ab33c5e191a5095f5f156a427e1370269812f96bbd9ba65,25e52b7e59fac768337790bcc64197aa6b87fe9bffa164402870cb01edaa4262,ridge,0.1,coverage,0.4112903225806452,0.35080645161290325,0.4717741935483871,2000,0.95,125.0,248,True,20,PENDING,PENDING,PENDING,PENDING,PENDING,PENDING,weighted_pointwise_not_integer_ranked,not_applicable_to_weighted_quantile,1
C05,FD004,primary,101,C05_FD004_0cfbe6357863_seed_101,outputs/c05_final_bounded_0cfbe63,0cfbe6357863e5bffcf4b3223823d1323fd86b0a,71d058b92c91917c076c433b5e525ec6001a598c67efefbe0949a5feabd925a1,818fb6c5ad3d62307ab33c5e191a5095f5f156a427e1370269812f96bbd9ba65,25e52b7e59fac768337790bcc64197aa6b87fe9bffa164402870cb01edaa4262,ridge,0.1,mean_width,99.27901279576182,99.27901279576182,99.27901279576182,2000,0.95,125.0,248,True,20,PENDING,PENDING,PENDING,PENDING,PENDING,PENDING,weighted_pointwise_not_integer_ranked,not_applicable_to_weighted_quantile,1
C05,FD004,primary,101,C05_FD004_0cfbe6357863_seed_101,outputs/c05_final_bounded_0cfbe63,0cfbe6357863e5bffcf4b3223823d1323fd86b0a,71d058b92c91917c076c433b5e525ec6001a598c67efefbe0949a5feabd925a1,818fb6c5ad3d62307ab33c5e191a5095f5f156a427e1370269812f96bbd9ba65,25e52b7e59fac768337790bcc64197aa6b87fe9bffa164402870cb01edaa4262,ridge,0.1,normalized_interval_score,5.456575370694732,4.87254518639666,6.048580427017806,2000,0.95,125.0,248,True,20,PENDING,PENDING,PENDING,PENDING,PENDING,PENDING,weighted_pointwise_not_integer_ranked,not_applicable_to_weighted_quantile,1
C05,FD004,primary,101,C05_FD004_0cfbe6357863_seed_101,outputs/c05_final_bounded_0cfbe63,0cfbe6357863e5bffcf4b3223823d1323fd86b0a,71d058b92c91917c076c433b5e525ec6001a598c67efefbe0949a5feabd925a1,818fb6c5ad3d62307ab33c5e191a5095f5f156a427e1370269812f96bbd9ba65,25e52b7e59fac768337790bcc64197aa6b87fe9bffa164402870cb01edaa4262,ridge,0.05,coverage,0.42338709677419356,0.3629032258064516,0.4838709677419355,2000,0.95,125.0,248,True,20,PENDING,PENDING,PENDING,PENDING,PENDING,PENDING,weighted_pointwise_not_integer_ranked,not_applicable_to_weighted_quantile,1
C05,FD004,primary,101,C05_FD004_0cfbe6357863_seed_101,outputs/c05_final_bounded_0cfbe63,0cfbe6357863e5bffcf4b3223823d1323fd86b0a,71d058b92c91917c076c433b5e525ec6001a598c67efefbe0949a5feabd925a1,818fb6c5ad3d62307ab33c5e191a5095f5f156a427e1370269812f96bbd9ba65,25e52b7e59fac768337790bcc64197aa6b87fe9bffa164402870cb01edaa4262,ridge,0.05,mean_width,102.88065205539169,102.88065205539169,102.88065205539169,2000,0.95,125.0,248,True,20,PENDING,PENDING,PENDING,PENDING,PENDING,PENDING,weighted_pointwise_not_integer_ranked,not_applicable_to_weighted_quantile,1
C05,FD004,primary,101,C05_FD004_0cfbe6357863_seed_101,outputs/c05_final_bounded_0cfbe63,0cfbe6357863e5bffcf4b3223823d1323fd86b0a,71d058b92c91917c076c433b5e525ec6001a598c67efefbe0949a5feabd925a1,818fb6c5ad3d62307ab33c5e191a5095f5f156a427e1370269812f96bbd9ba65,25e52b7e59fac768337790bcc64197aa6b87fe9bffa164402870cb01edaa4262,ridge,0.05,normalized_interval_score,9.81276570423603,8.68309074516096,10.965926637683326,2000,0.95,125.0,248,True,20,PENDING,PENDING,PENDING,PENDING,PENDING,PENDING,weighted_pointwise_not_integer_ranked,not_applicable_to_weighted_quantile,1
C05,FD004,primary,101,C05_FD004_0cfbe6357863_seed_101,outputs/c05_final_bounded_0cfbe63,0cfbe6357863e5bffcf4b3223823d1323fd86b0a,71d058b92c91917c076c433b5e525ec6001a598c67efefbe0949a5feabd925a1,818fb6c5ad3d62307ab33c5e191a5095f5f156a427e1370269812f96bbd9ba65,25e52b7e59fac768337790bcc64197aa6b87fe9bffa164402870cb01edaa4262,hist_gradient_boosting,0.1,coverage,0.625,0.5645161290322581,0.6895161290322581,2000,0.95,125.0,248,True,20,PENDING,PENDING,PENDING,PENDING,PENDING,PENDING,weighted_pointwise_not_integer_ranked,not_applicable_to_weighted_quantile,1
C05,FD004,primary,101,C05_FD004_0cfbe6357863_seed_101,outputs/c05_final_bounded_0cfbe63,0cfbe6357863e5bffcf4b3223823d1323fd86b0a,71d058b92c91917c076c433b5e525ec6001a598c67efefbe0949a5feabd925a1,818fb6c5ad3d62307ab33c5e191a5095f5f156a427e1370269812f96bbd9ba65,25e52b7e59fac768337790bcc64197aa6b87fe9bffa164402870cb01edaa4262,hist_gradient_boosting,0.1,mean_width,77.58209534003434,77.58209534003434,77.58209534003434,2000,0.95,125.0,248,True,20,PENDING,PENDING,PENDING,PENDING,PENDING,PENDING,weighted_pointwise_not_integer_ranked,not_applicable_to_weighted_quantile,1
C05,FD004,primary,101,C05_FD004_0cfbe6357863_seed_101,outputs/c05_final_bounded_0cfbe63,0cfbe6357863e5bffcf4b3223823d1323fd86b0a,71d058b92c91917c076c433b5e525ec6001a598c67efefbe0949a5feabd925a1,818fb6c5ad3d62307ab33c5e191a5095f5f156a427e1370269812f96bbd9ba65,25e52b7e59fac768337790bcc64197aa6b87fe9bffa164402870cb01edaa4262,hist_gradient_boosting,0.1,normalized_interval_score,1.7177245923109088,1.493512673207693,1.9607310751466205,2000,0.95,125.0,248,True,20,PENDING,PENDING,PENDING,PENDING,PENDING,PENDING,weighted_pointwise_not_integer_ranked,not_applicable_to_weighted_quantile,1
C05,FD004,primary,101,C05_FD004_0cfbe6357863_seed_101,outputs/c05_final_bounded_0cfbe63,0cfbe6357863e5bffcf4b3223823d1323fd86b0a,71d058b92c91917c076c433b5e525ec6001a598c67efefbe0949a5feabd925a1,818fb6c5ad3d62307ab33c5e191a5095f5f156a427e1370269812f96bbd9ba65,25e52b7e59fac768337790bcc64197aa6b87fe9bffa164402870cb01edaa4262,hist_gradient_boosting,0.05,coverage,0.7419354838709677,0.6854838709677419,0.7944556451612897,2000,0.95,125.0,248,True,20,PENDING,PENDING,PENDING,PENDING,PENDING,PENDING,weighted_pointwise_not_integer_ranked,not_applicable_to_weighted_quantile,1
C05,FD004,primary,101,C05_FD004_0cfbe6357863_seed_101,outputs/c05_final_bounded_0cfbe63,0cfbe6357863e5bffcf4b3223823d1323fd86b0a,71d058b92c91917c076c433b5e525ec6001a598c67efefbe0949a5feabd925a1,818fb6c5ad3d62307ab33c5e191a5095f5f156a427e1370269812f96bbd9ba65,25e52b7e59fac768337790bcc64197aa6b87fe9bffa164402870cb01edaa4262,hist_gradient_boosting,0.05,mean_width,96.58717531017419,96.58717531017419,96.58717531017419,2000,0.95,125.0,248,True,20,PENDING,PENDING,PENDING,PENDING,PENDING,PENDING,weighted_pointwise_not_integer_ranked,not_applicable_to_weighted_quantile,1
C05,FD004,primary,101,C05_FD004_0cfbe6357863_seed_101,outputs/c05_final_bounded_0cfbe63,0cfbe6357863e5bffcf4b3223823d1323fd86b0a,71d058b92c91917c076c433b5e525ec6001a598c67efefbe0949a5feabd925a1,818fb6c5ad3d62307ab33c5e191a5095f5f156a427e1370269812f96bbd9ba65,25e52b7e59fac768337790bcc64197aa6b87fe9bffa164402870cb01edaa4262,hist_gradient_boosting,0.05,normalized_interval_score,1.9849667142581782,1.6864822135131177,2.3126521281701575,2000,0.95,125.0,248,True,20,PENDING,PENDING,PENDING,PENDING,PENDING,PENDING,weighted_pointwise_not_integer_ranked,not_applicable_to_weighted_quantile,1
C05,FD004,primary,137,C05_FD004_0cfbe6357863_seed_137,outputs/c05_final_bounded_0cfbe63,0cfbe6357863e5bffcf4b3223823d1323fd86b0a,74f3fe21cd7921bd1b149d277454d338f86f0043357111c94ac9bc955fc25124,e0d11f1f7fd6b9ea7c86ba6442a48ce60d2b81c6f1cc731cf36ceabfc7d6f948,455bc6ef386362d3868191653d2efe8d9ea4c962a5bda0ff47859db255bfb355,mean,0.1,coverage,0.7903225806451613,0.7379032258064516,0.842741935483871,2000,0.95,125.0,248,True,20,PENDING,PENDING,PENDING,PENDING,PENDING,PENDING,weighted_pointwise_not_integer_ranked,not_applicable_to_weighted_quantile,1
C05,FD004,primary,137,C05_FD004_0cfbe6357863_seed_137,outputs/c05_final_bounded_0cfbe63,0cfbe6357863e5bffcf4b3223823d1323fd86b0a,74f3fe21cd7921bd1b149d277454d338f86f0043357111c94ac9bc955fc25124,e0d11f1f7fd6b9ea7c86ba6442a48ce60d2b81c6f1cc731cf36ceabfc7d6f948,455bc6ef386362d3868191653d2efe8d9ea4c962a5bda0ff47859db255bfb355,mean,0.1,mean_width,113.79646802677205,113.79646802677205,113.79646802677205,2000,0.95,125.0,248,True,20,PENDING,PENDING,PENDING,PENDING,PENDING,PENDING,weighted_pointwise_not_integer_ranked,not_applicable_to_weighted_quantile,1
C05,FD004,primary,137,C05_FD004_0cfbe6357863_seed_137,outputs/c05_final_bounded_0cfbe63,0cfbe6357863e5bffcf4b3223823d1323fd86b0a,74f3fe21cd7921bd1b149d277454d338f86f0043357111c94ac9bc955fc25124,e0d11f1f7fd6b9ea7c86ba6442a48ce60d2b81c6f1cc731cf36ceabfc7d6f948,455bc6ef386362d3868191653d2efe8d9ea4c962a5bda0ff47859db255bfb355,mean,0.1,normalized_interval_score,1.433597550665789,1.2942104538915957,1.5665330345367565,2000,0.95,125.0,248,True,20,PENDING,PENDING,PENDING,PENDING,PENDING,PENDING,weighted_pointwise_not_integer_ranked,not_applicable_to_weighted_quantile,1
C05,FD004,primary,137,C05_FD004_0cfbe6357863_seed_137,outputs/c05_final_bounded_0cfbe63,0cfbe6357863e5bffcf4b3223823d1323fd86b0a,74f3fe21cd7921bd1b149d277454d338f86f0043357111c94ac9bc955fc25124,e0d11f1f7fd6b9ea7c86ba6442a48ce60d2b81c6f1cc731cf36ceabfc7d6f948,455bc6ef386362d3868191653d2efe8d9ea4c962a5bda0ff47859db255bfb355,mean,0.05,coverage,0.7903225806451613,0.7379032258064516,0.842741935483871,2000,0.95,125.0,248,True,20,PENDING,PENDING,PENDING,PENDING,PENDING,PENDING,weighted_pointwise_not_integer_ranked,not_applicable_to_weighted_quantile,1
C05,FD004,primary,137,C05_FD004_0cfbe6357863_seed_137,outputs/c05_final_bounded_0cfbe63,0cfbe6357863e5bffcf4b3223823d1323fd86b0a,74f3fe21cd7921bd1b149d277454d338f86f0043357111c94ac9bc955fc25124,e0d11f1f7fd6b9ea7c86ba6442a48ce60d2b81c6f1cc731cf36ceabfc7d6f948,455bc6ef386362d3868191653d2efe8d9ea4c962a5bda0ff47859db255bfb355,mean,0.05,mean_width,119.79646802677205,119.79646802677205,119.79646802677205,2000,0.95,125.0,248,True,20,PENDING,PENDING,PENDING,PENDING,PENDING,PENDING,weighted_pointwise_not_integer_ranked,not_applicable_to_weighted_quantile,1
C05,FD004,primary,137,C05_FD004_0cfbe6357863_seed_137,outputs/c05_final_bounded_0cfbe63,0cfbe6357863e5bffcf4b3223823d1323fd86b0a,74f3fe21cd7921bd1b149d277454d338f86f0043357111c94ac9bc955fc25124,e0d11f1f7fd6b9ea7c86ba6442a48ce60d2b81c6f1cc731cf36ceabfc7d6f948,455bc6ef386362d3868191653d2efe8d9ea4c962a5bda0ff47859db255bfb355,mean,0.05,normalized_interval_score,1.8035330345367566,1.5725330345367565,2.028081421633531,2000,0.95,125.0,248,True,20,PENDING,PENDING,PENDING,PENDING,PENDING,PENDING,weighted_pointwise_not_integer_ranked,not_applicable_to_weighted_quantile,1
C05,FD004,primary,137,C05_FD004_0cfbe6357863_seed_137,outputs/c05_final_bounded_0cfbe63,0cfbe6357863e5bffcf4b3223823d1323fd86b0a,74f3fe21cd7921bd1b149d277454d338f86f0043357111c94ac9bc955fc25124,e0d11f1f7fd6b9ea7c86ba6442a48ce60d2b81c6f1cc731cf36ceabfc7d6f948,455bc6ef386362d3868191653d2efe8d9ea4c962a5bda0ff47859db255bfb355,ridge,0.1,coverage,0.3790322580645161,0.3185483870967742,0.43951612903225806,2000,0.95,125.0,248,True,20,PENDING,PENDING,PENDING,PENDING,PENDING,PENDING,weighted_pointwise_not_integer_ranked,not_applicable_to_weighted_quantile,1
C05,FD004,primary,137,C05_FD004_0cfbe6357863_seed_137,outputs/c05_final_bounded_0cfbe63,0cfbe6357863e5bffcf4b3223823d1323fd86b0a,74f3fe21cd7921bd1b149d277454d338f86f0043357111c94ac9bc955fc25124,e0d11f1f7fd6b9ea7c86ba6442a48ce60d2b81c6f1cc731cf36ceabfc7d6f948,455bc6ef386362d3868191653d2efe8d9ea4c962a5bda0ff47859db255bfb355,ridge,0.1,mean_width,73.72832414695219,73.72832414695219,73.72832414695219,2000,0.95,125.0,248,True,20,PENDING,PENDING,PENDING,PENDING,PENDING,PENDING,weighted_pointwise_not_integer_ranked,not_applicable_to_weighted_quantile,1
C05,FD004,primary,137,C05_FD004_0cfbe6357863_seed_137,outputs/c05_final_bounded_0cfbe63,0cfbe6357863e5bffcf4b3223823d1323fd86b0a,74f3fe21cd7921bd1b149d277454d338f86f0043357111c94ac9bc955fc25124,e0d11f1f7fd6b9ea7c86ba6442a48ce60d2b81c6f1cc731cf36ceabfc7d6f948,455bc6ef386362d3868191653d2efe8d9ea4c962a5bda0ff47859db255bfb355,ridge,0.1,normalized_interval_score,6.185258232327026,5.515488235353788,6.86777067683862,2000,0.95,125.0,248,True,20,PENDING,PENDING,PENDING,PENDING,PENDING,PENDING,weighted_pointwise_not_integer_ranked,not_applicable_to_weighted_quantile,1
C05,FD004,primary,137,C05_FD004_0cfbe6357863_seed_137,outputs/c05_final_bounded_0cfbe63,0cfbe6357863e5bffcf4b3223823d1323fd86b0a,74f3fe21cd7921bd1b149d277454d338f86f0043357111c94ac9bc955fc25124,e0d11f1f7fd6b9ea7c86ba6442a48ce60d2b81c6f1cc731cf36ceabfc7d6f948,455bc6ef386362d3868191653d2efe8d9ea4c962a5bda0ff47859db255bfb355,ridge,0.05,coverage,0.3951612903225806,0.3346774193548387,0.45564516129032256,2000,0.95,125.0,248,True,20,PENDING,PENDING,PENDING,PENDING,PENDING,PENDING,weighted_pointwise_not_integer_ranked,not_applicable_to_weighted_quantile,1
C05,FD004,primary,137,C05_FD004_0cfbe6357863_seed_137,outputs/c05_final_bounded_0cfbe63,0cfbe6357863e5bffcf4b3223823d1323fd86b0a,74f3fe21cd7921bd1b149d277454d338f86f0043357111c94ac9bc955fc25124,e0d11f1f7fd6b9ea7c86ba6442a48ce60d2b81c6f1cc731cf36ceabfc7d6f948,455bc6ef386362d3868191653d2efe8d9ea4c962a5bda0ff47859db255bfb355,ridge,0.05,mean_width,78.36824502728722,78.36824502728722,78.36824502728722,2000,0.95,125.0,248,True,20,PENDING,PENDING,PENDING,PENDING,PENDING,PENDING,weighted_pointwise_not_integer_ranked,not_applicable_to_weighted_quantile,1
C05,FD004,primary,137,C05_FD004_0cfbe6357863_seed_137,outputs/c05_final_bounded_0cfbe63,0cfbe6357863e5bffcf4b3223823d1323fd86b0a,74f3fe21cd7921bd1b149d277454d338f86f0043357111c94ac9bc955fc25124,e0d11f1f7fd6b9ea7c86ba6442a48ce60d2b81c6f1cc731cf36ceabfc7d6f948,455bc6ef386362d3868191653d2efe8d9ea4c962a5bda0ff47859db255bfb355,ridge,0.05,normalized_interval_score,11.362922247900178,10.055655961296853,12.68995438104345,2000,0.95,125.0,248,True,20,PENDING,PENDING,PENDING,PENDING,PENDING,PENDING,weighted_pointwise_not_integer_ranked,not_applicable_to_weighted_quantile,1
C05,FD004,primary,137,C05_FD004_0cfbe6357863_seed_137,outputs/c05_final_bounded_0cfbe63,0cfbe6357863e5bffcf4b3223823d1323fd86b0a,74f3fe21cd7921bd1b149d277454d338f86f0043357111c94ac9bc955fc25124,e0d11f1f7fd6b9ea7c86ba6442a48ce60d2b81c6f1cc731cf36ceabfc7d6f948,455bc6ef386362d3868191653d2efe8d9ea4c962a5bda0ff47859db255bfb355,hist_gradient_boosting,0.1,coverage,0.4153225806451613,0.35080645161290325,0.47580645161290325,2000,0.95,125.0,248,True,20,PENDING,PENDING,PENDING,PENDING,PENDING,PENDING,weighted_pointwise_not_integer_ranked,not_applicable_to_weighted_quantile,1
C05,FD004,primary,137,C05_FD004_0cfbe6357863_seed_137,outputs/c05_final_bounded_0cfbe63,0cfbe6357863e5bffcf4b3223823d1323fd86b0a,74f3fe21cd7921bd1b149d277454d338f86f0043357111c94ac9bc955fc25124,e0d11f1f7fd6b9ea7c86ba6442a48ce60d2b81c6f1cc731cf36ceabfc7d6f948,455bc6ef386362d3868191653d2efe8d9ea4c962a5bda0ff47859db255bfb355,hist_gradient_boosting,0.1,mean_width,59.25950915956049,59.25950915956049,59.25950915956049,2000,0.95,125.0,248,True,20,PENDING,PENDING,PENDING,PENDING,PENDING,PENDING,weighted_pointwise_not_integer_ranked,not_applicable_to_weighted_quantile,1
C05,FD004,primary,137,C05_FD004_0cfbe6357863_seed_137,outputs/c05_final_bounded_0cfbe63,0cfbe6357863e5bffcf4b3223823d1323fd86b0a,74f3fe21cd7921bd1b149d277454d338f86f0043357111c94ac9bc955fc25124,e0d11f1f7fd6b9ea7c86ba6442a48ce60d2b81c6f1cc731cf36ceabfc7d6f948,455bc6ef386362d3868191653d2efe8d9ea4c962a5bda0ff47859db255bfb355,hist_gradient_boosting,0.1,normalized_interval_score,2.1519732732239962,1.9133653376743045,2.396436307935233,2000,0.95,125.0,248,True,20,PENDING,PENDING,PENDING,PENDING,PENDING,PENDING,weighted_pointwise_not_integer_ranked,not_applicable_to_weighted_quantile,1
C05,FD004,primary,137,C05_FD004_0cfbe6357863_seed_137,outputs/c05_final_bounded_0cfbe63,0cfbe6357863e5bffcf4b3223823d1323fd86b0a,74f3fe21cd7921bd1b149d277454d338f86f0043357111c94ac9bc955fc25124,e0d11f1f7fd6b9ea7c86ba6442a48ce60d2b81c6f1cc731cf36ceabfc7d6f948,455bc6ef386362d3868191653d2efe8d9ea4c962a5bda0ff47859db255bfb355,hist_gradient_boosting,0.05,coverage,0.4879032258064516,0.4274193548387097,0.5524193548387096,2000,0.95,125.0,248,True,20,PENDING,PENDING,PENDING,PENDING,PENDING,PENDING,weighted_pointwise_not_integer_ranked,not_applicable_to_weighted_quantile,1
C05,FD004,primary,137,C05_FD004_0cfbe6357863_seed_137,outputs/c05_final_bounded_0cfbe63,0cfbe6357863e5bffcf4b3223823d1323fd86b0a,74f3fe21cd7921bd1b149d277454d338f86f0043357111c94ac9bc955fc25124,e0d11f1f7fd6b9ea7c86ba6442a48ce60d2b81c6f1cc731cf36ceabfc7d6f948,455bc6ef386362d3868191653d2efe8d9ea4c962a5bda0ff47859db255bfb355,hist_gradient_boosting,0.05,mean_width,68.16806865763319,68.16806865763319,68.16806865763319,2000,0.95,125.0,248,True,20,PENDING,PENDING,PENDING,PENDING,PENDING,PENDING,weighted_pointwise_not_integer_ranked,not_applicable_to_weighted_quantile,1
C05,FD004,primary,137,C05_FD004_0cfbe6357863_seed_137,outputs/c05_final_bounded_0cfbe63,0cfbe6357863e5bffcf4b3223823d1323fd86b0a,74f3fe21cd7921bd1b149d277454d338f86f0043357111c94ac9bc955fc25124,e0d11f1f7fd6b9ea7c86ba6442a48ce60d2b81c6f1cc731cf36ceabfc7d6f948,455bc6ef386362d3868191653d2efe8d9ea4c962a5bda0ff47859db255bfb355,hist_gradient_boosting,0.05,normalized_interval_score,3.120363076044144,2.7163730112191375,3.5395295640058997,2000,0.95,125.0,248,True,20,PENDING,PENDING,PENDING,PENDING,PENDING,PENDING,weighted_pointwise_not_integer_ranked,not_applicable_to_weighted_quantile,1
C06,FD001,cap_130,13,C06_cap_130_c86eff420321_seed_13,outputs/c06_final_c86eff4,c86eff4203214cd7b64c5d908bb71cab69f7c555,b5bd104d48d60fcf78cbbf2cccd2a67fa063fcd8ea6ea1cd288bcf8acc0640cf,c3fd9d715c8e8f09a0e75dee984b79e80a25007195a25f7ab8a0e1e3ef36ff79,ec93b4121d1eccff8ce7e59550ba6e60d5f4b464d4cf653f9fe396f45541f6ca,mean,0.1,coverage,0.75,0.66,0.83,2000,0.95,130.0,100,True,20,19,19,19,19,1.0,0.0,interior,finite_observed_order_statistic,1
C06,FD001,cap_130,13,C06_cap_130_c86eff420321_seed_13,outputs/c06_final_c86eff4,c86eff4203214cd7b64c5d908bb71cab69f7c555,b5bd104d48d60fcf78cbbf2cccd2a67fa063fcd8ea6ea1cd288bcf8acc0640cf,c3fd9d715c8e8f09a0e75dee984b79e80a25007195a25f7ab8a0e1e3ef36ff79,ec93b4121d1eccff8ce7e59550ba6e60d5f4b464d4cf653f9fe396f45541f6ca,mean,0.1,mean_width,114.20705289672539,114.20705289672539,114.20705289672539,2000,0.95,130.0,100,True,20,19,19,19,19,1.0,0.0,interior,finite_observed_order_statistic,1
C06,FD001,cap_130,13,C06_cap_130_c86eff420321_seed_13,outputs/c06_final_c86eff4,c86eff4203214cd7b64c5d908bb71cab69f7c555,b5bd104d48d60fcf78cbbf2cccd2a67fa063fcd8ea6ea1cd288bcf8acc0640cf,c3fd9d715c8e8f09a0e75dee984b79e80a25007195a25f7ab8a0e1e3ef36ff79,ec93b4121d1eccff8ce7e59550ba6e60d5f4b464d4cf653f9fe396f45541f6ca,mean,0.1,normalized_interval_score,1.3508234838209652,1.1707080992055798,1.5569773299748115,2000,0.95,130.0,100,True,20,19,19,19,19,1.0,0.0,interior,finite_observed_order_statistic,1
C06,FD001,cap_130,13,C06_cap_130_c86eff420321_seed_13,outputs/c06_final_c86eff4,c86eff4203214cd7b64c5d908bb71cab69f7c555,b5bd104d48d60fcf78cbbf2cccd2a67fa063fcd8ea6ea1cd288bcf8acc0640cf,c3fd9d715c8e8f09a0e75dee984b79e80a25007195a25f7ab8a0e1e3ef36ff79,ec93b4121d1eccff8ce7e59550ba6e60d5f4b464d4cf653f9fe396f45541f6ca,mean,0.05,coverage,0.81,0.73,0.89,2000,0.95,130.0,100,True,20,20,20,20,20,1.0,0.0,max_statistic,finite_observed_order_statistic,1
C06,FD001,cap_130,13,C06_cap_130_c86eff420321_seed_13,outputs/c06_final_c86eff4,c86eff4203214cd7b64c5d908bb71cab69f7c555,b5bd104d48d60fcf78cbbf2cccd2a67fa063fcd8ea6ea1cd288bcf8acc0640cf,c3fd9d715c8e8f09a0e75dee984b79e80a25007195a25f7ab8a0e1e3ef36ff79,ec93b4121d1eccff8ce7e59550ba6e60d5f4b464d4cf653f9fe396f45541f6ca,mean,0.05,mean_width,130.20705289672537,130.20705289672537,130.20705289672537,2000,0.95,130.0,100,True,20,20,20,20,20,1.0,0.0,max_statistic,finite_observed_order_statistic,1
C06,FD001,cap_130,13,C06_cap_130_c86eff420321_seed_13,outputs/c06_final_c86eff4,c86eff4203214cd7b64c5d908bb71cab69f7c555,b5bd104d48d60fcf78cbbf2cccd2a67fa063fcd8ea6ea1cd288bcf8acc0640cf,c3fd9d715c8e8f09a0e75dee984b79e80a25007195a25f7ab8a0e1e3ef36ff79,ec93b4121d1eccff8ce7e59550ba6e60d5f4b464d4cf653f9fe396f45541f6ca,mean,0.05,normalized_interval_score,1.4385157915132731,1.2354388684363493,1.6755157915132728,2000,0.95,130.0,100,True,20,20,20,20,20,1.0,0.0,max_statistic,finite_observed_order_statistic,1
C06,FD001,cap_130,13,C06_cap_130_c86eff420321_seed_13,outputs/c06_final_c86eff4,c86eff4203214cd7b64c5d908bb71cab69f7c555,b5bd104d48d60fcf78cbbf2cccd2a67fa063fcd8ea6ea1cd288bcf8acc0640cf,c3fd9d715c8e8f09a0e75dee984b79e80a25007195a25f7ab8a0e1e3ef36ff79,ec93b4121d1eccff8ce7e59550ba6e60d5f4b464d4cf653f9fe396f45541f6ca,ridge,0.1,coverage,0.96,0.92,0.99,2000,0.95,130.0,100,True,20,19,19,19,19,1.0,0.0,interior,finite_observed_order_statistic,1
C06,FD001,cap_130,13,C06_cap_130_c86eff420321_seed_13,outputs/c06_final_c86eff4,c86eff4203214cd7b64c5d908bb71cab69f7c555,b5bd104d48d60fcf78cbbf2cccd2a67fa063fcd8ea6ea1cd288bcf8acc0640cf,c3fd9d715c8e8f09a0e75dee984b79e80a25007195a25f7ab8a0e1e3ef36ff79,ec93b4121d1eccff8ce7e59550ba6e60d5f4b464d4cf653f9fe396f45541f6ca,ridge,0.1,mean_width,81.05856122835434,81.05856122835432,81.05856122835434,2000,0.95,130.0,100,True,20,19,19,19,19,1.0,0.0,interior,finite_observed_order_statistic,1
C06,FD001,cap_130,13,C06_cap_130_c86eff420321_seed_13,outputs/c06_final_c86eff4,c86eff4203214cd7b64c5d908bb71cab69f7c555,b5bd104d48d60fcf78cbbf2cccd2a67fa063fcd8ea6ea1cd288bcf8acc0640cf,c3fd9d715c8e8f09a0e75dee984b79e80a25007195a25f7ab8a0e1e3ef36ff79,ec93b4121d1eccff8ce7e59550ba6e60d5f4b464d4cf653f9fe396f45541f6ca,ridge,0.1,normalized_interval_score,0.6841479204252204,0.633042044509436,0.7522892229780169,2000,0.95,130.0,100,True,20,19,19,19,19,1.0,0.0,interior,finite_observed_order_statistic,1
C06,FD001,cap_130,13,C06_cap_130_c86eff420321_seed_13,outputs/c06_final_c86eff4,c86eff4203214cd7b64c5d908bb71cab69f7c555,b5bd104d48d60fcf78cbbf2cccd2a67fa063fcd8ea6ea1cd288bcf8acc0640cf,c3fd9d715c8e8f09a0e75dee984b79e80a25007195a25f7ab8a0e1e3ef36ff79,ec93b4121d1eccff8ce7e59550ba6e60d5f4b464d4cf653f9fe396f45541f6ca,ridge,0.05,coverage,0.96,0.92,0.99,2000,0.95,130.0,100,True,20,20,20,20,20,1.0,0.0,max_statistic,finite_observed_order_statistic,1
C06,FD001,cap_130,13,C06_cap_130_c86eff420321_seed_13,outputs/c06_final_c86eff4,c86eff4203214cd7b64c5d908bb71cab69f7c555,b5bd104d48d60fcf78cbbf2cccd2a67fa063fcd8ea6ea1cd288bcf8acc0640cf,c3fd9d715c8e8f09a0e75dee984b79e80a25007195a25f7ab8a0e1e3ef36ff79,ec93b4121d1eccff8ce7e59550ba6e60d5f4b464d4cf653f9fe396f45541f6ca,ridge,0.05,mean_width,82.18645392402964,82.18645392402964,82.18645392402965,2000,0.95,130.0,100,True,20,20,20,20,20,1.0,0.0,max_statistic,finite_observed_order_statistic,1
C06,FD001,cap_130,13,C06_cap_130_c86eff420321_seed_13,outputs/c06_final_c86eff4,c86eff4203214cd7b64c5d908bb71cab69f7c555,b5bd104d48d60fcf78cbbf2cccd2a67fa063fcd8ea6ea1cd288bcf8acc0640cf,c3fd9d715c8e8f09a0e75dee984b79e80a25007195a25f7ab8a0e1e3ef36ff79,ec93b4121d1eccff8ce7e59550ba6e60d5f4b464d4cf653f9fe396f45541f6ca,ridge,0.05,normalized_interval_score,0.7465036663179848,0.6494975730818409,0.8758453932963451,2000,0.95,130.0,100,True,20,20,20,20,20,1.0,0.0,max_statistic,finite_observed_order_statistic,1
C06,FD001,cap_130,13,C06_cap_130_c86eff420321_seed_13,outputs/c06_final_c86eff4,c86eff4203214cd7b64c5d908bb71cab69f7c555,b5bd104d48d60fcf78cbbf2cccd2a67fa063fcd8ea6ea1cd288bcf8acc0640cf,c3fd9d715c8e8f09a0e75dee984b79e80a25007195a25f7ab8a0e1e3ef36ff79,ec93b4121d1eccff8ce7e59550ba6e60d5f4b464d4cf653f9fe396f45541f6ca,hist_gradient_boosting,0.1,coverage,0.99,0.97,1.0,2000,0.95,130.0,100,True,20,19,19,19,19,1.0,0.0,interior,finite_observed_order_statistic,1
C06,FD001,cap_130,13,C06_cap_130_c86eff420321_seed_13,outputs/c06_final_c86eff4,c86eff4203214cd7b64c5d908bb71cab69f7c555,b5bd104d48d60fcf78cbbf2cccd2a67fa063fcd8ea6ea1cd288bcf8acc0640cf,c3fd9d715c8e8f09a0e75dee984b79e80a25007195a25f7ab8a0e1e3ef36ff79,ec93b4121d1eccff8ce7e59550ba6e60d5f4b464d4cf653f9fe396f45541f6ca,hist_gradient_boosting,0.1,mean_width,85.97432616879152,85.97432616879152,85.97432616879152,2000,0.95,130.0,100,True,20,19,19,19,19,1.0,0.0,interior,finite_observed_order_statistic,1
C06,FD001,cap_130,13,C06_cap_130_c86eff420321_seed_13,outputs/c06_final_c86eff4,c86eff4203214cd7b64c5d908bb71cab69f7c555,b5bd104d48d60fcf78cbbf2cccd2a67fa063fcd8ea6ea1cd288bcf8acc0640cf,c3fd9d715c8e8f09a0e75dee984b79e80a25007195a25f7ab8a0e1e3ef36ff79,ec93b4121d1eccff8ce7e59550ba6e60d5f4b464d4cf653f9fe396f45541f6ca,hist_gradient_boosting,0.1,normalized_interval_score,0.6747196566152754,0.6613409705291655,0.7014770287874952,2000,0.95,130.0,100,True,20,19,19,19,19,1.0,0.0,interior,finite_observed_order_statistic,1
C06,FD001,cap_130,13,C06_cap_130_c86eff420321_seed_13,outputs/c06_final_c86eff4,c86eff4203214cd7b64c5d908bb71cab69f7c555,b5bd104d48d60fcf78cbbf2cccd2a67fa063fcd8ea6ea1cd288bcf8acc0640cf,c3fd9d715c8e8f09a0e75dee984b79e80a25007195a25f7ab8a0e1e3ef36ff79,ec93b4121d1eccff8ce7e59550ba6e60d5f4b464d4cf653f9fe396f45541f6ca,hist_gradient_boosting,0.05,coverage,0.99,0.97,1.0,2000,0.95,130.0,100,True,20,20,20,20,20,1.0,0.0,max_statistic,finite_observed_order_statistic,1
C06,FD001,cap_130,13,C06_cap_130_c86eff420321_seed_13,outputs/c06_final_c86eff4,c86eff4203214cd7b64c5d908bb71cab69f7c555,b5bd104d48d60fcf78cbbf2cccd2a67fa063fcd8ea6ea1cd288bcf8acc0640cf,c3fd9d715c8e8f09a0e75dee984b79e80a25007195a25f7ab8a0e1e3ef36ff79,ec93b4121d1eccff8ce7e59550ba6e60d5f4b464d4cf653f9fe396f45541f6ca,hist_gradient_boosting,0.05,mean_width,89.13281086294332,89.13281086294332,89.13281086294332,2000,0.95,130.0,100,True,20,20,20,20,20,1.0,0.0,max_statistic,finite_observed_order_statistic,1
C06,FD001,cap_130,13,C06_cap_130_c86eff420321_seed_13,outputs/c06_final_c86eff4,c86eff4203214cd7b64c5d908bb71cab69f7c555,b5bd104d48d60fcf78cbbf2cccd2a67fa063fcd8ea6ea1cd288bcf8acc0640cf,c3fd9d715c8e8f09a0e75dee984b79e80a25007195a25f7ab8a0e1e3ef36ff79,ec93b4121d1eccff8ce7e59550ba6e60d5f4b464d4cf653f9fe396f45541f6ca,hist_gradient_boosting,0.05,normalized_interval_score,0.7075351715884733,0.6856370066380255,0.7513315014893689,2000,0.95,130.0,100,True,20,20,20,20,20,1.0,0.0,max_statistic,finite_observed_order_statistic,1
C06,FD001,cap_130,37,C06_cap_130_c86eff420321_seed_37,outputs/c06_final_c86eff4,c86eff4203214cd7b64c5d908bb71cab69f7c555,6a510b808ad78c878fa52db43591333f7acc89ed09509ad30349b2746d1ded26,b25edfdecc0a0b367f0f080816a95fd3c3e5780d6624602fc01cec6d94df82e2,dba1f0c7129690f8efe1cd92e54699eeb764f3d75f7298495a8812a0f2887eba,mean,0.1,coverage,0.81,0.73,0.88,2000,0.95,130.0,100,True,20,19,19,19,19,1.0,0.0,interior,finite_observed_order_statistic,1
C06,FD001,cap_130,37,C06_cap_130_c86eff420321_seed_37,outputs/c06_final_c86eff4,c86eff4203214cd7b64c5d908bb71cab69f7c555,6a510b808ad78c878fa52db43591333f7acc89ed09509ad30349b2746d1ded26,b25edfdecc0a0b367f0f080816a95fd3c3e5780d6624602fc01cec6d94df82e2,dba1f0c7129690f8efe1cd92e54699eeb764f3d75f7298495a8812a0f2887eba,mean,0.1,mean_width,126.86660314435443,126.86660314435443,126.86660314435443,2000,0.95,130.0,100,True,20,19,19,19,19,1.0,0.0,interior,finite_observed_order_statistic,1
C06,FD001,cap_130,37,C06_cap_130_c86eff420321_seed_37,outputs/c06_final_c86eff4,c86eff4203214cd7b64c5d908bb71cab69f7c555,6a510b808ad78c878fa52db43591333f7acc89ed09509ad30349b2746d1ded26,b25edfdecc0a0b367f0f080816a95fd3c3e5780d6624602fc01cec6d94df82e2,dba1f0c7129690f8efe1cd92e54699eeb764f3d75f7298495a8812a0f2887eba,mean,0.1,normalized_interval_score,1.3112815626488803,1.1727815626488804,1.4697815626488802,2000,0.95,130.0,100,True,20,19,19,19,19,1.0,0.0,interior,finite_observed_order_statistic,1
C06,FD001,cap_130,37,C06_cap_130_c86eff420321_seed_37,outputs/c06_final_c86eff4,c86eff4203214cd7b64c5d908bb71cab69f7c555,6a510b808ad78c878fa52db43591333f7acc89ed09509ad30349b2746d1ded26,b25edfdecc0a0b367f0f080816a95fd3c3e5780d6624602fc01cec6d94df82e2,dba1f0c7129690f8efe1cd92e54699eeb764f3d75f7298495a8812a0f2887eba,mean,0.05,coverage,0.81,0.73,0.88,2000,0.95,130.0,100,True,20,20,20,20,20,1.0,0.0,max_statistic,finite_observed_order_statistic,1
C06,FD001,cap_130,37,C06_cap_130_c86eff420321_seed_37,outputs/c06_final_c86eff4,c86eff4203214cd7b64c5d908bb71cab69f7c555,6a510b808ad78c878fa52db43591333f7acc89ed09509ad30349b2746d1ded26,b25edfdecc0a0b367f0f080816a95fd3c3e5780d6624602fc01cec6d94df82e2,dba1f0c7129690f8efe1cd92e54699eeb764f3d75f7298495a8812a0f2887eba,mean,0.05,mean_width,130.86660314435443,130.86660314435443,130.86660314435443,2000,0.95,130.0,100,True,20,20,20,20,20,1.0,0.0,max_statistic,finite_observed_order_statistic,1
C06,FD001,cap_130,37,C06_cap_130_c86eff420321_seed_37,outputs/c06_final_c86eff4,c86eff4203214cd7b64c5d908bb71cab69f7c555,6a510b808ad78c878fa52db43591333f7acc89ed09509ad30349b2746d1ded26,b25edfdecc0a0b367f0f080816a95fd3c3e5780d6624602fc01cec6d94df82e2,dba1f0c7129690f8efe1cd92e54699eeb764f3d75f7298495a8812a0f2887eba,mean,0.05,normalized_interval_score,1.5605123318796497,1.3235892549565726,1.8374354088027265,2000,0.95,130.0,100,True,20,20,20,20,20,1.0,0.0,max_statistic,finite_observed_order_statistic,1
C06,FD001,cap_130,37,C06_cap_130_c86eff420321_seed_37,outputs/c06_final_c86eff4,c86eff4203214cd7b64c5d908bb71cab69f7c555,6a510b808ad78c878fa52db43591333f7acc89ed09509ad30349b2746d1ded26,b25edfdecc0a0b367f0f080816a95fd3c3e5780d6624602fc01cec6d94df82e2,dba1f0c7129690f8efe1cd92e54699eeb764f3d75f7298495a8812a0f2887eba,ridge,0.1,coverage,0.94,0.89,0.98,2000,0.95,130.0,100,True,20,19,19,19,19,1.0,0.0,interior,finite_observed_order_statistic,1
C06,FD001,cap_130,37,C06_cap_130_c86eff420321_seed_37,outputs/c06_final_c86eff4,c86eff4203214cd7b64c5d908bb71cab69f7c555,6a510b808ad78c878fa52db43591333f7acc89ed09509ad30349b2746d1ded26,b25edfdecc0a0b367f0f080816a95fd3c3e5780d6624602fc01cec6d94df82e2,dba1f0c7129690f8efe1cd92e54699eeb764f3d75f7298495a8812a0f2887eba,ridge,0.1,mean_width,74.55417736682477,74.55417736682477,74.55417736682477,2000,0.95,130.0,100,True,20,19,19,19,19,1.0,0.0,interior,finite_observed_order_statistic,1
C06,FD001,cap_130,37,C06_cap_130_c86eff420321_seed_37,outputs/c06_final_c86eff4,c86eff4203214cd7b64c5d908bb71cab69f7c555,6a510b808ad78c878fa52db43591333f7acc89ed09509ad30349b2746d1ded26,b25edfdecc0a0b367f0f080816a95fd3c3e5780d6624602fc01cec6d94df82e2,dba1f0c7129690f8efe1cd92e54699eeb764f3d75f7298495a8812a0f2887eba,ridge,0.1,normalized_interval_score,0.6131397426634617,0.5774307725666582,0.6651050466936564,2000,0.95,130.0,100,True,20,19,19,19,19,1.0,0.0,interior,finite_observed_order_statistic,1
C06,FD001,cap_130,37,C06_cap_130_c86eff420321_seed_37,outputs/c06_final_c86eff4,c86eff4203214cd7b64c5d908bb71cab69f7c555,6a510b808ad78c878fa52db43591333f7acc89ed09509ad30349b2746d1ded26,b25edfdecc0a0b367f0f080816a95fd3c3e5780d6624602fc01cec6d94df82e2,dba1f0c7129690f8efe1cd92e54699eeb764f3d75f7298495a8812a0f2887eba,ridge,0.05,coverage,0.95,0.91,0.99,2000,0.95,130.0,100,True,20,20,20,20,20,1.0,0.0,max_statistic,finite_observed_order_statistic,1
C06,FD001,cap_130,37,C06_cap_130_c86eff420321_seed_37,outputs/c06_final_c86eff4,c86eff4203214cd7b64c5d908bb71cab69f7c555,6a510b808ad78c878fa52db43591333f7acc89ed09509ad30349b2746d1ded26,b25edfdecc0a0b367f0f080816a95fd3c3e5780d6624602fc01cec6d94df82e2,dba1f0c7129690f8efe1cd92e54699eeb764f3d75f7298495a8812a0f2887eba,ridge,0.05,mean_width,75.62750099122606,75.62750099122606,75.62750099122606,2000,0.95,130.0,100,True,20,20,20,20,20,1.0,0.0,max_statistic,finite_observed_order_statistic,1
C06,FD001,cap_130,37,C06_cap_130_c86eff420321_seed_37,outputs/c06_final_c86eff4,c86eff4203214cd7b64c5d908bb71cab69f7c555,6a510b808ad78c878fa52db43591333f7acc89ed09509ad30349b2746d1ded26,b25edfdecc0a0b367f0f080816a95fd3c3e5780d6624602fc01cec6d94df82e2,dba1f0c7129690f8efe1cd92e54699eeb764f3d75f7298495a8812a0f2887eba,ridge,0.05,normalized_interval_score,0.6520804525394951,0.5862243123667383,0.7524499459982085,2000,0.95,130.0,100,True,20,20,20,20,20,1.0,0.0,max_statistic,finite_observed_order_statistic,1
C06,FD001,cap_130,37,C06_cap_130_c86eff420321_seed_37,outputs/c06_final_c86eff4,c86eff4203214cd7b64c5d908bb71cab69f7c555,6a510b808ad78c878fa52db43591333f7acc89ed09509ad30349b2746d1ded26,b25edfdecc0a0b367f0f080816a95fd3c3e5780d6624602fc01cec6d94df82e2,dba1f0c7129690f8efe1cd92e54699eeb764f3d75f7298495a8812a0f2887eba,hist_gradient_boosting,0.1,coverage,0.94,0.89,0.98,2000,0.95,130.0,100,True,20,19,19,19,19,1.0,0.0,interior,finite_observed_order_statistic,1
C06,FD001,cap_130,37,C06_cap_130_c86eff420321_seed_37,outputs/c06_final_c86eff4,c86eff4203214cd7b64c5d908bb71cab69f7c555,6a510b808ad78c878fa52db43591333f7acc89ed09509ad30349b2746d1ded26,b25edfdecc0a0b367f0f080816a95fd3c3e5780d6624602fc01cec6d94df82e2,dba1f0c7129690f8efe1cd92e54699eeb764f3d75f7298495a8812a0f2887eba,hist_gradient_boosting,0.1,mean_width,69.62583041248787,69.62583041248787,69.62583041248787,2000,0.95,130.0,100,True,20,19,19,19,19,1.0,0.0,interior,finite_observed_order_statistic,1
C06,FD001,cap_130,37,C06_cap_130_c86eff420321_seed_37,outputs/c06_final_c86eff4,c86eff4203214cd7b64c5d908bb71cab69f7c555,6a510b808ad78c878fa52db43591333f7acc89ed09509ad30349b2746d1ded26,b25edfdecc0a0b367f0f080816a95fd3c3e5780d6624602fc01cec6d94df82e2,dba1f0c7129690f8efe1cd92e54699eeb764f3d75f7298495a8812a0f2887eba,hist_gradient_boosting,0.1,normalized_interval_score,0.6046551328199928,0.5498817291164299,0.6792987350385228,2000,0.95,130.0,100,True,20,19,19,19,19,1.0,0.0,interior,finite_observed_order_statistic,1
C06,FD001,cap_130,37,C06_cap_130_c86eff420321_seed_37,outputs/c06_final_c86eff4,c86eff4203214cd7b64c5d908bb71cab69f7c555,6a510b808ad78c878fa52db43591333f7acc89ed09509ad30349b2746d1ded26,b25edfdecc0a0b367f0f080816a95fd3c3e5780d6624602fc01cec6d94df82e2,dba1f0c7129690f8efe1cd92e54699eeb764f3d75f7298495a8812a0f2887eba,hist_gradient_boosting,0.05,coverage,0.96,0.92,0.99,2000,0.95,130.0,100,True,20,20,20,20,20,1.0,0.0,max_statistic,finite_observed_order_statistic,1
C06,FD001,cap_130,37,C06_cap_130_c86eff420321_seed_37,outputs/c06_final_c86eff4,c86eff4203214cd7b64c5d908bb71cab69f7c555,6a510b808ad78c878fa52db43591333f7acc89ed09509ad30349b2746d1ded26,b25edfdecc0a0b367f0f080816a95fd3c3e5780d6624602fc01cec6d94df82e2,dba1f0c7129690f8efe1cd92e54699eeb764f3d75f7298495a8812a0f2887eba,hist_gradient_boosting,0.05,mean_width,78.44530796937025,78.44530796937023,78.44530796937025,2000,0.95,130.0,100,True,20,20,20,20,20,1.0,0.0,max_statistic,finite_observed_order_statistic,1
C06,FD001,cap_130,37,C06_cap_130_c86eff420321_seed_37,outputs/c06_final_c86eff4,c86eff4203214cd7b64c5d908bb71cab69f7c555,6a510b808ad78c878fa52db43591333f7acc89ed09509ad30349b2746d1ded26,b25edfdecc0a0b367f0f080816a95fd3c3e5780d6624602fc01cec6d94df82e2,dba1f0c7129690f8efe1cd92e54699eeb764f3d75f7298495a8812a0f2887eba,hist_gradient_boosting,0.05,normalized_interval_score,0.6798338056334617,0.6115401885096617,0.7771176916746679,2000,0.95,130.0,100,True,20,20,20,20,20,1.0,0.0,max_statistic,finite_observed_order_statistic,1
C06,FD001,cap_130,73,C06_cap_130_c86eff420321_seed_73,outputs/c06_final_c86eff4,c86eff4203214cd7b64c5d908bb71cab69f7c555,adecec46e432f6570cc4f3dfe7a7706fdf8d75dc5500d4e3a13da170d1fa0100,793f32b0d015b28d34ded21b5b0caf30e83c405cf2026dc6cfa99fa8ce422c95,f4a28b8d2172b497ec331b8c132eb3ab80a3c30992a3c617fd52ce57166bda88,mean,0.1,coverage,0.81,0.73,0.89,2000,0.95,130.0,100,True,20,19,19,19,19,1.0,0.0,interior,finite_observed_order_statistic,1
C06,FD001,cap_130,73,C06_cap_130_c86eff420321_seed_73,outputs/c06_final_c86eff4,c86eff4203214cd7b64c5d908bb71cab69f7c555,adecec46e432f6570cc4f3dfe7a7706fdf8d75dc5500d4e3a13da170d1fa0100,793f32b0d015b28d34ded21b5b0caf30e83c405cf2026dc6cfa99fa8ce422c95,f4a28b8d2172b497ec331b8c132eb3ab80a3c30992a3c617fd52ce57166bda88,mean,0.1,mean_width,124.83216669379777,124.83216669379777,124.83216669379777,2000,0.95,130.0,100,True,20,19,19,19,19,1.0,0.0,interior,finite_observed_order_statistic,1
C06,FD001,cap_130,73,C06_cap_130_c86eff420321_seed_73,outputs/c06_final_c86eff4,c86eff4203214cd7b64c5d908bb71cab69f7c555,adecec46e432f6570cc4f3dfe7a7706fdf8d75dc5500d4e3a13da170d1fa0100,793f32b0d015b28d34ded21b5b0caf30e83c405cf2026dc6cfa99fa8ce422c95,f4a28b8d2172b497ec331b8c132eb3ab80a3c30992a3c617fd52ce57166bda88,mean,0.1,normalized_interval_score,1.2956320514907522,1.1448628207215212,1.4602858976445985,2000,0.95,130.0,100,True,20,19,19,19,19,1.0,0.0,interior,finite_observed_order_statistic,1
C06,FD001,cap_130,73,C06_cap_130_c86eff420321_seed_73,outputs/c06_final_c86eff4,c86eff4203214cd7b64c5d908bb71cab69f7c555,adecec46e432f6570cc4f3dfe7a7706fdf8d75dc5500d4e3a13da170d1fa0100,793f32b0d015b28d34ded21b5b0caf30e83c405cf2026dc6cfa99fa8ce422c95,f4a28b8d2172b497ec331b8c132eb3ab80a3c30992a3c617fd52ce57166bda88,mean,0.05,coverage,0.88,0.81,0.94,2000,0.95,130.0,100,True,20,20,20,20,20,1.0,0.0,max_statistic,finite_observed_order_statistic,1
C06,FD001,cap_130,73,C06_cap_130_c86eff420321_seed_73,outputs/c06_final_c86eff4,c86eff4203214cd7b64c5d908bb71cab69f7c555,adecec46e432f6570cc4f3dfe7a7706fdf8d75dc5500d4e3a13da170d1fa0100,793f32b0d015b28d34ded21b5b0caf30e83c405cf2026dc6cfa99fa8ce422c95,f4a28b8d2172b497ec331b8c132eb3ab80a3c30992a3c617fd52ce57166bda88,mean,0.05,mean_width,138.83216669379777,138.83216669379777,138.83216669379777,2000,0.95,130.0,100,True,20,20,20,20,20,1.0,0.0,max_statistic,finite_observed_order_statistic,1
C06,FD001,cap_130,73,C06_cap_130_c86eff420321_seed_73,outputs/c06_final_c86eff4,c86eff4203214cd7b64c5d908bb71cab69f7c555,adecec46e432f6570cc4f3dfe7a7706fdf8d75dc5500d4e3a13da170d1fa0100,793f32b0d015b28d34ded21b5b0caf30e83c405cf2026dc6cfa99fa8ce422c95,f4a28b8d2172b497ec331b8c132eb3ab80a3c30992a3c617fd52ce57166bda88,mean,0.05,normalized_interval_score,1.3571705130292142,1.1940935899522906,1.5448628207215218,2000,0.95,130.0,100,True,20,20,20,20,20,1.0,0.0,max_statistic,finite_observed_order_statistic,1
C06,FD001,cap_130,73,C06_cap_130_c86eff420321_seed_73,outputs/c06_final_c86eff4,c86eff4203214cd7b64c5d908bb71cab69f7c555,adecec46e432f6570cc4f3dfe7a7706fdf8d75dc5500d4e3a13da170d1fa0100,793f32b0d015b28d34ded21b5b0caf30e83c405cf2026dc6cfa99fa8ce422c95,f4a28b8d2172b497ec331b8c132eb3ab80a3c30992a3c617fd52ce57166bda88,ridge,0.1,coverage,0.92,0.86,0.97,2000,0.95,130.0,100,True,20,19,19,19,19,1.0,0.0,interior,finite_observed_order_statistic,1
C06,FD001,cap_130,73,C06_cap_130_c86eff420321_seed_73,outputs/c06_final_c86eff4,c86eff4203214cd7b64c5d908bb71cab69f7c555,adecec46e432f6570cc4f3dfe7a7706fdf8d75dc5500d4e3a13da170d1fa0100,793f32b0d015b28d34ded21b5b0caf30e83c405cf2026dc6cfa99fa8ce422c95,f4a28b8d2172b497ec331b8c132eb3ab80a3c30992a3c617fd52ce57166bda88,ridge,0.1,mean_width,67.10672714603102,67.10672714603102,67.10672714603102,2000,0.95,130.0,100,True,20,19,19,19,19,1.0,0.0,interior,finite_observed_order_statistic,1
C06,FD001,cap_130,73,C06_cap_130_c86eff420321_seed_73,outputs/c06_final_c86eff4,c86eff4203214cd7b64c5d908bb71cab69f7c555,adecec46e432f6570cc4f3dfe7a7706fdf8d75dc5500d4e3a13da170d1fa0100,793f32b0d015b28d34ded21b5b0caf30e83c405cf2026dc6cfa99fa8ce422c95,f4a28b8d2172b497ec331b8c132eb3ab80a3c30992a3c617fd52ce57166bda88,ridge,0.1,normalized_interval_score,0.6086588984821378,0.5461448349059257,0.6945509960748936,2000,0.95,130.0,100,True,20,19,19,19,19,1.0,0.0,interior,finite_observed_order_statistic,1
C06,FD001,cap_130,73,C06_cap_130_c86eff420321_seed_73,outputs/c06_final_c86eff4,c86eff4203214cd7b64c5d908bb71cab69f7c555,adecec46e432f6570cc4f3dfe7a7706fdf8d75dc5500d4e3a13da170d1fa0100,793f32b0d015b28d34ded21b5b0caf30e83c405cf2026dc6cfa99fa8ce422c95,f4a28b8d2172b497ec331b8c132eb3ab80a3c30992a3c617fd52ce57166bda88,ridge,0.05,coverage,0.93,0.88,0.9702499999999986,2000,0.95,130.0,100,True,20,20,20,20,20,1.0,0.0,max_statistic,finite_observed_order_statistic,1
C06,FD001,cap_130,73,C06_cap_130_c86eff420321_seed_73,outputs/c06_final_c86eff4,c86eff4203214cd7b64c5d908bb71cab69f7c555,adecec46e432f6570cc4f3dfe7a7706fdf8d75dc5500d4e3a13da170d1fa0100,793f32b0d015b28d34ded21b5b0caf30e83c405cf2026dc6cfa99fa8ce422c95,f4a28b8d2172b497ec331b8c132eb3ab80a3c30992a3c617fd52ce57166bda88,ridge,0.05,mean_width,75.60894400124018,75.60894400124018,75.60894400124018,2000,0.95,130.0,100,True,20,20,20,20,20,1.0,0.0,max_statistic,finite_observed_order_statistic,1
C06,FD001,cap_130,73,C06_cap_130_c86eff420321_seed_73,outputs/c06_final_c86eff4,c86eff4203214cd7b64c5d908bb71cab69f7c555,adecec46e432f6570cc4f3dfe7a7706fdf8d75dc5500d4e3a13da170d1fa0100,793f32b0d015b28d34ded21b5b0caf30e83c405cf2026dc6cfa99fa8ce422c95,f4a28b8d2172b497ec331b8c132eb3ab80a3c30992a3c617fd52ce57166bda88,ridge,0.05,normalized_interval_score,0.6718259504436106,0.5958068044666135,0.7903112666056186,2000,0.95,130.0,100,True,20,20,20,20,20,1.0,0.0,max_statistic,finite_observed_order_statistic,1
C06,FD001,cap_130,73,C06_cap_130_c86eff420321_seed_73,outputs/c06_final_c86eff4,c86eff4203214cd7b64c5d908bb71cab69f7c555,adecec46e432f6570cc4f3dfe7a7706fdf8d75dc5500d4e3a13da170d1fa0100,793f32b0d015b28d34ded21b5b0caf30e83c405cf2026dc6cfa99fa8ce422c95,f4a28b8d2172b497ec331b8c132eb3ab80a3c30992a3c617fd52ce57166bda88,hist_gradient_boosting,0.1,coverage,0.93,0.88,0.9702499999999986,2000,0.95,130.0,100,True,20,19,19,19,19,1.0,0.0,interior,finite_observed_order_statistic,1
C06,FD001,cap_130,73,C06_cap_130_c86eff420321_seed_73,outputs/c06_final_c86eff4,c86eff4203214cd7b64c5d908bb71cab69f7c555,adecec46e432f6570cc4f3dfe7a7706fdf8d75dc5500d4e3a13da170d1fa0100,793f32b0d015b28d34ded21b5b0caf30e83c405cf2026dc6cfa99fa8ce422c95,f4a28b8d2172b497ec331b8c132eb3ab80a3c30992a3c617fd52ce57166bda88,hist_gradient_boosting,0.1,mean_width,70.29465452818404,70.29465452818403,70.29465452818404,2000,0.95,130.0,100,True,20,19,19,19,19,1.0,0.0,interior,finite_observed_order_statistic,1
C06,FD001,cap_130,73,C06_cap_130_c86eff420321_seed_73,outputs/c06_final_c86eff4,c86eff4203214cd7b64c5d908bb71cab69f7c555,adecec46e432f6570cc4f3dfe7a7706fdf8d75dc5500d4e3a13da170d1fa0100,793f32b0d015b28d34ded21b5b0caf30e83c405cf2026dc6cfa99fa8ce422c95,f4a28b8d2172b497ec331b8c132eb3ab80a3c30992a3c617fd52ce57166bda88,hist_gradient_boosting,0.1,normalized_interval_score,0.5971579824128306,0.5509313150905611,0.6605369266125176,2000,0.95,130.0,100,True,20,19,19,19,19,1.0,0.0,interior,finite_observed_order_statistic,1
C06,FD001,cap_130,73,C06_cap_130_c86eff420321_seed_73,outputs/c06_final_c86eff4,c86eff4203214cd7b64c5d908bb71cab69f7c555,adecec46e432f6570cc4f3dfe7a7706fdf8d75dc5500d4e3a13da170d1fa0100,793f32b0d015b28d34ded21b5b0caf30e83c405cf2026dc6cfa99fa8ce422c95,f4a28b8d2172b497ec331b8c132eb3ab80a3c30992a3c617fd52ce57166bda88,hist_gradient_boosting,0.05,coverage,1.0,1.0,1.0,2000,0.95,130.0,100,True,20,20,20,20,20,1.0,0.0,max_statistic,finite_observed_order_statistic,1
C06,FD001,cap_130,73,C06_cap_130_c86eff420321_seed_73,outputs/c06_final_c86eff4,c86eff4203214cd7b64c5d908bb71cab69f7c555,adecec46e432f6570cc4f3dfe7a7706fdf8d75dc5500d4e3a13da170d1fa0100,793f32b0d015b28d34ded21b5b0caf30e83c405cf2026dc6cfa99fa8ce422c95,f4a28b8d2172b497ec331b8c132eb3ab80a3c30992a3c617fd52ce57166bda88,hist_gradient_boosting,0.05,mean_width,110.50850064847808,110.50850064847808,110.50850064847808,2000,0.95,130.0,100,True,20,20,20,20,20,1.0,0.0,max_statistic,finite_observed_order_statistic,1
C06,FD001,cap_130,73,C06_cap_130_c86eff420321_seed_73,outputs/c06_final_c86eff4,c86eff4203214cd7b64c5d908bb71cab69f7c555,adecec46e432f6570cc4f3dfe7a7706fdf8d75dc5500d4e3a13da170d1fa0100,793f32b0d015b28d34ded21b5b0caf30e83c405cf2026dc6cfa99fa8ce422c95,f4a28b8d2172b497ec331b8c132eb3ab80a3c30992a3c617fd52ce57166bda88,hist_gradient_boosting,0.05,normalized_interval_score,0.8500653896036775,0.8500653896036775,0.8500653896036775,2000,0.95,130.0,100,True,20,20,20,20,20,1.0,0.0,max_statistic,finite_observed_order_statistic,1
C06,FD001,cap_130,101,C06_cap_130_c86eff420321_seed_101,outputs/c06_final_c86eff4,c86eff4203214cd7b64c5d908bb71cab69f7c555,cbe5551c07643bf49a68deb2becb3de384e9874ce19044f5218b1d92f43772a1,2bc1740d5d260efca858c3b4da1ae598391af083d8f4b9d08f2d58ab9c4683b2,d0749c56a83464cdb4ba951b8cc5b2e5dbcb1e11500e1e3943abef075c8ce4a4,mean,0.1,coverage,0.8,0.72,0.88,2000,0.95,130.0,100,True,20,19,19,19,19,1.0,0.0,interior,finite_observed_order_statistic,1
C06,FD001,cap_130,101,C06_cap_130_c86eff420321_seed_101,outputs/c06_final_c86eff4,c86eff4203214cd7b64c5d908bb71cab69f7c555,cbe5551c07643bf49a68deb2becb3de384e9874ce19044f5218b1d92f43772a1,2bc1740d5d260efca858c3b4da1ae598391af083d8f4b9d08f2d58ab9c4683b2,d0749c56a83464cdb4ba951b8cc5b2e5dbcb1e11500e1e3943abef075c8ce4a4,mean,0.1,mean_width,121.24975704567544,121.24975704567544,121.24975704567544,2000,0.95,130.0,100,True,20,19,19,19,19,1.0,0.0,interior,finite_observed_order_statistic,1
C06,FD001,cap_130,101,C06_cap_130_c86eff420321_seed_101,outputs/c06_final_c86eff4,c86eff4203214cd7b64c5d908bb71cab69f7c555,cbe5551c07643bf49a68deb2becb3de384e9874ce19044f5218b1d92f43772a1,2bc1740d5d260efca858c3b4da1ae598391af083d8f4b9d08f2d58ab9c4683b2,d0749c56a83464cdb4ba951b8cc5b2e5dbcb1e11500e1e3943abef075c8ce4a4,mean,0.1,normalized_interval_score,1.3296135157359648,1.1588442849667342,1.5050365926590417,2000,0.95,130.0,100,True,20,19,19,19,19,1.0,0.0,interior,finite_observed_order_statistic,1
C06,FD001,cap_130,101,C06_cap_130_c86eff420321_seed_101,outputs/c06_final_c86eff4,c86eff4203214cd7b64c5d908bb71cab69f7c555,cbe5551c07643bf49a68deb2becb3de384e9874ce19044f5218b1d92f43772a1,2bc1740d5d260efca858c3b4da1ae598391af083d8f4b9d08f2d58ab9c4683b2,d0749c56a83464cdb4ba951b8cc5b2e5dbcb1e11500e1e3943abef075c8ce4a4,mean,0.05,coverage,0.81,0.73,0.88,2000,0.95,130.0,100,True,20,20,20,20,20,1.0,0.0,max_statistic,finite_observed_order_statistic,1
C06,FD001,cap_130,101,C06_cap_130_c86eff420321_seed_101,outputs/c06_final_c86eff4,c86eff4203214cd7b64c5d908bb71cab69f7c555,cbe5551c07643bf49a68deb2becb3de384e9874ce19044f5218b1d92f43772a1,2bc1740d5d260efca858c3b4da1ae598391af083d8f4b9d08f2d58ab9c4683b2,d0749c56a83464cdb4ba951b8cc5b2e5dbcb1e11500e1e3943abef075c8ce4a4,mean,0.05,mean_width,131.2497570456754,131.2497570456754,131.2497570456754,2000,0.95,130.0,100,True,20,20,20,20,20,1.0,0.0,max_statistic,finite_observed_order_statistic,1
C06,FD001,cap_130,101,C06_cap_130_c86eff420321_seed_101,outputs/c06_final_c86eff4,c86eff4203214cd7b64c5d908bb71cab69f7c555,cbe5551c07643bf49a68deb2becb3de384e9874ce19044f5218b1d92f43772a1,2bc1740d5d260efca858c3b4da1ae598391af083d8f4b9d08f2d58ab9c4683b2,d0749c56a83464cdb4ba951b8cc5b2e5dbcb1e11500e1e3943abef075c8ce4a4,mean,0.05,normalized_interval_score,1.5049981311205802,1.2711519772744264,1.751228900351349,2000,0.95,130.0,100,True,20,20,20,20,20,1.0,0.0,max_statistic,finite_observed_order_statistic,1
C06,FD001,cap_130,101,C06_cap_130_c86eff420321_seed_101,outputs/c06_final_c86eff4,c86eff4203214cd7b64c5d908bb71cab69f7c555,cbe5551c07643bf49a68deb2becb3de384e9874ce19044f5218b1d92f43772a1,2bc1740d5d260efca858c3b4da1ae598391af083d8f4b9d08f2d58ab9c4683b2,d0749c56a83464cdb4ba951b8cc5b2e5dbcb1e11500e1e3943abef075c8ce4a4,ridge,0.1,coverage,1.0,1.0,1.0,2000,0.95,130.0,100,True,20,19,19,19,19,1.0,0.0,interior,finite_observed_order_statistic,1
C06,FD001,cap_130,101,C06_cap_130_c86eff420321_seed_101,outputs/c06_final_c86eff4,c86eff4203214cd7b64c5d908bb71cab69f7c555,cbe5551c07643bf49a68deb2becb3de384e9874ce19044f5218b1d92f43772a1,2bc1740d5d260efca858c3b4da1ae598391af083d8f4b9d08f2d58ab9c4683b2,d0749c56a83464cdb4ba951b8cc5b2e5dbcb1e11500e1e3943abef075c8ce4a4,ridge,0.1,mean_width,104.33073791077005,104.33073791077005,104.33073791077005,2000,0.95,130.0,100,True,20,19,19,19,19,1.0,0.0,interior,finite_observed_order_statistic,1
C06,FD001,cap_130,101,C06_cap_130_c86eff420321_seed_101,outputs/c06_final_c86eff4,c86eff4203214cd7b64c5d908bb71cab69f7c555,cbe5551c07643bf49a68deb2becb3de384e9874ce19044f5218b1d92f43772a1,2bc1740d5d260efca858c3b4da1ae598391af083d8f4b9d08f2d58ab9c4683b2,d0749c56a83464cdb4ba951b8cc5b2e5dbcb1e11500e1e3943abef075c8ce4a4,ridge,0.1,normalized_interval_score,0.8025441377751542,0.8025441377751542,0.8025441377751542,2000,0.95,130.0,100,True,20,19,19,19,19,1.0,0.0,interior,finite_observed_order_statistic,1
C06,FD001,cap_130,101,C06_cap_130_c86eff420321_seed_101,outputs/c06_final_c86eff4,c86eff4203214cd7b64c5d908bb71cab69f7c555,cbe5551c07643bf49a68deb2becb3de384e9874ce19044f5218b1d92f43772a1,2bc1740d5d260efca858c3b4da1ae598391af083d8f4b9d08f2d58ab9c4683b2,d0749c56a83464cdb4ba951b8cc5b2e5dbcb1e11500e1e3943abef075c8ce4a4,ridge,0.05,coverage,1.0,1.0,1.0,2000,0.95,130.0,100,True,20,20,20,20,20,1.0,0.0,max_statistic,finite_observed_order_statistic,1
C06,FD001,cap_130,101,C06_cap_130_c86eff420321_seed_101,outputs/c06_final_c86eff4,c86eff4203214cd7b64c5d908bb71cab69f7c555,cbe5551c07643bf49a68deb2becb3de384e9874ce19044f5218b1d92f43772a1,2bc1740d5d260efca858c3b4da1ae598391af083d8f4b9d08f2d58ab9c4683b2,d0749c56a83464cdb4ba951b8cc5b2e5dbcb1e11500e1e3943abef075c8ce4a4,ridge,0.05,mean_width,113.74505076943373,113.74505076943373,113.74505076943373,2000,0.95,130.0,100,True,20,20,20,20,20,1.0,0.0,max_statistic,finite_observed_order_statistic,1
C06,FD001,cap_130,101,C06_cap_130_c86eff420321_seed_101,outputs/c06_final_c86eff4,c86eff4203214cd7b64c5d908bb71cab69f7c555,cbe5551c07643bf49a68deb2becb3de384e9874ce19044f5218b1d92f43772a1,2bc1740d5d260efca858c3b4da1ae598391af083d8f4b9d08f2d58ab9c4683b2,d0749c56a83464cdb4ba951b8cc5b2e5dbcb1e11500e1e3943abef075c8ce4a4,ridge,0.05,normalized_interval_score,0.8749619289956441,0.8749619289956441,0.8749619289956441,2000,0.95,130.0,100,True,20,20,20,20,20,1.0,0.0,max_statistic,finite_observed_order_statistic,1
C06,FD001,cap_130,101,C06_cap_130_c86eff420321_seed_101,outputs/c06_final_c86eff4,c86eff4203214cd7b64c5d908bb71cab69f7c555,cbe5551c07643bf49a68deb2becb3de384e9874ce19044f5218b1d92f43772a1,2bc1740d5d260efca858c3b4da1ae598391af083d8f4b9d08f2d58ab9c4683b2,d0749c56a83464cdb4ba951b8cc5b2e5dbcb1e11500e1e3943abef075c8ce4a4,hist_gradient_boosting,0.1,coverage,0.98,0.95,1.0,2000,0.95,130.0,100,True,20,19,19,19,19,1.0,0.0,interior,finite_observed_order_statistic,1
C06,FD001,cap_130,101,C06_cap_130_c86eff420321_seed_101,outputs/c06_final_c86eff4,c86eff4203214cd7b64c5d908bb71cab69f7c555,cbe5551c07643bf49a68deb2becb3de384e9874ce19044f5218b1d92f43772a1,2bc1740d5d260efca858c3b4da1ae598391af083d8f4b9d08f2d58ab9c4683b2,d0749c56a83464cdb4ba951b8cc5b2e5dbcb1e11500e1e3943abef075c8ce4a4,hist_gradient_boosting,0.1,mean_width,76.81890120554161,76.8189012055416,76.81890120554161,2000,0.95,130.0,100,True,20,19,19,19,19,1.0,0.0,interior,finite_observed_order_statistic,1
C06,FD001,cap_130,101,C06_cap_130_c86eff420321_seed_101,outputs/c06_final_c86eff4,c86eff4203214cd7b64c5d908bb71cab69f7c555,cbe5551c07643bf49a68deb2becb3de384e9874ce19044f5218b1d92f43772a1,2bc1740d5d260efca858c3b4da1ae598391af083d8f4b9d08f2d58ab9c4683b2,d0749c56a83464cdb4ba951b8cc5b2e5dbcb1e11500e1e3943abef075c8ce4a4,hist_gradient_boosting,0.1,normalized_interval_score,0.6078842817431803,0.5909146246580124,0.6418235959135162,2000,0.95,130.0,100,True,20,19,19,19,19,1.0,0.0,interior,finite_observed_order_statistic,1
C06,FD001,cap_130,101,C06_cap_130_c86eff420321_seed_101,outputs/c06_final_c86eff4,c86eff4203214cd7b64c5d908bb71cab69f7c555,cbe5551c07643bf49a68deb2becb3de384e9874ce19044f5218b1d92f43772a1,2bc1740d5d260efca858c3b4da1ae598391af083d8f4b9d08f2d58ab9c4683b2,d0749c56a83464cdb4ba951b8cc5b2e5dbcb1e11500e1e3943abef075c8ce4a4,hist_gradient_boosting,0.05,coverage,1.0,1.0,1.0,2000,0.95,130.0,100,True,20,20,20,20,20,1.0,0.0,max_statistic,finite_observed_order_statistic,1
C06,FD001,cap_130,101,C06_cap_130_c86eff420321_seed_101,outputs/c06_final_c86eff4,c86eff4203214cd7b64c5d908bb71cab69f7c555,cbe5551c07643bf49a68deb2becb3de384e9874ce19044f5218b1d92f43772a1,2bc1740d5d260efca858c3b4da1ae598391af083d8f4b9d08f2d58ab9c4683b2,d0749c56a83464cdb4ba951b8cc5b2e5dbcb1e11500e1e3943abef075c8ce4a4,hist_gradient_boosting,0.05,mean_width,103.66970686183477,103.66970686183477,103.66970686183477,2000,0.95,130.0,100,True,20,20,20,20,20,1.0,0.0,max_statistic,finite_observed_order_statistic,1
C06,FD001,cap_130,101,C06_cap_130_c86eff420321_seed_101,outputs/c06_final_c86eff4,c86eff4203214cd7b64c5d908bb71cab69f7c555,cbe5551c07643bf49a68deb2becb3de384e9874ce19044f5218b1d92f43772a1,2bc1740d5d260efca858c3b4da1ae598391af083d8f4b9d08f2d58ab9c4683b2,d0749c56a83464cdb4ba951b8cc5b2e5dbcb1e11500e1e3943abef075c8ce4a4,hist_gradient_boosting,0.05,normalized_interval_score,0.7974592835525751,0.7974592835525751,0.7974592835525751,2000,0.95,130.0,100,True,20,20,20,20,20,1.0,0.0,max_statistic,finite_observed_order_statistic,1
C06,FD001,cap_130,137,C06_cap_130_c86eff420321_seed_137,outputs/c06_final_c86eff4,c86eff4203214cd7b64c5d908bb71cab69f7c555,df9604b2f75765d5a7ddf013c3fd60d14dc13761884debf8789c54f052ddc565,d40131fd514b01e8d9ab9ddaa575b695012cc419c4be50f82a050bbd5e5cf757,4c16308aa1dbcf9cd26dec2b7c2cda4bd8cfcafa9daf85f4438375b47225c6f8,mean,0.1,coverage,0.75,0.66,0.83,2000,0.95,130.0,100,True,20,19,19,19,19,1.0,0.0,interior,finite_observed_order_statistic,1
C06,FD001,cap_130,137,C06_cap_130_c86eff420321_seed_137,outputs/c06_final_c86eff4,c86eff4203214cd7b64c5d908bb71cab69f7c555,df9604b2f75765d5a7ddf013c3fd60d14dc13761884debf8789c54f052ddc565,d40131fd514b01e8d9ab9ddaa575b695012cc419c4be50f82a050bbd5e5cf757,4c16308aa1dbcf9cd26dec2b7c2cda4bd8cfcafa9daf85f4438375b47225c6f8,mean,0.1,mean_width,117.60390291105563,117.60390291105563,117.60390291105563,2000,0.95,130.0,100,True,20,19,19,19,19,1.0,0.0,interior,finite_observed_order_statistic,1
C06,FD001,cap_130,137,C06_cap_130_c86eff420321_seed_137,outputs/c06_final_c86eff4,c86eff4203214cd7b64c5d908bb71cab69f7c555,df9604b2f75765d5a7ddf013c3fd60d14dc13761884debf8789c54f052ddc565,d40131fd514b01e8d9ab9ddaa575b695012cc419c4be50f82a050bbd5e5cf757,4c16308aa1dbcf9cd26dec2b7c2cda4bd8cfcafa9daf85f4438375b47225c6f8,mean,0.1,normalized_interval_score,1.376953099315812,1.1954146377773511,1.580030022392735,2000,0.95,130.0,100,True,20,19,19,19,19,1.0,0.0,interior,finite_observed_order_statistic,1
C06,FD001,cap_130,137,C06_cap_130_c86eff420321_seed_137,outputs/c06_final_c86eff4,c86eff4203214cd7b64c5d908bb71cab69f7c555,df9604b2f75765d5a7ddf013c3fd60d14dc13761884debf8789c54f052ddc565,d40131fd514b01e8d9ab9ddaa575b695012cc419c4be50f82a050bbd5e5cf757,4c16308aa1dbcf9cd26dec2b7c2cda4bd8cfcafa9daf85f4438375b47225c6f8,mean,0.05,coverage,0.8,0.72,0.88,2000,0.95,130.0,100,True,20,20,20,20,20,1.0,0.0,max_statistic,finite_observed_order_statistic,1
C06,FD001,cap_130,137,C06_cap_130_c86eff420321_seed_137,outputs/c06_final_c86eff4,c86eff4203214cd7b64c5d908bb71cab69f7c555,df9604b2f75765d5a7ddf013c3fd60d14dc13761884debf8789c54f052ddc565,d40131fd514b01e8d9ab9ddaa575b695012cc419c4be50f82a050bbd5e5cf757,4c16308aa1dbcf9cd26dec2b7c2cda4bd8cfcafa9daf85f4438375b47225c6f8,mean,0.05,mean_width,123.60390291105563,123.60390291105563,123.60390291105563,2000,0.95,130.0,100,True,20,20,20,20,20,1.0,0.0,max_statistic,finite_observed_order_statistic,1
C06,FD001,cap_130,137,C06_cap_130_c86eff420321_seed_137,outputs/c06_final_c86eff4,c86eff4203214cd7b64c5d908bb71cab69f7c555,df9604b2f75765d5a7ddf013c3fd60d14dc13761884debf8789c54f052ddc565,d40131fd514b01e8d9ab9ddaa575b695012cc419c4be50f82a050bbd5e5cf757,4c16308aa1dbcf9cd26dec2b7c2cda4bd8cfcafa9daf85f4438375b47225c6f8,mean,0.05,normalized_interval_score,1.6831069454696581,1.3846454070081196,2.0246454070081197,2000,0.95,130.0,100,True,20,20,20,20,20,1.0,0.0,max_statistic,finite_observed_order_statistic,1
C06,FD001,cap_130,137,C06_cap_130_c86eff420321_seed_137,outputs/c06_final_c86eff4,c86eff4203214cd7b64c5d908bb71cab69f7c555,df9604b2f75765d5a7ddf013c3fd60d14dc13761884debf8789c54f052ddc565,d40131fd514b01e8d9ab9ddaa575b695012cc419c4be50f82a050bbd5e5cf757,4c16308aa1dbcf9cd26dec2b7c2cda4bd8cfcafa9daf85f4438375b47225c6f8,ridge,0.1,coverage,0.97,0.94,1.0,2000,0.95,130.0,100,True,20,19,19,19,19,1.0,0.0,interior,finite_observed_order_statistic,1
C06,FD001,cap_130,137,C06_cap_130_c86eff420321_seed_137,outputs/c06_final_c86eff4,c86eff4203214cd7b64c5d908bb71cab69f7c555,df9604b2f75765d5a7ddf013c3fd60d14dc13761884debf8789c54f052ddc565,d40131fd514b01e8d9ab9ddaa575b695012cc419c4be50f82a050bbd5e5cf757,4c16308aa1dbcf9cd26dec2b7c2cda4bd8cfcafa9daf85f4438375b47225c6f8,ridge,0.1,mean_width,75.03955494432842,75.03955494432842,75.03955494432842,2000,0.95,130.0,100,True,20,19,19,19,19,1.0,0.0,interior,finite_observed_order_statistic,1
C06,FD001,cap_130,137,C06_cap_130_c86eff420321_seed_137,outputs/c06_final_c86eff4,c86eff4203214cd7b64c5d908bb71cab69f7c555,df9604b2f75765d5a7ddf013c3fd60d14dc13761884debf8789c54f052ddc565,d40131fd514b01e8d9ab9ddaa575b695012cc419c4be50f82a050bbd5e5cf757,4c16308aa1dbcf9cd26dec2b7c2cda4bd8cfcafa9daf85f4438375b47225c6f8,ridge,0.1,normalized_interval_score,0.6003214590564421,0.5772273457256032,0.6388429950244134,2000,0.95,130.0,100,True,20,19,19,19,19,1.0,0.0,interior,finite_observed_order_statistic,1
C06,FD001,cap_130,137,C06_cap_130_c86eff420321_seed_137,outputs/c06_final_c86eff4,c86eff4203214cd7b64c5d908bb71cab69f7c555,df9604b2f75765d5a7ddf013c3fd60d14dc13761884debf8789c54f052ddc565,d40131fd514b01e8d9ab9ddaa575b695012cc419c4be50f82a050bbd5e5cf757,4c16308aa1dbcf9cd26dec2b7c2cda4bd8cfcafa9daf85f4438375b47225c6f8,ridge,0.05,coverage,0.98,0.95,1.0,2000,0.95,130.0,100,True,20,20,20,20,20,1.0,0.0,max_statistic,finite_observed_order_statistic,1
C06,FD001,cap_130,137,C06_cap_130_c86eff420321_seed_137,outputs/c06_final_c86eff4,c86eff4203214cd7b64c5d908bb71cab69f7c555,df9604b2f75765d5a7ddf013c3fd60d14dc13761884debf8789c54f052ddc565,d40131fd514b01e8d9ab9ddaa575b695012cc419c4be50f82a050bbd5e5cf757,4c16308aa1dbcf9cd26dec2b7c2cda4bd8cfcafa9daf85f4438375b47225c6f8,ridge,0.05,mean_width,82.6868639435272,82.6868639435272,82.6868639435272,2000,0.95,130.0,100,True,20,20,20,20,20,1.0,0.0,max_statistic,finite_observed_order_statistic,1
C06,FD001,cap_130,137,C06_cap_130_c86eff420321_seed_137,outputs/c06_final_c86eff4,c86eff4203214cd7b64c5d908bb71cab69f7c555,df9604b2f75765d5a7ddf013c3fd60d14dc13761884debf8789c54f052ddc565,d40131fd514b01e8d9ab9ddaa575b695012cc419c4be50f82a050bbd5e5cf757,4c16308aa1dbcf9cd26dec2b7c2cda4bd8cfcafa9daf85f4438375b47225c6f8,ridge,0.05,normalized_interval_score,0.6574344406274083,0.6360527995655938,0.6979014621838744,2000,0.95,130.0,100,True,20,20,20,20,20,1.0,0.0,max_statistic,finite_observed_order_statistic,1
C06,FD001,cap_130,137,C06_cap_130_c86eff420321_seed_137,outputs/c06_final_c86eff4,c86eff4203214cd7b64c5d908bb71cab69f7c555,df9604b2f75765d5a7ddf013c3fd60d14dc13761884debf8789c54f052ddc565,d40131fd514b01e8d9ab9ddaa575b695012cc419c4be50f82a050bbd5e5cf757,4c16308aa1dbcf9cd26dec2b7c2cda4bd8cfcafa9daf85f4438375b47225c6f8,hist_gradient_boosting,0.1,coverage,0.97,0.94,1.0,2000,0.95,130.0,100,True,20,19,19,19,19,1.0,0.0,interior,finite_observed_order_statistic,1
C06,FD001,cap_130,137,C06_cap_130_c86eff420321_seed_137,outputs/c06_final_c86eff4,c86eff4203214cd7b64c5d908bb71cab69f7c555,df9604b2f75765d5a7ddf013c3fd60d14dc13761884debf8789c54f052ddc565,d40131fd514b01e8d9ab9ddaa575b695012cc419c4be50f82a050bbd5e5cf757,4c16308aa1dbcf9cd26dec2b7c2cda4bd8cfcafa9daf85f4438375b47225c6f8,hist_gradient_boosting,0.1,mean_width,63.54494921762102,63.54494921762102,63.54494921762102,2000,0.95,130.0,100,True,20,19,19,19,19,1.0,0.0,interior,finite_observed_order_statistic,1
C06,FD001,cap_130,137,C06_cap_130_c86eff420321_seed_137,outputs/c06_final_c86eff4,c86eff4203214cd7b64c5d908bb71cab69f7c555,df9604b2f75765d5a7ddf013c3fd60d14dc13761884debf8789c54f052ddc565,d40131fd514b01e8d9ab9ddaa575b695012cc419c4be50f82a050bbd5e5cf757,4c16308aa1dbcf9cd26dec2b7c2cda4bd8cfcafa9daf85f4438375b47225c6f8,hist_gradient_boosting,0.1,normalized_interval_score,0.5366414227960747,0.4888073016740078,0.6165270645650568,2000,0.95,130.0,100,True,20,19,19,19,19,1.0,0.0,interior,finite_observed_order_statistic,1
C06,FD001,cap_130,137,C06_cap_130_c86eff420321_seed_137,outputs/c06_final_c86eff4,c86eff4203214cd7b64c5d908bb71cab69f7c555,df9604b2f75765d5a7ddf013c3fd60d14dc13761884debf8789c54f052ddc565,d40131fd514b01e8d9ab9ddaa575b695012cc419c4be50f82a050bbd5e5cf757,4c16308aa1dbcf9cd26dec2b7c2cda4bd8cfcafa9daf85f4438375b47225c6f8,hist_gradient_boosting,0.05,coverage,0.97,0.94,1.0,2000,0.95,130.0,100,True,20,20,20,20,20,1.0,0.0,max_statistic,finite_observed_order_statistic,1
C06,FD001,cap_130,137,C06_cap_130_c86eff420321_seed_137,outputs/c06_final_c86eff4,c86eff4203214cd7b64c5d908bb71cab69f7c555,df9604b2f75765d5a7ddf013c3fd60d14dc13761884debf8789c54f052ddc565,d40131fd514b01e8d9ab9ddaa575b695012cc419c4be50f82a050bbd5e5cf757,4c16308aa1dbcf9cd26dec2b7c2cda4bd8cfcafa9daf85f4438375b47225c6f8,hist_gradient_boosting,0.05,mean_width,66.60583038354291,66.60583038354291,66.60583038354292,2000,0.95,130.0,100,True,20,20,20,20,20,1.0,0.0,max_statistic,finite_observed_order_statistic,1
C06,FD001,cap_130,137,C06_cap_130_c86eff420321_seed_137,outputs/c06_final_c86eff4,c86eff4203214cd7b64c5d908bb71cab69f7c555,df9604b2f75765d5a7ddf013c3fd60d14dc13761884debf8789c54f052ddc565,d40131fd514b01e8d9ab9ddaa575b695012cc419c4be50f82a050bbd5e5cf757,4c16308aa1dbcf9cd26dec2b7c2cda4bd8cfcafa9daf85f4438375b47225c6f8,hist_gradient_boosting,0.05,normalized_interval_score,0.5938936398132858,0.5123525414118686,0.7395377795085336,2000,0.95,130.0,100,True,20,20,20,20,20,1.0,0.0,max_statistic,finite_observed_order_statistic,1
C06,FD001,early_calibration,13,C06_early_calibration_c86eff420321_seed_13,outputs/c06_final_c86eff4,c86eff4203214cd7b64c5d908bb71cab69f7c555,94d43e99e64fe62393ed8059e659acf93cf0bc9ab0ed0b89f3accac6ec3b14aa,6c6a2624072d9489732942bd9b871f5c142aff623d5a808a939e790cb03752fb,854cf3f04c12366b7d1aba91b57ac4093bed67bed2df8557eea1fd144caa686b,mean,0.1,coverage,0.72,0.63,0.81,2000,0.95,125.0,100,True,20,19,19,19,19,1.0,0.0,interior,finite_observed_order_statistic,1
C06,FD001,early_calibration,13,C06_early_calibration_c86eff420321_seed_13,outputs/c06_final_c86eff4,c86eff4203214cd7b64c5d908bb71cab69f7c555,94d43e99e64fe62393ed8059e659acf93cf0bc9ab0ed0b89f3accac6ec3b14aa,6c6a2624072d9489732942bd9b871f5c142aff623d5a808a939e790cb03752fb,854cf3f04c12366b7d1aba91b57ac4093bed67bed2df8557eea1fd144caa686b,mean,0.1,mean_width,79.34508816120909,79.34508816120909,79.34508816120909,2000,0.95,125.0,100,True,20,19,19,19,19,1.0,0.0,interior,finite_observed_order_statistic,1
C06,FD001,early_calibration,13,C06_early_calibration_c86eff420321_seed_13,outputs/c06_final_c86eff4,c86eff4203214cd7b64c5d908bb71cab69f7c555,94d43e99e64fe62393ed8059e659acf93cf0bc9ab0ed0b89f3accac6ec3b14aa,6c6a2624072d9489732942bd9b871f5c142aff623d5a808a939e790cb03752fb,854cf3f04c12366b7d1aba91b57ac4093bed67bed2df8557eea1fd144caa686b,mean,0.1,normalized_interval_score,1.7969007556675058,1.423664080604533,2.197930780856422,2000,0.95,125.0,100,True,20,19,19,19,19,1.0,0.0,interior,finite_observed_order_statistic,1
C06,FD001,early_calibration,13,C06_early_calibration_c86eff420321_seed_13,outputs/c06_final_c86eff4,c86eff4203214cd7b64c5d908bb71cab69f7c555,94d43e99e64fe62393ed8059e659acf93cf0bc9ab0ed0b89f3accac6ec3b14aa,6c6a2624072d9489732942bd9b871f5c142aff623d5a808a939e790cb03752fb,854cf3f04c12366b7d1aba91b57ac4093bed67bed2df8557eea1fd144caa686b,mean,0.05,coverage,0.72,0.63,0.81,2000,0.95,125.0,100,True,20,20,20,20,20,1.0,0.0,max_statistic,finite_observed_order_statistic,1
C06,FD001,early_calibration,13,C06_early_calibration_c86eff420321_seed_13,outputs/c06_final_c86eff4,c86eff4203214cd7b64c5d908bb71cab69f7c555,94d43e99e64fe62393ed8059e659acf93cf0bc9ab0ed0b89f3accac6ec3b14aa,6c6a2624072d9489732942bd9b871f5c142aff623d5a808a939e790cb03752fb,854cf3f04c12366b7d1aba91b57ac4093bed67bed2df8557eea1fd144caa686b,mean,0.05,mean_width,79.34508816120909,79.34508816120909,79.34508816120909,2000,0.95,125.0,100,True,20,20,20,20,20,1.0,0.0,max_statistic,finite_observed_order_statistic,1
C06,FD001,early_calibration,13,C06_early_calibration_c86eff420321_seed_13,outputs/c06_final_c86eff4,c86eff4203214cd7b64c5d908bb71cab69f7c555,94d43e99e64fe62393ed8059e659acf93cf0bc9ab0ed0b89f3accac6ec3b14aa,6c6a2624072d9489732942bd9b871f5c142aff623d5a808a939e790cb03752fb,854cf3f04c12366b7d1aba91b57ac4093bed67bed2df8557eea1fd144caa686b,mean,0.05,normalized_interval_score,2.9590408060453393,2.212567455919394,3.761100856423171,2000,0.95,125.0,100,True,20,20,20,20,20,1.0,0.0,max_statistic,finite_observed_order_statistic,1
C06,FD001,early_calibration,13,C06_early_calibration_c86eff420321_seed_13,outputs/c06_final_c86eff4,c86eff4203214cd7b64c5d908bb71cab69f7c555,94d43e99e64fe62393ed8059e659acf93cf0bc9ab0ed0b89f3accac6ec3b14aa,6c6a2624072d9489732942bd9b871f5c142aff623d5a808a939e790cb03752fb,854cf3f04c12366b7d1aba91b57ac4093bed67bed2df8557eea1fd144caa686b,ridge,0.1,coverage,0.92,0.86,0.97,2000,0.95,125.0,100,True,20,19,19,19,19,1.0,0.0,interior,finite_observed_order_statistic,1
C06,FD001,early_calibration,13,C06_early_calibration_c86eff420321_seed_13,outputs/c06_final_c86eff4,c86eff4203214cd7b64c5d908bb71cab69f7c555,94d43e99e64fe62393ed8059e659acf93cf0bc9ab0ed0b89f3accac6ec3b14aa,6c6a2624072d9489732942bd9b871f5c142aff623d5a808a939e790cb03752fb,854cf3f04c12366b7d1aba91b57ac4093bed67bed2df8557eea1fd144caa686b,ridge,0.1,mean_width,71.11116950477356,71.11116950477356,71.11116950477356,2000,0.95,125.0,100,True,20,19,19,19,19,1.0,0.0,interior,finite_observed_order_statistic,1
C06,FD001,early_calibration,13,C06_early_calibration_c86eff420321_seed_13,outputs/c06_final_c86eff4,c86eff4203214cd7b64c5d908bb71cab69f7c555,94d43e99e64fe62393ed8059e659acf93cf0bc9ab0ed0b89f3accac6ec3b14aa,6c6a2624072d9489732942bd9b871f5c142aff623d5a808a939e790cb03752fb,854cf3f04c12366b7d1aba91b57ac4093bed67bed2df8557eea1fd144caa686b,ridge,0.1,normalized_interval_score,0.663204344880152,0.5910756092451338,0.7578465276285472,2000,0.95,125.0,100,True,20,19,19,19,19,1.0,0.0,interior,finite_observed_order_statistic,1
C06,FD001,early_calibration,13,C06_early_calibration_c86eff420321_seed_13,outputs/c06_final_c86eff4,c86eff4203214cd7b64c5d908bb71cab69f7c555,94d43e99e64fe62393ed8059e659acf93cf0bc9ab0ed0b89f3accac6ec3b14aa,6c6a2624072d9489732942bd9b871f5c142aff623d5a808a939e790cb03752fb,854cf3f04c12366b7d1aba91b57ac4093bed67bed2df8557eea1fd144caa686b,ridge,0.05,coverage,0.94,0.89,0.98,2000,0.95,125.0,100,True,20,20,20,20,20,1.0,0.0,max_statistic,finite_observed_order_statistic,1
C06,FD001,early_calibration,13,C06_early_calibration_c86eff420321_seed_13,outputs/c06_final_c86eff4,c86eff4203214cd7b64c5d908bb71cab69f7c555,94d43e99e64fe62393ed8059e659acf93cf0bc9ab0ed0b89f3accac6ec3b14aa,6c6a2624072d9489732942bd9b871f5c142aff623d5a808a939e790cb03752fb,854cf3f04c12366b7d1aba91b57ac4093bed67bed2df8557eea1fd144caa686b,ridge,0.05,mean_width,73.41391251544901,73.413912515449,73.41391251544901,2000,0.95,125.0,100,True,20,20,20,20,20,1.0,0.0,max_statistic,finite_observed_order_statistic,1
C06,FD001,early_calibration,13,C06_early_calibration_c86eff420321_seed_13,outputs/c06_final_c86eff4,c86eff4203214cd7b64c5d908bb71cab69f7c555,94d43e99e64fe62393ed8059e659acf93cf0bc9ab0ed0b89f3accac6ec3b14aa,6c6a2624072d9489732942bd9b871f5c142aff623d5a808a939e790cb03752fb,854cf3f04c12366b7d1aba91b57ac4093bed67bed2df8557eea1fd144caa686b,ridge,0.05,normalized_interval_score,0.750589049312131,0.6197740485722845,0.9272598479295006,2000,0.95,125.0,100,True,20,20,20,20,20,1.0,0.0,max_statistic,finite_observed_order_statistic,1
C06,FD001,early_calibration,13,C06_early_calibration_c86eff420321_seed_13,outputs/c06_final_c86eff4,c86eff4203214cd7b64c5d908bb71cab69f7c555,94d43e99e64fe62393ed8059e659acf93cf0bc9ab0ed0b89f3accac6ec3b14aa,6c6a2624072d9489732942bd9b871f5c142aff623d5a808a939e790cb03752fb,854cf3f04c12366b7d1aba91b57ac4093bed67bed2df8557eea1fd144caa686b,hist_gradient_boosting,0.1,coverage,0.97,0.93,1.0,2000,0.95,125.0,100,True,20,19,19,19,19,1.0,0.0,interior,finite_observed_order_statistic,1
C06,FD001,early_calibration,13,C06_early_calibration_c86eff420321_seed_13,outputs/c06_final_c86eff4,c86eff4203214cd7b64c5d908bb71cab69f7c555,94d43e99e64fe62393ed8059e659acf93cf0bc9ab0ed0b89f3accac6ec3b14aa,6c6a2624072d9489732942bd9b871f5c142aff623d5a808a939e790cb03752fb,854cf3f04c12366b7d1aba91b57ac4093bed67bed2df8557eea1fd144caa686b,hist_gradient_boosting,0.1,mean_width,67.43859110541872,67.43859110541872,67.43859110541872,2000,0.95,125.0,100,True,20,19,19,19,19,1.0,0.0,interior,finite_observed_order_statistic,1
C06,FD001,early_calibration,13,C06_early_calibration_c86eff420321_seed_13,outputs/c06_final_c86eff4,c86eff4203214cd7b64c5d908bb71cab69f7c555,94d43e99e64fe62393ed8059e659acf93cf0bc9ab0ed0b89f3accac6ec3b14aa,6c6a2624072d9489732942bd9b871f5c142aff623d5a808a939e790cb03752fb,854cf3f04c12366b7d1aba91b57ac4093bed67bed2df8557eea1fd144caa686b,hist_gradient_boosting,0.1,normalized_interval_score,0.5856396889596113,0.5395087288433498,0.6516190320198855,2000,0.95,125.0,100,True,20,19,19,19,19,1.0,0.0,interior,finite_observed_order_statistic,1
C06,FD001,early_calibration,13,C06_early_calibration_c86eff420321_seed_13,outputs/c06_final_c86eff4,c86eff4203214cd7b64c5d908bb71cab69f7c555,94d43e99e64fe62393ed8059e659acf93cf0bc9ab0ed0b89f3accac6ec3b14aa,6c6a2624072d9489732942bd9b871f5c142aff623d5a808a939e790cb03752fb,854cf3f04c12366b7d1aba91b57ac4093bed67bed2df8557eea1fd144caa686b,hist_gradient_boosting,0.05,coverage,0.97,0.93,1.0,2000,0.95,125.0,100,True,20,20,20,20,20,1.0,0.0,max_statistic,finite_observed_order_statistic,1
C06,FD001,early_calibration,13,C06_early_calibration_c86eff420321_seed_13,outputs/c06_final_c86eff4,c86eff4203214cd7b64c5d908bb71cab69f7c555,94d43e99e64fe62393ed8059e659acf93cf0bc9ab0ed0b89f3accac6ec3b14aa,6c6a2624072d9489732942bd9b871f5c142aff623d5a808a939e790cb03752fb,854cf3f04c12366b7d1aba91b57ac4093bed67bed2df8557eea1fd144caa686b,hist_gradient_boosting,0.05,mean_width,75.65061553763451,75.65061553763451,75.65061553763451,2000,0.95,125.0,100,True,20,20,20,20,20,1.0,0.0,max_statistic,finite_observed_order_statistic,1
C06,FD001,early_calibration,13,C06_early_calibration_c86eff420321_seed_13,outputs/c06_final_c86eff4,c86eff4203214cd7b64c5d908bb71cab69f7c555,94d43e99e64fe62393ed8059e659acf93cf0bc9ab0ed0b89f3accac6ec3b14aa,6c6a2624072d9489732942bd9b871f5c142aff623d5a808a939e790cb03752fb,854cf3f04c12366b7d1aba91b57ac4093bed67bed2df8557eea1fd144caa686b,hist_gradient_boosting,0.05,normalized_interval_score,0.6580491272589633,0.6052049243010761,0.7505900961048759,2000,0.95,125.0,100,True,20,20,20,20,20,1.0,0.0,max_statistic,finite_observed_order_statistic,1
C06,FD001,early_calibration,37,C06_early_calibration_c86eff420321_seed_37,outputs/c06_final_c86eff4,c86eff4203214cd7b64c5d908bb71cab69f7c555,5b654f3df7287bec31f6d0441c633c4b526185fba3bffca287da0124e24682f4,da537de1b2c2835698d5dd540f4c39383ee786c6e2a8a25faf3dad1bcc9cd51a,a138614a630a7b1e0783bf5bb5947fcf474cba08e8b5ca50003939f0d57a50df,mean,0.1,coverage,0.7,0.61,0.79,2000,0.95,125.0,100,True,20,19,19,19,19,1.0,0.0,interior,finite_observed_order_statistic,1
C06,FD001,early_calibration,37,C06_early_calibration_c86eff420321_seed_37,outputs/c06_final_c86eff4,c86eff4203214cd7b64c5d908bb71cab69f7c555,5b654f3df7287bec31f6d0441c633c4b526185fba3bffca287da0124e24682f4,da537de1b2c2835698d5dd540f4c39383ee786c6e2a8a25faf3dad1bcc9cd51a,a138614a630a7b1e0783bf5bb5947fcf474cba08e8b5ca50003939f0d57a50df,mean,0.1,mean_width,75.03573130061935,75.03573130061935,75.03573130061935,2000,0.95,125.0,100,True,20,19,19,19,19,1.0,0.0,interior,finite_observed_order_statistic,1
C06,FD001,early_calibration,37,C06_early_calibration_c86eff420321_seed_37,outputs/c06_final_c86eff4,c86eff4203214cd7b64c5d908bb71cab69f7c555,5b654f3df7287bec31f6d0441c633c4b526185fba3bffca287da0124e24682f4,da537de1b2c2835698d5dd540f4c39383ee786c6e2a8a25faf3dad1bcc9cd51a,a138614a630a7b1e0783bf5bb5947fcf474cba08e8b5ca50003939f0d57a50df,mean,0.1,normalized_interval_score,1.9633707479752265,1.5270824202000954,2.4333419342544067,2000,0.95,125.0,100,True,20,19,19,19,19,1.0,0.0,interior,finite_observed_order_statistic,1
C06,FD001,early_calibration,37,C06_early_calibration_c86eff420321_seed_37,outputs/c06_final_c86eff4,c86eff4203214cd7b64c5d908bb71cab69f7c555,5b654f3df7287bec31f6d0441c633c4b526185fba3bffca287da0124e24682f4,da537de1b2c2835698d5dd540f4c39383ee786c6e2a8a25faf3dad1bcc9cd51a,a138614a630a7b1e0783bf5bb5947fcf474cba08e8b5ca50003939f0d57a50df,mean,0.05,coverage,0.7,0.61,0.79,2000,0.95,125.0,100,True,20,20,20,20,20,1.0,0.0,max_statistic,finite_observed_order_statistic,1
C06,FD001,early_calibration,37,C06_early_calibration_c86eff420321_seed_37,outputs/c06_final_c86eff4,c86eff4203214cd7b64c5d908bb71cab69f7c555,5b654f3df7287bec31f6d0441c633c4b526185fba3bffca287da0124e24682f4,da537de1b2c2835698d5dd540f4c39383ee786c6e2a8a25faf3dad1bcc9cd51a,a138614a630a7b1e0783bf5bb5947fcf474cba08e8b5ca50003939f0d57a50df,mean,0.05,mean_width,75.03573130061935,75.03573130061935,75.03573130061935,2000,0.95,125.0,100,True,20,20,20,20,20,1.0,0.0,max_statistic,finite_observed_order_statistic,1
C06,FD001,early_calibration,37,C06_early_calibration_c86eff420321_seed_37,outputs/c06_final_c86eff4,c86eff4203214cd7b64c5d908bb71cab69f7c555,5b654f3df7287bec31f6d0441c633c4b526185fba3bffca287da0124e24682f4,da537de1b2c2835698d5dd540f4c39383ee786c6e2a8a25faf3dad1bcc9cd51a,a138614a630a7b1e0783bf5bb5947fcf474cba08e8b5ca50003939f0d57a50df,mean,0.05,normalized_interval_score,3.3264556455454977,2.4538789899952365,4.266398018103858,2000,0.95,125.0,100,True,20,20,20,20,20,1.0,0.0,max_statistic,finite_observed_order_statistic,1
C06,FD001,early_calibration,37,C06_early_calibration_c86eff420321_seed_37,outputs/c06_final_c86eff4,c86eff4203214cd7b64c5d908bb71cab69f7c555,5b654f3df7287bec31f6d0441c633c4b526185fba3bffca287da0124e24682f4,da537de1b2c2835698d5dd540f4c39383ee786c6e2a8a25faf3dad1bcc9cd51a,a138614a630a7b1e0783bf5bb5947fcf474cba08e8b5ca50003939f0d57a50df,ridge,0.1,coverage,0.99,0.97,1.0,2000,0.95,125.0,100,True,20,19,19,19,19,1.0,0.0,interior,finite_observed_order_statistic,1
C06,FD001,early_calibration,37,C06_early_calibration_c86eff420321_seed_37,outputs/c06_final_c86eff4,c86eff4203214cd7b64c5d908bb71cab69f7c555,5b654f3df7287bec31f6d0441c633c4b526185fba3bffca287da0124e24682f4,da537de1b2c2835698d5dd540f4c39383ee786c6e2a8a25faf3dad1bcc9cd51a,a138614a630a7b1e0783bf5bb5947fcf474cba08e8b5ca50003939f0d57a50df,ridge,0.1,mean_width,94.37415690977345,94.37415690977343,94.37415690977345,2000,0.95,125.0,100,True,20,19,19,19,19,1.0,0.0,interior,finite_observed_order_statistic,1
C06,FD001,early_calibration,37,C06_early_calibration_c86eff420321_seed_37,outputs/c06_final_c86eff4,c86eff4203214cd7b64c5d908bb71cab69f7c555,5b654f3df7287bec31f6d0441c633c4b526185fba3bffca287da0124e24682f4,da537de1b2c2835698d5dd540f4c39383ee786c6e2a8a25faf3dad1bcc9cd51a,a138614a630a7b1e0783bf5bb5947fcf474cba08e8b5ca50003939f0d57a50df,ridge,0.1,normalized_interval_score,0.7620130926151935,0.7549932552781876,0.7760527672892055,2000,0.95,125.0,100,True,20,19,19,19,19,1.0,0.0,interior,finite_observed_order_statistic,1
C06,FD001,early_calibration,37,C06_early_calibration_c86eff420321_seed_37,outputs/c06_final_c86eff4,c86eff4203214cd7b64c5d908bb71cab69f7c555,5b654f3df7287bec31f6d0441c633c4b526185fba3bffca287da0124e24682f4,da537de1b2c2835698d5dd540f4c39383ee786c6e2a8a25faf3dad1bcc9cd51a,a138614a630a7b1e0783bf5bb5947fcf474cba08e8b5ca50003939f0d57a50df,ridge,0.05,coverage,0.99,0.97,1.0,2000,0.95,125.0,100,True,20,20,20,20,20,1.0,0.0,max_statistic,finite_observed_order_statistic,1
C06,FD001,early_calibration,37,C06_early_calibration_c86eff420321_seed_37,outputs/c06_final_c86eff4,c86eff4203214cd7b64c5d908bb71cab69f7c555,5b654f3df7287bec31f6d0441c633c4b526185fba3bffca287da0124e24682f4,da537de1b2c2835698d5dd540f4c39383ee786c6e2a8a25faf3dad1bcc9cd51a,a138614a630a7b1e0783bf5bb5947fcf474cba08e8b5ca50003939f0d57a50df,ridge,0.05,mean_width,98.96838052388576,98.96838052388576,98.96838052388576,2000,0.95,125.0,100,True,20,20,20,20,20,1.0,0.0,max_statistic,finite_observed_order_statistic,1
C06,FD001,early_calibration,37,C06_early_calibration_c86eff420321_seed_37,outputs/c06_final_c86eff4,c86eff4203214cd7b64c5d908bb71cab69f7c555,5b654f3df7287bec31f6d0441c633c4b526185fba3bffca287da0124e24682f4,da537de1b2c2835698d5dd540f4c39383ee786c6e2a8a25faf3dad1bcc9cd51a,a138614a630a7b1e0783bf5bb5947fcf474cba08e8b5ca50003939f0d57a50df,ridge,0.05,normalized_interval_score,0.7984359610825184,0.7917470441910861,0.8118137948653832,2000,0.95,125.0,100,True,20,20,20,20,20,1.0,0.0,max_statistic,finite_observed_order_statistic,1
C06,FD001,early_calibration,37,C06_early_calibration_c86eff420321_seed_37,outputs/c06_final_c86eff4,c86eff4203214cd7b64c5d908bb71cab69f7c555,5b654f3df7287bec31f6d0441c633c4b526185fba3bffca287da0124e24682f4,da537de1b2c2835698d5dd540f4c39383ee786c6e2a8a25faf3dad1bcc9cd51a,a138614a630a7b1e0783bf5bb5947fcf474cba08e8b5ca50003939f0d57a50df,hist_gradient_boosting,0.1,coverage,0.96,0.92,0.99,2000,0.95,125.0,100,True,20,19,19,19,19,1.0,0.0,interior,finite_observed_order_statistic,1
C06,FD001,early_calibration,37,C06_early_calibration_c86eff420321_seed_37,outputs/c06_final_c86eff4,c86eff4203214cd7b64c5d908bb71cab69f7c555,5b654f3df7287bec31f6d0441c633c4b526185fba3bffca287da0124e24682f4,da537de1b2c2835698d5dd540f4c39383ee786c6e2a8a25faf3dad1bcc9cd51a,a138614a630a7b1e0783bf5bb5947fcf474cba08e8b5ca50003939f0d57a50df,hist_gradient_boosting,0.1,mean_width,75.54229004812494,75.54229004812493,75.54229004812494,2000,0.95,125.0,100,True,20,19,19,19,19,1.0,0.0,interior,finite_observed_order_statistic,1
C06,FD001,early_calibration,37,C06_early_calibration_c86eff420321_seed_37,outputs/c06_final_c86eff4,c86eff4203214cd7b64c5d908bb71cab69f7c555,5b654f3df7287bec31f6d0441c633c4b526185fba3bffca287da0124e24682f4,da537de1b2c2835698d5dd540f4c39383ee786c6e2a8a25faf3dad1bcc9cd51a,a138614a630a7b1e0783bf5bb5947fcf474cba08e8b5ca50003939f0d57a50df,hist_gradient_boosting,0.1,normalized_interval_score,0.6397484246470859,0.6067935510891361,0.68849018454494,2000,0.95,125.0,100,True,20,19,19,19,19,1.0,0.0,interior,finite_observed_order_statistic,1
C06,FD001,early_calibration,37,C06_early_calibration_c86eff420321_seed_37,outputs/c06_final_c86eff4,c86eff4203214cd7b64c5d908bb71cab69f7c555,5b654f3df7287bec31f6d0441c633c4b526185fba3bffca287da0124e24682f4,da537de1b2c2835698d5dd540f4c39383ee786c6e2a8a25faf3dad1bcc9cd51a,a138614a630a7b1e0783bf5bb5947fcf474cba08e8b5ca50003939f0d57a50df,hist_gradient_boosting,0.05,coverage,0.99,0.97,1.0,2000,0.95,125.0,100,True,20,20,20,20,20,1.0,0.0,max_statistic,finite_observed_order_statistic,1
C06,FD001,early_calibration,37,C06_early_calibration_c86eff420321_seed_37,outputs/c06_final_c86eff4,c86eff4203214cd7b64c5d908bb71cab69f7c555,5b654f3df7287bec31f6d0441c633c4b526185fba3bffca287da0124e24682f4,da537de1b2c2835698d5dd540f4c39383ee786c6e2a8a25faf3dad1bcc9cd51a,a138614a630a7b1e0783bf5bb5947fcf474cba08e8b5ca50003939f0d57a50df,hist_gradient_boosting,0.05,mean_width,91.21066306924376,91.21066306924376,91.21066306924376,2000,0.95,125.0,100,True,20,20,20,20,20,1.0,0.0,max_statistic,finite_observed_order_statistic,1
C06,FD001,early_calibration,37,C06_early_calibration_c86eff420321_seed_37,outputs/c06_final_c86eff4,c86eff4203214cd7b64c5d908bb71cab69f7c555,5b654f3df7287bec31f6d0441c633c4b526185fba3bffca287da0124e24682f4,da537de1b2c2835698d5dd540f4c39383ee786c6e2a8a25faf3dad1bcc9cd51a,a138614a630a7b1e0783bf5bb5947fcf474cba08e8b5ca50003939f0d57a50df,hist_gradient_boosting,0.05,normalized_interval_score,0.7415163843538437,0.7296853045539501,0.7651785439536314,2000,0.95,125.0,100,True,20,20,20,20,20,1.0,0.0,max_statistic,finite_observed_order_statistic,1
C06,FD001,early_calibration,73,C06_early_calibration_c86eff420321_seed_73,outputs/c06_final_c86eff4,c86eff4203214cd7b64c5d908bb71cab69f7c555,d46212af096ceda55313179ec9a969787b09c8c6f025326cd08b0a736ca4f4aa,db8eb2237d2aee56f2627a4ce66db91010c9b34b9044591d4130ef164ef5c3e8,8a03542365e552d41fcf8c950a30b5c01f25df3ae2b42e6c039d7fc0dc612271,mean,0.1,coverage,0.7,0.61,0.79,2000,0.95,125.0,100,True,20,19,19,19,19,1.0,0.0,interior,finite_observed_order_statistic,1
C06,FD001,early_calibration,73,C06_early_calibration_c86eff420321_seed_73,outputs/c06_final_c86eff4,c86eff4203214cd7b64c5d908bb71cab69f7c555,d46212af096ceda55313179ec9a969787b09c8c6f025326cd08b0a736ca4f4aa,db8eb2237d2aee56f2627a4ce66db91010c9b34b9044591d4130ef164ef5c3e8,8a03542365e552d41fcf8c950a30b5c01f25df3ae2b42e6c039d7fc0dc612271,mean,0.1,mean_width,76.91681588800262,76.91681588800262,76.91681588800262,2000,0.95,125.0,100,True,20,19,19,19,19,1.0,0.0,interior,finite_observed_order_statistic,1
C06,FD001,early_calibration,73,C06_early_calibration_c86eff420321_seed_73,outputs/c06_final_c86eff4,c86eff4203214cd7b64c5d908bb71cab69f7c555,d46212af096ceda55313179ec9a969787b09c8c6f025326cd08b0a736ca4f4aa,db8eb2237d2aee56f2627a4ce66db91010c9b34b9044591d4130ef164ef5c3e8,8a03542365e552d41fcf8c950a30b5c01f25df3ae2b42e6c039d7fc0dc612271,mean,0.1,normalized_interval_score,1.888127364479895,1.4612828585381732,2.3227090086277054,2000,0.95,125.0,100,True,20,19,19,19,19,1.0,0.0,interior,finite_observed_order_statistic,1
C06,FD001,early_calibration,73,C06_early_calibration_c86eff420321_seed_73,outputs/c06_final_c86eff4,c86eff4203214cd7b64c5d908bb71cab69f7c555,d46212af096ceda55313179ec9a969787b09c8c6f025326cd08b0a736ca4f4aa,db8eb2237d2aee56f2627a4ce66db91010c9b34b9044591d4130ef164ef5c3e8,8a03542365e552d41fcf8c950a30b5c01f25df3ae2b42e6c039d7fc0dc612271,mean,0.05,coverage,0.7,0.61,0.79,2000,0.95,125.0,100,True,20,20,20,20,20,1.0,0.0,max_statistic,finite_observed_order_statistic,1
C06,FD001,early_calibration,73,C06_early_calibration_c86eff420321_seed_73,outputs/c06_final_c86eff4,c86eff4203214cd7b64c5d908bb71cab69f7c555,d46212af096ceda55313179ec9a969787b09c8c6f025326cd08b0a736ca4f4aa,db8eb2237d2aee56f2627a4ce66db91010c9b34b9044591d4130ef164ef5c3e8,8a03542365e552d41fcf8c950a30b5c01f25df3ae2b42e6c039d7fc0dc612271,mean,0.05,mean_width,76.91681588800262,76.91681588800262,76.91681588800262,2000,0.95,125.0,100,True,20,20,20,20,20,1.0,0.0,max_statistic,finite_observed_order_statistic,1
C06,FD001,early_calibration,73,C06_early_calibration_c86eff420321_seed_73,outputs/c06_final_c86eff4,c86eff4203214cd7b64c5d908bb71cab69f7c555,d46212af096ceda55313179ec9a969787b09c8c6f025326cd08b0a736ca4f4aa,db8eb2237d2aee56f2627a4ce66db91010c9b34b9044591d4130ef164ef5c3e8,8a03542365e552d41fcf8c950a30b5c01f25df3ae2b42e6c039d7fc0dc612271,mean,0.05,normalized_interval_score,3.160920201855771,2.307231189972326,4.03008349015139,2000,0.95,125.0,100,True,20,20,20,20,20,1.0,0.0,max_statistic,finite_observed_order_statistic,1
C06,FD001,early_calibration,73,C06_early_calibration_c86eff420321_seed_73,outputs/c06_final_c86eff4,c86eff4203214cd7b64c5d908bb71cab69f7c555,d46212af096ceda55313179ec9a969787b09c8c6f025326cd08b0a736ca4f4aa,db8eb2237d2aee56f2627a4ce66db91010c9b34b9044591d4130ef164ef5c3e8,8a03542365e552d41fcf8c950a30b5c01f25df3ae2b42e6c039d7fc0dc612271,ridge,0.1,coverage,0.97,0.93,1.0,2000,0.95,125.0,100,True,20,19,19,19,19,1.0,0.0,interior,finite_observed_order_statistic,1
C06,FD001,early_calibration,73,C06_early_calibration_c86eff420321_seed_73,outputs/c06_final_c86eff4,c86eff4203214cd7b64c5d908bb71cab69f7c555,d46212af096ceda55313179ec9a969787b09c8c6f025326cd08b0a736ca4f4aa,db8eb2237d2aee56f2627a4ce66db91010c9b34b9044591d4130ef164ef5c3e8,8a03542365e552d41fcf8c950a30b5c01f25df3ae2b42e6c039d7fc0dc612271,ridge,0.1,mean_width,79.52106542504258,79.52106542504258,79.52106542504258,2000,0.95,125.0,100,True,20,19,19,19,19,1.0,0.0,interior,finite_observed_order_statistic,1
C06,FD001,early_calibration,73,C06_early_calibration_c86eff420321_seed_73,outputs/c06_final_c86eff4,c86eff4203214cd7b64c5d908bb71cab69f7c555,d46212af096ceda55313179ec9a969787b09c8c6f025326cd08b0a736ca4f4aa,db8eb2237d2aee56f2627a4ce66db91010c9b34b9044591d4130ef164ef5c3e8,8a03542365e552d41fcf8c950a30b5c01f25df3ae2b42e6c039d7fc0dc612271,ridge,0.1,normalized_interval_score,0.6617617438164801,0.6361685234003406,0.7103528182703648,2000,0.95,125.0,100,True,20,19,19,19,19,1.0,0.0,interior,finite_observed_order_statistic,1
C06,FD001,early_calibration,73,C06_early_calibration_c86eff420321_seed_73,outputs/c06_final_c86eff4,c86eff4203214cd7b64c5d908bb71cab69f7c555,d46212af096ceda55313179ec9a969787b09c8c6f025326cd08b0a736ca4f4aa,db8eb2237d2aee56f2627a4ce66db91010c9b34b9044591d4130ef164ef5c3e8,8a03542365e552d41fcf8c950a30b5c01f25df3ae2b42e6c039d7fc0dc612271,ridge,0.05,coverage,0.99,0.97,1.0,2000,0.95,125.0,100,True,20,20,20,20,20,1.0,0.0,max_statistic,finite_observed_order_statistic,1
C06,FD001,early_calibration,73,C06_early_calibration_c86eff420321_seed_73,outputs/c06_final_c86eff4,c86eff4203214cd7b64c5d908bb71cab69f7c555,d46212af096ceda55313179ec9a969787b09c8c6f025326cd08b0a736ca4f4aa,db8eb2237d2aee56f2627a4ce66db91010c9b34b9044591d4130ef164ef5c3e8,8a03542365e552d41fcf8c950a30b5c01f25df3ae2b42e6c039d7fc0dc612271,ridge,0.05,mean_width,84.77718514413455,84.77718514413455,84.77718514413456,2000,0.95,125.0,100,True,20,20,20,20,20,1.0,0.0,max_statistic,finite_observed_order_statistic,1
C06,FD001,early_calibration,73,C06_early_calibration_c86eff420321_seed_73,outputs/c06_final_c86eff4,c86eff4203214cd7b64c5d908bb71cab69f7c555,d46212af096ceda55313179ec9a969787b09c8c6f025326cd08b0a736ca4f4aa,db8eb2237d2aee56f2627a4ce66db91010c9b34b9044591d4130ef164ef5c3e8,8a03542365e552d41fcf8c950a30b5c01f25df3ae2b42e6c039d7fc0dc612271,ridge,0.05,normalized_interval_score,0.7133069736225333,0.6782174811530763,0.7834859585614473,2000,0.95,125.0,100,True,20,20,20,20,20,1.0,0.0,max_statistic,finite_observed_order_statistic,1
C06,FD001,early_calibration,73,C06_early_calibration_c86eff420321_seed_73,outputs/c06_final_c86eff4,c86eff4203214cd7b64c5d908bb71cab69f7c555,d46212af096ceda55313179ec9a969787b09c8c6f025326cd08b0a736ca4f4aa,db8eb2237d2aee56f2627a4ce66db91010c9b34b9044591d4130ef164ef5c3e8,8a03542365e552d41fcf8c950a30b5c01f25df3ae2b42e6c039d7fc0dc612271,hist_gradient_boosting,0.1,coverage,0.97,0.93,1.0,2000,0.95,125.0,100,True,20,19,19,19,19,1.0,0.0,interior,finite_observed_order_statistic,1
C06,FD001,early_calibration,73,C06_early_calibration_c86eff420321_seed_73,outputs/c06_final_c86eff4,c86eff4203214cd7b64c5d908bb71cab69f7c555,d46212af096ceda55313179ec9a969787b09c8c6f025326cd08b0a736ca4f4aa,db8eb2237d2aee56f2627a4ce66db91010c9b34b9044591d4130ef164ef5c3e8,8a03542365e552d41fcf8c950a30b5c01f25df3ae2b42e6c039d7fc0dc612271,hist_gradient_boosting,0.1,mean_width,79.71603349963027,79.71603349963027,79.71603349963027,2000,0.95,125.0,100,True,20,19,19,19,19,1.0,0.0,interior,finite_observed_order_statistic,1
C06,FD001,early_calibration,73,C06_early_calibration_c86eff420321_seed_73,outputs/c06_final_c86eff4,c86eff4203214cd7b64c5d908bb71cab69f7c555,d46212af096ceda55313179ec9a969787b09c8c6f025326cd08b0a736ca4f4aa,db8eb2237d2aee56f2627a4ce66db91010c9b34b9044591d4130ef164ef5c3e8,8a03542365e552d41fcf8c950a30b5c01f25df3ae2b42e6c039d7fc0dc612271,hist_gradient_boosting,0.1,normalized_interval_score,0.6587374188555936,0.6377282679970422,0.6914796861723409,2000,0.95,125.0,100,True,20,19,19,19,19,1.0,0.0,interior,finite_observed_order_statistic,1
C06,FD001,early_calibration,73,C06_early_calibration_c86eff420321_seed_73,outputs/c06_final_c86eff4,c86eff4203214cd7b64c5d908bb71cab69f7c555,d46212af096ceda55313179ec9a969787b09c8c6f025326cd08b0a736ca4f4aa,db8eb2237d2aee56f2627a4ce66db91010c9b34b9044591d4130ef164ef5c3e8,8a03542365e552d41fcf8c950a30b5c01f25df3ae2b42e6c039d7fc0dc612271,hist_gradient_boosting,0.05,coverage,1.0,1.0,1.0,2000,0.95,125.0,100,True,20,20,20,20,20,1.0,0.0,max_statistic,finite_observed_order_statistic,1
C06,FD001,early_calibration,73,C06_early_calibration_c86eff420321_seed_73,outputs/c06_final_c86eff4,c86eff4203214cd7b64c5d908bb71cab69f7c555,d46212af096ceda55313179ec9a969787b09c8c6f025326cd08b0a736ca4f4aa,db8eb2237d2aee56f2627a4ce66db91010c9b34b9044591d4130ef164ef5c3e8,8a03542365e552d41fcf8c950a30b5c01f25df3ae2b42e6c039d7fc0dc612271,hist_gradient_boosting,0.05,mean_width,110.07634535018336,110.07634535018336,110.07634535018336,2000,0.95,125.0,100,True,20,20,20,20,20,1.0,0.0,max_statistic,finite_observed_order_statistic,1
C06,FD001,early_calibration,73,C06_early_calibration_c86eff420321_seed_73,outputs/c06_final_c86eff4,c86eff4203214cd7b64c5d908bb71cab69f7c555,d46212af096ceda55313179ec9a969787b09c8c6f025326cd08b0a736ca4f4aa,db8eb2237d2aee56f2627a4ce66db91010c9b34b9044591d4130ef164ef5c3e8,8a03542365e552d41fcf8c950a30b5c01f25df3ae2b42e6c039d7fc0dc612271,hist_gradient_boosting,0.05,normalized_interval_score,0.8806107628014669,0.8806107628014669,0.8806107628014669,2000,0.95,125.0,100,True,20,20,20,20,20,1.0,0.0,max_statistic,finite_observed_order_statistic,1
C06,FD001,early_calibration,101,C06_early_calibration_c86eff420321_seed_101,outputs/c06_final_c86eff4,c86eff4203214cd7b64c5d908bb71cab69f7c555,c33276933f988495776a4639f2d07af0caabe97ca6f4a7452e2369ea73ef38e0,6c65caa631ce816a37cfc1b97d8f5c7338e7b13c50b707c992595940d08ba3ef,5c44599206f1270e780e9674f21c86629bb79b3d6bf180dce26c20e6a52b4535,mean,0.1,coverage,0.7,0.61,0.79,2000,0.95,125.0,100,True,20,19,19,19,19,1.0,0.0,interior,finite_observed_order_statistic,1
C06,FD001,early_calibration,101,C06_early_calibration_c86eff420321_seed_101,outputs/c06_final_c86eff4,c86eff4203214cd7b64c5d908bb71cab69f7c555,c33276933f988495776a4639f2d07af0caabe97ca6f4a7452e2369ea73ef38e0,6c65caa631ce816a37cfc1b97d8f5c7338e7b13c50b707c992595940d08ba3ef,5c44599206f1270e780e9674f21c86629bb79b3d6bf180dce26c20e6a52b4535,mean,0.1,mean_width,76.53061224489797,76.53061224489797,76.53061224489797,2000,0.95,125.0,100,True,20,19,19,19,19,1.0,0.0,interior,finite_observed_order_statistic,1
C06,FD001,early_calibration,101,C06_early_calibration_c86eff420321_seed_101,outputs/c06_final_c86eff4,c86eff4203214cd7b64c5d908bb71cab69f7c555,c33276933f988495776a4639f2d07af0caabe97ca6f4a7452e2369ea73ef38e0,6c65caa631ce816a37cfc1b97d8f5c7338e7b13c50b707c992595940d08ba3ef,5c44599206f1270e780e9674f21c86629bb79b3d6bf180dce26c20e6a52b4535,mean,0.1,normalized_interval_score,1.9035755102040812,1.4701093877551015,2.352688163265306,2000,0.95,125.0,100,True,20,19,19,19,19,1.0,0.0,interior,finite_observed_order_statistic,1
C06,FD001,early_calibration,101,C06_early_calibration_c86eff420321_seed_101,outputs/c06_final_c86eff4,c86eff4203214cd7b64c5d908bb71cab69f7c555,c33276933f988495776a4639f2d07af0caabe97ca6f4a7452e2369ea73ef38e0,6c65caa631ce816a37cfc1b97d8f5c7338e7b13c50b707c992595940d08ba3ef,5c44599206f1270e780e9674f21c86629bb79b3d6bf180dce26c20e6a52b4535,mean,0.05,coverage,0.7,0.61,0.79,2000,0.95,125.0,100,True,20,20,20,20,20,1.0,0.0,max_statistic,finite_observed_order_statistic,1
C06,FD001,early_calibration,101,C06_early_calibration_c86eff420321_seed_101,outputs/c06_final_c86eff4,c86eff4203214cd7b64c5d908bb71cab69f7c555,c33276933f988495776a4639f2d07af0caabe97ca6f4a7452e2369ea73ef38e0,6c65caa631ce816a37cfc1b97d8f5c7338e7b13c50b707c992595940d08ba3ef,5c44599206f1270e780e9674f21c86629bb79b3d6bf180dce26c20e6a52b4535,mean,0.05,mean_width,76.53061224489797,76.53061224489797,76.53061224489797,2000,0.95,125.0,100,True,20,20,20,20,20,1.0,0.0,max_statistic,finite_observed_order_statistic,1
C06,FD001,early_calibration,101,C06_early_calibration_c86eff420321_seed_101,outputs/c06_final_c86eff4,c86eff4203214cd7b64c5d908bb71cab69f7c555,c33276933f988495776a4639f2d07af0caabe97ca6f4a7452e2369ea73ef38e0,6c65caa631ce816a37cfc1b97d8f5c7338e7b13c50b707c992595940d08ba3ef,5c44599206f1270e780e9674f21c86629bb79b3d6bf180dce26c20e6a52b4535,mean,0.05,normalized_interval_score,3.19490612244898,2.327973877551021,4.093131428571429,2000,0.95,125.0,100,True,20,20,20,20,20,1.0,0.0,max_statistic,finite_observed_order_statistic,1
C06,FD001,early_calibration,101,C06_early_calibration_c86eff420321_seed_101,outputs/c06_final_c86eff4,c86eff4203214cd7b64c5d908bb71cab69f7c555,c33276933f988495776a4639f2d07af0caabe97ca6f4a7452e2369ea73ef38e0,6c65caa631ce816a37cfc1b97d8f5c7338e7b13c50b707c992595940d08ba3ef,5c44599206f1270e780e9674f21c86629bb79b3d6bf180dce26c20e6a52b4535,ridge,0.1,coverage,0.93,0.88,0.98,2000,0.95,125.0,100,True,20,19,19,19,19,1.0,0.0,interior,finite_observed_order_statistic,1
C06,FD001,early_calibration,101,C06_early_calibration_c86eff420321_seed_101,outputs/c06_final_c86eff4,c86eff4203214cd7b64c5d908bb71cab69f7c555,c33276933f988495776a4639f2d07af0caabe97ca6f4a7452e2369ea73ef38e0,6c65caa631ce816a37cfc1b97d8f5c7338e7b13c50b707c992595940d08ba3ef,5c44599206f1270e780e9674f21c86629bb79b3d6bf180dce26c20e6a52b4535,ridge,0.1,mean_width,66.06847849274631,66.0684784927463,66.06847849274631,2000,0.95,125.0,100,True,20,19,19,19,19,1.0,0.0,interior,finite_observed_order_statistic,1
C06,FD001,early_calibration,101,C06_early_calibration_c86eff420321_seed_101,outputs/c06_final_c86eff4,c86eff4203214cd7b64c5d908bb71cab69f7c555,c33276933f988495776a4639f2d07af0caabe97ca6f4a7452e2369ea73ef38e0,6c65caa631ce816a37cfc1b97d8f5c7338e7b13c50b707c992595940d08ba3ef,5c44599206f1270e780e9674f21c86629bb79b3d6bf180dce26c20e6a52b4535,ridge,0.1,normalized_interval_score,0.6265483261996678,0.5562419836293627,0.7155306886022708,2000,0.95,125.0,100,True,20,19,19,19,19,1.0,0.0,interior,finite_observed_order_statistic,1
C06,FD001,early_calibration,101,C06_early_calibration_c86eff420321_seed_101,outputs/c06_final_c86eff4,c86eff4203214cd7b64c5d908bb71cab69f7c555,c33276933f988495776a4639f2d07af0caabe97ca6f4a7452e2369ea73ef38e0,6c65caa631ce816a37cfc1b97d8f5c7338e7b13c50b707c992595940d08ba3ef,5c44599206f1270e780e9674f21c86629bb79b3d6bf180dce26c20e6a52b4535,ridge,0.05,coverage,0.94,0.89,0.98,2000,0.95,125.0,100,True,20,20,20,20,20,1.0,0.0,max_statistic,finite_observed_order_statistic,1
C06,FD001,early_calibration,101,C06_early_calibration_c86eff420321_seed_101,outputs/c06_final_c86eff4,c86eff4203214cd7b64c5d908bb71cab69f7c555,c33276933f988495776a4639f2d07af0caabe97ca6f4a7452e2369ea73ef38e0,6c65caa631ce816a37cfc1b97d8f5c7338e7b13c50b707c992595940d08ba3ef,5c44599206f1270e780e9674f21c86629bb79b3d6bf180dce26c20e6a52b4535,ridge,0.05,mean_width,70.58676832509012,70.58676832509012,70.58676832509012,2000,0.95,125.0,100,True,20,20,20,20,20,1.0,0.0,max_statistic,finite_observed_order_statistic,1
C06,FD001,early_calibration,101,C06_early_calibration_c86eff420321_seed_101,outputs/c06_final_c86eff4,c86eff4203214cd7b64c5d908bb71cab69f7c555,c33276933f988495776a4639f2d07af0caabe97ca6f4a7452e2369ea73ef38e0,6c65caa631ce816a37cfc1b97d8f5c7338e7b13c50b707c992595940d08ba3ef,5c44599206f1270e780e9674f21c86629bb79b3d6bf180dce26c20e6a52b4535,ridge,0.05,normalized_interval_score,0.7155355133561955,0.6002432255549722,0.8606575830970048,2000,0.95,125.0,100,True,20,20,20,20,20,1.0,0.0,max_statistic,finite_observed_order_statistic,1
C06,FD001,early_calibration,101,C06_early_calibration_c86eff420321_seed_101,outputs/c06_final_c86eff4,c86eff4203214cd7b64c5d908bb71cab69f7c555,c33276933f988495776a4639f2d07af0caabe97ca6f4a7452e2369ea73ef38e0,6c65caa631ce816a37cfc1b97d8f5c7338e7b13c50b707c992595940d08ba3ef,5c44599206f1270e780e9674f21c86629bb79b3d6bf180dce26c20e6a52b4535,hist_gradient_boosting,0.1,coverage,0.99,0.97,1.0,2000,0.95,125.0,100,True,20,19,19,19,19,1.0,0.0,interior,finite_observed_order_statistic,1
C06,FD001,early_calibration,101,C06_early_calibration_c86eff420321_seed_101,outputs/c06_final_c86eff4,c86eff4203214cd7b64c5d908bb71cab69f7c555,c33276933f988495776a4639f2d07af0caabe97ca6f4a7452e2369ea73ef38e0,6c65caa631ce816a37cfc1b97d8f5c7338e7b13c50b707c992595940d08ba3ef,5c44599206f1270e780e9674f21c86629bb79b3d6bf180dce26c20e6a52b4535,hist_gradient_boosting,0.1,mean_width,86.34464385996657,86.34464385996657,86.34464385996657,2000,0.95,125.0,100,True,20,19,19,19,19,1.0,0.0,interior,finite_observed_order_statistic,1
C06,FD001,early_calibration,101,C06_early_calibration_c86eff420321_seed_101,outputs/c06_final_c86eff4,c86eff4203214cd7b64c5d908bb71cab69f7c555,c33276933f988495776a4639f2d07af0caabe97ca6f4a7452e2369ea73ef38e0,6c65caa631ce816a37cfc1b97d8f5c7338e7b13c50b707c992595940d08ba3ef,5c44599206f1270e780e9674f21c86629bb79b3d6bf180dce26c20e6a52b4535,hist_gradient_boosting,0.1,normalized_interval_score,0.6990977292773647,0.6907571508797326,0.7157788860726292,2000,0.95,125.0,100,True,20,19,19,19,19,1.0,0.0,interior,finite_observed_order_statistic,1
C06,FD001,early_calibration,101,C06_early_calibration_c86eff420321_seed_101,outputs/c06_final_c86eff4,c86eff4203214cd7b64c5d908bb71cab69f7c555,c33276933f988495776a4639f2d07af0caabe97ca6f4a7452e2369ea73ef38e0,6c65caa631ce816a37cfc1b97d8f5c7338e7b13c50b707c992595940d08ba3ef,5c44599206f1270e780e9674f21c86629bb79b3d6bf180dce26c20e6a52b4535,hist_gradient_boosting,0.05,coverage,0.99,0.97,1.0,2000,0.95,125.0,100,True,20,20,20,20,20,1.0,0.0,max_statistic,finite_observed_order_statistic,1
C06,FD001,early_calibration,101,C06_early_calibration_c86eff420321_seed_101,outputs/c06_final_c86eff4,c86eff4203214cd7b64c5d908bb71cab69f7c555,c33276933f988495776a4639f2d07af0caabe97ca6f4a7452e2369ea73ef38e0,6c65caa631ce816a37cfc1b97d8f5c7338e7b13c50b707c992595940d08ba3ef,5c44599206f1270e780e9674f21c86629bb79b3d6bf180dce26c20e6a52b4535,hist_gradient_boosting,0.05,mean_width,91.34955852697361,91.34955852697361,91.34955852697361,2000,0.95,125.0,100,True,20,20,20,20,20,1.0,0.0,max_statistic,finite_observed_order_statistic,1
C06,FD001,early_calibration,101,C06_early_calibration_c86eff420321_seed_101,outputs/c06_final_c86eff4,c86eff4203214cd7b64c5d908bb71cab69f7c555,c33276933f988495776a4639f2d07af0caabe97ca6f4a7452e2369ea73ef38e0,6c65caa631ce816a37cfc1b97d8f5c7338e7b13c50b707c992595940d08ba3ef,5c44599206f1270e780e9674f21c86629bb79b3d6bf180dce26c20e6a52b4535,hist_gradient_boosting,0.05,normalized_interval_score,0.7394697615438421,0.7307964682157889,0.7568163481999487,2000,0.95,125.0,100,True,20,20,20,20,20,1.0,0.0,max_statistic,finite_observed_order_statistic,1
C06,FD001,early_calibration,137,C06_early_calibration_c86eff420321_seed_137,outputs/c06_final_c86eff4,c86eff4203214cd7b64c5d908bb71cab69f7c555,028f538fb2e54338bfd223f89fada9245fa9ea540845d5f1231ee52b82c697a3,282ee3e9996eea4b1b64664c88f643bac359a5ff3e56b345f1e53ab51dee02c3,e2b21989e5ba4f971041d2d4cb7af2bae4048482a0fe7cdbf247849a35c2dd30,mean,0.1,coverage,0.7,0.61,0.7802499999999987,2000,0.95,125.0,100,True,20,19,19,19,19,1.0,0.0,interior,finite_observed_order_statistic,1
C06,FD001,early_calibration,137,C06_early_calibration_c86eff420321_seed_137,outputs/c06_final_c86eff4,c86eff4203214cd7b64c5d908bb71cab69f7c555,028f538fb2e54338bfd223f89fada9245fa9ea540845d5f1231ee52b82c697a3,282ee3e9996eea4b1b64664c88f643bac359a5ff3e56b345f1e53ab51dee02c3,e2b21989e5ba4f971041d2d4cb7af2bae4048482a0fe7cdbf247849a35c2dd30,mean,0.1,mean_width,76.20353197322797,76.20353197322797,76.20353197322797,2000,0.95,125.0,100,True,20,19,19,19,19,1.0,0.0,interior,finite_observed_order_statistic,1
C06,FD001,early_calibration,137,C06_early_calibration_c86eff420321_seed_137,outputs/c06_final_c86eff4,c86eff4203214cd7b64c5d908bb71cab69f7c555,028f538fb2e54338bfd223f89fada9245fa9ea540845d5f1231ee52b82c697a3,282ee3e9996eea4b1b64664c88f643bac359a5ff3e56b345f1e53ab51dee02c3,e2b21989e5ba4f971041d2d4cb7af2bae4048482a0fe7cdbf247849a35c2dd30,mean,0.1,normalized_interval_score,1.9166587210708812,1.487589581485364,2.36880288041287,2000,0.95,125.0,100,True,20,19,19,19,19,1.0,0.0,interior,finite_observed_order_statistic,1
C06,FD001,early_calibration,137,C06_early_calibration_c86eff420321_seed_137,outputs/c06_final_c86eff4,c86eff4203214cd7b64c5d908bb71cab69f7c555,028f538fb2e54338bfd223f89fada9245fa9ea540845d5f1231ee52b82c697a3,282ee3e9996eea4b1b64664c88f643bac359a5ff3e56b345f1e53ab51dee02c3,e2b21989e5ba4f971041d2d4cb7af2bae4048482a0fe7cdbf247849a35c2dd30,mean,0.05,coverage,0.7,0.61,0.7802499999999987,2000,0.95,125.0,100,True,20,20,20,20,20,1.0,0.0,max_statistic,finite_observed_order_statistic,1
C06,FD001,early_calibration,137,C06_early_calibration_c86eff420321_seed_137,outputs/c06_final_c86eff4,c86eff4203214cd7b64c5d908bb71cab69f7c555,028f538fb2e54338bfd223f89fada9245fa9ea540845d5f1231ee52b82c697a3,282ee3e9996eea4b1b64664c88f643bac359a5ff3e56b345f1e53ab51dee02c3,e2b21989e5ba4f971041d2d4cb7af2bae4048482a0fe7cdbf247849a35c2dd30,mean,0.05,mean_width,76.20353197322797,76.20353197322797,76.20353197322797,2000,0.95,125.0,100,True,20,20,20,20,20,1.0,0.0,max_statistic,finite_observed_order_statistic,1
C06,FD001,early_calibration,137,C06_early_calibration_c86eff420321_seed_137,outputs/c06_final_c86eff4,c86eff4203214cd7b64c5d908bb71cab69f7c555,028f538fb2e54338bfd223f89fada9245fa9ea540845d5f1231ee52b82c697a3,282ee3e9996eea4b1b64664c88f643bac359a5ff3e56b345f1e53ab51dee02c3,e2b21989e5ba4f971041d2d4cb7af2bae4048482a0fe7cdbf247849a35c2dd30,mean,0.05,normalized_interval_score,3.2236891863559394,2.3655509071849044,4.127977505039916,2000,0.95,125.0,100,True,20,20,20,20,20,1.0,0.0,max_statistic,finite_observed_order_statistic,1
C06,FD001,early_calibration,137,C06_early_calibration_c86eff420321_seed_137,outputs/c06_final_c86eff4,c86eff4203214cd7b64c5d908bb71cab69f7c555,028f538fb2e54338bfd223f89fada9245fa9ea540845d5f1231ee52b82c697a3,282ee3e9996eea4b1b64664c88f643bac359a5ff3e56b345f1e53ab51dee02c3,e2b21989e5ba4f971041d2d4cb7af2bae4048482a0fe7cdbf247849a35c2dd30,ridge,0.1,coverage,0.96,0.92,0.99,2000,0.95,125.0,100,True,20,19,19,19,19,1.0,0.0,interior,finite_observed_order_statistic,1
C06,FD001,early_calibration,137,C06_early_calibration_c86eff420321_seed_137,outputs/c06_final_c86eff4,c86eff4203214cd7b64c5d908bb71cab69f7c555,028f538fb2e54338bfd223f89fada9245fa9ea540845d5f1231ee52b82c697a3,282ee3e9996eea4b1b64664c88f643bac359a5ff3e56b345f1e53ab51dee02c3,e2b21989e5ba4f971041d2d4cb7af2bae4048482a0fe7cdbf247849a35c2dd30,ridge,0.1,mean_width,69.91375372091977,69.91375372091977,69.91375372091977,2000,0.95,125.0,100,True,20,19,19,19,19,1.0,0.0,interior,finite_observed_order_statistic,1
C06,FD001,early_calibration,137,C06_early_calibration_c86eff420321_seed_137,outputs/c06_final_c86eff4,c86eff4203214cd7b64c5d908bb71cab69f7c555,028f538fb2e54338bfd223f89fada9245fa9ea540845d5f1231ee52b82c697a3,282ee3e9996eea4b1b64664c88f643bac359a5ff3e56b345f1e53ab51dee02c3,e2b21989e5ba4f971041d2d4cb7af2bae4048482a0fe7cdbf247849a35c2dd30,ridge,0.1,normalized_interval_score,0.592221714542607,0.5599822829079043,0.6448115523895135,2000,0.95,125.0,100,True,20,19,19,19,19,1.0,0.0,interior,finite_observed_order_statistic,1
C06,FD001,early_calibration,137,C06_early_calibration_c86eff420321_seed_137,outputs/c06_final_c86eff4,c86eff4203214cd7b64c5d908bb71cab69f7c555,028f538fb2e54338bfd223f89fada9245fa9ea540845d5f1231ee52b82c697a3,282ee3e9996eea4b1b64664c88f643bac359a5ff3e56b345f1e53ab51dee02c3,e2b21989e5ba4f971041d2d4cb7af2bae4048482a0fe7cdbf247849a35c2dd30,ridge,0.05,coverage,0.97,0.94,1.0,2000,0.95,125.0,100,True,20,20,20,20,20,1.0,0.0,max_statistic,finite_observed_order_statistic,1
C06,FD001,early_calibration,137,C06_early_calibration_c86eff420321_seed_137,outputs/c06_final_c86eff4,c86eff4203214cd7b64c5d908bb71cab69f7c555,028f538fb2e54338bfd223f89fada9245fa9ea540845d5f1231ee52b82c697a3,282ee3e9996eea4b1b64664c88f643bac359a5ff3e56b345f1e53ab51dee02c3,e2b21989e5ba4f971041d2d4cb7af2bae4048482a0fe7cdbf247849a35c2dd30,ridge,0.05,mean_width,73.25502105933018,73.25502105933018,73.25502105933019,2000,0.95,125.0,100,True,20,20,20,20,20,1.0,0.0,max_statistic,finite_observed_order_statistic,1
C06,FD001,early_calibration,137,C06_early_calibration_c86eff420321_seed_137,outputs/c06_final_c86eff4,c86eff4203214cd7b64c5d908bb71cab69f7c555,028f538fb2e54338bfd223f89fada9245fa9ea540845d5f1231ee52b82c697a3,282ee3e9996eea4b1b64664c88f643bac359a5ff3e56b345f1e53ab51dee02c3,e2b21989e5ba4f971041d2d4cb7af2bae4048482a0fe7cdbf247849a35c2dd30,ridge,0.05,normalized_interval_score,0.6344809485196767,0.5860401684746415,0.71999033556406,2000,0.95,125.0,100,True,20,20,20,20,20,1.0,0.0,max_statistic,finite_observed_order_statistic,1
C06,FD001,early_calibration,137,C06_early_calibration_c86eff420321_seed_137,outputs/c06_final_c86eff4,c86eff4203214cd7b64c5d908bb71cab69f7c555,028f538fb2e54338bfd223f89fada9245fa9ea540845d5f1231ee52b82c697a3,282ee3e9996eea4b1b64664c88f643bac359a5ff3e56b345f1e53ab51dee02c3,e2b21989e5ba4f971041d2d4cb7af2bae4048482a0fe7cdbf247849a35c2dd30,hist_gradient_boosting,0.1,coverage,0.99,0.97,1.0,2000,0.95,125.0,100,True,20,19,19,19,19,1.0,0.0,interior,finite_observed_order_statistic,1
C06,FD001,early_calibration,137,C06_early_calibration_c86eff420321_seed_137,outputs/c06_final_c86eff4,c86eff4203214cd7b64c5d908bb71cab69f7c555,028f538fb2e54338bfd223f89fada9245fa9ea540845d5f1231ee52b82c697a3,282ee3e9996eea4b1b64664c88f643bac359a5ff3e56b345f1e53ab51dee02c3,e2b21989e5ba4f971041d2d4cb7af2bae4048482a0fe7cdbf247849a35c2dd30,hist_gradient_boosting,0.1,mean_width,68.44900891918134,68.44900891918134,68.44900891918134,2000,0.95,125.0,100,True,20,19,19,19,19,1.0,0.0,interior,finite_observed_order_statistic,1
C06,FD001,early_calibration,137,C06_early_calibration_c86eff420321_seed_137,outputs/c06_final_c86eff4,c86eff4203214cd7b64c5d908bb71cab69f7c555,028f538fb2e54338bfd223f89fada9245fa9ea540845d5f1231ee52b82c697a3,282ee3e9996eea4b1b64664c88f643bac359a5ff3e56b345f1e53ab51dee02c3,e2b21989e5ba4f971041d2d4cb7af2bae4048482a0fe7cdbf247849a35c2dd30,hist_gradient_boosting,0.1,normalized_interval_score,0.5807656915159632,0.5475920713534507,0.6471129318409883,2000,0.95,125.0,100,True,20,19,19,19,19,1.0,0.0,interior,finite_observed_order_statistic,1
C06,FD001,early_calibration,137,C06_early_calibration_c86eff420321_seed_137,outputs/c06_final_c86eff4,c86eff4203214cd7b64c5d908bb71cab69f7c555,028f538fb2e54338bfd223f89fada9245fa9ea540845d5f1231ee52b82c697a3,282ee3e9996eea4b1b64664c88f643bac359a5ff3e56b345f1e53ab51dee02c3,e2b21989e5ba4f971041d2d4cb7af2bae4048482a0fe7cdbf247849a35c2dd30,hist_gradient_boosting,0.05,coverage,0.99,0.97,1.0,2000,0.95,125.0,100,True,20,20,20,20,20,1.0,0.0,max_statistic,finite_observed_order_statistic,1
C06,FD001,early_calibration,137,C06_early_calibration_c86eff420321_seed_137,outputs/c06_final_c86eff4,c86eff4203214cd7b64c5d908bb71cab69f7c555,028f538fb2e54338bfd223f89fada9245fa9ea540845d5f1231ee52b82c697a3,282ee3e9996eea4b1b64664c88f643bac359a5ff3e56b345f1e53ab51dee02c3,e2b21989e5ba4f971041d2d4cb7af2bae4048482a0fe7cdbf247849a35c2dd30,hist_gradient_boosting,0.05,mean_width,73.37515981094145,73.37515981094145,73.37515981094145,2000,0.95,125.0,100,True,20,20,20,20,20,1.0,0.0,max_statistic,finite_observed_order_statistic,1
C06,FD001,early_calibration,137,C06_early_calibration_c86eff420321_seed_137,outputs/c06_final_c86eff4,c86eff4203214cd7b64c5d908bb71cab69f7c555,028f538fb2e54338bfd223f89fada9245fa9ea540845d5f1231ee52b82c697a3,282ee3e9996eea4b1b64664c88f643bac359a5ff3e56b345f1e53ab51dee02c3,e2b21989e5ba4f971041d2d4cb7af2bae4048482a0fe7cdbf247849a35c2dd30,hist_gradient_boosting,0.05,normalized_interval_score,0.6454666773857405,0.5870012784875316,0.7623974751821583,2000,0.95,125.0,100,True,20,20,20,20,20,1.0,0.0,max_statistic,finite_observed_order_statistic,1
C06,FD001,late_calibration,13,C06_late_calibration_c86eff420321_seed_13,outputs/c06_final_c86eff4,c86eff4203214cd7b64c5d908bb71cab69f7c555,565653ebd216b202f2691a4b1a3c160dfcfd24f3935e1f9cffe9546c4db4ba28,a271dd76aa2687e98374a67bcc1b00de5658d8c1c3c558e070bbac66ebef819e,6247178b4b37288070db02572930363d2c5f87ddeb7b16f8314dadc33f63e5e4,mean,0.1,coverage,0.81,0.73,0.89,2000,0.95,125.0,100,True,20,19,19,19,19,1.0,0.0,interior,finite_observed_order_statistic,1
C06,FD001,late_calibration,13,C06_late_calibration_c86eff420321_seed_13,outputs/c06_final_c86eff4,c86eff4203214cd7b64c5d908bb71cab69f7c555,565653ebd216b202f2691a4b1a3c160dfcfd24f3935e1f9cffe9546c4db4ba28,a271dd76aa2687e98374a67bcc1b00de5658d8c1c3c558e070bbac66ebef819e,6247178b4b37288070db02572930363d2c5f87ddeb7b16f8314dadc33f63e5e4,mean,0.1,mean_width,120.65491183879088,120.65491183879088,120.65491183879088,2000,0.95,125.0,100,True,20,19,19,19,19,1.0,0.0,interior,finite_observed_order_statistic,1
C06,FD001,late_calibration,13,C06_late_calibration_c86eff420321_seed_13,outputs/c06_final_c86eff4,c86eff4203214cd7b64c5d908bb71cab69f7c555,565653ebd216b202f2691a4b1a3c160dfcfd24f3935e1f9cffe9546c4db4ba28,a271dd76aa2687e98374a67bcc1b00de5658d8c1c3c558e070bbac66ebef819e,6247178b4b37288070db02572930363d2c5f87ddeb7b16f8314dadc33f63e5e4,mean,0.1,normalized_interval_score,1.283639294710327,1.147639294710327,1.4404792947103273,2000,0.95,125.0,100,True,20,19,19,19,19,1.0,0.0,interior,finite_observed_order_statistic,1
C06,FD001,late_calibration,13,C06_late_calibration_c86eff420321_seed_13,outputs/c06_final_c86eff4,c86eff4203214cd7b64c5d908bb71cab69f7c555,565653ebd216b202f2691a4b1a3c160dfcfd24f3935e1f9cffe9546c4db4ba28,a271dd76aa2687e98374a67bcc1b00de5658d8c1c3c558e070bbac66ebef819e,6247178b4b37288070db02572930363d2c5f87ddeb7b16f8314dadc33f63e5e4,mean,0.05,coverage,0.84,0.77,0.91,2000,0.95,125.0,100,True,20,20,20,20,20,1.0,0.0,max_statistic,finite_observed_order_statistic,1
C06,FD001,late_calibration,13,C06_late_calibration_c86eff420321_seed_13,outputs/c06_final_c86eff4,c86eff4203214cd7b64c5d908bb71cab69f7c555,565653ebd216b202f2691a4b1a3c160dfcfd24f3935e1f9cffe9546c4db4ba28,a271dd76aa2687e98374a67bcc1b00de5658d8c1c3c558e070bbac66ebef819e,6247178b4b37288070db02572930363d2c5f87ddeb7b16f8314dadc33f63e5e4,mean,0.05,mean_width,128.6549118387909,128.6549118387909,128.6549118387909,2000,0.95,125.0,100,True,20,20,20,20,20,1.0,0.0,max_statistic,finite_observed_order_statistic,1
C06,FD001,late_calibration,13,C06_late_calibration_c86eff420321_seed_13,outputs/c06_final_c86eff4,c86eff4203214cd7b64c5d908bb71cab69f7c555,565653ebd216b202f2691a4b1a3c160dfcfd24f3935e1f9cffe9546c4db4ba28,a271dd76aa2687e98374a67bcc1b00de5658d8c1c3c558e070bbac66ebef819e,6247178b4b37288070db02572930363d2c5f87ddeb7b16f8314dadc33f63e5e4,mean,0.05,normalized_interval_score,1.4228392947103277,1.227639294710327,1.6500392947103275,2000,0.95,125.0,100,True,20,20,20,20,20,1.0,0.0,max_statistic,finite_observed_order_statistic,1
C06,FD001,late_calibration,13,C06_late_calibration_c86eff420321_seed_13,outputs/c06_final_c86eff4,c86eff4203214cd7b64c5d908bb71cab69f7c555,565653ebd216b202f2691a4b1a3c160dfcfd24f3935e1f9cffe9546c4db4ba28,a271dd76aa2687e98374a67bcc1b00de5658d8c1c3c558e070bbac66ebef819e,6247178b4b37288070db02572930363d2c5f87ddeb7b16f8314dadc33f63e5e4,ridge,0.1,coverage,0.9,0.84,0.96,2000,0.95,125.0,100,True,20,19,19,19,19,1.0,0.0,interior,finite_observed_order_statistic,1
C06,FD001,late_calibration,13,C06_late_calibration_c86eff420321_seed_13,outputs/c06_final_c86eff4,c86eff4203214cd7b64c5d908bb71cab69f7c555,565653ebd216b202f2691a4b1a3c160dfcfd24f3935e1f9cffe9546c4db4ba28,a271dd76aa2687e98374a67bcc1b00de5658d8c1c3c558e070bbac66ebef819e,6247178b4b37288070db02572930363d2c5f87ddeb7b16f8314dadc33f63e5e4,ridge,0.1,mean_width,58.39904420484689,58.39904420484689,58.39904420484689,2000,0.95,125.0,100,True,20,19,19,19,19,1.0,0.0,interior,finite_observed_order_statistic,1
C06,FD001,late_calibration,13,C06_late_calibration_c86eff420321_seed_13,outputs/c06_final_c86eff4,c86eff4203214cd7b64c5d908bb71cab69f7c555,565653ebd216b202f2691a4b1a3c160dfcfd24f3935e1f9cffe9546c4db4ba28,a271dd76aa2687e98374a67bcc1b00de5658d8c1c3c558e070bbac66ebef819e,6247178b4b37288070db02572930363d2c5f87ddeb7b16f8314dadc33f63e5e4,ridge,0.1,normalized_interval_score,0.6542991271838144,0.5399409809060387,0.7964885234717907,2000,0.95,125.0,100,True,20,19,19,19,19,1.0,0.0,interior,finite_observed_order_statistic,1
C06,FD001,late_calibration,13,C06_late_calibration_c86eff420321_seed_13,outputs/c06_final_c86eff4,c86eff4203214cd7b64c5d908bb71cab69f7c555,565653ebd216b202f2691a4b1a3c160dfcfd24f3935e1f9cffe9546c4db4ba28,a271dd76aa2687e98374a67bcc1b00de5658d8c1c3c558e070bbac66ebef819e,6247178b4b37288070db02572930363d2c5f87ddeb7b16f8314dadc33f63e5e4,ridge,0.05,coverage,0.96,0.92,0.99,2000,0.95,125.0,100,True,20,20,20,20,20,1.0,0.0,max_statistic,finite_observed_order_statistic,1
C06,FD001,late_calibration,13,C06_late_calibration_c86eff420321_seed_13,outputs/c06_final_c86eff4,c86eff4203214cd7b64c5d908bb71cab69f7c555,565653ebd216b202f2691a4b1a3c160dfcfd24f3935e1f9cffe9546c4db4ba28,a271dd76aa2687e98374a67bcc1b00de5658d8c1c3c558e070bbac66ebef819e,6247178b4b37288070db02572930363d2c5f87ddeb7b16f8314dadc33f63e5e4,ridge,0.05,mean_width,81.50270284251485,81.50270284251485,81.50270284251485,2000,0.95,125.0,100,True,20,20,20,20,20,1.0,0.0,max_statistic,finite_observed_order_statistic,1
C06,FD001,late_calibration,13,C06_late_calibration_c86eff420321_seed_13,outputs/c06_final_c86eff4,c86eff4203214cd7b64c5d908bb71cab69f7c555,565653ebd216b202f2691a4b1a3c160dfcfd24f3935e1f9cffe9546c4db4ba28,a271dd76aa2687e98374a67bcc1b00de5658d8c1c3c558e070bbac66ebef819e,6247178b4b37288070db02572930363d2c5f87ddeb7b16f8314dadc33f63e5e4,ridge,0.05,normalized_interval_score,0.7531306518296641,0.6619321670623751,0.87967909414716,2000,0.95,125.0,100,True,20,20,20,20,20,1.0,0.0,max_statistic,finite_observed_order_statistic,1
C06,FD001,late_calibration,13,C06_late_calibration_c86eff420321_seed_13,outputs/c06_final_c86eff4,c86eff4203214cd7b64c5d908bb71cab69f7c555,565653ebd216b202f2691a4b1a3c160dfcfd24f3935e1f9cffe9546c4db4ba28,a271dd76aa2687e98374a67bcc1b00de5658d8c1c3c558e070bbac66ebef819e,6247178b4b37288070db02572930363d2c5f87ddeb7b16f8314dadc33f63e5e4,hist_gradient_boosting,0.1,coverage,0.81,0.73,0.88,2000,0.95,125.0,100,True,20,19,19,19,19,1.0,0.0,interior,finite_observed_order_statistic,1
C06,FD001,late_calibration,13,C06_late_calibration_c86eff420321_seed_13,outputs/c06_final_c86eff4,c86eff4203214cd7b64c5d908bb71cab69f7c555,565653ebd216b202f2691a4b1a3c160dfcfd24f3935e1f9cffe9546c4db4ba28,a271dd76aa2687e98374a67bcc1b00de5658d8c1c3c558e070bbac66ebef819e,6247178b4b37288070db02572930363d2c5f87ddeb7b16f8314dadc33f63e5e4,hist_gradient_boosting,0.1,mean_width,41.56954897640001,41.5695489764,41.56954897640001,2000,0.95,125.0,100,True,20,19,19,19,19,1.0,0.0,interior,finite_observed_order_statistic,1
C06,FD001,late_calibration,13,C06_late_calibration_c86eff420321_seed_13,outputs/c06_final_c86eff4,c86eff4203214cd7b64c5d908bb71cab69f7c555,565653ebd216b202f2691a4b1a3c160dfcfd24f3935e1f9cffe9546c4db4ba28,a271dd76aa2687e98374a67bcc1b00de5658d8c1c3c558e070bbac66ebef819e,6247178b4b37288070db02572930363d2c5f87ddeb7b16f8314dadc33f63e5e4,hist_gradient_boosting,0.1,normalized_interval_score,0.6076074332175302,0.4785049777571408,0.77091472990402,2000,0.95,125.0,100,True,20,19,19,19,19,1.0,0.0,interior,finite_observed_order_statistic,1
C06,FD001,late_calibration,13,C06_late_calibration_c86eff420321_seed_13,outputs/c06_final_c86eff4,c86eff4203214cd7b64c5d908bb71cab69f7c555,565653ebd216b202f2691a4b1a3c160dfcfd24f3935e1f9cffe9546c4db4ba28,a271dd76aa2687e98374a67bcc1b00de5658d8c1c3c558e070bbac66ebef819e,6247178b4b37288070db02572930363d2c5f87ddeb7b16f8314dadc33f63e5e4,hist_gradient_boosting,0.05,coverage,0.82,0.74,0.89,2000,0.95,125.0,100,True,20,20,20,20,20,1.0,0.0,max_statistic,finite_observed_order_statistic,1
C06,FD001,late_calibration,13,C06_late_calibration_c86eff420321_seed_13,outputs/c06_final_c86eff4,c86eff4203214cd7b64c5d908bb71cab69f7c555,565653ebd216b202f2691a4b1a3c160dfcfd24f3935e1f9cffe9546c4db4ba28,a271dd76aa2687e98374a67bcc1b00de5658d8c1c3c558e070bbac66ebef819e,6247178b4b37288070db02572930363d2c5f87ddeb7b16f8314dadc33f63e5e4,hist_gradient_boosting,0.05,mean_width,44.698725372114275,44.69872537211426,44.698725372114275,2000,0.95,125.0,100,True,20,20,20,20,20,1.0,0.0,max_statistic,finite_observed_order_statistic,1
C06,FD001,late_calibration,13,C06_late_calibration_c86eff420321_seed_13,outputs/c06_final_c86eff4,c86eff4203214cd7b64c5d908bb71cab69f7c555,565653ebd216b202f2691a4b1a3c160dfcfd24f3935e1f9cffe9546c4db4ba28,a271dd76aa2687e98374a67bcc1b00de5658d8c1c3c558e070bbac66ebef819e,6247178b4b37288070db02572930363d2c5f87ddeb7b16f8314dadc33f63e5e4,hist_gradient_boosting,0.05,normalized_interval_score,0.8127847864232222,0.5813037070138627,1.1110609304275951,2000,0.95,125.0,100,True,20,20,20,20,20,1.0,0.0,max_statistic,finite_observed_order_statistic,1
C06,FD001,late_calibration,37,C06_late_calibration_c86eff420321_seed_37,outputs/c06_final_c86eff4,c86eff4203214cd7b64c5d908bb71cab69f7c555,6ccb5c7492798867277465ca994a670dad7fd90b6827e8cb36c08ccd7635c3f5,dd2951ac4489edaa9a3a6bdd89bf4d62df1e089a8f7865617240718b64231460,5f136982799940e2fb7f3ac7dba5c74ca84c05abd172ccb7de80142c44b8b8db,mean,0.1,coverage,0.87,0.8,0.93,2000,0.95,125.0,100,True,20,19,19,19,19,1.0,0.0,interior,finite_observed_order_statistic,1
C06,FD001,late_calibration,37,C06_late_calibration_c86eff420321_seed_37,outputs/c06_final_c86eff4,c86eff4203214cd7b64c5d908bb71cab69f7c555,6ccb5c7492798867277465ca994a670dad7fd90b6827e8cb36c08ccd7635c3f5,dd2951ac4489edaa9a3a6bdd89bf4d62df1e089a8f7865617240718b64231460,5f136982799940e2fb7f3ac7dba5c74ca84c05abd172ccb7de80142c44b8b8db,mean,0.1,mean_width,134.96426869938068,134.96426869938068,134.96426869938068,2000,0.95,125.0,100,True,20,19,19,19,19,1.0,0.0,interior,finite_observed_order_statistic,1
C06,FD001,late_calibration,37,C06_late_calibration_c86eff420321_seed_37,outputs/c06_final_c86eff4,c86eff4203214cd7b64c5d908bb71cab69f7c555,6ccb5c7492798867277465ca994a670dad7fd90b6827e8cb36c08ccd7635c3f5,dd2951ac4489edaa9a3a6bdd89bf4d62df1e089a8f7865617240718b64231460,5f136982799940e2fb7f3ac7dba5c74ca84c05abd172ccb7de80142c44b8b8db,mean,0.1,normalized_interval_score,1.2509141495950455,1.1661141495950456,1.356514149595045,2000,0.95,125.0,100,True,20,19,19,19,19,1.0,0.0,interior,finite_observed_order_statistic,1
C06,FD001,late_calibration,37,C06_late_calibration_c86eff420321_seed_37,outputs/c06_final_c86eff4,c86eff4203214cd7b64c5d908bb71cab69f7c555,6ccb5c7492798867277465ca994a670dad7fd90b6827e8cb36c08ccd7635c3f5,dd2951ac4489edaa9a3a6bdd89bf4d62df1e089a8f7865617240718b64231460,5f136982799940e2fb7f3ac7dba5c74ca84c05abd172ccb7de80142c44b8b8db,mean,0.05,coverage,0.88,0.81,0.94,2000,0.95,125.0,100,True,20,20,20,20,20,1.0,0.0,max_statistic,finite_observed_order_statistic,1
C06,FD001,late_calibration,37,C06_late_calibration_c86eff420321_seed_37,outputs/c06_final_c86eff4,c86eff4203214cd7b64c5d908bb71cab69f7c555,6ccb5c7492798867277465ca994a670dad7fd90b6827e8cb36c08ccd7635c3f5,dd2951ac4489edaa9a3a6bdd89bf4d62df1e089a8f7865617240718b64231460,5f136982799940e2fb7f3ac7dba5c74ca84c05abd172ccb7de80142c44b8b8db,mean,0.05,mean_width,136.96426869938068,136.96426869938068,136.96426869938068,2000,0.95,125.0,100,True,20,20,20,20,20,1.0,0.0,max_statistic,finite_observed_order_statistic,1
C06,FD001,late_calibration,37,C06_late_calibration_c86eff420321_seed_37,outputs/c06_final_c86eff4,c86eff4203214cd7b64c5d908bb71cab69f7c555,6ccb5c7492798867277465ca994a670dad7fd90b6827e8cb36c08ccd7635c3f5,dd2951ac4489edaa9a3a6bdd89bf4d62df1e089a8f7865617240718b64231460,5f136982799940e2fb7f3ac7dba5c74ca84c05abd172ccb7de80142c44b8b8db,mean,0.05,normalized_interval_score,1.396514149595045,1.2397141495950457,1.591714149595045,2000,0.95,125.0,100,True,20,20,20,20,20,1.0,0.0,max_statistic,finite_observed_order_statistic,1
C06,FD001,late_calibration,37,C06_late_calibration_c86eff420321_seed_37,outputs/c06_final_c86eff4,c86eff4203214cd7b64c5d908bb71cab69f7c555,6ccb5c7492798867277465ca994a670dad7fd90b6827e8cb36c08ccd7635c3f5,dd2951ac4489edaa9a3a6bdd89bf4d62df1e089a8f7865617240718b64231460,5f136982799940e2fb7f3ac7dba5c74ca84c05abd172ccb7de80142c44b8b8db,ridge,0.1,coverage,0.83,0.76,0.9,2000,0.95,125.0,100,True,20,19,19,19,19,1.0,0.0,interior,finite_observed_order_statistic,1
C06,FD001,late_calibration,37,C06_late_calibration_c86eff420321_seed_37,outputs/c06_final_c86eff4,c86eff4203214cd7b64c5d908bb71cab69f7c555,6ccb5c7492798867277465ca994a670dad7fd90b6827e8cb36c08ccd7635c3f5,dd2951ac4489edaa9a3a6bdd89bf4d62df1e089a8f7865617240718b64231460,5f136982799940e2fb7f3ac7dba5c74ca84c05abd172ccb7de80142c44b8b8db,ridge,0.1,mean_width,50.22552066753337,50.22552066753337,50.22552066753337,2000,0.95,125.0,100,True,20,19,19,19,19,1.0,0.0,interior,finite_observed_order_statistic,1
C06,FD001,late_calibration,37,C06_late_calibration_c86eff420321_seed_37,outputs/c06_final_c86eff4,c86eff4203214cd7b64c5d908bb71cab69f7c555,6ccb5c7492798867277465ca994a670dad7fd90b6827e8cb36c08ccd7635c3f5,dd2951ac4489edaa9a3a6bdd89bf4d62df1e089a8f7865617240718b64231460,5f136982799940e2fb7f3ac7dba5c74ca84c05abd172ccb7de80142c44b8b8db,ridge,0.1,normalized_interval_score,0.6046471011447008,0.4873391325156177,0.7371157707353732,2000,0.95,125.0,100,True,20,19,19,19,19,1.0,0.0,interior,finite_observed_order_statistic,1
C06,FD001,late_calibration,37,C06_late_calibration_c86eff420321_seed_37,outputs/c06_final_c86eff4,c86eff4203214cd7b64c5d908bb71cab69f7c555,6ccb5c7492798867277465ca994a670dad7fd90b6827e8cb36c08ccd7635c3f5,dd2951ac4489edaa9a3a6bdd89bf4d62df1e089a8f7865617240718b64231460,5f136982799940e2fb7f3ac7dba5c74ca84c05abd172ccb7de80142c44b8b8db,ridge,0.05,coverage,0.94,0.89,0.98,2000,0.95,125.0,100,True,20,20,20,20,20,1.0,0.0,max_statistic,finite_observed_order_statistic,1
C06,FD001,late_calibration,37,C06_late_calibration_c86eff420321_seed_37,outputs/c06_final_c86eff4,c86eff4203214cd7b64c5d908bb71cab69f7c555,6ccb5c7492798867277465ca994a670dad7fd90b6827e8cb36c08ccd7635c3f5,dd2951ac4489edaa9a3a6bdd89bf4d62df1e089a8f7865617240718b64231460,5f136982799940e2fb7f3ac7dba5c74ca84c05abd172ccb7de80142c44b8b8db,ridge,0.05,mean_width,71.38353379149889,71.38353379149889,71.38353379149889,2000,0.95,125.0,100,True,20,20,20,20,20,1.0,0.0,max_statistic,finite_observed_order_statistic,1
C06,FD001,late_calibration,37,C06_late_calibration_c86eff420321_seed_37,outputs/c06_final_c86eff4,c86eff4203214cd7b64c5d908bb71cab69f7c555,6ccb5c7492798867277465ca994a670dad7fd90b6827e8cb36c08ccd7635c3f5,dd2951ac4489edaa9a3a6bdd89bf4d62df1e089a8f7865617240718b64231460,5f136982799940e2fb7f3ac7dba5c74ca84c05abd172ccb7de80142c44b8b8db,ridge,0.05,normalized_interval_score,0.6626453912236143,0.5823625739015557,0.786331193303075,2000,0.95,125.0,100,True,20,20,20,20,20,1.0,0.0,max_statistic,finite_observed_order_statistic,1
C06,FD001,late_calibration,37,C06_late_calibration_c86eff420321_seed_37,outputs/c06_final_c86eff4,c86eff4203214cd7b64c5d908bb71cab69f7c555,6ccb5c7492798867277465ca994a670dad7fd90b6827e8cb36c08ccd7635c3f5,dd2951ac4489edaa9a3a6bdd89bf4d62df1e089a8f7865617240718b64231460,5f136982799940e2fb7f3ac7dba5c74ca84c05abd172ccb7de80142c44b8b8db,hist_gradient_boosting,0.1,coverage,0.92,0.86,0.97,2000,0.95,125.0,100,True,20,19,19,19,19,1.0,0.0,interior,finite_observed_order_statistic,1
C06,FD001,late_calibration,37,C06_late_calibration_c86eff420321_seed_37,outputs/c06_final_c86eff4,c86eff4203214cd7b64c5d908bb71cab69f7c555,6ccb5c7492798867277465ca994a670dad7fd90b6827e8cb36c08ccd7635c3f5,dd2951ac4489edaa9a3a6bdd89bf4d62df1e089a8f7865617240718b64231460,5f136982799940e2fb7f3ac7dba5c74ca84c05abd172ccb7de80142c44b8b8db,hist_gradient_boosting,0.1,mean_width,61.938704378193215,61.938704378193215,61.938704378193215,2000,0.95,125.0,100,True,20,19,19,19,19,1.0,0.0,interior,finite_observed_order_statistic,1
C06,FD001,late_calibration,37,C06_late_calibration_c86eff420321_seed_37,outputs/c06_final_c86eff4,c86eff4203214cd7b64c5d908bb71cab69f7c555,6ccb5c7492798867277465ca994a670dad7fd90b6827e8cb36c08ccd7635c3f5,dd2951ac4489edaa9a3a6bdd89bf4d62df1e089a8f7865617240718b64231460,5f136982799940e2fb7f3ac7dba5c74ca84c05abd172ccb7de80142c44b8b8db,hist_gradient_boosting,0.1,normalized_interval_score,0.584649430972752,0.5156775718242658,0.6717376175194886,2000,0.95,125.0,100,True,20,19,19,19,19,1.0,0.0,interior,finite_observed_order_statistic,1
C06,FD001,late_calibration,37,C06_late_calibration_c86eff420321_seed_37,outputs/c06_final_c86eff4,c86eff4203214cd7b64c5d908bb71cab69f7c555,6ccb5c7492798867277465ca994a670dad7fd90b6827e8cb36c08ccd7635c3f5,dd2951ac4489edaa9a3a6bdd89bf4d62df1e089a8f7865617240718b64231460,5f136982799940e2fb7f3ac7dba5c74ca84c05abd172ccb7de80142c44b8b8db,hist_gradient_boosting,0.05,coverage,0.96,0.92,0.99,2000,0.95,125.0,100,True,20,20,20,20,20,1.0,0.0,max_statistic,finite_observed_order_statistic,1
C06,FD001,late_calibration,37,C06_late_calibration_c86eff420321_seed_37,outputs/c06_final_c86eff4,c86eff4203214cd7b64c5d908bb71cab69f7c555,6ccb5c7492798867277465ca994a670dad7fd90b6827e8cb36c08ccd7635c3f5,dd2951ac4489edaa9a3a6bdd89bf4d62df1e089a8f7865617240718b64231460,5f136982799940e2fb7f3ac7dba5c74ca84c05abd172ccb7de80142c44b8b8db,hist_gradient_boosting,0.05,mean_width,76.74103259831789,76.74103259831787,76.74103259831789,2000,0.95,125.0,100,True,20,20,20,20,20,1.0,0.0,max_statistic,finite_observed_order_statistic,1
C06,FD001,late_calibration,37,C06_late_calibration_c86eff420321_seed_37,outputs/c06_final_c86eff4,c86eff4203214cd7b64c5d908bb71cab69f7c555,6ccb5c7492798867277465ca994a670dad7fd90b6827e8cb36c08ccd7635c3f5,dd2951ac4489edaa9a3a6bdd89bf4d62df1e089a8f7865617240718b64231460,5f136982799940e2fb7f3ac7dba5c74ca84c05abd172ccb7de80142c44b8b8db,hist_gradient_boosting,0.05,normalized_interval_score,0.677076516989481,0.6169207341145077,0.7682760844682373,2000,0.95,125.0,100,True,20,20,20,20,20,1.0,0.0,max_statistic,finite_observed_order_statistic,1
C06,FD001,late_calibration,73,C06_late_calibration_c86eff420321_seed_73,outputs/c06_final_c86eff4,c86eff4203214cd7b64c5d908bb71cab69f7c555,22cc268b9713f942eb1d9b078adcbb6d4e70934c25cdf7a3ff58939766d914e1,71ad4e8b668fe8baff154ba8b7308ddb2b2f1de3c7226d8dfeed5ace5c9a18d4,b0f271dd52795e21574a67ee13bb3288a4d71fa5092704ca3e57f2529da135ae,mean,0.1,coverage,0.87,0.8,0.93,2000,0.95,125.0,100,True,20,19,19,19,19,1.0,0.0,interior,finite_observed_order_statistic,1
C06,FD001,late_calibration,73,C06_late_calibration_c86eff420321_seed_73,outputs/c06_final_c86eff4,c86eff4203214cd7b64c5d908bb71cab69f7c555,22cc268b9713f942eb1d9b078adcbb6d4e70934c25cdf7a3ff58939766d914e1,71ad4e8b668fe8baff154ba8b7308ddb2b2f1de3c7226d8dfeed5ace5c9a18d4,b0f271dd52795e21574a67ee13bb3288a4d71fa5092704ca3e57f2529da135ae,mean,0.1,mean_width,133.08318411199738,133.08318411199738,133.08318411199738,2000,0.95,125.0,100,True,20,19,19,19,19,1.0,0.0,interior,finite_observed_order_statistic,1
C06,FD001,late_calibration,73,C06_late_calibration_c86eff420321_seed_73,outputs/c06_final_c86eff4,c86eff4203214cd7b64c5d908bb71cab69f7c555,22cc268b9713f942eb1d9b078adcbb6d4e70934c25cdf7a3ff58939766d914e1,71ad4e8b668fe8baff154ba8b7308ddb2b2f1de3c7226d8dfeed5ace5c9a18d4,b0f271dd52795e21574a67ee13bb3288a4d71fa5092704ca3e57f2529da135ae,mean,0.1,normalized_interval_score,1.235865472895979,1.1430654728959788,1.343105472895979,2000,0.95,125.0,100,True,20,19,19,19,19,1.0,0.0,interior,finite_observed_order_statistic,1
C06,FD001,late_calibration,73,C06_late_calibration_c86eff420321_seed_73,outputs/c06_final_c86eff4,c86eff4203214cd7b64c5d908bb71cab69f7c555,22cc268b9713f942eb1d9b078adcbb6d4e70934c25cdf7a3ff58939766d914e1,71ad4e8b668fe8baff154ba8b7308ddb2b2f1de3c7226d8dfeed5ace5c9a18d4,b0f271dd52795e21574a67ee13bb3288a4d71fa5092704ca3e57f2529da135ae,mean,0.05,coverage,0.89,0.83,0.95,2000,0.95,125.0,100,True,20,20,20,20,20,1.0,0.0,max_statistic,finite_observed_order_statistic,1
C06,FD001,late_calibration,73,C06_late_calibration_c86eff420321_seed_73,outputs/c06_final_c86eff4,c86eff4203214cd7b64c5d908bb71cab69f7c555,22cc268b9713f942eb1d9b078adcbb6d4e70934c25cdf7a3ff58939766d914e1,71ad4e8b668fe8baff154ba8b7308ddb2b2f1de3c7226d8dfeed5ace5c9a18d4,b0f271dd52795e21574a67ee13bb3288a4d71fa5092704ca3e57f2529da135ae,mean,0.05,mean_width,137.08318411199738,137.08318411199738,137.08318411199738,2000,0.95,125.0,100,True,20,20,20,20,20,1.0,0.0,max_statistic,finite_observed_order_statistic,1
C06,FD001,late_calibration,73,C06_late_calibration_c86eff420321_seed_73,outputs/c06_final_c86eff4,c86eff4203214cd7b64c5d908bb71cab69f7c555,22cc268b9713f942eb1d9b078adcbb6d4e70934c25cdf7a3ff58939766d914e1,71ad4e8b668fe8baff154ba8b7308ddb2b2f1de3c7226d8dfeed5ace5c9a18d4,b0f271dd52795e21574a67ee13bb3288a4d71fa5092704ca3e57f2529da135ae,mean,0.05,normalized_interval_score,1.3590654728959792,1.205465472895979,1.531865472895979,2000,0.95,125.0,100,True,20,20,20,20,20,1.0,0.0,max_statistic,finite_observed_order_statistic,1
C06,FD001,late_calibration,73,C06_late_calibration_c86eff420321_seed_73,outputs/c06_final_c86eff4,c86eff4203214cd7b64c5d908bb71cab69f7c555,22cc268b9713f942eb1d9b078adcbb6d4e70934c25cdf7a3ff58939766d914e1,71ad4e8b668fe8baff154ba8b7308ddb2b2f1de3c7226d8dfeed5ace5c9a18d4,b0f271dd52795e21574a67ee13bb3288a4d71fa5092704ca3e57f2529da135ae,ridge,0.1,coverage,0.88,0.82,0.94,2000,0.95,125.0,100,True,20,19,19,19,19,1.0,0.0,interior,finite_observed_order_statistic,1
C06,FD001,late_calibration,73,C06_late_calibration_c86eff420321_seed_73,outputs/c06_final_c86eff4,c86eff4203214cd7b64c5d908bb71cab69f7c555,22cc268b9713f942eb1d9b078adcbb6d4e70934c25cdf7a3ff58939766d914e1,71ad4e8b668fe8baff154ba8b7308ddb2b2f1de3c7226d8dfeed5ace5c9a18d4,b0f271dd52795e21574a67ee13bb3288a4d71fa5092704ca3e57f2529da135ae,ridge,0.1,mean_width,52.4943880276494,52.4943880276494,52.4943880276494,2000,0.95,125.0,100,True,20,19,19,19,19,1.0,0.0,interior,finite_observed_order_statistic,1
C06,FD001,late_calibration,73,C06_late_calibration_c86eff420321_seed_73,outputs/c06_final_c86eff4,c86eff4203214cd7b64c5d908bb71cab69f7c555,22cc268b9713f942eb1d9b078adcbb6d4e70934c25cdf7a3ff58939766d914e1,71ad4e8b668fe8baff154ba8b7308ddb2b2f1de3c7226d8dfeed5ace5c9a18d4,b0f271dd52795e21574a67ee13bb3288a4d71fa5092704ca3e57f2529da135ae,ridge,0.1,normalized_interval_score,0.6111127949995212,0.5018036045768522,0.7447020211226285,2000,0.95,125.0,100,True,20,19,19,19,19,1.0,0.0,interior,finite_observed_order_statistic,1
C06,FD001,late_calibration,73,C06_late_calibration_c86eff420321_seed_73,outputs/c06_final_c86eff4,c86eff4203214cd7b64c5d908bb71cab69f7c555,22cc268b9713f942eb1d9b078adcbb6d4e70934c25cdf7a3ff58939766d914e1,71ad4e8b668fe8baff154ba8b7308ddb2b2f1de3c7226d8dfeed5ace5c9a18d4,b0f271dd52795e21574a67ee13bb3288a4d71fa5092704ca3e57f2529da135ae,ridge,0.05,coverage,0.9,0.84,0.95,2000,0.95,125.0,100,True,20,20,20,20,20,1.0,0.0,max_statistic,finite_observed_order_statistic,1
C06,FD001,late_calibration,73,C06_late_calibration_c86eff420321_seed_73,outputs/c06_final_c86eff4,c86eff4203214cd7b64c5d908bb71cab69f7c555,22cc268b9713f942eb1d9b078adcbb6d4e70934c25cdf7a3ff58939766d914e1,71ad4e8b668fe8baff154ba8b7308ddb2b2f1de3c7226d8dfeed5ace5c9a18d4,b0f271dd52795e21574a67ee13bb3288a4d71fa5092704ca3e57f2529da135ae,ridge,0.05,mean_width,56.62257097659653,56.62257097659653,56.62257097659653,2000,0.95,125.0,100,True,20,20,20,20,20,1.0,0.0,max_statistic,finite_observed_order_statistic,1
C06,FD001,late_calibration,73,C06_late_calibration_c86eff420321_seed_73,outputs/c06_final_c86eff4,c86eff4203214cd7b64c5d908bb71cab69f7c555,22cc268b9713f942eb1d9b078adcbb6d4e70934c25cdf7a3ff58939766d914e1,71ad4e8b668fe8baff154ba8b7308ddb2b2f1de3c7226d8dfeed5ace5c9a18d4,b0f271dd52795e21574a67ee13bb3288a4d71fa5092704ca3e57f2529da135ae,ridge,0.05,normalized_interval_score,0.7633267254417718,0.5720022744339527,1.0020325144690552,2000,0.95,125.0,100,True,20,20,20,20,20,1.0,0.0,max_statistic,finite_observed_order_statistic,1
C06,FD001,late_calibration,73,C06_late_calibration_c86eff420321_seed_73,outputs/c06_final_c86eff4,c86eff4203214cd7b64c5d908bb71cab69f7c555,22cc268b9713f942eb1d9b078adcbb6d4e70934c25cdf7a3ff58939766d914e1,71ad4e8b668fe8baff154ba8b7308ddb2b2f1de3c7226d8dfeed5ace5c9a18d4,b0f271dd52795e21574a67ee13bb3288a4d71fa5092704ca3e57f2529da135ae,hist_gradient_boosting,0.1,coverage,0.87,0.8097500000000005,0.93,2000,0.95,125.0,100,True,20,19,19,19,19,1.0,0.0,interior,finite_observed_order_statistic,1
C06,FD001,late_calibration,73,C06_late_calibration_c86eff420321_seed_73,outputs/c06_final_c86eff4,c86eff4203214cd7b64c5d908bb71cab69f7c555,22cc268b9713f942eb1d9b078adcbb6d4e70934c25cdf7a3ff58939766d914e1,71ad4e8b668fe8baff154ba8b7308ddb2b2f1de3c7226d8dfeed5ace5c9a18d4,b0f271dd52795e21574a67ee13bb3288a4d71fa5092704ca3e57f2529da135ae,hist_gradient_boosting,0.1,mean_width,56.9690818735442,56.9690818735442,56.9690818735442,2000,0.95,125.0,100,True,20,19,19,19,19,1.0,0.0,interior,finite_observed_order_statistic,1
C06,FD001,late_calibration,73,C06_late_calibration_c86eff420321_seed_73,outputs/c06_final_c86eff4,c86eff4203214cd7b64c5d908bb71cab69f7c555,22cc268b9713f942eb1d9b078adcbb6d4e70934c25cdf7a3ff58939766d914e1,71ad4e8b668fe8baff154ba8b7308ddb2b2f1de3c7226d8dfeed5ace5c9a18d4,b0f271dd52795e21574a67ee13bb3288a4d71fa5092704ca3e57f2529da135ae,hist_gradient_boosting,0.1,normalized_interval_score,0.5925005372599761,0.5037352201881213,0.6948775780875153,2000,0.95,125.0,100,True,20,19,19,19,19,1.0,0.0,interior,finite_observed_order_statistic,1
C06,FD001,late_calibration,73,C06_late_calibration_c86eff420321_seed_73,outputs/c06_final_c86eff4,c86eff4203214cd7b64c5d908bb71cab69f7c555,22cc268b9713f942eb1d9b078adcbb6d4e70934c25cdf7a3ff58939766d914e1,71ad4e8b668fe8baff154ba8b7308ddb2b2f1de3c7226d8dfeed5ace5c9a18d4,b0f271dd52795e21574a67ee13bb3288a4d71fa5092704ca3e57f2529da135ae,hist_gradient_boosting,0.05,coverage,0.89,0.83,0.95,2000,0.95,125.0,100,True,20,20,20,20,20,1.0,0.0,max_statistic,finite_observed_order_statistic,1
C06,FD001,late_calibration,73,C06_late_calibration_c86eff420321_seed_73,outputs/c06_final_c86eff4,c86eff4203214cd7b64c5d908bb71cab69f7c555,22cc268b9713f942eb1d9b078adcbb6d4e70934c25cdf7a3ff58939766d914e1,71ad4e8b668fe8baff154ba8b7308ddb2b2f1de3c7226d8dfeed5ace5c9a18d4,b0f271dd52795e21574a67ee13bb3288a4d71fa5092704ca3e57f2529da135ae,hist_gradient_boosting,0.05,mean_width,59.68347542032472,59.68347542032472,59.68347542032472,2000,0.95,125.0,100,True,20,20,20,20,20,1.0,0.0,max_statistic,finite_observed_order_statistic,1
C06,FD001,late_calibration,73,C06_late_calibration_c86eff420321_seed_73,outputs/c06_final_c86eff4,c86eff4203214cd7b64c5d908bb71cab69f7c555,22cc268b9713f942eb1d9b078adcbb6d4e70934c25cdf7a3ff58939766d914e1,71ad4e8b668fe8baff154ba8b7308ddb2b2f1de3c7226d8dfeed5ace5c9a18d4,b0f271dd52795e21574a67ee13bb3288a4d71fa5092704ca3e57f2529da135ae,hist_gradient_boosting,0.05,normalized_interval_score,0.7007225976730402,0.5430094220317977,0.8842328917803112,2000,0.95,125.0,100,True,20,20,20,20,20,1.0,0.0,max_statistic,finite_observed_order_statistic,1
C06,FD001,late_calibration,101,C06_late_calibration_c86eff420321_seed_101,outputs/c06_final_c86eff4,c86eff4203214cd7b64c5d908bb71cab69f7c555,e88a2610a01ee8763ea704268724c7db668a26675ed76946206cd1ec518884a4,91feeb6acb4b214d5cf04a28feba211bd431c181d900c058c621c5e106e72d50,e41b21f4180ef53e4c2744a0afefd6cccf7a9dee530e2b8fcb29751c1a7f1d8a,mean,0.1,coverage,0.81,0.73,0.88,2000,0.95,125.0,100,True,20,19,19,19,19,1.0,0.0,interior,finite_observed_order_statistic,1
C06,FD001,late_calibration,101,C06_late_calibration_c86eff420321_seed_101,outputs/c06_final_c86eff4,c86eff4203214cd7b64c5d908bb71cab69f7c555,e88a2610a01ee8763ea704268724c7db668a26675ed76946206cd1ec518884a4,91feeb6acb4b214d5cf04a28feba211bd431c181d900c058c621c5e106e72d50,e41b21f4180ef53e4c2744a0afefd6cccf7a9dee530e2b8fcb29751c1a7f1d8a,mean,0.1,mean_width,127.46938775510208,127.46938775510208,127.46938775510208,2000,0.95,125.0,100,True,20,19,19,19,19,1.0,0.0,interior,finite_observed_order_statistic,1
C06,FD001,late_calibration,101,C06_late_calibration_c86eff420321_seed_101,outputs/c06_final_c86eff4,c86eff4203214cd7b64c5d908bb71cab69f7c555,e88a2610a01ee8763ea704268724c7db668a26675ed76946206cd1ec518884a4,91feeb6acb4b214d5cf04a28feba211bd431c181d900c058c621c5e106e72d50,e41b21f4180ef53e4c2744a0afefd6cccf7a9dee530e2b8fcb29751c1a7f1d8a,mean,0.1,normalized_interval_score,1.2773551020408165,1.1557551020408166,1.405395102040817,2000,0.95,125.0,100,True,20,19,19,19,19,1.0,0.0,interior,finite_observed_order_statistic,1
C06,FD001,late_calibration,101,C06_late_calibration_c86eff420321_seed_101,outputs/c06_final_c86eff4,c86eff4203214cd7b64c5d908bb71cab69f7c555,e88a2610a01ee8763ea704268724c7db668a26675ed76946206cd1ec518884a4,91feeb6acb4b214d5cf04a28feba211bd431c181d900c058c621c5e106e72d50,e41b21f4180ef53e4c2744a0afefd6cccf7a9dee530e2b8fcb29751c1a7f1d8a,mean,0.05,coverage,0.87,0.8,0.93,2000,0.95,125.0,100,True,20,20,20,20,20,1.0,0.0,max_statistic,finite_observed_order_statistic,1
C06,FD001,late_calibration,101,C06_late_calibration_c86eff420321_seed_101,outputs/c06_final_c86eff4,c86eff4203214cd7b64c5d908bb71cab69f7c555,e88a2610a01ee8763ea704268724c7db668a26675ed76946206cd1ec518884a4,91feeb6acb4b214d5cf04a28feba211bd431c181d900c058c621c5e106e72d50,e41b21f4180ef53e4c2744a0afefd6cccf7a9dee530e2b8fcb29751c1a7f1d8a,mean,0.05,mean_width,133.46938775510208,133.46938775510208,133.46938775510208,2000,0.95,125.0,100,True,20,20,20,20,20,1.0,0.0,max_statistic,finite_observed_order_statistic,1
C06,FD001,late_calibration,101,C06_late_calibration_c86eff420321_seed_101,outputs/c06_final_c86eff4,c86eff4203214cd7b64c5d908bb71cab69f7c555,e88a2610a01ee8763ea704268724c7db668a26675ed76946206cd1ec518884a4,91feeb6acb4b214d5cf04a28feba211bd431c181d900c058c621c5e106e72d50,e41b21f4180ef53e4c2744a0afefd6cccf7a9dee530e2b8fcb29751c1a7f1d8a,mean,0.05,normalized_interval_score,1.4101551020408172,1.2245551020408165,1.611755102040817,2000,0.95,125.0,100,True,20,20,20,20,20,1.0,0.0,max_statistic,finite_observed_order_statistic,1
C06,FD001,late_calibration,101,C06_late_calibration_c86eff420321_seed_101,outputs/c06_final_c86eff4,c86eff4203214cd7b64c5d908bb71cab69f7c555,e88a2610a01ee8763ea704268724c7db668a26675ed76946206cd1ec518884a4,91feeb6acb4b214d5cf04a28feba211bd431c181d900c058c621c5e106e72d50,e41b21f4180ef53e4c2744a0afefd6cccf7a9dee530e2b8fcb29751c1a7f1d8a,ridge,0.1,coverage,0.98,0.95,1.0,2000,0.95,125.0,100,True,20,19,19,19,19,1.0,0.0,interior,finite_observed_order_statistic,1
C06,FD001,late_calibration,101,C06_late_calibration_c86eff420321_seed_101,outputs/c06_final_c86eff4,c86eff4203214cd7b64c5d908bb71cab69f7c555,e88a2610a01ee8763ea704268724c7db668a26675ed76946206cd1ec518884a4,91feeb6acb4b214d5cf04a28feba211bd431c181d900c058c621c5e106e72d50,e41b21f4180ef53e4c2744a0afefd6cccf7a9dee530e2b8fcb29751c1a7f1d8a,ridge,0.1,mean_width,85.34428128444449,85.34428128444449,85.34428128444449,2000,0.95,125.0,100,True,20,19,19,19,19,1.0,0.0,interior,finite_observed_order_statistic,1
C06,FD001,late_calibration,101,C06_late_calibration_c86eff420321_seed_101,outputs/c06_final_c86eff4,c86eff4203214cd7b64c5d908bb71cab69f7c555,e88a2610a01ee8763ea704268724c7db668a26675ed76946206cd1ec518884a4,91feeb6acb4b214d5cf04a28feba211bd431c181d900c058c621c5e106e72d50,e41b21f4180ef53e4c2744a0afefd6cccf7a9dee530e2b8fcb29751c1a7f1d8a,ridge,0.1,normalized_interval_score,0.7009008460323987,0.6827542502755559,0.7314665168643587,2000,0.95,125.0,100,True,20,19,19,19,19,1.0,0.0,interior,finite_observed_order_statistic,1
C06,FD001,late_calibration,101,C06_late_calibration_c86eff420321_seed_101,outputs/c06_final_c86eff4,c86eff4203214cd7b64c5d908bb71cab69f7c555,e88a2610a01ee8763ea704268724c7db668a26675ed76946206cd1ec518884a4,91feeb6acb4b214d5cf04a28feba211bd431c181d900c058c621c5e106e72d50,e41b21f4180ef53e4c2744a0afefd6cccf7a9dee530e2b8fcb29751c1a7f1d8a,ridge,0.05,coverage,0.98,0.95,1.0,2000,0.95,125.0,100,True,20,20,20,20,20,1.0,0.0,max_statistic,finite_observed_order_statistic,1
C06,FD001,late_calibration,101,C06_late_calibration_c86eff420321_seed_101,outputs/c06_final_c86eff4,c86eff4203214cd7b64c5d908bb71cab69f7c555,e88a2610a01ee8763ea704268724c7db668a26675ed76946206cd1ec518884a4,91feeb6acb4b214d5cf04a28feba211bd431c181d900c058c621c5e106e72d50,e41b21f4180ef53e4c2744a0afefd6cccf7a9dee530e2b8fcb29751c1a7f1d8a,ridge,0.05,mean_width,92.4482496796584,92.4482496796584,92.4482496796584,2000,0.95,125.0,100,True,20,20,20,20,20,1.0,0.0,max_statistic,finite_observed_order_statistic,1
C06,FD001,late_calibration,101,C06_late_calibration_c86eff420321_seed_101,outputs/c06_final_c86eff4,c86eff4203214cd7b64c5d908bb71cab69f7c555,e88a2610a01ee8763ea704268724c7db668a26675ed76946206cd1ec518884a4,91feeb6acb4b214d5cf04a28feba211bd431c181d900c058c621c5e106e72d50,e41b21f4180ef53e4c2744a0afefd6cccf7a9dee530e2b8fcb29751c1a7f1d8a,ridge,0.05,normalized_interval_score,0.7531464900862685,0.7395859974372673,0.780267475384271,2000,0.95,125.0,100,True,20,20,20,20,20,1.0,0.0,max_statistic,finite_observed_order_statistic,1
C06,FD001,late_calibration,101,C06_late_calibration_c86eff420321_seed_101,outputs/c06_final_c86eff4,c86eff4203214cd7b64c5d908bb71cab69f7c555,e88a2610a01ee8763ea704268724c7db668a26675ed76946206cd1ec518884a4,91feeb6acb4b214d5cf04a28feba211bd431c181d900c058c621c5e106e72d50,e41b21f4180ef53e4c2744a0afefd6cccf7a9dee530e2b8fcb29751c1a7f1d8a,hist_gradient_boosting,0.1,coverage,0.92,0.86,0.97,2000,0.95,125.0,100,True,20,19,19,19,19,1.0,0.0,interior,finite_observed_order_statistic,1
C06,FD001,late_calibration,101,C06_late_calibration_c86eff420321_seed_101,outputs/c06_final_c86eff4,c86eff4203214cd7b64c5d908bb71cab69f7c555,e88a2610a01ee8763ea704268724c7db668a26675ed76946206cd1ec518884a4,91feeb6acb4b214d5cf04a28feba211bd431c181d900c058c621c5e106e72d50,e41b21f4180ef53e4c2744a0afefd6cccf7a9dee530e2b8fcb29751c1a7f1d8a,hist_gradient_boosting,0.1,mean_width,56.73757301464444,56.73757301464444,56.73757301464444,2000,0.95,125.0,100,True,20,19,19,19,19,1.0,0.0,interior,finite_observed_order_statistic,1
C06,FD001,late_calibration,101,C06_late_calibration_c86eff420321_seed_101,outputs/c06_final_c86eff4,c86eff4203214cd7b64c5d908bb71cab69f7c555,e88a2610a01ee8763ea704268724c7db668a26675ed76946206cd1ec518884a4,91feeb6acb4b214d5cf04a28feba211bd431c181d900c058c621c5e106e72d50,e41b21f4180ef53e4c2744a0afefd6cccf7a9dee530e2b8fcb29751c1a7f1d8a,hist_gradient_boosting,0.1,normalized_interval_score,0.540323061782192,0.4760583045155864,0.6265375838579953,2000,0.95,125.0,100,True,20,19,19,19,19,1.0,0.0,interior,finite_observed_order_statistic,1
C06,FD001,late_calibration,101,C06_late_calibration_c86eff420321_seed_101,outputs/c06_final_c86eff4,c86eff4203214cd7b64c5d908bb71cab69f7c555,e88a2610a01ee8763ea704268724c7db668a26675ed76946206cd1ec518884a4,91feeb6acb4b214d5cf04a28feba211bd431c181d900c058c621c5e106e72d50,e41b21f4180ef53e4c2744a0afefd6cccf7a9dee530e2b8fcb29751c1a7f1d8a,hist_gradient_boosting,0.05,coverage,0.96,0.92,0.99,2000,0.95,125.0,100,True,20,20,20,20,20,1.0,0.0,max_statistic,finite_observed_order_statistic,1
C06,FD001,late_calibration,101,C06_late_calibration_c86eff420321_seed_101,outputs/c06_final_c86eff4,c86eff4203214cd7b64c5d908bb71cab69f7c555,e88a2610a01ee8763ea704268724c7db668a26675ed76946206cd1ec518884a4,91feeb6acb4b214d5cf04a28feba211bd431c181d900c058c621c5e106e72d50,e41b21f4180ef53e4c2744a0afefd6cccf7a9dee530e2b8fcb29751c1a7f1d8a,hist_gradient_boosting,0.05,mean_width,68.47775144280492,68.47775144280492,68.47775144280492,2000,0.95,125.0,100,True,20,20,20,20,20,1.0,0.0,max_statistic,finite_observed_order_statistic,1
C06,FD001,late_calibration,101,C06_late_calibration_c86eff420321_seed_101,outputs/c06_final_c86eff4,c86eff4203214cd7b64c5d908bb71cab69f7c555,e88a2610a01ee8763ea704268724c7db668a26675ed76946206cd1ec518884a4,91feeb6acb4b214d5cf04a28feba211bd431c181d900c058c621c5e106e72d50,e41b21f4180ef53e4c2744a0afefd6cccf7a9dee530e2b8fcb29751c1a7f1d8a,hist_gradient_boosting,0.05,normalized_interval_score,0.6188697461982646,0.5531724994632757,0.7268225907830571,2000,0.95,125.0,100,True,20,20,20,20,20,1.0,0.0,max_statistic,finite_observed_order_statistic,1
C06,FD001,late_calibration,137,C06_late_calibration_c86eff420321_seed_137,outputs/c06_final_c86eff4,c86eff4203214cd7b64c5d908bb71cab69f7c555,afbc5ddc66bae7926baede166957c69e4caf811221d2d13e11dfea5183c7ff93,c7f5ad1e08c98b8645a78b639f2bad0c42eff7c804952dce3acf4c0c8e44339a,bd044cd22f984a514dedb7f1d9fee554353ac1160b77e527bbbcdddcfe1ee11a,mean,0.1,coverage,0.8,0.72,0.88,2000,0.95,125.0,100,True,20,19,19,19,19,1.0,0.0,interior,finite_observed_order_statistic,1
C06,FD001,late_calibration,137,C06_late_calibration_c86eff420321_seed_137,outputs/c06_final_c86eff4,c86eff4203214cd7b64c5d908bb71cab69f7c555,afbc5ddc66bae7926baede166957c69e4caf811221d2d13e11dfea5183c7ff93,c7f5ad1e08c98b8645a78b639f2bad0c42eff7c804952dce3acf4c0c8e44339a,bd044cd22f984a514dedb7f1d9fee554353ac1160b77e527bbbcdddcfe1ee11a,mean,0.1,mean_width,119.79646802677206,119.79646802677206,119.79646802677206,2000,0.95,125.0,100,True,20,19,19,19,19,1.0,0.0,interior,finite_observed_order_statistic,1
C06,FD001,late_calibration,137,C06_late_calibration_c86eff420321_seed_137,outputs/c06_final_c86eff4,c86eff4203214cd7b64c5d908bb71cab69f7c555,afbc5ddc66bae7926baede166957c69e4caf811221d2d13e11dfea5183c7ff93,c7f5ad1e08c98b8645a78b639f2bad0c42eff7c804952dce3acf4c0c8e44339a,bd044cd22f984a514dedb7f1d9fee554353ac1160b77e527bbbcdddcfe1ee11a,mean,0.1,normalized_interval_score,1.3391717442141764,1.1839717442141764,1.5167717442141764,2000,0.95,125.0,100,True,20,19,19,19,19,1.0,0.0,interior,finite_observed_order_statistic,1
C06,FD001,late_calibration,137,C06_late_calibration_c86eff420321_seed_137,outputs/c06_final_c86eff4,c86eff4203214cd7b64c5d908bb71cab69f7c555,afbc5ddc66bae7926baede166957c69e4caf811221d2d13e11dfea5183c7ff93,c7f5ad1e08c98b8645a78b639f2bad0c42eff7c804952dce3acf4c0c8e44339a,bd044cd22f984a514dedb7f1d9fee554353ac1160b77e527bbbcdddcfe1ee11a,mean,0.05,coverage,0.84,0.76,0.9002499999999987,2000,0.95,125.0,100,True,20,20,20,20,20,1.0,0.0,max_statistic,finite_observed_order_statistic,1
C06,FD001,late_calibration,137,C06_late_calibration_c86eff420321_seed_137,outputs/c06_final_c86eff4,c86eff4203214cd7b64c5d908bb71cab69f7c555,afbc5ddc66bae7926baede166957c69e4caf811221d2d13e11dfea5183c7ff93,c7f5ad1e08c98b8645a78b639f2bad0c42eff7c804952dce3acf4c0c8e44339a,bd044cd22f984a514dedb7f1d9fee554353ac1160b77e527bbbcdddcfe1ee11a,mean,0.05,mean_width,131.79646802677206,131.79646802677206,131.79646802677206,2000,0.95,125.0,100,True,20,20,20,20,20,1.0,0.0,max_statistic,finite_observed_order_statistic,1
C06,FD001,late_calibration,137,C06_late_calibration_c86eff420321_seed_137,outputs/c06_final_c86eff4,c86eff4203214cd7b64c5d908bb71cab69f7c555,afbc5ddc66bae7926baede166957c69e4caf811221d2d13e11dfea5183c7ff93,c7f5ad1e08c98b8645a78b639f2bad0c42eff7c804952dce3acf4c0c8e44339a,bd044cd22f984a514dedb7f1d9fee554353ac1160b77e527bbbcdddcfe1ee11a,mean,0.05,normalized_interval_score,1.4479717442141764,1.2591717442141768,1.6719717442141764,2000,0.95,125.0,100,True,20,20,20,20,20,1.0,0.0,max_statistic,finite_observed_order_statistic,1
C06,FD001,late_calibration,137,C06_late_calibration_c86eff420321_seed_137,outputs/c06_final_c86eff4,c86eff4203214cd7b64c5d908bb71cab69f7c555,afbc5ddc66bae7926baede166957c69e4caf811221d2d13e11dfea5183c7ff93,c7f5ad1e08c98b8645a78b639f2bad0c42eff7c804952dce3acf4c0c8e44339a,bd044cd22f984a514dedb7f1d9fee554353ac1160b77e527bbbcdddcfe1ee11a,ridge,0.1,coverage,0.94,0.89,0.98,2000,0.95,125.0,100,True,20,19,19,19,19,1.0,0.0,interior,finite_observed_order_statistic,1
C06,FD001,late_calibration,137,C06_late_calibration_c86eff420321_seed_137,outputs/c06_final_c86eff4,c86eff4203214cd7b64c5d908bb71cab69f7c555,afbc5ddc66bae7926baede166957c69e4caf811221d2d13e11dfea5183c7ff93,c7f5ad1e08c98b8645a78b639f2bad0c42eff7c804952dce3acf4c0c8e44339a,bd044cd22f984a514dedb7f1d9fee554353ac1160b77e527bbbcdddcfe1ee11a,ridge,0.1,mean_width,65.30558402201972,65.30558402201972,65.30558402201972,2000,0.95,125.0,100,True,20,19,19,19,19,1.0,0.0,interior,finite_observed_order_statistic,1
C06,FD001,late_calibration,137,C06_late_calibration_c86eff420321_seed_137,outputs/c06_final_c86eff4,c86eff4203214cd7b64c5d908bb71cab69f7c555,afbc5ddc66bae7926baede166957c69e4caf811221d2d13e11dfea5183c7ff93,c7f5ad1e08c98b8645a78b639f2bad0c42eff7c804952dce3acf4c0c8e44339a,bd044cd22f984a514dedb7f1d9fee554353ac1160b77e527bbbcdddcfe1ee11a,ridge,0.1,normalized_interval_score,0.574915154038279,0.5299744920907884,0.6374777993152219,2000,0.95,125.0,100,True,20,19,19,19,19,1.0,0.0,interior,finite_observed_order_statistic,1
C06,FD001,late_calibration,137,C06_late_calibration_c86eff420321_seed_137,outputs/c06_final_c86eff4,c86eff4203214cd7b64c5d908bb71cab69f7c555,afbc5ddc66bae7926baede166957c69e4caf811221d2d13e11dfea5183c7ff93,c7f5ad1e08c98b8645a78b639f2bad0c42eff7c804952dce3acf4c0c8e44339a,bd044cd22f984a514dedb7f1d9fee554353ac1160b77e527bbbcdddcfe1ee11a,ridge,0.05,coverage,0.97,0.94,1.0,2000,0.95,125.0,100,True,20,20,20,20,20,1.0,0.0,max_statistic,finite_observed_order_statistic,1
C06,FD001,late_calibration,137,C06_late_calibration_c86eff420321_seed_137,outputs/c06_final_c86eff4,c86eff4203214cd7b64c5d908bb71cab69f7c555,afbc5ddc66bae7926baede166957c69e4caf811221d2d13e11dfea5183c7ff93,c7f5ad1e08c98b8645a78b639f2bad0c42eff7c804952dce3acf4c0c8e44339a,bd044cd22f984a514dedb7f1d9fee554353ac1160b77e527bbbcdddcfe1ee11a,ridge,0.05,mean_width,71.82098916408636,71.82098916408636,71.82098916408637,2000,0.95,125.0,100,True,20,20,20,20,20,1.0,0.0,max_statistic,finite_observed_order_statistic,1
C06,FD001,late_calibration,137,C06_late_calibration_c86eff420321_seed_137,outputs/c06_final_c86eff4,c86eff4203214cd7b64c5d908bb71cab69f7c555,afbc5ddc66bae7926baede166957c69e4caf811221d2d13e11dfea5183c7ff93,c7f5ad1e08c98b8645a78b639f2bad0c42eff7c804952dce3acf4c0c8e44339a,bd044cd22f984a514dedb7f1d9fee554353ac1160b77e527bbbcdddcfe1ee11a,ridge,0.05,normalized_interval_score,0.6298920464548965,0.5745679133126909,0.7245792376288404,2000,0.95,125.0,100,True,20,20,20,20,20,1.0,0.0,max_statistic,finite_observed_order_statistic,1
C06,FD001,late_calibration,137,C06_late_calibration_c86eff420321_seed_137,outputs/c06_final_c86eff4,c86eff4203214cd7b64c5d908bb71cab69f7c555,afbc5ddc66bae7926baede166957c69e4caf811221d2d13e11dfea5183c7ff93,c7f5ad1e08c98b8645a78b639f2bad0c42eff7c804952dce3acf4c0c8e44339a,bd044cd22f984a514dedb7f1d9fee554353ac1160b77e527bbbcdddcfe1ee11a,hist_gradient_boosting,0.1,coverage,0.9,0.84,0.95,2000,0.95,125.0,100,True,20,19,19,19,19,1.0,0.0,interior,finite_observed_order_statistic,1
C06,FD001,late_calibration,137,C06_late_calibration_c86eff420321_seed_137,outputs/c06_final_c86eff4,c86eff4203214cd7b64c5d908bb71cab69f7c555,afbc5ddc66bae7926baede166957c69e4caf811221d2d13e11dfea5183c7ff93,c7f5ad1e08c98b8645a78b639f2bad0c42eff7c804952dce3acf4c0c8e44339a,bd044cd22f984a514dedb7f1d9fee554353ac1160b77e527bbbcdddcfe1ee11a,hist_gradient_boosting,0.1,mean_width,52.15334300330756,52.15334300330756,52.153343003307576,2000,0.95,125.0,100,True,20,19,19,19,19,1.0,0.0,interior,finite_observed_order_statistic,1
C06,FD001,late_calibration,137,C06_late_calibration_c86eff420321_seed_137,outputs/c06_final_c86eff4,c86eff4203214cd7b64c5d908bb71cab69f7c555,afbc5ddc66bae7926baede166957c69e4caf811221d2d13e11dfea5183c7ff93,c7f5ad1e08c98b8645a78b639f2bad0c42eff7c804952dce3acf4c0c8e44339a,bd044cd22f984a514dedb7f1d9fee554353ac1160b77e527bbbcdddcfe1ee11a,hist_gradient_boosting,0.1,normalized_interval_score,0.5152484909157351,0.44214244583123186,0.6246675578848566,2000,0.95,125.0,100,True,20,19,19,19,19,1.0,0.0,interior,finite_observed_order_statistic,1
C06,FD001,late_calibration,137,C06_late_calibration_c86eff420321_seed_137,outputs/c06_final_c86eff4,c86eff4203214cd7b64c5d908bb71cab69f7c555,afbc5ddc66bae7926baede166957c69e4caf811221d2d13e11dfea5183c7ff93,c7f5ad1e08c98b8645a78b639f2bad0c42eff7c804952dce3acf4c0c8e44339a,bd044cd22f984a514dedb7f1d9fee554353ac1160b77e527bbbcdddcfe1ee11a,hist_gradient_boosting,0.05,coverage,0.9,0.84,0.95,2000,0.95,125.0,100,True,20,20,20,20,20,1.0,0.0,max_statistic,finite_observed_order_statistic,1
C06,FD001,late_calibration,137,C06_late_calibration_c86eff420321_seed_137,outputs/c06_final_c86eff4,c86eff4203214cd7b64c5d908bb71cab69f7c555,afbc5ddc66bae7926baede166957c69e4caf811221d2d13e11dfea5183c7ff93,c7f5ad1e08c98b8645a78b639f2bad0c42eff7c804952dce3acf4c0c8e44339a,bd044cd22f984a514dedb7f1d9fee554353ac1160b77e527bbbcdddcfe1ee11a,hist_gradient_boosting,0.05,mean_width,52.541226200394505,52.541226200394505,52.541226200394505,2000,0.95,125.0,100,True,20,20,20,20,20,1.0,0.0,max_statistic,finite_observed_order_statistic,1
C06,FD001,late_calibration,137,C06_late_calibration_c86eff420321_seed_137,outputs/c06_final_c86eff4,c86eff4203214cd7b64c5d908bb71cab69f7c555,afbc5ddc66bae7926baede166957c69e4caf811221d2d13e11dfea5183c7ff93,c7f5ad1e08c98b8645a78b639f2bad0c42eff7c804952dce3acf4c0c8e44339a,bd044cd22f984a514dedb7f1d9fee554353ac1160b77e527bbbcdddcfe1ee11a,hist_gradient_boosting,0.05,normalized_interval_score,0.6101671722283141,0.46650767240997304,0.8272079761301296,2000,0.95,125.0,100,True,20,20,20,20,20,1.0,0.0,max_statistic,finite_observed_order_statistic,1
C06,FD001,primary,13,C06_primary_c86eff420321_seed_13,outputs/c06_final_c86eff4,c86eff4203214cd7b64c5d908bb71cab69f7c555,fa24209b5c5c35d3e8684a326a0eb294753ab57c8573bf0a83c9f44dfcda1273,70a7464b894a3de7480f56e482d78f1969cf2696d9e85f126e85e2f0febe957e,1ae8580aa20bde21a30a4dc92458ea89f9e85d1c8750ea6b112888e5b8f5bf5b,mean,0.1,coverage,0.75,0.66,0.83,2000,0.95,125.0,100,True,20,19,19,19,19,1.0,0.0,interior,finite_observed_order_statistic,1
C06,FD001,primary,13,C06_primary_c86eff420321_seed_13,outputs/c06_final_c86eff4,c86eff4203214cd7b64c5d908bb71cab69f7c555,fa24209b5c5c35d3e8684a326a0eb294753ab57c8573bf0a83c9f44dfcda1273,70a7464b894a3de7480f56e482d78f1969cf2696d9e85f126e85e2f0febe957e,1ae8580aa20bde21a30a4dc92458ea89f9e85d1c8750ea6b112888e5b8f5bf5b,mean,0.1,mean_width,110.65491183879088,110.65491183879088,110.65491183879088,2000,0.95,125.0,100,True,20,19,19,19,19,1.0,0.0,interior,finite_observed_order_statistic,1
C06,FD001,primary,13,C06_primary_c86eff420321_seed_13,outputs/c06_final_c86eff4,c86eff4203214cd7b64c5d908bb71cab69f7c555,fa24209b5c5c35d3e8684a326a0eb294753ab57c8573bf0a83c9f44dfcda1273,70a7464b894a3de7480f56e482d78f1969cf2696d9e85f126e85e2f0febe957e,1ae8580aa20bde21a30a4dc92458ea89f9e85d1c8750ea6b112888e5b8f5bf5b,mean,0.1,normalized_interval_score,1.3764392947103274,1.1891192947103273,1.5908392947103278,2000,0.95,125.0,100,True,20,19,19,19,19,1.0,0.0,interior,finite_observed_order_statistic,1
C06,FD001,primary,13,C06_primary_c86eff420321_seed_13,outputs/c06_final_c86eff4,c86eff4203214cd7b64c5d908bb71cab69f7c555,fa24209b5c5c35d3e8684a326a0eb294753ab57c8573bf0a83c9f44dfcda1273,70a7464b894a3de7480f56e482d78f1969cf2696d9e85f126e85e2f0febe957e,1ae8580aa20bde21a30a4dc92458ea89f9e85d1c8750ea6b112888e5b8f5bf5b,mean,0.05,coverage,0.81,0.73,0.89,2000,0.95,125.0,100,True,20,20,20,20,20,1.0,0.0,max_statistic,finite_observed_order_statistic,1
C06,FD001,primary,13,C06_primary_c86eff420321_seed_13,outputs/c06_final_c86eff4,c86eff4203214cd7b64c5d908bb71cab69f7c555,fa24209b5c5c35d3e8684a326a0eb294753ab57c8573bf0a83c9f44dfcda1273,70a7464b894a3de7480f56e482d78f1969cf2696d9e85f126e85e2f0febe957e,1ae8580aa20bde21a30a4dc92458ea89f9e85d1c8750ea6b112888e5b8f5bf5b,mean,0.05,mean_width,126.65491183879088,126.65491183879088,126.65491183879088,2000,0.95,125.0,100,True,20,20,20,20,20,1.0,0.0,max_statistic,finite_observed_order_statistic,1
C06,FD001,primary,13,C06_primary_c86eff420321_seed_13,outputs/c06_final_c86eff4,c86eff4203214cd7b64c5d908bb71cab69f7c555,fa24209b5c5c35d3e8684a326a0eb294753ab57c8573bf0a83c9f44dfcda1273,70a7464b894a3de7480f56e482d78f1969cf2696d9e85f126e85e2f0febe957e,1ae8580aa20bde21a30a4dc92458ea89f9e85d1c8750ea6b112888e5b8f5bf5b,mean,0.05,normalized_interval_score,1.4676392947103276,1.256439294710327,1.7141192947103274,2000,0.95,125.0,100,True,20,20,20,20,20,1.0,0.0,max_statistic,finite_observed_order_statistic,1
C06,FD001,primary,13,C06_primary_c86eff420321_seed_13,outputs/c06_final_c86eff4,c86eff4203214cd7b64c5d908bb71cab69f7c555,fa24209b5c5c35d3e8684a326a0eb294753ab57c8573bf0a83c9f44dfcda1273,70a7464b894a3de7480f56e482d78f1969cf2696d9e85f126e85e2f0febe957e,1ae8580aa20bde21a30a4dc92458ea89f9e85d1c8750ea6b112888e5b8f5bf5b,ridge,0.1,coverage,0.94,0.89,0.98,2000,0.95,125.0,100,True,20,19,19,19,19,1.0,0.0,interior,finite_observed_order_statistic,1
C06,FD001,primary,13,C06_primary_c86eff420321_seed_13,outputs/c06_final_c86eff4,c86eff4203214cd7b64c5d908bb71cab69f7c555,fa24209b5c5c35d3e8684a326a0eb294753ab57c8573bf0a83c9f44dfcda1273,70a7464b894a3de7480f56e482d78f1969cf2696d9e85f126e85e2f0febe957e,1ae8580aa20bde21a30a4dc92458ea89f9e85d1c8750ea6b112888e5b8f5bf5b,ridge,0.1,mean_width,73.91528697326743,73.91528697326741,73.91528697326743,2000,0.95,125.0,100,True,20,19,19,19,19,1.0,0.0,interior,finite_observed_order_statistic,1
C06,FD001,primary,13,C06_primary_c86eff420321_seed_13,outputs/c06_final_c86eff4,c86eff4203214cd7b64c5d908bb71cab69f7c555,fa24209b5c5c35d3e8684a326a0eb294753ab57c8573bf0a83c9f44dfcda1273,70a7464b894a3de7480f56e482d78f1969cf2696d9e85f126e85e2f0febe957e,1ae8580aa20bde21a30a4dc92458ea89f9e85d1c8750ea6b112888e5b8f5bf5b,ridge,0.1,normalized_interval_score,0.6705545729828805,0.6067455325130421,0.7569047614281418,2000,0.95,125.0,100,True,20,19,19,19,19,1.0,0.0,interior,finite_observed_order_statistic,1
C06,FD001,primary,13,C06_primary_c86eff420321_seed_13,outputs/c06_final_c86eff4,c86eff4203214cd7b64c5d908bb71cab69f7c555,fa24209b5c5c35d3e8684a326a0eb294753ab57c8573bf0a83c9f44dfcda1273,70a7464b894a3de7480f56e482d78f1969cf2696d9e85f126e85e2f0febe957e,1ae8580aa20bde21a30a4dc92458ea89f9e85d1c8750ea6b112888e5b8f5bf5b,ridge,0.05,coverage,0.96,0.92,0.99,2000,0.95,125.0,100,True,20,20,20,20,20,1.0,0.0,max_statistic,finite_observed_order_statistic,1
C06,FD001,primary,13,C06_primary_c86eff420321_seed_13,outputs/c06_final_c86eff4,c86eff4203214cd7b64c5d908bb71cab69f7c555,fa24209b5c5c35d3e8684a326a0eb294753ab57c8573bf0a83c9f44dfcda1273,70a7464b894a3de7480f56e482d78f1969cf2696d9e85f126e85e2f0febe957e,1ae8580aa20bde21a30a4dc92458ea89f9e85d1c8750ea6b112888e5b8f5bf5b,ridge,0.05,mean_width,77.85108885138072,77.85108885138072,77.85108885138072,2000,0.95,125.0,100,True,20,20,20,20,20,1.0,0.0,max_statistic,finite_observed_order_statistic,1
C06,FD001,primary,13,C06_primary_c86eff420321_seed_13,outputs/c06_final_c86eff4,c86eff4203214cd7b64c5d908bb71cab69f7c555,fa24209b5c5c35d3e8684a326a0eb294753ab57c8573bf0a83c9f44dfcda1273,70a7464b894a3de7480f56e482d78f1969cf2696d9e85f126e85e2f0febe957e,1ae8580aa20bde21a30a4dc92458ea89f9e85d1c8750ea6b112888e5b8f5bf5b,ridge,0.05,normalized_interval_score,0.7472880694438494,0.6385618375191167,0.8971825051824998,2000,0.95,125.0,100,True,20,20,20,20,20,1.0,0.0,max_statistic,finite_observed_order_statistic,1
C06,FD001,primary,13,C06_primary_c86eff420321_seed_13,outputs/c06_final_c86eff4,c86eff4203214cd7b64c5d908bb71cab69f7c555,fa24209b5c5c35d3e8684a326a0eb294753ab57c8573bf0a83c9f44dfcda1273,70a7464b894a3de7480f56e482d78f1969cf2696d9e85f126e85e2f0febe957e,1ae8580aa20bde21a30a4dc92458ea89f9e85d1c8750ea6b112888e5b8f5bf5b,hist_gradient_boosting,0.1,coverage,0.99,0.97,1.0,2000,0.95,125.0,100,True,20,19,19,19,19,1.0,0.0,interior,finite_observed_order_statistic,1
C06,FD001,primary,13,C06_primary_c86eff420321_seed_13,outputs/c06_final_c86eff4,c86eff4203214cd7b64c5d908bb71cab69f7c555,fa24209b5c5c35d3e8684a326a0eb294753ab57c8573bf0a83c9f44dfcda1273,70a7464b894a3de7480f56e482d78f1969cf2696d9e85f126e85e2f0febe957e,1ae8580aa20bde21a30a4dc92458ea89f9e85d1c8750ea6b112888e5b8f5bf5b,hist_gradient_boosting,0.1,mean_width,79.68830959567983,79.68830959567983,79.68830959567983,2000,0.95,125.0,100,True,20,19,19,19,19,1.0,0.0,interior,finite_observed_order_statistic,1
C06,FD001,primary,13,C06_primary_c86eff420321_seed_13,outputs/c06_final_c86eff4,c86eff4203214cd7b64c5d908bb71cab69f7c555,fa24209b5c5c35d3e8684a326a0eb294753ab57c8573bf0a83c9f44dfcda1273,70a7464b894a3de7480f56e482d78f1969cf2696d9e85f126e85e2f0febe957e,1ae8580aa20bde21a30a4dc92458ea89f9e85d1c8750ea6b112888e5b8f5bf5b,hist_gradient_boosting,0.1,normalized_interval_score,0.6559211561653021,0.6375064767654386,0.6927505149650292,2000,0.95,125.0,100,True,20,19,19,19,19,1.0,0.0,interior,finite_observed_order_statistic,1
C06,FD001,primary,13,C06_primary_c86eff420321_seed_13,outputs/c06_final_c86eff4,c86eff4203214cd7b64c5d908bb71cab69f7c555,fa24209b5c5c35d3e8684a326a0eb294753ab57c8573bf0a83c9f44dfcda1273,70a7464b894a3de7480f56e482d78f1969cf2696d9e85f126e85e2f0febe957e,1ae8580aa20bde21a30a4dc92458ea89f9e85d1c8750ea6b112888e5b8f5bf5b,hist_gradient_boosting,0.05,coverage,0.99,0.97,1.0,2000,0.95,125.0,100,True,20,20,20,20,20,1.0,0.0,max_statistic,finite_observed_order_statistic,1
C06,FD001,primary,13,C06_primary_c86eff420321_seed_13,outputs/c06_final_c86eff4,c86eff4203214cd7b64c5d908bb71cab69f7c555,fa24209b5c5c35d3e8684a326a0eb294753ab57c8573bf0a83c9f44dfcda1273,70a7464b894a3de7480f56e482d78f1969cf2696d9e85f126e85e2f0febe957e,1ae8580aa20bde21a30a4dc92458ea89f9e85d1c8750ea6b112888e5b8f5bf5b,hist_gradient_boosting,0.05,mean_width,82.05425848498331,82.0542584849833,82.05425848498331,2000,0.95,125.0,100,True,20,20,20,20,20,1.0,0.0,max_statistic,finite_observed_order_statistic,1
C06,FD001,primary,13,C06_primary_c86eff420321_seed_13,outputs/c06_final_c86eff4,c86eff4203214cd7b64c5d908bb71cab69f7c555,fa24209b5c5c35d3e8684a326a0eb294753ab57c8573bf0a83c9f44dfcda1273,70a7464b894a3de7480f56e482d78f1969cf2696d9e85f126e85e2f0febe957e,1ae8580aa20bde21a30a4dc92458ea89f9e85d1c8750ea6b112888e5b8f5bf5b,hist_gradient_boosting,0.05,normalized_interval_score,0.6894779084567075,0.6564340678798665,0.7555655896103904,2000,0.95,125.0,100,True,20,20,20,20,20,1.0,0.0,max_statistic,finite_observed_order_statistic,1
C06,FD001,primary,37,C06_primary_c86eff420321_seed_37,outputs/c06_final_c86eff4,c86eff4203214cd7b64c5d908bb71cab69f7c555,e11b5eaabca48e0dee3dc32442bd337c7cbaeffb5ddfafb12360af432be1a2b0,f5b5f73097f0a2ac483a61053269a371a64483c489b1d52c97f5eaa8b2b5286b,23275cff27eb5b512c01f0a49522c5bc1e4e3bdce4bd30f305eb4f9f47f1dcbc,mean,0.1,coverage,0.81,0.73,0.88,2000,0.95,125.0,100,True,20,19,19,19,19,1.0,0.0,interior,finite_observed_order_statistic,1
C06,FD001,primary,37,C06_primary_c86eff420321_seed_37,outputs/c06_final_c86eff4,c86eff4203214cd7b64c5d908bb71cab69f7c555,e11b5eaabca48e0dee3dc32442bd337c7cbaeffb5ddfafb12360af432be1a2b0,f5b5f73097f0a2ac483a61053269a371a64483c489b1d52c97f5eaa8b2b5286b,23275cff27eb5b512c01f0a49522c5bc1e4e3bdce4bd30f305eb4f9f47f1dcbc,mean,0.1,mean_width,122.96426869938068,122.96426869938068,122.96426869938068,2000,0.95,125.0,100,True,20,19,19,19,19,1.0,0.0,interior,finite_observed_order_statistic,1
C06,FD001,primary,37,C06_primary_c86eff420321_seed_37,outputs/c06_final_c86eff4,c86eff4203214cd7b64c5d908bb71cab69f7c555,e11b5eaabca48e0dee3dc32442bd337c7cbaeffb5ddfafb12360af432be1a2b0,f5b5f73097f0a2ac483a61053269a371a64483c489b1d52c97f5eaa8b2b5286b,23275cff27eb5b512c01f0a49522c5bc1e4e3bdce4bd30f305eb4f9f47f1dcbc,mean,0.1,normalized_interval_score,1.3325141495950454,1.1884741495950455,1.4973541495950446,2000,0.95,125.0,100,True,20,19,19,19,19,1.0,0.0,interior,finite_observed_order_statistic,1
C06,FD001,primary,37,C06_primary_c86eff420321_seed_37,outputs/c06_final_c86eff4,c86eff4203214cd7b64c5d908bb71cab69f7c555,e11b5eaabca48e0dee3dc32442bd337c7cbaeffb5ddfafb12360af432be1a2b0,f5b5f73097f0a2ac483a61053269a371a64483c489b1d52c97f5eaa8b2b5286b,23275cff27eb5b512c01f0a49522c5bc1e4e3bdce4bd30f305eb4f9f47f1dcbc,mean,0.05,coverage,0.81,0.73,0.88,2000,0.95,125.0,100,True,20,20,20,20,20,1.0,0.0,max_statistic,finite_observed_order_statistic,1
C06,FD001,primary,37,C06_primary_c86eff420321_seed_37,outputs/c06_final_c86eff4,c86eff4203214cd7b64c5d908bb71cab69f7c555,e11b5eaabca48e0dee3dc32442bd337c7cbaeffb5ddfafb12360af432be1a2b0,f5b5f73097f0a2ac483a61053269a371a64483c489b1d52c97f5eaa8b2b5286b,23275cff27eb5b512c01f0a49522c5bc1e4e3bdce4bd30f305eb4f9f47f1dcbc,mean,0.05,mean_width,126.96426869938068,126.96426869938068,126.96426869938068,2000,0.95,125.0,100,True,20,20,20,20,20,1.0,0.0,max_statistic,finite_observed_order_statistic,1
C06,FD001,primary,37,C06_primary_c86eff420321_seed_37,outputs/c06_final_c86eff4,c86eff4203214cd7b64c5d908bb71cab69f7c555,e11b5eaabca48e0dee3dc32442bd337c7cbaeffb5ddfafb12360af432be1a2b0,f5b5f73097f0a2ac483a61053269a371a64483c489b1d52c97f5eaa8b2b5286b,23275cff27eb5b512c01f0a49522c5bc1e4e3bdce4bd30f305eb4f9f47f1dcbc,mean,0.05,normalized_interval_score,1.591714149595045,1.3453141495950454,1.879714149595045,2000,0.95,125.0,100,True,20,20,20,20,20,1.0,0.0,max_statistic,finite_observed_order_statistic,1
C06,FD001,primary,37,C06_primary_c86eff420321_seed_37,outputs/c06_final_c86eff4,c86eff4203214cd7b64c5d908bb71cab69f7c555,e11b5eaabca48e0dee3dc32442bd337c7cbaeffb5ddfafb12360af432be1a2b0,f5b5f73097f0a2ac483a61053269a371a64483c489b1d52c97f5eaa8b2b5286b,23275cff27eb5b512c01f0a49522c5bc1e4e3bdce4bd30f305eb4f9f47f1dcbc,ridge,0.1,coverage,0.94,0.89,0.98,2000,0.95,125.0,100,True,20,19,19,19,19,1.0,0.0,interior,finite_observed_order_statistic,1
C06,FD001,primary,37,C06_primary_c86eff420321_seed_37,outputs/c06_final_c86eff4,c86eff4203214cd7b64c5d908bb71cab69f7c555,e11b5eaabca48e0dee3dc32442bd337c7cbaeffb5ddfafb12360af432be1a2b0,f5b5f73097f0a2ac483a61053269a371a64483c489b1d52c97f5eaa8b2b5286b,23275cff27eb5b512c01f0a49522c5bc1e4e3bdce4bd30f305eb4f9f47f1dcbc,ridge,0.1,mean_width,73.07232912978932,73.07232912978932,73.07232912978934,2000,0.95,125.0,100,True,20,19,19,19,19,1.0,0.0,interior,finite_observed_order_statistic,1
C06,FD001,primary,37,C06_primary_c86eff420321_seed_37,outputs/c06_final_c86eff4,c86eff4203214cd7b64c5d908bb71cab69f7c555,e11b5eaabca48e0dee3dc32442bd337c7cbaeffb5ddfafb12360af432be1a2b0,f5b5f73097f0a2ac483a61053269a371a64483c489b1d52c97f5eaa8b2b5286b,23275cff27eb5b512c01f0a49522c5bc1e4e3bdce4bd30f305eb4f9f47f1dcbc,ridge,0.1,normalized_interval_score,0.6222609758603321,0.5874050731127795,0.6801387430183536,2000,0.95,125.0,100,True,20,19,19,19,19,1.0,0.0,interior,finite_observed_order_statistic,1
C06,FD001,primary,37,C06_primary_c86eff420321_seed_37,outputs/c06_final_c86eff4,c86eff4203214cd7b64c5d908bb71cab69f7c555,e11b5eaabca48e0dee3dc32442bd337c7cbaeffb5ddfafb12360af432be1a2b0,f5b5f73097f0a2ac483a61053269a371a64483c489b1d52c97f5eaa8b2b5286b,23275cff27eb5b512c01f0a49522c5bc1e4e3bdce4bd30f305eb4f9f47f1dcbc,ridge,0.05,coverage,0.96,0.92,0.99,2000,0.95,125.0,100,True,20,20,20,20,20,1.0,0.0,max_statistic,finite_observed_order_statistic,1
C06,FD001,primary,37,C06_primary_c86eff420321_seed_37,outputs/c06_final_c86eff4,c86eff4203214cd7b64c5d908bb71cab69f7c555,e11b5eaabca48e0dee3dc32442bd337c7cbaeffb5ddfafb12360af432be1a2b0,f5b5f73097f0a2ac483a61053269a371a64483c489b1d52c97f5eaa8b2b5286b,23275cff27eb5b512c01f0a49522c5bc1e4e3bdce4bd30f305eb4f9f47f1dcbc,ridge,0.05,mean_width,73.959225391545,73.95922539154499,73.959225391545,2000,0.95,125.0,100,True,20,20,20,20,20,1.0,0.0,max_statistic,finite_observed_order_statistic,1
C06,FD001,primary,37,C06_primary_c86eff420321_seed_37,outputs/c06_final_c86eff4,c86eff4203214cd7b64c5d908bb71cab69f7c555,e11b5eaabca48e0dee3dc32442bd337c7cbaeffb5ddfafb12360af432be1a2b0,f5b5f73097f0a2ac483a61053269a371a64483c489b1d52c97f5eaa8b2b5286b,23275cff27eb5b512c01f0a49522c5bc1e4e3bdce4bd30f305eb4f9f47f1dcbc,ridge,0.05,normalized_interval_score,0.6605011959439056,0.5958082479843266,0.7721530252511272,2000,0.95,125.0,100,True,20,20,20,20,20,1.0,0.0,max_statistic,finite_observed_order_statistic,1
C06,FD001,primary,37,C06_primary_c86eff420321_seed_37,outputs/c06_final_c86eff4,c86eff4203214cd7b64c5d908bb71cab69f7c555,e11b5eaabca48e0dee3dc32442bd337c7cbaeffb5ddfafb12360af432be1a2b0,f5b5f73097f0a2ac483a61053269a371a64483c489b1d52c97f5eaa8b2b5286b,23275cff27eb5b512c01f0a49522c5bc1e4e3bdce4bd30f305eb4f9f47f1dcbc,hist_gradient_boosting,0.1,coverage,0.95,0.9,0.99,2000,0.95,125.0,100,True,20,19,19,19,19,1.0,0.0,interior,finite_observed_order_statistic,1
C06,FD001,primary,37,C06_primary_c86eff420321_seed_37,outputs/c06_final_c86eff4,c86eff4203214cd7b64c5d908bb71cab69f7c555,e11b5eaabca48e0dee3dc32442bd337c7cbaeffb5ddfafb12360af432be1a2b0,f5b5f73097f0a2ac483a61053269a371a64483c489b1d52c97f5eaa8b2b5286b,23275cff27eb5b512c01f0a49522c5bc1e4e3bdce4bd30f305eb4f9f47f1dcbc,hist_gradient_boosting,0.1,mean_width,68.0825716839339,68.0825716839339,68.0825716839339,2000,0.95,125.0,100,True,20,19,19,19,19,1.0,0.0,interior,finite_observed_order_statistic,1
C06,FD001,primary,37,C06_primary_c86eff420321_seed_37,outputs/c06_final_c86eff4,c86eff4203214cd7b64c5d908bb71cab69f7c555,e11b5eaabca48e0dee3dc32442bd337c7cbaeffb5ddfafb12360af432be1a2b0,f5b5f73097f0a2ac483a61053269a371a64483c489b1d52c97f5eaa8b2b5286b,23275cff27eb5b512c01f0a49522c5bc1e4e3bdce4bd30f305eb4f9f47f1dcbc,hist_gradient_boosting,0.1,normalized_interval_score,0.604199768303739,0.5533415706717308,0.6737839874499915,2000,0.95,125.0,100,True,20,19,19,19,19,1.0,0.0,interior,finite_observed_order_statistic,1
C06,FD001,primary,37,C06_primary_c86eff420321_seed_37,outputs/c06_final_c86eff4,c86eff4203214cd7b64c5d908bb71cab69f7c555,e11b5eaabca48e0dee3dc32442bd337c7cbaeffb5ddfafb12360af432be1a2b0,f5b5f73097f0a2ac483a61053269a371a64483c489b1d52c97f5eaa8b2b5286b,23275cff27eb5b512c01f0a49522c5bc1e4e3bdce4bd30f305eb4f9f47f1dcbc,hist_gradient_boosting,0.05,coverage,0.96,0.92,0.99,2000,0.95,125.0,100,True,20,20,20,20,20,1.0,0.0,max_statistic,finite_observed_order_statistic,1
C06,FD001,primary,37,C06_primary_c86eff420321_seed_37,outputs/c06_final_c86eff4,c86eff4203214cd7b64c5d908bb71cab69f7c555,e11b5eaabca48e0dee3dc32442bd337c7cbaeffb5ddfafb12360af432be1a2b0,f5b5f73097f0a2ac483a61053269a371a64483c489b1d52c97f5eaa8b2b5286b,23275cff27eb5b512c01f0a49522c5bc1e4e3bdce4bd30f305eb4f9f47f1dcbc,hist_gradient_boosting,0.05,mean_width,71.73080476107296,71.73080476107296,71.73080476107296,2000,0.95,125.0,100,True,20,20,20,20,20,1.0,0.0,max_statistic,finite_observed_order_statistic,1
C06,FD001,primary,37,C06_primary_c86eff420321_seed_37,outputs/c06_final_c86eff4,c86eff4203214cd7b64c5d908bb71cab69f7c555,e11b5eaabca48e0dee3dc32442bd337c7cbaeffb5ddfafb12360af432be1a2b0,f5b5f73097f0a2ac483a61053269a371a64483c489b1d52c97f5eaa8b2b5286b,23275cff27eb5b512c01f0a49522c5bc1e4e3bdce4bd30f305eb4f9f47f1dcbc,hist_gradient_boosting,0.05,normalized_interval_score,0.6690601524498889,0.5848552759561401,0.7870478738612339,2000,0.95,125.0,100,True,20,20,20,20,20,1.0,0.0,max_statistic,finite_observed_order_statistic,1
C06,FD001,primary,73,C06_primary_c86eff420321_seed_73,outputs/c06_final_c86eff4,c86eff4203214cd7b64c5d908bb71cab69f7c555,876fae5c024b2634b85d6e6a3379043f8c86f380c478a507a03344f10572142e,613fa44d33849f6b23715d72e4d09a88a67de273292866c9230aa77dc5588758,f701a1019e02448476409f9ecb8287c4ab5be7a0f14e3bddfda1047fba589e3a,mean,0.1,coverage,0.81,0.73,0.89,2000,0.95,125.0,100,True,20,19,19,19,19,1.0,0.0,interior,finite_observed_order_statistic,1
C06,FD001,primary,73,C06_primary_c86eff420321_seed_73,outputs/c06_final_c86eff4,c86eff4203214cd7b64c5d908bb71cab69f7c555,876fae5c024b2634b85d6e6a3379043f8c86f380c478a507a03344f10572142e,613fa44d33849f6b23715d72e4d09a88a67de273292866c9230aa77dc5588758,f701a1019e02448476409f9ecb8287c4ab5be7a0f14e3bddfda1047fba589e3a,mean,0.1,mean_width,121.0831841119974,121.0831841119974,121.0831841119974,2000,0.95,125.0,100,True,20,19,19,19,19,1.0,0.0,interior,finite_observed_order_statistic,1
C06,FD001,primary,73,C06_primary_c86eff420321_seed_73,outputs/c06_final_c86eff4,c86eff4203214cd7b64c5d908bb71cab69f7c555,876fae5c024b2634b85d6e6a3379043f8c86f380c478a507a03344f10572142e,613fa44d33849f6b23715d72e4d09a88a67de273292866c9230aa77dc5588758,f701a1019e02448476409f9ecb8287c4ab5be7a0f14e3bddfda1047fba589e3a,mean,0.1,normalized_interval_score,1.3174654728959792,1.1606654728959793,1.4887054728959792,2000,0.95,125.0,100,True,20,19,19,19,19,1.0,0.0,interior,finite_observed_order_statistic,1
C06,FD001,primary,73,C06_primary_c86eff420321_seed_73,outputs/c06_final_c86eff4,c86eff4203214cd7b64c5d908bb71cab69f7c555,876fae5c024b2634b85d6e6a3379043f8c86f380c478a507a03344f10572142e,613fa44d33849f6b23715d72e4d09a88a67de273292866c9230aa77dc5588758,f701a1019e02448476409f9ecb8287c4ab5be7a0f14e3bddfda1047fba589e3a,mean,0.05,coverage,0.88,0.81,0.94,2000,0.95,125.0,100,True,20,20,20,20,20,1.0,0.0,max_statistic,finite_observed_order_statistic,1
C06,FD001,primary,73,C06_primary_c86eff420321_seed_73,outputs/c06_final_c86eff4,c86eff4203214cd7b64c5d908bb71cab69f7c555,876fae5c024b2634b85d6e6a3379043f8c86f380c478a507a03344f10572142e,613fa44d33849f6b23715d72e4d09a88a67de273292866c9230aa77dc5588758,f701a1019e02448476409f9ecb8287c4ab5be7a0f14e3bddfda1047fba589e3a,mean,0.05,mean_width,135.08318411199738,135.08318411199738,135.08318411199738,2000,0.95,125.0,100,True,20,20,20,20,20,1.0,0.0,max_statistic,finite_observed_order_statistic,1
C06,FD001,primary,73,C06_primary_c86eff420321_seed_73,outputs/c06_final_c86eff4,c86eff4203214cd7b64c5d908bb71cab69f7c555,876fae5c024b2634b85d6e6a3379043f8c86f380c478a507a03344f10572142e,613fa44d33849f6b23715d72e4d09a88a67de273292866c9230aa77dc5588758,f701a1019e02448476409f9ecb8287c4ab5be7a0f14e3bddfda1047fba589e3a,mean,0.05,normalized_interval_score,1.3814654728959792,1.211865472895979,1.5766654728959792,2000,0.95,125.0,100,True,20,20,20,20,20,1.0,0.0,max_statistic,finite_observed_order_statistic,1
C06,FD001,primary,73,C06_primary_c86eff420321_seed_73,outputs/c06_final_c86eff4,c86eff4203214cd7b64c5d908bb71cab69f7c555,876fae5c024b2634b85d6e6a3379043f8c86f380c478a507a03344f10572142e,613fa44d33849f6b23715d72e4d09a88a67de273292866c9230aa77dc5588758,f701a1019e02448476409f9ecb8287c4ab5be7a0f14e3bddfda1047fba589e3a,ridge,0.1,coverage,0.92,0.86,0.97,2000,0.95,125.0,100,True,20,19,19,19,19,1.0,0.0,interior,finite_observed_order_statistic,1
C06,FD001,primary,73,C06_primary_c86eff420321_seed_73,outputs/c06_final_c86eff4,c86eff4203214cd7b64c5d908bb71cab69f7c555,876fae5c024b2634b85d6e6a3379043f8c86f380c478a507a03344f10572142e,613fa44d33849f6b23715d72e4d09a88a67de273292866c9230aa77dc5588758,f701a1019e02448476409f9ecb8287c4ab5be7a0f14e3bddfda1047fba589e3a,ridge,0.1,mean_width,63.42192282041391,63.42192282041391,63.42192282041391,2000,0.95,125.0,100,True,20,19,19,19,19,1.0,0.0,interior,finite_observed_order_statistic,1
C06,FD001,primary,73,C06_primary_c86eff420321_seed_73,outputs/c06_final_c86eff4,c86eff4203214cd7b64c5d908bb71cab69f7c555,876fae5c024b2634b85d6e6a3379043f8c86f380c478a507a03344f10572142e,613fa44d33849f6b23715d72e4d09a88a67de273292866c9230aa77dc5588758,f701a1019e02448476409f9ecb8287c4ab5be7a0f14e3bddfda1047fba589e3a,ridge,0.1,normalized_interval_score,0.6114918602411042,0.5408982057453904,0.7049556082932688,2000,0.95,125.0,100,True,20,19,19,19,19,1.0,0.0,interior,finite_observed_order_statistic,1
C06,FD001,primary,73,C06_primary_c86eff420321_seed_73,outputs/c06_final_c86eff4,c86eff4203214cd7b64c5d908bb71cab69f7c555,876fae5c024b2634b85d6e6a3379043f8c86f380c478a507a03344f10572142e,613fa44d33849f6b23715d72e4d09a88a67de273292866c9230aa77dc5588758,f701a1019e02448476409f9ecb8287c4ab5be7a0f14e3bddfda1047fba589e3a,ridge,0.05,coverage,0.93,0.88,0.9702499999999986,2000,0.95,125.0,100,True,20,20,20,20,20,1.0,0.0,max_statistic,finite_observed_order_statistic,1
C06,FD001,primary,73,C06_primary_c86eff420321_seed_73,outputs/c06_final_c86eff4,c86eff4203214cd7b64c5d908bb71cab69f7c555,876fae5c024b2634b85d6e6a3379043f8c86f380c478a507a03344f10572142e,613fa44d33849f6b23715d72e4d09a88a67de273292866c9230aa77dc5588758,f701a1019e02448476409f9ecb8287c4ab5be7a0f14e3bddfda1047fba589e3a,ridge,0.05,mean_width,67.943308082884,67.943308082884,67.94330808288402,2000,0.95,125.0,100,True,20,20,20,20,20,1.0,0.0,max_statistic,finite_observed_order_statistic,1
C06,FD001,primary,73,C06_primary_c86eff420321_seed_73,outputs/c06_final_c86eff4,c86eff4203214cd7b64c5d908bb71cab69f7c555,876fae5c024b2634b85d6e6a3379043f8c86f380c478a507a03344f10572142e,613fa44d33849f6b23715d72e4d09a88a67de273292866c9230aa77dc5588758,f701a1019e02448476409f9ecb8287c4ab5be7a0f14e3bddfda1047fba589e3a,ridge,0.05,normalized_interval_score,0.6958743056047766,0.5819714281894418,0.855922489841987,2000,0.95,125.0,100,True,20,20,20,20,20,1.0,0.0,max_statistic,finite_observed_order_statistic,1
C06,FD001,primary,73,C06_primary_c86eff420321_seed_73,outputs/c06_final_c86eff4,c86eff4203214cd7b64c5d908bb71cab69f7c555,876fae5c024b2634b85d6e6a3379043f8c86f380c478a507a03344f10572142e,613fa44d33849f6b23715d72e4d09a88a67de273292866c9230aa77dc5588758,f701a1019e02448476409f9ecb8287c4ab5be7a0f14e3bddfda1047fba589e3a,hist_gradient_boosting,0.1,coverage,0.93,0.88,0.98,2000,0.95,125.0,100,True,20,19,19,19,19,1.0,0.0,interior,finite_observed_order_statistic,1
C06,FD001,primary,73,C06_primary_c86eff420321_seed_73,outputs/c06_final_c86eff4,c86eff4203214cd7b64c5d908bb71cab69f7c555,876fae5c024b2634b85d6e6a3379043f8c86f380c478a507a03344f10572142e,613fa44d33849f6b23715d72e4d09a88a67de273292866c9230aa77dc5588758,f701a1019e02448476409f9ecb8287c4ab5be7a0f14e3bddfda1047fba589e3a,hist_gradient_boosting,0.1,mean_width,67.23148014770779,67.23148014770779,67.23148014770779,2000,0.95,125.0,100,True,20,19,19,19,19,1.0,0.0,interior,finite_observed_order_statistic,1
C06,FD001,primary,73,C06_primary_c86eff420321_seed_73,outputs/c06_final_c86eff4,c86eff4203214cd7b64c5d908bb71cab69f7c555,876fae5c024b2634b85d6e6a3379043f8c86f380c478a507a03344f10572142e,613fa44d33849f6b23715d72e4d09a88a67de273292866c9230aa77dc5588758,f701a1019e02448476409f9ecb8287c4ab5be7a0f14e3bddfda1047fba589e3a,hist_gradient_boosting,0.1,normalized_interval_score,0.6012127036699204,0.5482066466398458,0.6699548865627906,2000,0.95,125.0,100,True,20,19,19,19,19,1.0,0.0,interior,finite_observed_order_statistic,1
C06,FD001,primary,73,C06_primary_c86eff420321_seed_73,outputs/c06_final_c86eff4,c86eff4203214cd7b64c5d908bb71cab69f7c555,876fae5c024b2634b85d6e6a3379043f8c86f380c478a507a03344f10572142e,613fa44d33849f6b23715d72e4d09a88a67de273292866c9230aa77dc5588758,f701a1019e02448476409f9ecb8287c4ab5be7a0f14e3bddfda1047fba589e3a,hist_gradient_boosting,0.05,coverage,1.0,1.0,1.0,2000,0.95,125.0,100,True,20,20,20,20,20,1.0,0.0,max_statistic,finite_observed_order_statistic,1
C06,FD001,primary,73,C06_primary_c86eff420321_seed_73,outputs/c06_final_c86eff4,c86eff4203214cd7b64c5d908bb71cab69f7c555,876fae5c024b2634b85d6e6a3379043f8c86f380c478a507a03344f10572142e,613fa44d33849f6b23715d72e4d09a88a67de273292866c9230aa77dc5588758,f701a1019e02448476409f9ecb8287c4ab5be7a0f14e3bddfda1047fba589e3a,hist_gradient_boosting,0.05,mean_width,96.57312661940556,96.57312661940556,96.57312661940556,2000,0.95,125.0,100,True,20,20,20,20,20,1.0,0.0,max_statistic,finite_observed_order_statistic,1
C06,FD001,primary,73,C06_primary_c86eff420321_seed_73,outputs/c06_final_c86eff4,c86eff4203214cd7b64c5d908bb71cab69f7c555,876fae5c024b2634b85d6e6a3379043f8c86f380c478a507a03344f10572142e,613fa44d33849f6b23715d72e4d09a88a67de273292866c9230aa77dc5588758,f701a1019e02448476409f9ecb8287c4ab5be7a0f14e3bddfda1047fba589e3a,hist_gradient_boosting,0.05,normalized_interval_score,0.7725850129552444,0.7725850129552444,0.7725850129552444,2000,0.95,125.0,100,True,20,20,20,20,20,1.0,0.0,max_statistic,finite_observed_order_statistic,1
C06,FD001,primary,101,C06_primary_c86eff420321_seed_101,outputs/c06_final_c86eff4,c86eff4203214cd7b64c5d908bb71cab69f7c555,289afdd1f913956669715a713a3ac564fefca58bba6fc13afb58935878be5720,4c2994db94e3c762fb7f0f07c795605798803e7af895e43e5418f10d0f758914,fcae4c5ac578f2ef505f00144ba3f266c2a458127cc6f5a90d1e81f20eb73404,mean,0.1,coverage,0.8,0.72,0.88,2000,0.95,125.0,100,True,20,19,19,19,19,1.0,0.0,interior,finite_observed_order_statistic,1
C06,FD001,primary,101,C06_primary_c86eff420321_seed_101,outputs/c06_final_c86eff4,c86eff4203214cd7b64c5d908bb71cab69f7c555,289afdd1f913956669715a713a3ac564fefca58bba6fc13afb58935878be5720,4c2994db94e3c762fb7f0f07c795605798803e7af895e43e5418f10d0f758914,fcae4c5ac578f2ef505f00144ba3f266c2a458127cc6f5a90d1e81f20eb73404,mean,0.1,mean_width,117.46938775510208,117.46938775510208,117.46938775510208,2000,0.95,125.0,100,True,20,19,19,19,19,1.0,0.0,interior,finite_observed_order_statistic,1
C06,FD001,primary,101,C06_primary_c86eff420321_seed_101,outputs/c06_final_c86eff4,c86eff4203214cd7b64c5d908bb71cab69f7c555,289afdd1f913956669715a713a3ac564fefca58bba6fc13afb58935878be5720,4c2994db94e3c762fb7f0f07c795605798803e7af895e43e5418f10d0f758914,fcae4c5ac578f2ef505f00144ba3f266c2a458127cc6f5a90d1e81f20eb73404,mean,0.1,normalized_interval_score,1.3525551020408173,1.1749551020408167,1.534995102040817,2000,0.95,125.0,100,True,20,19,19,19,19,1.0,0.0,interior,finite_observed_order_statistic,1
C06,FD001,primary,101,C06_primary_c86eff420321_seed_101,outputs/c06_final_c86eff4,c86eff4203214cd7b64c5d908bb71cab69f7c555,289afdd1f913956669715a713a3ac564fefca58bba6fc13afb58935878be5720,4c2994db94e3c762fb7f0f07c795605798803e7af895e43e5418f10d0f758914,fcae4c5ac578f2ef505f00144ba3f266c2a458127cc6f5a90d1e81f20eb73404,mean,0.05,coverage,0.81,0.73,0.88,2000,0.95,125.0,100,True,20,20,20,20,20,1.0,0.0,max_statistic,finite_observed_order_statistic,1
C06,FD001,primary,101,C06_primary_c86eff420321_seed_101,outputs/c06_final_c86eff4,c86eff4203214cd7b64c5d908bb71cab69f7c555,289afdd1f913956669715a713a3ac564fefca58bba6fc13afb58935878be5720,4c2994db94e3c762fb7f0f07c795605798803e7af895e43e5418f10d0f758914,fcae4c5ac578f2ef505f00144ba3f266c2a458127cc6f5a90d1e81f20eb73404,mean,0.05,mean_width,127.46938775510208,127.46938775510208,127.46938775510208,2000,0.95,125.0,100,True,20,20,20,20,20,1.0,0.0,max_statistic,finite_observed_order_statistic,1
C06,FD001,primary,101,C06_primary_c86eff420321_seed_101,outputs/c06_final_c86eff4,c86eff4203214cd7b64c5d908bb71cab69f7c555,289afdd1f913956669715a713a3ac564fefca58bba6fc13afb58935878be5720,4c2994db94e3c762fb7f0f07c795605798803e7af895e43e5418f10d0f758914,fcae4c5ac578f2ef505f00144ba3f266c2a458127cc6f5a90d1e81f20eb73404,mean,0.05,normalized_interval_score,1.5349551020408172,1.2917551020408167,1.7910351020408168,2000,0.95,125.0,100,True,20,20,20,20,20,1.0,0.0,max_statistic,finite_observed_order_statistic,1
C06,FD001,primary,101,C06_primary_c86eff420321_seed_101,outputs/c06_final_c86eff4,c86eff4203214cd7b64c5d908bb71cab69f7c555,289afdd1f913956669715a713a3ac564fefca58bba6fc13afb58935878be5720,4c2994db94e3c762fb7f0f07c795605798803e7af895e43e5418f10d0f758914,fcae4c5ac578f2ef505f00144ba3f266c2a458127cc6f5a90d1e81f20eb73404,ridge,0.1,coverage,0.99,0.97,1.0,2000,0.95,125.0,100,True,20,19,19,19,19,1.0,0.0,interior,finite_observed_order_statistic,1
C06,FD001,primary,101,C06_primary_c86eff420321_seed_101,outputs/c06_final_c86eff4,c86eff4203214cd7b64c5d908bb71cab69f7c555,289afdd1f913956669715a713a3ac564fefca58bba6fc13afb58935878be5720,4c2994db94e3c762fb7f0f07c795605798803e7af895e43e5418f10d0f758914,fcae4c5ac578f2ef505f00144ba3f266c2a458127cc6f5a90d1e81f20eb73404,ridge,0.1,mean_width,99.27901279576177,99.27901279576177,99.27901279576177,2000,0.95,125.0,100,True,20,19,19,19,19,1.0,0.0,interior,finite_observed_order_statistic,1
C06,FD001,primary,101,C06_primary_c86eff420321_seed_101,outputs/c06_final_c86eff4,c86eff4203214cd7b64c5d908bb71cab69f7c555,289afdd1f913956669715a713a3ac564fefca58bba6fc13afb58935878be5720,4c2994db94e3c762fb7f0f07c795605798803e7af895e43e5418f10d0f758914,fcae4c5ac578f2ef505f00144ba3f266c2a458127cc6f5a90d1e81f20eb73404,ridge,0.1,normalized_interval_score,0.7952623838042412,0.7942321023660942,0.7973229466805349,2000,0.95,125.0,100,True,20,19,19,19,19,1.0,0.0,interior,finite_observed_order_statistic,1
C06,FD001,primary,101,C06_primary_c86eff420321_seed_101,outputs/c06_final_c86eff4,c86eff4203214cd7b64c5d908bb71cab69f7c555,289afdd1f913956669715a713a3ac564fefca58bba6fc13afb58935878be5720,4c2994db94e3c762fb7f0f07c795605798803e7af895e43e5418f10d0f758914,fcae4c5ac578f2ef505f00144ba3f266c2a458127cc6f5a90d1e81f20eb73404,ridge,0.05,coverage,1.0,1.0,1.0,2000,0.95,125.0,100,True,20,20,20,20,20,1.0,0.0,max_statistic,finite_observed_order_statistic,1
C06,FD001,primary,101,C06_primary_c86eff420321_seed_101,outputs/c06_final_c86eff4,c86eff4203214cd7b64c5d908bb71cab69f7c555,289afdd1f913956669715a713a3ac564fefca58bba6fc13afb58935878be5720,4c2994db94e3c762fb7f0f07c795605798803e7af895e43e5418f10d0f758914,fcae4c5ac578f2ef505f00144ba3f266c2a458127cc6f5a90d1e81f20eb73404,ridge,0.05,mean_width,102.88065205539169,102.88065205539169,102.88065205539169,2000,0.95,125.0,100,True,20,20,20,20,20,1.0,0.0,max_statistic,finite_observed_order_statistic,1
C06,FD001,primary,101,C06_primary_c86eff420321_seed_101,outputs/c06_final_c86eff4,c86eff4203214cd7b64c5d908bb71cab69f7c555,289afdd1f913956669715a713a3ac564fefca58bba6fc13afb58935878be5720,4c2994db94e3c762fb7f0f07c795605798803e7af895e43e5418f10d0f758914,fcae4c5ac578f2ef505f00144ba3f266c2a458127cc6f5a90d1e81f20eb73404,ridge,0.05,normalized_interval_score,0.8230452164431336,0.8230452164431336,0.8230452164431336,2000,0.95,125.0,100,True,20,20,20,20,20,1.0,0.0,max_statistic,finite_observed_order_statistic,1
C06,FD001,primary,101,C06_primary_c86eff420321_seed_101,outputs/c06_final_c86eff4,c86eff4203214cd7b64c5d908bb71cab69f7c555,289afdd1f913956669715a713a3ac564fefca58bba6fc13afb58935878be5720,4c2994db94e3c762fb7f0f07c795605798803e7af895e43e5418f10d0f758914,fcae4c5ac578f2ef505f00144ba3f266c2a458127cc6f5a90d1e81f20eb73404,hist_gradient_boosting,0.1,coverage,0.99,0.97,1.0,2000,0.95,125.0,100,True,20,19,19,19,19,1.0,0.0,interior,finite_observed_order_statistic,1
C06,FD001,primary,101,C06_primary_c86eff420321_seed_101,outputs/c06_final_c86eff4,c86eff4203214cd7b64c5d908bb71cab69f7c555,289afdd1f913956669715a713a3ac564fefca58bba6fc13afb58935878be5720,4c2994db94e3c762fb7f0f07c795605798803e7af895e43e5418f10d0f758914,fcae4c5ac578f2ef505f00144ba3f266c2a458127cc6f5a90d1e81f20eb73404,hist_gradient_boosting,0.1,mean_width,77.58209534003434,77.58209534003434,77.58209534003434,2000,0.95,125.0,100,True,20,19,19,19,19,1.0,0.0,interior,finite_observed_order_statistic,1
C06,FD001,primary,101,C06_primary_c86eff420321_seed_101,outputs/c06_final_c86eff4,c86eff4203214cd7b64c5d908bb71cab69f7c555,289afdd1f913956669715a713a3ac564fefca58bba6fc13afb58935878be5720,4c2994db94e3c762fb7f0f07c795605798803e7af895e43e5418f10d0f758914,fcae4c5ac578f2ef505f00144ba3f266c2a458127cc6f5a90d1e81f20eb73404,hist_gradient_boosting,0.1,normalized_interval_score,0.6360073799338528,0.6206567627202747,0.6667086143610089,2000,0.95,125.0,100,True,20,19,19,19,19,1.0,0.0,interior,finite_observed_order_statistic,1
C06,FD001,primary,101,C06_primary_c86eff420321_seed_101,outputs/c06_final_c86eff4,c86eff4203214cd7b64c5d908bb71cab69f7c555,289afdd1f913956669715a713a3ac564fefca58bba6fc13afb58935878be5720,4c2994db94e3c762fb7f0f07c795605798803e7af895e43e5418f10d0f758914,fcae4c5ac578f2ef505f00144ba3f266c2a458127cc6f5a90d1e81f20eb73404,hist_gradient_boosting,0.05,coverage,0.99,0.97,1.0,2000,0.95,125.0,100,True,20,20,20,20,20,1.0,0.0,max_statistic,finite_observed_order_statistic,1
C06,FD001,primary,101,C06_primary_c86eff420321_seed_101,outputs/c06_final_c86eff4,c86eff4203214cd7b64c5d908bb71cab69f7c555,289afdd1f913956669715a713a3ac564fefca58bba6fc13afb58935878be5720,4c2994db94e3c762fb7f0f07c795605798803e7af895e43e5418f10d0f758914,fcae4c5ac578f2ef505f00144ba3f266c2a458127cc6f5a90d1e81f20eb73404,hist_gradient_boosting,0.05,mean_width,96.5871753101742,96.5871753101742,96.5871753101742,2000,0.95,125.0,100,True,20,20,20,20,20,1.0,0.0,max_statistic,finite_observed_order_statistic,1
C06,FD001,primary,101,C06_primary_c86eff420321_seed_101,outputs/c06_final_c86eff4,c86eff4203214cd7b64c5d908bb71cab69f7c555,289afdd1f913956669715a713a3ac564fefca58bba6fc13afb58935878be5720,4c2994db94e3c762fb7f0f07c795605798803e7af895e43e5418f10d0f758914,fcae4c5ac578f2ef505f00144ba3f266c2a458127cc6f5a90d1e81f20eb73404,hist_gradient_boosting,0.05,normalized_interval_score,0.7729905089563259,0.7726974024813936,0.7735767219061905,2000,0.95,125.0,100,True,20,20,20,20,20,1.0,0.0,max_statistic,finite_observed_order_statistic,1
C06,FD001,primary,137,C06_primary_c86eff420321_seed_137,outputs/c06_final_c86eff4,c86eff4203214cd7b64c5d908bb71cab69f7c555,8819569faa808171ad07f68f2896f552d945bead1a30e6a0fddf49bca3759b2d,37046e2fcddc31f51289a10671417f20ac78af907fe31058677d67f023b6978a,4e36384a59d97d4c372d4f2fadea4dedd41c345467d6c61a4b060e1ef540ab7a,mean,0.1,coverage,0.75,0.66,0.83,2000,0.95,125.0,100,True,20,19,19,19,19,1.0,0.0,interior,finite_observed_order_statistic,1
C06,FD001,primary,137,C06_primary_c86eff420321_seed_137,outputs/c06_final_c86eff4,c86eff4203214cd7b64c5d908bb71cab69f7c555,8819569faa808171ad07f68f2896f552d945bead1a30e6a0fddf49bca3759b2d,37046e2fcddc31f51289a10671417f20ac78af907fe31058677d67f023b6978a,4e36384a59d97d4c372d4f2fadea4dedd41c345467d6c61a4b060e1ef540ab7a,mean,0.1,mean_width,113.79646802677206,113.79646802677206,113.79646802677206,2000,0.95,125.0,100,True,20,19,19,19,19,1.0,0.0,interior,finite_observed_order_statistic,1
C06,FD001,primary,137,C06_primary_c86eff420321_seed_137,outputs/c06_final_c86eff4,c86eff4203214cd7b64c5d908bb71cab69f7c555,8819569faa808171ad07f68f2896f552d945bead1a30e6a0fddf49bca3759b2d,37046e2fcddc31f51289a10671417f20ac78af907fe31058677d67f023b6978a,4e36384a59d97d4c372d4f2fadea4dedd41c345467d6c61a4b060e1ef540ab7a,mean,0.1,normalized_interval_score,1.4015717442141766,1.2127717442141763,1.6127717442141765,2000,0.95,125.0,100,True,20,19,19,19,19,1.0,0.0,interior,finite_observed_order_statistic,1
C06,FD001,primary,137,C06_primary_c86eff420321_seed_137,outputs/c06_final_c86eff4,c86eff4203214cd7b64c5d908bb71cab69f7c555,8819569faa808171ad07f68f2896f552d945bead1a30e6a0fddf49bca3759b2d,37046e2fcddc31f51289a10671417f20ac78af907fe31058677d67f023b6978a,4e36384a59d97d4c372d4f2fadea4dedd41c345467d6c61a4b060e1ef540ab7a,mean,0.05,coverage,0.8,0.72,0.88,2000,0.95,125.0,100,True,20,20,20,20,20,1.0,0.0,max_statistic,finite_observed_order_statistic,1
C06,FD001,primary,137,C06_primary_c86eff420321_seed_137,outputs/c06_final_c86eff4,c86eff4203214cd7b64c5d908bb71cab69f7c555,8819569faa808171ad07f68f2896f552d945bead1a30e6a0fddf49bca3759b2d,37046e2fcddc31f51289a10671417f20ac78af907fe31058677d67f023b6978a,4e36384a59d97d4c372d4f2fadea4dedd41c345467d6c61a4b060e1ef540ab7a,mean,0.05,mean_width,119.79646802677206,119.79646802677206,119.79646802677206,2000,0.95,125.0,100,True,20,20,20,20,20,1.0,0.0,max_statistic,finite_observed_order_statistic,1
C06,FD001,primary,137,C06_primary_c86eff420321_seed_137,outputs/c06_final_c86eff4,c86eff4203214cd7b64c5d908bb71cab69f7c555,8819569faa808171ad07f68f2896f552d945bead1a30e6a0fddf49bca3759b2d,37046e2fcddc31f51289a10671417f20ac78af907fe31058677d67f023b6978a,4e36384a59d97d4c372d4f2fadea4dedd41c345467d6c61a4b060e1ef540ab7a,mean,0.05,normalized_interval_score,1.7199717442141764,1.4095717442141766,2.075171744214176,2000,0.95,125.0,100,True,20,20,20,20,20,1.0,0.0,max_statistic,finite_observed_order_statistic,1
C06,FD001,primary,137,C06_primary_c86eff420321_seed_137,outputs/c06_final_c86eff4,c86eff4203214cd7b64c5d908bb71cab69f7c555,8819569faa808171ad07f68f2896f552d945bead1a30e6a0fddf49bca3759b2d,37046e2fcddc31f51289a10671417f20ac78af907fe31058677d67f023b6978a,4e36384a59d97d4c372d4f2fadea4dedd41c345467d6c61a4b060e1ef540ab7a,ridge,0.1,coverage,0.97,0.94,1.0,2000,0.95,125.0,100,True,20,19,19,19,19,1.0,0.0,interior,finite_observed_order_statistic,1
C06,FD001,primary,137,C06_primary_c86eff420321_seed_137,outputs/c06_final_c86eff4,c86eff4203214cd7b64c5d908bb71cab69f7c555,8819569faa808171ad07f68f2896f552d945bead1a30e6a0fddf49bca3759b2d,37046e2fcddc31f51289a10671417f20ac78af907fe31058677d67f023b6978a,4e36384a59d97d4c372d4f2fadea4dedd41c345467d6c61a4b060e1ef540ab7a,ridge,0.1,mean_width,73.72832414695218,73.72832414695216,73.72832414695218,2000,0.95,125.0,100,True,20,19,19,19,19,1.0,0.0,interior,finite_observed_order_statistic,1
C06,FD001,primary,137,C06_primary_c86eff420321_seed_137,outputs/c06_final_c86eff4,c86eff4203214cd7b64c5d908bb71cab69f7c555,8819569faa808171ad07f68f2896f552d945bead1a30e6a0fddf49bca3759b2d,37046e2fcddc31f51289a10671417f20ac78af907fe31058677d67f023b6978a,4e36384a59d97d4c372d4f2fadea4dedd41c345467d6c61a4b060e1ef540ab7a,ridge,0.1,normalized_interval_score,0.6129110557878424,0.5898265931756174,0.6541511794296436,2000,0.95,125.0,100,True,20,19,19,19,19,1.0,0.0,interior,finite_observed_order_statistic,1
C06,FD001,primary,137,C06_primary_c86eff420321_seed_137,outputs/c06_final_c86eff4,c86eff4203214cd7b64c5d908bb71cab69f7c555,8819569faa808171ad07f68f2896f552d945bead1a30e6a0fddf49bca3759b2d,37046e2fcddc31f51289a10671417f20ac78af907fe31058677d67f023b6978a,4e36384a59d97d4c372d4f2fadea4dedd41c345467d6c61a4b060e1ef540ab7a,ridge,0.05,coverage,0.98,0.95,1.0,2000,0.95,125.0,100,True,20,20,20,20,20,1.0,0.0,max_statistic,finite_observed_order_statistic,1
C06,FD001,primary,137,C06_primary_c86eff420321_seed_137,outputs/c06_final_c86eff4,c86eff4203214cd7b64c5d908bb71cab69f7c555,8819569faa808171ad07f68f2896f552d945bead1a30e6a0fddf49bca3759b2d,37046e2fcddc31f51289a10671417f20ac78af907fe31058677d67f023b6978a,4e36384a59d97d4c372d4f2fadea4dedd41c345467d6c61a4b060e1ef540ab7a,ridge,0.05,mean_width,78.36824502728722,78.36824502728722,78.36824502728722,2000,0.95,125.0,100,True,20,20,20,20,20,1.0,0.0,max_statistic,finite_observed_order_statistic,1
C06,FD001,primary,137,C06_primary_c86eff420321_seed_137,outputs/c06_final_c86eff4,c86eff4203214cd7b64c5d908bb71cab69f7c555,8819569faa808171ad07f68f2896f552d945bead1a30e6a0fddf49bca3759b2d,37046e2fcddc31f51289a10671417f20ac78af907fe31058677d67f023b6978a,4e36384a59d97d4c372d4f2fadea4dedd41c345467d6c61a4b060e1ef540ab7a,ridge,0.05,normalized_interval_score,0.6570713642602454,0.6269459602182977,0.7160842169528093,2000,0.95,125.0,100,True,20,20,20,20,20,1.0,0.0,max_statistic,finite_observed_order_statistic,1
C06,FD001,primary,137,C06_primary_c86eff420321_seed_137,outputs/c06_final_c86eff4,c86eff4203214cd7b64c5d908bb71cab69f7c555,8819569faa808171ad07f68f2896f552d945bead1a30e6a0fddf49bca3759b2d,37046e2fcddc31f51289a10671417f20ac78af907fe31058677d67f023b6978a,4e36384a59d97d4c372d4f2fadea4dedd41c345467d6c61a4b060e1ef540ab7a,hist_gradient_boosting,0.1,coverage,0.95,0.91,0.99,2000,0.95,125.0,100,True,20,19,19,19,19,1.0,0.0,interior,finite_observed_order_statistic,1
C06,FD001,primary,137,C06_primary_c86eff420321_seed_137,outputs/c06_final_c86eff4,c86eff4203214cd7b64c5d908bb71cab69f7c555,8819569faa808171ad07f68f2896f552d945bead1a30e6a0fddf49bca3759b2d,37046e2fcddc31f51289a10671417f20ac78af907fe31058677d67f023b6978a,4e36384a59d97d4c372d4f2fadea4dedd41c345467d6c61a4b060e1ef540ab7a,hist_gradient_boosting,0.1,mean_width,59.25950915956047,59.25950915956047,59.25950915956047,2000,0.95,125.0,100,True,20,19,19,19,19,1.0,0.0,interior,finite_observed_order_statistic,1
C06,FD001,primary,137,C06_primary_c86eff420321_seed_137,outputs/c06_final_c86eff4,c86eff4203214cd7b64c5d908bb71cab69f7c555,8819569faa808171ad07f68f2896f552d945bead1a30e6a0fddf49bca3759b2d,37046e2fcddc31f51289a10671417f20ac78af907fe31058677d67f023b6978a,4e36384a59d97d4c372d4f2fadea4dedd41c345467d6c61a4b060e1ef540ab7a,hist_gradient_boosting,0.1,normalized_interval_score,0.5293755551284808,0.47809957808922743,0.6199888162635315,2000,0.95,125.0,100,True,20,19,19,19,19,1.0,0.0,interior,finite_observed_order_statistic,1
C06,FD001,primary,137,C06_primary_c86eff420321_seed_137,outputs/c06_final_c86eff4,c86eff4203214cd7b64c5d908bb71cab69f7c555,8819569faa808171ad07f68f2896f552d945bead1a30e6a0fddf49bca3759b2d,37046e2fcddc31f51289a10671417f20ac78af907fe31058677d67f023b6978a,4e36384a59d97d4c372d4f2fadea4dedd41c345467d6c61a4b060e1ef540ab7a,hist_gradient_boosting,0.05,coverage,0.99,0.97,1.0,2000,0.95,125.0,100,True,20,20,20,20,20,1.0,0.0,max_statistic,finite_observed_order_statistic,1
C06,FD001,primary,137,C06_primary_c86eff420321_seed_137,outputs/c06_final_c86eff4,c86eff4203214cd7b64c5d908bb71cab69f7c555,8819569faa808171ad07f68f2896f552d945bead1a30e6a0fddf49bca3759b2d,37046e2fcddc31f51289a10671417f20ac78af907fe31058677d67f023b6978a,4e36384a59d97d4c372d4f2fadea4dedd41c345467d6c61a4b060e1ef540ab7a,hist_gradient_boosting,0.05,mean_width,68.16806865763317,68.16806865763317,68.16806865763317,2000,0.95,125.0,100,True,20,20,20,20,20,1.0,0.0,max_statistic,finite_observed_order_statistic,1
C06,FD001,primary,137,C06_primary_c86eff420321_seed_137,outputs/c06_final_c86eff4,c86eff4203214cd7b64c5d908bb71cab69f7c555,8819569faa808171ad07f68f2896f552d945bead1a30e6a0fddf49bca3759b2d,37046e2fcddc31f51289a10671417f20ac78af907fe31058677d67f023b6978a,4e36384a59d97d4c372d4f2fadea4dedd41c345467d6c61a4b060e1ef540ab7a,hist_gradient_boosting,0.05,normalized_interval_score,0.6121412940045675,0.5453445492610653,0.7457347834915717,2000,0.95,125.0,100,True,20,20,20,20,20,1.0,0.0,max_statistic,finite_observed_order_statistic,1
C08,FD001,primary,13,C08_FD001_8468e13b7f2c_seed_13,outputs/c08_final_8468e13,8468e13b7f2c7c3d937f0b4de6f5198e95e7b0b8,ab3bae9650ee71583be60d0ac47740bbb065d35acabb9fea725cb332b904c5ee,92c2d37e26ea4fe49795a412f64253cc8e2d4f367eac12d73be432aac7942ce1,8c452503eb03f274dac75d37a0e40315d67c7505ea62d23d29bc23bd21954493,mean,0.1,coverage,0.8,0.72,0.88,2000,0.95,125.0,100,True,20,19,21,19,20,0.43,0.57,finite_quantile_unattainable|interior|max_statistic,legacy_max_clamp,2
C08,FD001,primary,13,C08_FD001_8468e13b7f2c_seed_13,outputs/c08_final_8468e13,8468e13b7f2c7c3d937f0b4de6f5198e95e7b0b8,ab3bae9650ee71583be60d0ac47740bbb065d35acabb9fea725cb332b904c5ee,92c2d37e26ea4fe49795a412f64253cc8e2d4f367eac12d73be432aac7942ce1,8c452503eb03f274dac75d37a0e40315d67c7505ea62d23d29bc23bd21954493,mean,0.1,mean_width,122.01491183879088,120.57491183879088,123.29491183879088,2000,0.95,125.0,100,True,20,19,21,19,20,0.43,0.57,finite_quantile_unattainable|interior|max_statistic,legacy_max_clamp,2
C08,FD001,primary,13,C08_FD001_8468e13b7f2c_seed_13,outputs/c08_final_8468e13,8468e13b7f2c7c3d937f0b4de6f5198e95e7b0b8,ab3bae9650ee71583be60d0ac47740bbb065d35acabb9fea725cb332b904c5ee,92c2d37e26ea4fe49795a412f64253cc8e2d4f367eac12d73be432aac7942ce1,8c452503eb03f274dac75d37a0e40315d67c7505ea62d23d29bc23bd21954493,mean,0.1,normalized_interval_score,1.244919294710327,1.121711294710327,1.3889432947103273,2000,0.95,125.0,100,True,20,19,21,19,20,0.43,0.57,finite_quantile_unattainable|interior|max_statistic,legacy_max_clamp,2
C08,FD001,primary,13,C08_FD001_8468e13b7f2c_seed_13,outputs/c08_final_8468e13,8468e13b7f2c7c3d937f0b4de6f5198e95e7b0b8,ab3bae9650ee71583be60d0ac47740bbb065d35acabb9fea725cb332b904c5ee,92c2d37e26ea4fe49795a412f64253cc8e2d4f367eac12d73be432aac7942ce1,8c452503eb03f274dac75d37a0e40315d67c7505ea62d23d29bc23bd21954493,mean,0.05,coverage,0.81,0.73,0.89,2000,0.95,125.0,100,True,20,20,21,20,20,0.24,0.76,finite_quantile_unattainable|max_statistic,legacy_max_clamp,1
C08,FD001,primary,13,C08_FD001_8468e13b7f2c_seed_13,outputs/c08_final_8468e13,8468e13b7f2c7c3d937f0b4de6f5198e95e7b0b8,ab3bae9650ee71583be60d0ac47740bbb065d35acabb9fea725cb332b904c5ee,92c2d37e26ea4fe49795a412f64253cc8e2d4f367eac12d73be432aac7942ce1,8c452503eb03f274dac75d37a0e40315d67c7505ea62d23d29bc23bd21954493,mean,0.05,mean_width,126.65491183879088,126.65491183879088,126.65491183879088,2000,0.95,125.0,100,True,20,20,21,20,20,0.24,0.76,finite_quantile_unattainable|max_statistic,legacy_max_clamp,1
C08,FD001,primary,13,C08_FD001_8468e13b7f2c_seed_13,outputs/c08_final_8468e13,8468e13b7f2c7c3d937f0b4de6f5198e95e7b0b8,ab3bae9650ee71583be60d0ac47740bbb065d35acabb9fea725cb332b904c5ee,92c2d37e26ea4fe49795a412f64253cc8e2d4f367eac12d73be432aac7942ce1,8c452503eb03f274dac75d37a0e40315d67c7505ea62d23d29bc23bd21954493,mean,0.05,normalized_interval_score,1.4676392947103276,1.256439294710327,1.7141192947103274,2000,0.95,125.0,100,True,20,20,21,20,20,0.24,0.76,finite_quantile_unattainable|max_statistic,legacy_max_clamp,1
C08,FD001,primary,13,C08_FD001_8468e13b7f2c_seed_13,outputs/c08_final_8468e13,8468e13b7f2c7c3d937f0b4de6f5198e95e7b0b8,ab3bae9650ee71583be60d0ac47740bbb065d35acabb9fea725cb332b904c5ee,92c2d37e26ea4fe49795a412f64253cc8e2d4f367eac12d73be432aac7942ce1,8c452503eb03f274dac75d37a0e40315d67c7505ea62d23d29bc23bd21954493,ridge,0.1,coverage,0.94,0.89,0.98,2000,0.95,125.0,100,True,20,18,19,18,19,1.0,0.0,interior,legacy_max_clamp,2
C08,FD001,primary,13,C08_FD001_8468e13b7f2c_seed_13,outputs/c08_final_8468e13,8468e13b7f2c7c3d937f0b4de6f5198e95e7b0b8,ab3bae9650ee71583be60d0ac47740bbb065d35acabb9fea725cb332b904c5ee,92c2d37e26ea4fe49795a412f64253cc8e2d4f367eac12d73be432aac7942ce1,8c452503eb03f274dac75d37a0e40315d67c7505ea62d23d29bc23bd21954493,ridge,0.1,mean_width,73.62179985756563,73.41216620349293,73.79055494909417,2000,0.95,125.0,100,True,20,18,19,18,19,1.0,0.0,interior,legacy_max_clamp,2
C08,FD001,primary,13,C08_FD001_8468e13b7f2c_seed_13,outputs/c08_final_8468e13,8468e13b7f2c7c3d937f0b4de6f5198e95e7b0b8,ab3bae9650ee71583be60d0ac47740bbb065d35acabb9fea725cb332b904c5ee,92c2d37e26ea4fe49795a412f64253cc8e2d4f367eac12d73be432aac7942ce1,8c452503eb03f274dac75d37a0e40315d67c7505ea62d23d29bc23bd21954493,ridge,0.1,normalized_interval_score,0.674914952987593,0.608304445204692,0.7620877737849789,2000,0.95,125.0,100,True,20,18,19,18,19,1.0,0.0,interior,legacy_max_clamp,2
C08,FD001,primary,13,C08_FD001_8468e13b7f2c_seed_13,outputs/c08_final_8468e13,8468e13b7f2c7c3d937f0b4de6f5198e95e7b0b8,ab3bae9650ee71583be60d0ac47740bbb065d35acabb9fea725cb332b904c5ee,92c2d37e26ea4fe49795a412f64253cc8e2d4f367eac12d73be432aac7942ce1,8c452503eb03f274dac75d37a0e40315d67c7505ea62d23d29bc23bd21954493,ridge,0.05,coverage,0.96,0.92,0.99,2000,0.95,125.0,100,True,20,20,21,20,20,0.96,0.04,finite_quantile_unattainable|max_statistic,legacy_max_clamp,1
C08,FD001,primary,13,C08_FD001_8468e13b7f2c_seed_13,outputs/c08_final_8468e13,8468e13b7f2c7c3d937f0b4de6f5198e95e7b0b8,ab3bae9650ee71583be60d0ac47740bbb065d35acabb9fea725cb332b904c5ee,92c2d37e26ea4fe49795a412f64253cc8e2d4f367eac12d73be432aac7942ce1,8c452503eb03f274dac75d37a0e40315d67c7505ea62d23d29bc23bd21954493,ridge,0.05,mean_width,77.85108885138072,77.85108885138072,77.85108885138072,2000,0.95,125.0,100,True,20,20,21,20,20,0.96,0.04,finite_quantile_unattainable|max_statistic,legacy_max_clamp,1
C08,FD001,primary,13,C08_FD001_8468e13b7f2c_seed_13,outputs/c08_final_8468e13,8468e13b7f2c7c3d937f0b4de6f5198e95e7b0b8,ab3bae9650ee71583be60d0ac47740bbb065d35acabb9fea725cb332b904c5ee,92c2d37e26ea4fe49795a412f64253cc8e2d4f367eac12d73be432aac7942ce1,8c452503eb03f274dac75d37a0e40315d67c7505ea62d23d29bc23bd21954493,ridge,0.05,normalized_interval_score,0.7472880694438494,0.6385618375191167,0.8971825051824998,2000,0.95,125.0,100,True,20,20,21,20,20,0.96,0.04,finite_quantile_unattainable|max_statistic,legacy_max_clamp,1
C08,FD001,primary,13,C08_FD001_8468e13b7f2c_seed_13,outputs/c08_final_8468e13,8468e13b7f2c7c3d937f0b4de6f5198e95e7b0b8,ab3bae9650ee71583be60d0ac47740bbb065d35acabb9fea725cb332b904c5ee,92c2d37e26ea4fe49795a412f64253cc8e2d4f367eac12d73be432aac7942ce1,8c452503eb03f274dac75d37a0e40315d67c7505ea62d23d29bc23bd21954493,hist_gradient_boosting,0.1,coverage,0.98,0.95,1.0,2000,0.95,125.0,100,True,20,18,19,18,19,1.0,0.0,interior,legacy_max_clamp,2
C08,FD001,primary,13,C08_FD001_8468e13b7f2c_seed_13,outputs/c08_final_8468e13,8468e13b7f2c7c3d937f0b4de6f5198e95e7b0b8,ab3bae9650ee71583be60d0ac47740bbb065d35acabb9fea725cb332b904c5ee,92c2d37e26ea4fe49795a412f64253cc8e2d4f367eac12d73be432aac7942ce1,8c452503eb03f274dac75d37a0e40315d67c7505ea62d23d29bc23bd21954493,hist_gradient_boosting,0.1,mean_width,77.38757527228383,76.91803765526426,77.81015912760148,2000,0.95,125.0,100,True,20,18,19,18,19,1.0,0.0,interior,legacy_max_clamp,2
C08,FD001,primary,13,C08_FD001_8468e13b7f2c_seed_13,outputs/c08_final_8468e13,8468e13b7f2c7c3d937f0b4de6f5198e95e7b0b8,ab3bae9650ee71583be60d0ac47740bbb065d35acabb9fea725cb332b904c5ee,92c2d37e26ea4fe49795a412f64253cc8e2d4f367eac12d73be432aac7942ce1,8c452503eb03f274dac75d37a0e40315d67c7505ea62d23d29bc23bd21954493,hist_gradient_boosting,0.1,normalized_interval_score,0.6435941799062982,0.6176668986341215,0.6898831078767305,2000,0.95,125.0,100,True,20,18,19,18,19,1.0,0.0,interior,legacy_max_clamp,2
C08,FD001,primary,13,C08_FD001_8468e13b7f2c_seed_13,outputs/c08_final_8468e13,8468e13b7f2c7c3d937f0b4de6f5198e95e7b0b8,ab3bae9650ee71583be60d0ac47740bbb065d35acabb9fea725cb332b904c5ee,92c2d37e26ea4fe49795a412f64253cc8e2d4f367eac12d73be432aac7942ce1,8c452503eb03f274dac75d37a0e40315d67c7505ea62d23d29bc23bd21954493,hist_gradient_boosting,0.05,coverage,0.99,0.97,1.0,2000,0.95,125.0,100,True,20,20,20,20,20,1.0,0.0,max_statistic,legacy_max_clamp,1
C08,FD001,primary,13,C08_FD001_8468e13b7f2c_seed_13,outputs/c08_final_8468e13,8468e13b7f2c7c3d937f0b4de6f5198e95e7b0b8,ab3bae9650ee71583be60d0ac47740bbb065d35acabb9fea725cb332b904c5ee,92c2d37e26ea4fe49795a412f64253cc8e2d4f367eac12d73be432aac7942ce1,8c452503eb03f274dac75d37a0e40315d67c7505ea62d23d29bc23bd21954493,hist_gradient_boosting,0.05,mean_width,82.05425848498331,82.0542584849833,82.05425848498331,2000,0.95,125.0,100,True,20,20,20,20,20,1.0,0.0,max_statistic,legacy_max_clamp,1
C08,FD001,primary,13,C08_FD001_8468e13b7f2c_seed_13,outputs/c08_final_8468e13,8468e13b7f2c7c3d937f0b4de6f5198e95e7b0b8,ab3bae9650ee71583be60d0ac47740bbb065d35acabb9fea725cb332b904c5ee,92c2d37e26ea4fe49795a412f64253cc8e2d4f367eac12d73be432aac7942ce1,8c452503eb03f274dac75d37a0e40315d67c7505ea62d23d29bc23bd21954493,hist_gradient_boosting,0.05,normalized_interval_score,0.6894779084567075,0.6564340678798665,0.7555655896103904,2000,0.95,125.0,100,True,20,20,20,20,20,1.0,0.0,max_statistic,legacy_max_clamp,1
C08,FD001,primary,37,C08_FD001_8468e13b7f2c_seed_37,outputs/c08_final_8468e13,8468e13b7f2c7c3d937f0b4de6f5198e95e7b0b8,94684685af8a146f8fde8232ff40ed5e71973df4d6ede1e5babefc89af7c9aa2,b6c232606759a8aa945a8800049f6d2812454f6ae0ec1c7d58000dc49fd806c7,725611b9812fdb8f8fb1d207a2ed24271d4b51fbf7fa0c0e8c0d3f7fbe19228d,mean,0.1,coverage,0.81,0.73,0.88,2000,0.95,125.0,100,True,20,19,21,19,20,0.59,0.41,finite_quantile_unattainable|interior|max_statistic,legacy_max_clamp,2
C08,FD001,primary,37,C08_FD001_8468e13b7f2c_seed_37,outputs/c08_final_8468e13,8468e13b7f2c7c3d937f0b4de6f5198e95e7b0b8,94684685af8a146f8fde8232ff40ed5e71973df4d6ede1e5babefc89af7c9aa2,b6c232606759a8aa945a8800049f6d2812454f6ae0ec1c7d58000dc49fd806c7,725611b9812fdb8f8fb1d207a2ed24271d4b51fbf7fa0c0e8c0d3f7fbe19228d,mean,0.1,mean_width,125.60426869938068,125.24426869938068,125.96426869938068,2000,0.95,125.0,100,True,20,19,21,19,20,0.59,0.41,finite_quantile_unattainable|interior|max_statistic,legacy_max_clamp,2
C08,FD001,primary,37,C08_FD001_8468e13b7f2c_seed_37,outputs/c08_final_8468e13,8468e13b7f2c7c3d937f0b4de6f5198e95e7b0b8,94684685af8a146f8fde8232ff40ed5e71973df4d6ede1e5babefc89af7c9aa2,b6c232606759a8aa945a8800049f6d2812454f6ae0ec1c7d58000dc49fd806c7,725611b9812fdb8f8fb1d207a2ed24271d4b51fbf7fa0c0e8c0d3f7fbe19228d,mean,0.1,normalized_interval_score,1.3056341495950454,1.1776341495950455,1.4560501495950449,2000,0.95,125.0,100,True,20,19,21,19,20,0.59,0.41,finite_quantile_unattainable|interior|max_statistic,legacy_max_clamp,2
C08,FD001,primary,37,C08_FD001_8468e13b7f2c_seed_37,outputs/c08_final_8468e13,8468e13b7f2c7c3d937f0b4de6f5198e95e7b0b8,94684685af8a146f8fde8232ff40ed5e71973df4d6ede1e5babefc89af7c9aa2,b6c232606759a8aa945a8800049f6d2812454f6ae0ec1c7d58000dc49fd806c7,725611b9812fdb8f8fb1d207a2ed24271d4b51fbf7fa0c0e8c0d3f7fbe19228d,mean,0.05,coverage,0.81,0.73,0.88,2000,0.95,125.0,100,True,20,20,21,20,20,0.24,0.76,finite_quantile_unattainable|max_statistic,legacy_max_clamp,1
C08,FD001,primary,37,C08_FD001_8468e13b7f2c_seed_37,outputs/c08_final_8468e13,8468e13b7f2c7c3d937f0b4de6f5198e95e7b0b8,94684685af8a146f8fde8232ff40ed5e71973df4d6ede1e5babefc89af7c9aa2,b6c232606759a8aa945a8800049f6d2812454f6ae0ec1c7d58000dc49fd806c7,725611b9812fdb8f8fb1d207a2ed24271d4b51fbf7fa0c0e8c0d3f7fbe19228d,mean,0.05,mean_width,126.96426869938068,126.96426869938068,126.96426869938068,2000,0.95,125.0,100,True,20,20,21,20,20,0.24,0.76,finite_quantile_unattainable|max_statistic,legacy_max_clamp,1
C08,FD001,primary,37,C08_FD001_8468e13b7f2c_seed_37,outputs/c08_final_8468e13,8468e13b7f2c7c3d937f0b4de6f5198e95e7b0b8,94684685af8a146f8fde8232ff40ed5e71973df4d6ede1e5babefc89af7c9aa2,b6c232606759a8aa945a8800049f6d2812454f6ae0ec1c7d58000dc49fd806c7,725611b9812fdb8f8fb1d207a2ed24271d4b51fbf7fa0c0e8c0d3f7fbe19228d,mean,0.05,normalized_interval_score,1.591714149595045,1.3453141495950454,1.879714149595045,2000,0.95,125.0,100,True,20,20,21,20,20,0.24,0.76,finite_quantile_unattainable|max_statistic,legacy_max_clamp,1
C08,FD001,primary,37,C08_FD001_8468e13b7f2c_seed_37,outputs/c08_final_8468e13,8468e13b7f2c7c3d937f0b4de6f5198e95e7b0b8,94684685af8a146f8fde8232ff40ed5e71973df4d6ede1e5babefc89af7c9aa2,b6c232606759a8aa945a8800049f6d2812454f6ae0ec1c7d58000dc49fd806c7,725611b9812fdb8f8fb1d207a2ed24271d4b51fbf7fa0c0e8c0d3f7fbe19228d,ridge,0.1,coverage,0.94,0.89,0.98,2000,0.95,125.0,100,True,20,19,19,19,19,1.0,0.0,interior,legacy_max_clamp,1
C08,FD001,primary,37,C08_FD001_8468e13b7f2c_seed_37,outputs/c08_final_8468e13,8468e13b7f2c7c3d937f0b4de6f5198e95e7b0b8,94684685af8a146f8fde8232ff40ed5e71973df4d6ede1e5babefc89af7c9aa2,b6c232606759a8aa945a8800049f6d2812454f6ae0ec1c7d58000dc49fd806c7,725611b9812fdb8f8fb1d207a2ed24271d4b51fbf7fa0c0e8c0d3f7fbe19228d,ridge,0.1,mean_width,73.07232912978932,73.07232912978932,73.07232912978934,2000,0.95,125.0,100,True,20,19,19,19,19,1.0,0.0,interior,legacy_max_clamp,1
C08,FD001,primary,37,C08_FD001_8468e13b7f2c_seed_37,outputs/c08_final_8468e13,8468e13b7f2c7c3d937f0b4de6f5198e95e7b0b8,94684685af8a146f8fde8232ff40ed5e71973df4d6ede1e5babefc89af7c9aa2,b6c232606759a8aa945a8800049f6d2812454f6ae0ec1c7d58000dc49fd806c7,725611b9812fdb8f8fb1d207a2ed24271d4b51fbf7fa0c0e8c0d3f7fbe19228d,ridge,0.1,normalized_interval_score,0.6222609758603321,0.5874050731127795,0.6801387430183536,2000,0.95,125.0,100,True,20,19,19,19,19,1.0,0.0,interior,legacy_max_clamp,1
C08,FD001,primary,37,C08_FD001_8468e13b7f2c_seed_37,outputs/c08_final_8468e13,8468e13b7f2c7c3d937f0b4de6f5198e95e7b0b8,94684685af8a146f8fde8232ff40ed5e71973df4d6ede1e5babefc89af7c9aa2,b6c232606759a8aa945a8800049f6d2812454f6ae0ec1c7d58000dc49fd806c7,725611b9812fdb8f8fb1d207a2ed24271d4b51fbf7fa0c0e8c0d3f7fbe19228d,ridge,0.05,coverage,0.96,0.92,0.99,2000,0.95,125.0,100,True,20,20,21,20,20,0.96,0.04,finite_quantile_unattainable|max_statistic,legacy_max_clamp,1
C08,FD001,primary,37,C08_FD001_8468e13b7f2c_seed_37,outputs/c08_final_8468e13,8468e13b7f2c7c3d937f0b4de6f5198e95e7b0b8,94684685af8a146f8fde8232ff40ed5e71973df4d6ede1e5babefc89af7c9aa2,b6c232606759a8aa945a8800049f6d2812454f6ae0ec1c7d58000dc49fd806c7,725611b9812fdb8f8fb1d207a2ed24271d4b51fbf7fa0c0e8c0d3f7fbe19228d,ridge,0.05,mean_width,73.959225391545,73.95922539154499,73.959225391545,2000,0.95,125.0,100,True,20,20,21,20,20,0.96,0.04,finite_quantile_unattainable|max_statistic,legacy_max_clamp,1
C08,FD001,primary,37,C08_FD001_8468e13b7f2c_seed_37,outputs/c08_final_8468e13,8468e13b7f2c7c3d937f0b4de6f5198e95e7b0b8,94684685af8a146f8fde8232ff40ed5e71973df4d6ede1e5babefc89af7c9aa2,b6c232606759a8aa945a8800049f6d2812454f6ae0ec1c7d58000dc49fd806c7,725611b9812fdb8f8fb1d207a2ed24271d4b51fbf7fa0c0e8c0d3f7fbe19228d,ridge,0.05,normalized_interval_score,0.6605011959439056,0.5958082479843266,0.7721530252511272,2000,0.95,125.0,100,True,20,20,21,20,20,0.96,0.04,finite_quantile_unattainable|max_statistic,legacy_max_clamp,1
C08,FD001,primary,37,C08_FD001_8468e13b7f2c_seed_37,outputs/c08_final_8468e13,8468e13b7f2c7c3d937f0b4de6f5198e95e7b0b8,94684685af8a146f8fde8232ff40ed5e71973df4d6ede1e5babefc89af7c9aa2,b6c232606759a8aa945a8800049f6d2812454f6ae0ec1c7d58000dc49fd806c7,725611b9812fdb8f8fb1d207a2ed24271d4b51fbf7fa0c0e8c0d3f7fbe19228d,hist_gradient_boosting,0.1,coverage,0.95,0.9,0.99,2000,0.95,125.0,100,True,20,18,19,18,19,1.0,0.0,interior,legacy_max_clamp,2
C08,FD001,primary,37,C08_FD001_8468e13b7f2c_seed_37,outputs/c08_final_8468e13,8468e13b7f2c7c3d937f0b4de6f5198e95e7b0b8,94684685af8a146f8fde8232ff40ed5e71973df4d6ede1e5babefc89af7c9aa2,b6c232606759a8aa945a8800049f6d2812454f6ae0ec1c7d58000dc49fd806c7,725611b9812fdb8f8fb1d207a2ed24271d4b51fbf7fa0c0e8c0d3f7fbe19228d,hist_gradient_boosting,0.1,mean_width,67.2055937462185,66.45389837103384,67.70985606040485,2000,0.95,125.0,100,True,20,18,19,18,19,1.0,0.0,interior,legacy_max_clamp,2
C08,FD001,primary,37,C08_FD001_8468e13b7f2c_seed_37,outputs/c08_final_8468e13,8468e13b7f2c7c3d937f0b4de6f5198e95e7b0b8,94684685af8a146f8fde8232ff40ed5e71973df4d6ede1e5babefc89af7c9aa2,b6c232606759a8aa945a8800049f6d2812454f6ae0ec1c7d58000dc49fd806c7,725611b9812fdb8f8fb1d207a2ed24271d4b51fbf7fa0c0e8c0d3f7fbe19228d,hist_gradient_boosting,0.1,normalized_interval_score,0.5971839448020158,0.5453170368746422,0.6666629147265416,2000,0.95,125.0,100,True,20,18,19,18,19,1.0,0.0,interior,legacy_max_clamp,2
C08,FD001,primary,37,C08_FD001_8468e13b7f2c_seed_37,outputs/c08_final_8468e13,8468e13b7f2c7c3d937f0b4de6f5198e95e7b0b8,94684685af8a146f8fde8232ff40ed5e71973df4d6ede1e5babefc89af7c9aa2,b6c232606759a8aa945a8800049f6d2812454f6ae0ec1c7d58000dc49fd806c7,725611b9812fdb8f8fb1d207a2ed24271d4b51fbf7fa0c0e8c0d3f7fbe19228d,hist_gradient_boosting,0.05,coverage,0.96,0.92,0.99,2000,0.95,125.0,100,True,20,20,21,20,20,0.98,0.02,finite_quantile_unattainable|max_statistic,legacy_max_clamp,1
C08,FD001,primary,37,C08_FD001_8468e13b7f2c_seed_37,outputs/c08_final_8468e13,8468e13b7f2c7c3d937f0b4de6f5198e95e7b0b8,94684685af8a146f8fde8232ff40ed5e71973df4d6ede1e5babefc89af7c9aa2,b6c232606759a8aa945a8800049f6d2812454f6ae0ec1c7d58000dc49fd806c7,725611b9812fdb8f8fb1d207a2ed24271d4b51fbf7fa0c0e8c0d3f7fbe19228d,hist_gradient_boosting,0.05,mean_width,71.73080476107296,71.73080476107296,71.73080476107296,2000,0.95,125.0,100,True,20,20,21,20,20,0.98,0.02,finite_quantile_unattainable|max_statistic,legacy_max_clamp,1
C08,FD001,primary,37,C08_FD001_8468e13b7f2c_seed_37,outputs/c08_final_8468e13,8468e13b7f2c7c3d937f0b4de6f5198e95e7b0b8,94684685af8a146f8fde8232ff40ed5e71973df4d6ede1e5babefc89af7c9aa2,b6c232606759a8aa945a8800049f6d2812454f6ae0ec1c7d58000dc49fd806c7,725611b9812fdb8f8fb1d207a2ed24271d4b51fbf7fa0c0e8c0d3f7fbe19228d,hist_gradient_boosting,0.05,normalized_interval_score,0.6690601524498889,0.5848552759561401,0.7870478738612339,2000,0.95,125.0,100,True,20,20,21,20,20,0.98,0.02,finite_quantile_unattainable|max_statistic,legacy_max_clamp,1
C08,FD001,primary,73,C08_FD001_8468e13b7f2c_seed_73,outputs/c08_final_8468e13,8468e13b7f2c7c3d937f0b4de6f5198e95e7b0b8,44a7939414f5e85427ca2c4ab1112e2e3ce4ab87bab40d29528e4f7a37583071,d86f784728d229732ea26ca46a2a7031ff074859d76e42e155108bf2ac77512a,d21ddf9a0f14fec2d58ae86404cd16c1b4a29157bf3640566f7bc82ece4bc320,mean,0.1,coverage,0.87,0.8,0.93,2000,0.95,125.0,100,True,20,19,20,19,20,1.0,0.0,interior|max_statistic,legacy_max_clamp,2
C08,FD001,primary,73,C08_FD001_8468e13b7f2c_seed_73,outputs/c08_final_8468e13,8468e13b7f2c7c3d937f0b4de6f5198e95e7b0b8,44a7939414f5e85427ca2c4ab1112e2e3ce4ab87bab40d29528e4f7a37583071,d86f784728d229732ea26ca46a2a7031ff074859d76e42e155108bf2ac77512a,d21ddf9a0f14fec2d58ae86404cd16c1b4a29157bf3640566f7bc82ece4bc320,mean,0.1,mean_width,130.3231841119974,129.0631841119974,131.58318411199738,2000,0.95,125.0,100,True,20,19,20,19,20,1.0,0.0,interior|max_statistic,legacy_max_clamp,2
C08,FD001,primary,73,C08_FD001_8468e13b7f2c_seed_73,outputs/c08_final_8468e13,8468e13b7f2c7c3d937f0b4de6f5198e95e7b0b8,44a7939414f5e85427ca2c4ab1112e2e3ce4ab87bab40d29528e4f7a37583071,d86f784728d229732ea26ca46a2a7031ff074859d76e42e155108bf2ac77512a,d21ddf9a0f14fec2d58ae86404cd16c1b4a29157bf3640566f7bc82ece4bc320,mean,0.1,normalized_interval_score,1.2361854728959791,1.1299374728959792,1.3595494728959792,2000,0.95,125.0,100,True,20,19,20,19,20,1.0,0.0,interior|max_statistic,legacy_max_clamp,2
C08,FD001,primary,73,C08_FD001_8468e13b7f2c_seed_73,outputs/c08_final_8468e13,8468e13b7f2c7c3d937f0b4de6f5198e95e7b0b8,44a7939414f5e85427ca2c4ab1112e2e3ce4ab87bab40d29528e4f7a37583071,d86f784728d229732ea26ca46a2a7031ff074859d76e42e155108bf2ac77512a,d21ddf9a0f14fec2d58ae86404cd16c1b4a29157bf3640566f7bc82ece4bc320,mean,0.05,coverage,0.88,0.81,0.94,2000,0.95,125.0,100,True,20,20,21,20,20,0.31,0.69,finite_quantile_unattainable|max_statistic,legacy_max_clamp,1
C08,FD001,primary,73,C08_FD001_8468e13b7f2c_seed_73,outputs/c08_final_8468e13,8468e13b7f2c7c3d937f0b4de6f5198e95e7b0b8,44a7939414f5e85427ca2c4ab1112e2e3ce4ab87bab40d29528e4f7a37583071,d86f784728d229732ea26ca46a2a7031ff074859d76e42e155108bf2ac77512a,d21ddf9a0f14fec2d58ae86404cd16c1b4a29157bf3640566f7bc82ece4bc320,mean,0.05,mean_width,135.08318411199738,135.08318411199738,135.08318411199738,2000,0.95,125.0,100,True,20,20,21,20,20,0.31,0.69,finite_quantile_unattainable|max_statistic,legacy_max_clamp,1
C08,FD001,primary,73,C08_FD001_8468e13b7f2c_seed_73,outputs/c08_final_8468e13,8468e13b7f2c7c3d937f0b4de6f5198e95e7b0b8,44a7939414f5e85427ca2c4ab1112e2e3ce4ab87bab40d29528e4f7a37583071,d86f784728d229732ea26ca46a2a7031ff074859d76e42e155108bf2ac77512a,d21ddf9a0f14fec2d58ae86404cd16c1b4a29157bf3640566f7bc82ece4bc320,mean,0.05,normalized_interval_score,1.3814654728959792,1.211865472895979,1.5766654728959792,2000,0.95,125.0,100,True,20,20,21,20,20,0.31,0.69,finite_quantile_unattainable|max_statistic,legacy_max_clamp,1
C08,FD001,primary,73,C08_FD001_8468e13b7f2c_seed_73,outputs/c08_final_8468e13,8468e13b7f2c7c3d937f0b4de6f5198e95e7b0b8,44a7939414f5e85427ca2c4ab1112e2e3ce4ab87bab40d29528e4f7a37583071,d86f784728d229732ea26ca46a2a7031ff074859d76e42e155108bf2ac77512a,d21ddf9a0f14fec2d58ae86404cd16c1b4a29157bf3640566f7bc82ece4bc320,ridge,0.1,coverage,0.92,0.86,0.97,2000,0.95,125.0,100,True,20,19,19,19,19,1.0,0.0,interior,legacy_max_clamp,1
C08,FD001,primary,73,C08_FD001_8468e13b7f2c_seed_73,outputs/c08_final_8468e13,8468e13b7f2c7c3d937f0b4de6f5198e95e7b0b8,44a7939414f5e85427ca2c4ab1112e2e3ce4ab87bab40d29528e4f7a37583071,d86f784728d229732ea26ca46a2a7031ff074859d76e42e155108bf2ac77512a,d21ddf9a0f14fec2d58ae86404cd16c1b4a29157bf3640566f7bc82ece4bc320,ridge,0.1,mean_width,63.42192282041391,63.42192282041391,63.42192282041391,2000,0.95,125.0,100,True,20,19,19,19,19,1.0,0.0,interior,legacy_max_clamp,1
C08,FD001,primary,73,C08_FD001_8468e13b7f2c_seed_73,outputs/c08_final_8468e13,8468e13b7f2c7c3d937f0b4de6f5198e95e7b0b8,44a7939414f5e85427ca2c4ab1112e2e3ce4ab87bab40d29528e4f7a37583071,d86f784728d229732ea26ca46a2a7031ff074859d76e42e155108bf2ac77512a,d21ddf9a0f14fec2d58ae86404cd16c1b4a29157bf3640566f7bc82ece4bc320,ridge,0.1,normalized_interval_score,0.6114918602411042,0.5408982057453904,0.7049556082932688,2000,0.95,125.0,100,True,20,19,19,19,19,1.0,0.0,interior,legacy_max_clamp,1
C08,FD001,primary,73,C08_FD001_8468e13b7f2c_seed_73,outputs/c08_final_8468e13,8468e13b7f2c7c3d937f0b4de6f5198e95e7b0b8,44a7939414f5e85427ca2c4ab1112e2e3ce4ab87bab40d29528e4f7a37583071,d86f784728d229732ea26ca46a2a7031ff074859d76e42e155108bf2ac77512a,d21ddf9a0f14fec2d58ae86404cd16c1b4a29157bf3640566f7bc82ece4bc320,ridge,0.05,coverage,0.93,0.88,0.9702499999999986,2000,0.95,125.0,100,True,20,20,21,20,20,0.73,0.27,finite_quantile_unattainable|max_statistic,legacy_max_clamp,1
C08,FD001,primary,73,C08_FD001_8468e13b7f2c_seed_73,outputs/c08_final_8468e13,8468e13b7f2c7c3d937f0b4de6f5198e95e7b0b8,44a7939414f5e85427ca2c4ab1112e2e3ce4ab87bab40d29528e4f7a37583071,d86f784728d229732ea26ca46a2a7031ff074859d76e42e155108bf2ac77512a,d21ddf9a0f14fec2d58ae86404cd16c1b4a29157bf3640566f7bc82ece4bc320,ridge,0.05,mean_width,67.943308082884,67.943308082884,67.94330808288402,2000,0.95,125.0,100,True,20,20,21,20,20,0.73,0.27,finite_quantile_unattainable|max_statistic,legacy_max_clamp,1
C08,FD001,primary,73,C08_FD001_8468e13b7f2c_seed_73,outputs/c08_final_8468e13,8468e13b7f2c7c3d937f0b4de6f5198e95e7b0b8,44a7939414f5e85427ca2c4ab1112e2e3ce4ab87bab40d29528e4f7a37583071,d86f784728d229732ea26ca46a2a7031ff074859d76e42e155108bf2ac77512a,d21ddf9a0f14fec2d58ae86404cd16c1b4a29157bf3640566f7bc82ece4bc320,ridge,0.05,normalized_interval_score,0.6958743056047766,0.5819714281894418,0.855922489841987,2000,0.95,125.0,100,True,20,20,21,20,20,0.73,0.27,finite_quantile_unattainable|max_statistic,legacy_max_clamp,1
C08,FD001,primary,73,C08_FD001_8468e13b7f2c_seed_73,outputs/c08_final_8468e13,8468e13b7f2c7c3d937f0b4de6f5198e95e7b0b8,44a7939414f5e85427ca2c4ab1112e2e3ce4ab87bab40d29528e4f7a37583071,d86f784728d229732ea26ca46a2a7031ff074859d76e42e155108bf2ac77512a,d21ddf9a0f14fec2d58ae86404cd16c1b4a29157bf3640566f7bc82ece4bc320,hist_gradient_boosting,0.1,coverage,0.93,0.88,0.98,2000,0.95,125.0,100,True,20,18,19,18,19,1.0,0.0,interior,legacy_max_clamp,2
C08,FD001,primary,73,C08_FD001_8468e13b7f2c_seed_73,outputs/c08_final_8468e13,8468e13b7f2c7c3d937f0b4de6f5198e95e7b0b8,44a7939414f5e85427ca2c4ab1112e2e3ce4ab87bab40d29528e4f7a37583071,d86f784728d229732ea26ca46a2a7031ff074859d76e42e155108bf2ac77512a,d21ddf9a0f14fec2d58ae86404cd16c1b4a29157bf3640566f7bc82ece4bc320,hist_gradient_boosting,0.1,mean_width,66.31097383027087,65.54388523240678,66.92464470856214,2000,0.95,125.0,100,True,20,18,19,18,19,1.0,0.0,interior,legacy_max_clamp,2
C08,FD001,primary,73,C08_FD001_8468e13b7f2c_seed_73,outputs/c08_final_8468e13,8468e13b7f2c7c3d937f0b4de6f5198e95e7b0b8,44a7939414f5e85427ca2c4ab1112e2e3ce4ab87bab40d29528e4f7a37583071,d86f784728d229732ea26ca46a2a7031ff074859d76e42e155108bf2ac77512a,d21ddf9a0f14fec2d58ae86404cd16c1b4a29157bf3640566f7bc82ece4bc320,hist_gradient_boosting,0.1,normalized_interval_score,0.6061220706962506,0.5412022275502262,0.6900729912928127,2000,0.95,125.0,100,True,20,18,19,18,19,1.0,0.0,interior,legacy_max_clamp,2
C08,FD001,primary,73,C08_FD001_8468e13b7f2c_seed_73,outputs/c08_final_8468e13,8468e13b7f2c7c3d937f0b4de6f5198e95e7b0b8,44a7939414f5e85427ca2c4ab1112e2e3ce4ab87bab40d29528e4f7a37583071,d86f784728d229732ea26ca46a2a7031ff074859d76e42e155108bf2ac77512a,d21ddf9a0f14fec2d58ae86404cd16c1b4a29157bf3640566f7bc82ece4bc320,hist_gradient_boosting,0.05,coverage,0.99,0.97,1.0,2000,0.95,125.0,100,True,20,19,20,19,20,1.0,0.0,interior|max_statistic,legacy_max_clamp,2
C08,FD001,primary,73,C08_FD001_8468e13b7f2c_seed_73,outputs/c08_final_8468e13,8468e13b7f2c7c3d937f0b4de6f5198e95e7b0b8,44a7939414f5e85427ca2c4ab1112e2e3ce4ab87bab40d29528e4f7a37583071,d86f784728d229732ea26ca46a2a7031ff074859d76e42e155108bf2ac77512a,d21ddf9a0f14fec2d58ae86404cd16c1b4a29157bf3640566f7bc82ece4bc320,hist_gradient_boosting,0.05,mean_width,95.9862936899716,95.10604429582065,96.57312661940556,2000,0.95,125.0,100,True,20,19,20,19,20,1.0,0.0,interior|max_statistic,legacy_max_clamp,2
C08,FD001,primary,73,C08_FD001_8468e13b7f2c_seed_73,outputs/c08_final_8468e13,8468e13b7f2c7c3d937f0b4de6f5198e95e7b0b8,44a7939414f5e85427ca2c4ab1112e2e3ce4ab87bab40d29528e4f7a37583071,d86f784728d229732ea26ca46a2a7031ff074859d76e42e155108bf2ac77512a,d21ddf9a0f14fec2d58ae86404cd16c1b4a29157bf3640566f7bc82ece4bc320,hist_gradient_boosting,0.05,normalized_interval_score,0.7858016211447234,0.765543017802037,0.8192768326768891,2000,0.95,125.0,100,True,20,19,20,19,20,1.0,0.0,interior|max_statistic,legacy_max_clamp,2
C08,FD001,primary,101,C08_FD001_8468e13b7f2c_seed_101,outputs/c08_final_8468e13,8468e13b7f2c7c3d937f0b4de6f5198e95e7b0b8,4141544af1d2dd1db2eae48163b356f6c670744959b6a86f370de28f6a7aa3be,f300769e4c4a0a42ec6079a84980dbb0fc57325be1218e89ba6255e38d655e2c,58f18cb2e3bb1e262f561fd1a7bcf988c703dd0de37885ac71a89776d51f0547,mean,0.1,coverage,0.81,0.73,0.88,2000,0.95,125.0,100,True,20,19,21,19,20,0.59,0.41,finite_quantile_unattainable|interior|max_statistic,legacy_max_clamp,2
C08,FD001,primary,101,C08_FD001_8468e13b7f2c_seed_101,outputs/c08_final_8468e13,8468e13b7f2c7c3d937f0b4de6f5198e95e7b0b8,4141544af1d2dd1db2eae48163b356f6c670744959b6a86f370de28f6a7aa3be,f300769e4c4a0a42ec6079a84980dbb0fc57325be1218e89ba6255e38d655e2c,58f18cb2e3bb1e262f561fd1a7bcf988c703dd0de37885ac71a89776d51f0547,mean,0.1,mean_width,124.06938775510207,123.16938775510206,124.96938775510208,2000,0.95,125.0,100,True,20,19,21,19,20,0.59,0.41,finite_quantile_unattainable|interior|max_statistic,legacy_max_clamp,2
C08,FD001,primary,101,C08_FD001_8468e13b7f2c_seed_101,outputs/c08_final_8468e13,8468e13b7f2c7c3d937f0b4de6f5198e95e7b0b8,4141544af1d2dd1db2eae48163b356f6c670744959b6a86f370de28f6a7aa3be,f300769e4c4a0a42ec6079a84980dbb0fc57325be1218e89ba6255e38d655e2c,58f18cb2e3bb1e262f561fd1a7bcf988c703dd0de37885ac71a89776d51f0547,mean,0.1,normalized_interval_score,1.2821551020408164,1.1445551020408167,1.430955102040817,2000,0.95,125.0,100,True,20,19,21,19,20,0.59,0.41,finite_quantile_unattainable|interior|max_statistic,legacy_max_clamp,2
C08,FD001,primary,101,C08_FD001_8468e13b7f2c_seed_101,outputs/c08_final_8468e13,8468e13b7f2c7c3d937f0b4de6f5198e95e7b0b8,4141544af1d2dd1db2eae48163b356f6c670744959b6a86f370de28f6a7aa3be,f300769e4c4a0a42ec6079a84980dbb0fc57325be1218e89ba6255e38d655e2c,58f18cb2e3bb1e262f561fd1a7bcf988c703dd0de37885ac71a89776d51f0547,mean,0.05,coverage,0.81,0.73,0.88,2000,0.95,125.0,100,True,20,20,21,20,20,0.24,0.76,finite_quantile_unattainable|max_statistic,legacy_max_clamp,1
C08,FD001,primary,101,C08_FD001_8468e13b7f2c_seed_101,outputs/c08_final_8468e13,8468e13b7f2c7c3d937f0b4de6f5198e95e7b0b8,4141544af1d2dd1db2eae48163b356f6c670744959b6a86f370de28f6a7aa3be,f300769e4c4a0a42ec6079a84980dbb0fc57325be1218e89ba6255e38d655e2c,58f18cb2e3bb1e262f561fd1a7bcf988c703dd0de37885ac71a89776d51f0547,mean,0.05,mean_width,127.46938775510208,127.46938775510208,127.46938775510208,2000,0.95,125.0,100,True,20,20,21,20,20,0.24,0.76,finite_quantile_unattainable|max_statistic,legacy_max_clamp,1
C08,FD001,primary,101,C08_FD001_8468e13b7f2c_seed_101,outputs/c08_final_8468e13,8468e13b7f2c7c3d937f0b4de6f5198e95e7b0b8,4141544af1d2dd1db2eae48163b356f6c670744959b6a86f370de28f6a7aa3be,f300769e4c4a0a42ec6079a84980dbb0fc57325be1218e89ba6255e38d655e2c,58f18cb2e3bb1e262f561fd1a7bcf988c703dd0de37885ac71a89776d51f0547,mean,0.05,normalized_interval_score,1.5349551020408172,1.2917551020408167,1.7910351020408168,2000,0.95,125.0,100,True,20,20,21,20,20,0.24,0.76,finite_quantile_unattainable|max_statistic,legacy_max_clamp,1
C08,FD001,primary,101,C08_FD001_8468e13b7f2c_seed_101,outputs/c08_final_8468e13,8468e13b7f2c7c3d937f0b4de6f5198e95e7b0b8,4141544af1d2dd1db2eae48163b356f6c670744959b6a86f370de28f6a7aa3be,f300769e4c4a0a42ec6079a84980dbb0fc57325be1218e89ba6255e38d655e2c,58f18cb2e3bb1e262f561fd1a7bcf988c703dd0de37885ac71a89776d51f0547,ridge,0.1,coverage,0.97,0.93,1.0,2000,0.95,125.0,100,True,20,18,19,18,19,1.0,0.0,interior,legacy_max_clamp,2
C08,FD001,primary,101,C08_FD001_8468e13b7f2c_seed_101,outputs/c08_final_8468e13,8468e13b7f2c7c3d937f0b4de6f5198e95e7b0b8,4141544af1d2dd1db2eae48163b356f6c670744959b6a86f370de28f6a7aa3be,f300769e4c4a0a42ec6079a84980dbb0fc57325be1218e89ba6255e38d655e2c,58f18cb2e3bb1e262f561fd1a7bcf988c703dd0de37885ac71a89776d51f0547,ridge,0.1,mean_width,91.32524976977436,89.70203282569531,92.78614501944554,2000,0.95,125.0,100,True,20,18,19,18,19,1.0,0.0,interior,legacy_max_clamp,2
C08,FD001,primary,101,C08_FD001_8468e13b7f2c_seed_101,outputs/c08_final_8468e13,8468e13b7f2c7c3d937f0b4de6f5198e95e7b0b8,4141544af1d2dd1db2eae48163b356f6c670744959b6a86f370de28f6a7aa3be,f300769e4c4a0a42ec6079a84980dbb0fc57325be1218e89ba6255e38d655e2c,58f18cb2e3bb1e262f561fd1a7bcf988c703dd0de37885ac71a89776d51f0547,ridge,0.1,normalized_interval_score,0.747347906607854,0.7241091303818787,0.7814356056243382,2000,0.95,125.0,100,True,20,18,19,18,19,1.0,0.0,interior,legacy_max_clamp,2
C08,FD001,primary,101,C08_FD001_8468e13b7f2c_seed_101,outputs/c08_final_8468e13,8468e13b7f2c7c3d937f0b4de6f5198e95e7b0b8,4141544af1d2dd1db2eae48163b356f6c670744959b6a86f370de28f6a7aa3be,f300769e4c4a0a42ec6079a84980dbb0fc57325be1218e89ba6255e38d655e2c,58f18cb2e3bb1e262f561fd1a7bcf988c703dd0de37885ac71a89776d51f0547,ridge,0.05,coverage,1.0,1.0,1.0,2000,0.95,125.0,100,True,20,19,20,19,20,1.0,0.0,interior|max_statistic,legacy_max_clamp,2
C08,FD001,primary,101,C08_FD001_8468e13b7f2c_seed_101,outputs/c08_final_8468e13,8468e13b7f2c7c3d937f0b4de6f5198e95e7b0b8,4141544af1d2dd1db2eae48163b356f6c670744959b6a86f370de28f6a7aa3be,f300769e4c4a0a42ec6079a84980dbb0fc57325be1218e89ba6255e38d655e2c,58f18cb2e3bb1e262f561fd1a7bcf988c703dd0de37885ac71a89776d51f0547,ridge,0.05,mean_width,102.556504522025,102.34040616644721,102.7365864850065,2000,0.95,125.0,100,True,20,19,20,19,20,1.0,0.0,interior|max_statistic,legacy_max_clamp,2
C08,FD001,primary,101,C08_FD001_8468e13b7f2c_seed_101,outputs/c08_final_8468e13,8468e13b7f2c7c3d937f0b4de6f5198e95e7b0b8,4141544af1d2dd1db2eae48163b356f6c670744959b6a86f370de28f6a7aa3be,f300769e4c4a0a42ec6079a84980dbb0fc57325be1218e89ba6255e38d655e2c,58f18cb2e3bb1e262f561fd1a7bcf988c703dd0de37885ac71a89776d51f0547,ridge,0.05,normalized_interval_score,0.8204520361762,0.8187232493315777,0.821892691880052,2000,0.95,125.0,100,True,20,19,20,19,20,1.0,0.0,interior|max_statistic,legacy_max_clamp,2
C08,FD001,primary,101,C08_FD001_8468e13b7f2c_seed_101,outputs/c08_final_8468e13,8468e13b7f2c7c3d937f0b4de6f5198e95e7b0b8,4141544af1d2dd1db2eae48163b356f6c670744959b6a86f370de28f6a7aa3be,f300769e4c4a0a42ec6079a84980dbb0fc57325be1218e89ba6255e38d655e2c,58f18cb2e3bb1e262f561fd1a7bcf988c703dd0de37885ac71a89776d51f0547,hist_gradient_boosting,0.1,coverage,0.95,0.9,0.99,2000,0.95,125.0,100,True,20,18,19,18,19,1.0,0.0,interior,legacy_max_clamp,2
C08,FD001,primary,101,C08_FD001_8468e13b7f2c_seed_101,outputs/c08_final_8468e13,8468e13b7f2c7c3d937f0b4de6f5198e95e7b0b8,4141544af1d2dd1db2eae48163b356f6c670744959b6a86f370de28f6a7aa3be,f300769e4c4a0a42ec6079a84980dbb0fc57325be1218e89ba6255e38d655e2c,58f18cb2e3bb1e262f561fd1a7bcf988c703dd0de37885ac71a89776d51f0547,hist_gradient_boosting,0.1,mean_width,72.23275196983629,70.6797167978433,73.78578714182927,2000,0.95,125.0,100,True,20,18,19,18,19,1.0,0.0,interior,legacy_max_clamp,2
C08,FD001,primary,101,C08_FD001_8468e13b7f2c_seed_101,outputs/c08_final_8468e13,8468e13b7f2c7c3d937f0b4de6f5198e95e7b0b8,4141544af1d2dd1db2eae48163b356f6c670744959b6a86f370de28f6a7aa3be,f300769e4c4a0a42ec6079a84980dbb0fc57325be1218e89ba6255e38d655e2c,58f18cb2e3bb1e262f561fd1a7bcf988c703dd0de37885ac71a89776d51f0547,hist_gradient_boosting,0.1,normalized_interval_score,0.6309614606215188,0.5849537274209287,0.7043482652487543,2000,0.95,125.0,100,True,20,18,19,18,19,1.0,0.0,interior,legacy_max_clamp,2
C08,FD001,primary,101,C08_FD001_8468e13b7f2c_seed_101,outputs/c08_final_8468e13,8468e13b7f2c7c3d937f0b4de6f5198e95e7b0b8,4141544af1d2dd1db2eae48163b356f6c670744959b6a86f370de28f6a7aa3be,f300769e4c4a0a42ec6079a84980dbb0fc57325be1218e89ba6255e38d655e2c,58f18cb2e3bb1e262f561fd1a7bcf988c703dd0de37885ac71a89776d51f0547,hist_gradient_boosting,0.05,coverage,0.99,0.97,1.0,2000,0.95,125.0,100,True,20,20,20,20,20,1.0,0.0,max_statistic,legacy_max_clamp,1
C08,FD001,primary,101,C08_FD001_8468e13b7f2c_seed_101,outputs/c08_final_8468e13,8468e13b7f2c7c3d937f0b4de6f5198e95e7b0b8,4141544af1d2dd1db2eae48163b356f6c670744959b6a86f370de28f6a7aa3be,f300769e4c4a0a42ec6079a84980dbb0fc57325be1218e89ba6255e38d655e2c,58f18cb2e3bb1e262f561fd1a7bcf988c703dd0de37885ac71a89776d51f0547,hist_gradient_boosting,0.05,mean_width,96.5871753101742,96.5871753101742,96.5871753101742,2000,0.95,125.0,100,True,20,20,20,20,20,1.0,0.0,max_statistic,legacy_max_clamp,1
C08,FD001,primary,101,C08_FD001_8468e13b7f2c_seed_101,outputs/c08_final_8468e13,8468e13b7f2c7c3d937f0b4de6f5198e95e7b0b8,4141544af1d2dd1db2eae48163b356f6c670744959b6a86f370de28f6a7aa3be,f300769e4c4a0a42ec6079a84980dbb0fc57325be1218e89ba6255e38d655e2c,58f18cb2e3bb1e262f561fd1a7bcf988c703dd0de37885ac71a89776d51f0547,hist_gradient_boosting,0.05,normalized_interval_score,0.7729905089563259,0.7726974024813936,0.7735767219061905,2000,0.95,125.0,100,True,20,20,20,20,20,1.0,0.0,max_statistic,legacy_max_clamp,1
C08,FD001,primary,137,C08_FD001_8468e13b7f2c_seed_137,outputs/c08_final_8468e13,8468e13b7f2c7c3d937f0b4de6f5198e95e7b0b8,6d7412be60bfa6a329621318ea485760a1766e36e9a190de0c8af1aff812091e,b3f12acbb1e045338a327ba34b2b1d85bdc1ea2ff2c635f95426412e7c97f661,6c329c4252644f8c48438c74979923bd36ab55f48679ca51bf60bf1ab979ff50,mean,0.1,coverage,0.79,0.71,0.87,2000,0.95,125.0,100,True,20,19,21,19,20,0.43,0.57,finite_quantile_unattainable|interior|max_statistic,legacy_max_clamp,2
C08,FD001,primary,137,C08_FD001_8468e13b7f2c_seed_137,outputs/c08_final_8468e13,8468e13b7f2c7c3d937f0b4de6f5198e95e7b0b8,6d7412be60bfa6a329621318ea485760a1766e36e9a190de0c8af1aff812091e,b3f12acbb1e045338a327ba34b2b1d85bdc1ea2ff2c635f95426412e7c97f661,6c329c4252644f8c48438c74979923bd36ab55f48679ca51bf60bf1ab979ff50,mean,0.1,mean_width,118.05646802677205,117.51646802677206,118.59646802677206,2000,0.95,125.0,100,True,20,19,21,19,20,0.43,0.57,finite_quantile_unattainable|interior|max_statistic,legacy_max_clamp,2
C08,FD001,primary,137,C08_FD001_8468e13b7f2c_seed_137,outputs/c08_final_8468e13,8468e13b7f2c7c3d937f0b4de6f5198e95e7b0b8,6d7412be60bfa6a329621318ea485760a1766e36e9a190de0c8af1aff812091e,b3f12acbb1e045338a327ba34b2b1d85bdc1ea2ff2c635f95426412e7c97f661,6c329c4252644f8c48438c74979923bd36ab55f48679ca51bf60bf1ab979ff50,mean,0.1,normalized_interval_score,1.3428517442141765,1.1831477442141765,1.5307157442141763,2000,0.95,125.0,100,True,20,19,21,19,20,0.43,0.57,finite_quantile_unattainable|interior|max_statistic,legacy_max_clamp,2
C08,FD001,primary,137,C08_FD001_8468e13b7f2c_seed_137,outputs/c08_final_8468e13,8468e13b7f2c7c3d937f0b4de6f5198e95e7b0b8,6d7412be60bfa6a329621318ea485760a1766e36e9a190de0c8af1aff812091e,b3f12acbb1e045338a327ba34b2b1d85bdc1ea2ff2c635f95426412e7c97f661,6c329c4252644f8c48438c74979923bd36ab55f48679ca51bf60bf1ab979ff50,mean,0.05,coverage,0.8,0.72,0.88,2000,0.95,125.0,100,True,20,20,21,20,20,0.24,0.76,finite_quantile_unattainable|max_statistic,legacy_max_clamp,1
C08,FD001,primary,137,C08_FD001_8468e13b7f2c_seed_137,outputs/c08_final_8468e13,8468e13b7f2c7c3d937f0b4de6f5198e95e7b0b8,6d7412be60bfa6a329621318ea485760a1766e36e9a190de0c8af1aff812091e,b3f12acbb1e045338a327ba34b2b1d85bdc1ea2ff2c635f95426412e7c97f661,6c329c4252644f8c48438c74979923bd36ab55f48679ca51bf60bf1ab979ff50,mean,0.05,mean_width,119.79646802677206,119.79646802677206,119.79646802677206,2000,0.95,125.0,100,True,20,20,21,20,20,0.24,0.76,finite_quantile_unattainable|max_statistic,legacy_max_clamp,1
C08,FD001,primary,137,C08_FD001_8468e13b7f2c_seed_137,outputs/c08_final_8468e13,8468e13b7f2c7c3d937f0b4de6f5198e95e7b0b8,6d7412be60bfa6a329621318ea485760a1766e36e9a190de0c8af1aff812091e,b3f12acbb1e045338a327ba34b2b1d85bdc1ea2ff2c635f95426412e7c97f661,6c329c4252644f8c48438c74979923bd36ab55f48679ca51bf60bf1ab979ff50,mean,0.05,normalized_interval_score,1.7199717442141764,1.4095717442141766,2.075171744214176,2000,0.95,125.0,100,True,20,20,21,20,20,0.24,0.76,finite_quantile_unattainable|max_statistic,legacy_max_clamp,1
C08,FD001,primary,137,C08_FD001_8468e13b7f2c_seed_137,outputs/c08_final_8468e13,8468e13b7f2c7c3d937f0b4de6f5198e95e7b0b8,6d7412be60bfa6a329621318ea485760a1766e36e9a190de0c8af1aff812091e,b3f12acbb1e045338a327ba34b2b1d85bdc1ea2ff2c635f95426412e7c97f661,6c329c4252644f8c48438c74979923bd36ab55f48679ca51bf60bf1ab979ff50,ridge,0.1,coverage,0.94,0.89,0.98,2000,0.95,125.0,100,True,20,18,19,18,19,1.0,0.0,interior,legacy_max_clamp,2
C08,FD001,primary,137,C08_FD001_8468e13b7f2c_seed_137,outputs/c08_final_8468e13,8468e13b7f2c7c3d937f0b4de6f5198e95e7b0b8,6d7412be60bfa6a329621318ea485760a1766e36e9a190de0c8af1aff812091e,b3f12acbb1e045338a327ba34b2b1d85bdc1ea2ff2c635f95426412e7c97f661,6c329c4252644f8c48438c74979923bd36ab55f48679ca51bf60bf1ab979ff50,ridge,0.1,mean_width,69.5610770257035,68.33541610768918,70.66417185191638,2000,0.95,125.0,100,True,20,18,19,18,19,1.0,0.0,interior,legacy_max_clamp,2
C08,FD001,primary,137,C08_FD001_8468e13b7f2c_seed_137,outputs/c08_final_8468e13,8468e13b7f2c7c3d937f0b4de6f5198e95e7b0b8,6d7412be60bfa6a329621318ea485760a1766e36e9a190de0c8af1aff812091e,b3f12acbb1e045338a327ba34b2b1d85bdc1ea2ff2c635f95426412e7c97f661,6c329c4252644f8c48438c74979923bd36ab55f48679ca51bf60bf1ab979ff50,ridge,0.1,normalized_interval_score,0.6076867987250273,0.5607109875262528,0.6760037656333262,2000,0.95,125.0,100,True,20,18,19,18,19,1.0,0.0,interior,legacy_max_clamp,2
C08,FD001,primary,137,C08_FD001_8468e13b7f2c_seed_137,outputs/c08_final_8468e13,8468e13b7f2c7c3d937f0b4de6f5198e95e7b0b8,6d7412be60bfa6a329621318ea485760a1766e36e9a190de0c8af1aff812091e,b3f12acbb1e045338a327ba34b2b1d85bdc1ea2ff2c635f95426412e7c97f661,6c329c4252644f8c48438c74979923bd36ab55f48679ca51bf60bf1ab979ff50,ridge,0.05,coverage,0.98,0.95,1.0,2000,0.95,125.0,100,True,20,20,20,20,20,1.0,0.0,max_statistic,legacy_max_clamp,1
C08,FD001,primary,137,C08_FD001_8468e13b7f2c_seed_137,outputs/c08_final_8468e13,8468e13b7f2c7c3d937f0b4de6f5198e95e7b0b8,6d7412be60bfa6a329621318ea485760a1766e36e9a190de0c8af1aff812091e,b3f12acbb1e045338a327ba34b2b1d85bdc1ea2ff2c635f95426412e7c97f661,6c329c4252644f8c48438c74979923bd36ab55f48679ca51bf60bf1ab979ff50,ridge,0.05,mean_width,78.36824502728722,78.36824502728722,78.36824502728722,2000,0.95,125.0,100,True,20,20,20,20,20,1.0,0.0,max_statistic,legacy_max_clamp,1
C08,FD001,primary,137,C08_FD001_8468e13b7f2c_seed_137,outputs/c08_final_8468e13,8468e13b7f2c7c3d937f0b4de6f5198e95e7b0b8,6d7412be60bfa6a329621318ea485760a1766e36e9a190de0c8af1aff812091e,b3f12acbb1e045338a327ba34b2b1d85bdc1ea2ff2c635f95426412e7c97f661,6c329c4252644f8c48438c74979923bd36ab55f48679ca51bf60bf1ab979ff50,ridge,0.05,normalized_interval_score,0.6570713642602454,0.6269459602182977,0.7160842169528093,2000,0.95,125.0,100,True,20,20,20,20,20,1.0,0.0,max_statistic,legacy_max_clamp,1
C08,FD001,primary,137,C08_FD001_8468e13b7f2c_seed_137,outputs/c08_final_8468e13,8468e13b7f2c7c3d937f0b4de6f5198e95e7b0b8,6d7412be60bfa6a329621318ea485760a1766e36e9a190de0c8af1aff812091e,b3f12acbb1e045338a327ba34b2b1d85bdc1ea2ff2c635f95426412e7c97f661,6c329c4252644f8c48438c74979923bd36ab55f48679ca51bf60bf1ab979ff50,hist_gradient_boosting,0.1,coverage,0.94,0.89,0.98,2000,0.95,125.0,100,True,20,18,19,18,19,1.0,0.0,interior,legacy_max_clamp,2
C08,FD001,primary,137,C08_FD001_8468e13b7f2c_seed_137,outputs/c08_final_8468e13,8468e13b7f2c7c3d937f0b4de6f5198e95e7b0b8,6d7412be60bfa6a329621318ea485760a1766e36e9a190de0c8af1aff812091e,b3f12acbb1e045338a327ba34b2b1d85bdc1ea2ff2c635f95426412e7c97f661,6c329c4252644f8c48438c74979923bd36ab55f48679ca51bf60bf1ab979ff50,hist_gradient_boosting,0.1,mean_width,58.48383948021751,58.164446082840996,58.80323287759403,2000,0.95,125.0,100,True,20,18,19,18,19,1.0,0.0,interior,legacy_max_clamp,2
C08,FD001,primary,137,C08_FD001_8468e13b7f2c_seed_137,outputs/c08_final_8468e13,8468e13b7f2c7c3d937f0b4de6f5198e95e7b0b8,6d7412be60bfa6a329621318ea485760a1766e36e9a190de0c8af1aff812091e,b3f12acbb1e045338a327ba34b2b1d85bdc1ea2ff2c635f95426412e7c97f661,6c329c4252644f8c48438c74979923bd36ab55f48679ca51bf60bf1ab979ff50,hist_gradient_boosting,0.1,normalized_interval_score,0.5347313386225969,0.47600816302521604,0.62917155798614,2000,0.95,125.0,100,True,20,18,19,18,19,1.0,0.0,interior,legacy_max_clamp,2
C08,FD001,primary,137,C08_FD001_8468e13b7f2c_seed_137,outputs/c08_final_8468e13,8468e13b7f2c7c3d937f0b4de6f5198e95e7b0b8,6d7412be60bfa6a329621318ea485760a1766e36e9a190de0c8af1aff812091e,b3f12acbb1e045338a327ba34b2b1d85bdc1ea2ff2c635f95426412e7c97f661,6c329c4252644f8c48438c74979923bd36ab55f48679ca51bf60bf1ab979ff50,hist_gradient_boosting,0.05,coverage,0.99,0.97,1.0,2000,0.95,125.0,100,True,20,20,20,20,20,1.0,0.0,max_statistic,legacy_max_clamp,1
C08,FD001,primary,137,C08_FD001_8468e13b7f2c_seed_137,outputs/c08_final_8468e13,8468e13b7f2c7c3d937f0b4de6f5198e95e7b0b8,6d7412be60bfa6a329621318ea485760a1766e36e9a190de0c8af1aff812091e,b3f12acbb1e045338a327ba34b2b1d85bdc1ea2ff2c635f95426412e7c97f661,6c329c4252644f8c48438c74979923bd36ab55f48679ca51bf60bf1ab979ff50,hist_gradient_boosting,0.05,mean_width,68.16806865763317,68.16806865763317,68.16806865763317,2000,0.95,125.0,100,True,20,20,20,20,20,1.0,0.0,max_statistic,legacy_max_clamp,1
C08,FD001,primary,137,C08_FD001_8468e13b7f2c_seed_137,outputs/c08_final_8468e13,8468e13b7f2c7c3d937f0b4de6f5198e95e7b0b8,6d7412be60bfa6a329621318ea485760a1766e36e9a190de0c8af1aff812091e,b3f12acbb1e045338a327ba34b2b1d85bdc1ea2ff2c635f95426412e7c97f661,6c329c4252644f8c48438c74979923bd36ab55f48679ca51bf60bf1ab979ff50,hist_gradient_boosting,0.05,normalized_interval_score,0.6121412940045675,0.5453445492610653,0.7457347834915717,2000,0.95,125.0,100,True,20,20,20,20,20,1.0,0.0,max_statistic,legacy_max_clamp,1
C08,FD002,primary,13,C08_FD002_8468e13b7f2c_seed_13,outputs/c08_final_8468e13,8468e13b7f2c7c3d937f0b4de6f5198e95e7b0b8,f60e0de8aa48b2687272a1e9bedc9005af72c0d4d1aa2433c4fc887f2d819d89,fb691009b24ce0863081609b0aa829318eaa16c598033c2659f718770ef582c1,70888406c04b36133a64bc607f9eca6dc7abf0c023c901e66c7f7c29f3316888,mean,0.1,coverage,0.7915057915057915,0.7413127413127413,0.8416988416988417,2000,0.95,125.0,259,True,20,19,21,19,20,0.16988416988416988,0.8301158301158301,finite_quantile_unattainable|interior|max_statistic,legacy_max_clamp,2
C08,FD002,primary,13,C08_FD002_8468e13b7f2c_seed_13,outputs/c08_final_8468e13,8468e13b7f2c7c3d937f0b4de6f5198e95e7b0b8,f60e0de8aa48b2687272a1e9bedc9005af72c0d4d1aa2433c4fc887f2d819d89,fb691009b24ce0863081609b0aa829318eaa16c598033c2659f718770ef582c1,70888406c04b36133a64bc607f9eca6dc7abf0c023c901e66c7f7c29f3316888,mean,0.1,mean_width,126.59313577701485,126.46958365346272,126.65491183879091,2000,0.95,125.0,259,True,20,19,21,19,20,0.16988416988416988,0.8301158301158301,finite_quantile_unattainable|interior|max_statistic,legacy_max_clamp,2
C08,FD002,primary,13,C08_FD002_8468e13b7f2c_seed_13,outputs/c08_final_8468e13,8468e13b7f2c7c3d937f0b4de6f5198e95e7b0b8,f60e0de8aa48b2687272a1e9bedc9005af72c0d4d1aa2433c4fc887f2d819d89,fb691009b24ce0863081609b0aa829318eaa16c598033c2659f718770ef582c1,70888406c04b36133a64bc607f9eca6dc7abf0c023c901e66c7f7c29f3316888,mean,0.1,normalized_interval_score,1.3623975958686285,1.2741752020462347,1.4534678661388987,2000,0.95,125.0,259,True,20,19,21,19,20,0.16988416988416988,0.8301158301158301,finite_quantile_unattainable|interior|max_statistic,legacy_max_clamp,2
C08,FD002,primary,13,C08_FD002_8468e13b7f2c_seed_13,outputs/c08_final_8468e13,8468e13b7f2c7c3d937f0b4de6f5198e95e7b0b8,f60e0de8aa48b2687272a1e9bedc9005af72c0d4d1aa2433c4fc887f2d819d89,fb691009b24ce0863081609b0aa829318eaa16c598033c2659f718770ef582c1,70888406c04b36133a64bc607f9eca6dc7abf0c023c901e66c7f7c29f3316888,mean,0.05,coverage,0.7915057915057915,0.7413127413127413,0.8416988416988417,2000,0.95,125.0,259,True,20,20,21,20,20,0.003861003861003861,0.9961389961389961,finite_quantile_unattainable|max_statistic,legacy_max_clamp,1
C08,FD002,primary,13,C08_FD002_8468e13b7f2c_seed_13,outputs/c08_final_8468e13,8468e13b7f2c7c3d937f0b4de6f5198e95e7b0b8,f60e0de8aa48b2687272a1e9bedc9005af72c0d4d1aa2433c4fc887f2d819d89,fb691009b24ce0863081609b0aa829318eaa16c598033c2659f718770ef582c1,70888406c04b36133a64bc607f9eca6dc7abf0c023c901e66c7f7c29f3316888,mean,0.05,mean_width,126.65491183879091,126.65491183879091,126.65491183879091,2000,0.95,125.0,259,True,20,20,21,20,20,0.003861003861003861,0.9961389961389961,finite_quantile_unattainable|max_statistic,legacy_max_clamp,1
C08,FD002,primary,13,C08_FD002_8468e13b7f2c_seed_13,outputs/c08_final_8468e13,8468e13b7f2c7c3d937f0b4de6f5198e95e7b0b8,f60e0de8aa48b2687272a1e9bedc9005af72c0d4d1aa2433c4fc887f2d819d89,fb691009b24ce0863081609b0aa829318eaa16c598033c2659f718770ef582c1,70888406c04b36133a64bc607f9eca6dc7abf0c023c901e66c7f7c29f3316888,mean,0.05,normalized_interval_score,1.7026601441311766,1.5296562831273157,1.881841611312644,2000,0.95,125.0,259,True,20,20,21,20,20,0.003861003861003861,0.9961389961389961,finite_quantile_unattainable|max_statistic,legacy_max_clamp,1
C08,FD002,primary,13,C08_FD002_8468e13b7f2c_seed_13,outputs/c08_final_8468e13,8468e13b7f2c7c3d937f0b4de6f5198e95e7b0b8,f60e0de8aa48b2687272a1e9bedc9005af72c0d4d1aa2433c4fc887f2d819d89,fb691009b24ce0863081609b0aa829318eaa16c598033c2659f718770ef582c1,70888406c04b36133a64bc607f9eca6dc7abf0c023c901e66c7f7c29f3316888,ridge,0.1,coverage,0.3436293436293436,0.2857142857142857,0.39777992277992225,2000,0.95,125.0,259,True,20,19,21,19,20,0.04633204633204633,0.9536679536679536,finite_quantile_unattainable|interior|max_statistic,legacy_max_clamp,2
C08,FD002,primary,13,C08_FD002_8468e13b7f2c_seed_13,outputs/c08_final_8468e13,8468e13b7f2c7c3d937f0b4de6f5198e95e7b0b8,f60e0de8aa48b2687272a1e9bedc9005af72c0d4d1aa2433c4fc887f2d819d89,fb691009b24ce0863081609b0aa829318eaa16c598033c2659f718770ef582c1,70888406c04b36133a64bc607f9eca6dc7abf0c023c901e66c7f7c29f3316888,ridge,0.1,mean_width,77.83589270513318,77.80550041263808,77.85108885138071,2000,0.95,125.0,259,True,20,19,21,19,20,0.04633204633204633,0.9536679536679536,finite_quantile_unattainable|interior|max_statistic,legacy_max_clamp,2
C08,FD002,primary,13,C08_FD002_8468e13b7f2c_seed_13,outputs/c08_final_8468e13,8468e13b7f2c7c3d937f0b4de6f5198e95e7b0b8,f60e0de8aa48b2687272a1e9bedc9005af72c0d4d1aa2433c4fc887f2d819d89,fb691009b24ce0863081609b0aa829318eaa16c598033c2659f718770ef582c1,70888406c04b36133a64bc607f9eca6dc7abf0c023c901e66c7f7c29f3316888,ridge,0.1,normalized_interval_score,6.211953766241343,5.574046408613855,6.856705698361717,2000,0.95,125.0,259,True,20,19,21,19,20,0.04633204633204633,0.9536679536679536,finite_quantile_unattainable|interior|max_statistic,legacy_max_clamp,2
C08,FD002,primary,13,C08_FD002_8468e13b7f2c_seed_13,outputs/c08_final_8468e13,8468e13b7f2c7c3d937f0b4de6f5198e95e7b0b8,f60e0de8aa48b2687272a1e9bedc9005af72c0d4d1aa2433c4fc887f2d819d89,fb691009b24ce0863081609b0aa829318eaa16c598033c2659f718770ef582c1,70888406c04b36133a64bc607f9eca6dc7abf0c023c901e66c7f7c29f3316888,ridge,0.05,coverage,0.3436293436293436,0.2857142857142857,0.39777992277992225,2000,0.95,125.0,259,True,20,20,21,20,20,0.003861003861003861,0.9961389961389961,finite_quantile_unattainable|max_statistic,legacy_max_clamp,1
C08,FD002,primary,13,C08_FD002_8468e13b7f2c_seed_13,outputs/c08_final_8468e13,8468e13b7f2c7c3d937f0b4de6f5198e95e7b0b8,f60e0de8aa48b2687272a1e9bedc9005af72c0d4d1aa2433c4fc887f2d819d89,fb691009b24ce0863081609b0aa829318eaa16c598033c2659f718770ef582c1,70888406c04b36133a64bc607f9eca6dc7abf0c023c901e66c7f7c29f3316888,ridge,0.05,mean_width,77.85108885138071,77.85108885138071,77.85108885138071,2000,0.95,125.0,259,True,20,20,21,20,20,0.003861003861003861,0.9961389961389961,finite_quantile_unattainable|max_statistic,legacy_max_clamp,1
C08,FD002,primary,13,C08_FD002_8468e13b7f2c_seed_13,outputs/c08_final_8468e13,8468e13b7f2c7c3d937f0b4de6f5198e95e7b0b8,f60e0de8aa48b2687272a1e9bedc9005af72c0d4d1aa2433c4fc887f2d819d89,fb691009b24ce0863081609b0aa829318eaa16c598033c2659f718770ef582c1,70888406c04b36133a64bc607f9eca6dc7abf0c023c901e66c7f7c29f3316888,ridge,0.05,normalized_interval_score,11.79891057661199,10.524141979899245,13.08884317854226,2000,0.95,125.0,259,True,20,20,21,20,20,0.003861003861003861,0.9961389961389961,finite_quantile_unattainable|max_statistic,legacy_max_clamp,1
C08,FD002,primary,13,C08_FD002_8468e13b7f2c_seed_13,outputs/c08_final_8468e13,8468e13b7f2c7c3d937f0b4de6f5198e95e7b0b8,f60e0de8aa48b2687272a1e9bedc9005af72c0d4d1aa2433c4fc887f2d819d89,fb691009b24ce0863081609b0aa829318eaa16c598033c2659f718770ef582c1,70888406c04b36133a64bc607f9eca6dc7abf0c023c901e66c7f7c29f3316888,hist_gradient_boosting,0.1,coverage,0.7374517374517374,0.6871621621621623,0.7915057915057915,2000,0.95,125.0,259,True,20,19,21,19,20,0.16216216216216217,0.8378378378378378,finite_quantile_unattainable|interior|max_statistic,legacy_max_clamp,2
C08,FD002,primary,13,C08_FD002_8468e13b7f2c_seed_13,outputs/c08_final_8468e13,8468e13b7f2c7c3d937f0b4de6f5198e95e7b0b8,f60e0de8aa48b2687272a1e9bedc9005af72c0d4d1aa2433c4fc887f2d819d89,fb691009b24ce0863081609b0aa829318eaa16c598033c2659f718770ef582c1,70888406c04b36133a64bc607f9eca6dc7abf0c023c901e66c7f7c29f3316888,hist_gradient_boosting,0.1,mean_width,82.0268536715937,81.99031392040754,82.05425848498332,2000,0.95,125.0,259,True,20,19,21,19,20,0.16216216216216217,0.8378378378378378,finite_quantile_unattainable|interior|max_statistic,legacy_max_clamp,2
C08,FD002,primary,13,C08_FD002_8468e13b7f2c_seed_13,outputs/c08_final_8468e13,8468e13b7f2c7c3d937f0b4de6f5198e95e7b0b8,f60e0de8aa48b2687272a1e9bedc9005af72c0d4d1aa2433c4fc887f2d819d89,fb691009b24ce0863081609b0aa829318eaa16c598033c2659f718770ef582c1,70888406c04b36133a64bc607f9eca6dc7abf0c023c901e66c7f7c29f3316888,hist_gradient_boosting,0.1,normalized_interval_score,1.062686921332122,0.9573156199158218,1.1719436698139687,2000,0.95,125.0,259,True,20,19,21,19,20,0.16216216216216217,0.8378378378378378,finite_quantile_unattainable|interior|max_statistic,legacy_max_clamp,2
C08,FD002,primary,13,C08_FD002_8468e13b7f2c_seed_13,outputs/c08_final_8468e13,8468e13b7f2c7c3d937f0b4de6f5198e95e7b0b8,f60e0de8aa48b2687272a1e9bedc9005af72c0d4d1aa2433c4fc887f2d819d89,fb691009b24ce0863081609b0aa829318eaa16c598033c2659f718770ef582c1,70888406c04b36133a64bc607f9eca6dc7abf0c023c901e66c7f7c29f3316888,hist_gradient_boosting,0.05,coverage,0.7374517374517374,0.6871621621621623,0.7915057915057915,2000,0.95,125.0,259,True,20,20,21,20,20,0.011583011583011582,0.9884169884169884,finite_quantile_unattainable|max_statistic,legacy_max_clamp,1
C08,FD002,primary,13,C08_FD002_8468e13b7f2c_seed_13,outputs/c08_final_8468e13,8468e13b7f2c7c3d937f0b4de6f5198e95e7b0b8,f60e0de8aa48b2687272a1e9bedc9005af72c0d4d1aa2433c4fc887f2d819d89,fb691009b24ce0863081609b0aa829318eaa16c598033c2659f718770ef582c1,70888406c04b36133a64bc607f9eca6dc7abf0c023c901e66c7f7c29f3316888,hist_gradient_boosting,0.05,mean_width,82.05425848498331,82.05425848498331,82.05425848498332,2000,0.95,125.0,259,True,20,20,21,20,20,0.011583011583011582,0.9884169884169884,finite_quantile_unattainable|max_statistic,legacy_max_clamp,1
C08,FD002,primary,13,C08_FD002_8468e13b7f2c_seed_13,outputs/c08_final_8468e13,8468e13b7f2c7c3d937f0b4de6f5198e95e7b0b8,f60e0de8aa48b2687272a1e9bedc9005af72c0d4d1aa2433c4fc887f2d819d89,fb691009b24ce0863081609b0aa829318eaa16c598033c2659f718770ef582c1,70888406c04b36133a64bc607f9eca6dc7abf0c023c901e66c7f7c29f3316888,hist_gradient_boosting,0.05,normalized_interval_score,1.4679166617511652,1.2576121845901909,1.6866594392183656,2000,0.95,125.0,259,True,20,20,21,20,20,0.011583011583011582,0.9884169884169884,finite_quantile_unattainable|max_statistic,legacy_max_clamp,1
C08,FD002,primary,37,C08_FD002_8468e13b7f2c_seed_37,outputs/c08_final_8468e13,8468e13b7f2c7c3d937f0b4de6f5198e95e7b0b8,932ece49b8a11ce509e334e95730c2bc3b5b68c6353827060c574083d997389f,59f8774cf60a580fb04f16bb7f7c423c9745b7c0ab89baddf28d8c762814babe,ee5f28b7cda7c4549310756a6b218d6e761c8fa2ab07e576d4e1ff93c0de8245,mean,0.1,coverage,0.7760617760617761,0.722007722007722,0.822490347490347,2000,0.95,125.0,259,True,20,19,21,19,20,0.11969111969111969,0.8803088803088803,finite_quantile_unattainable|interior|max_statistic,legacy_max_clamp,2
C08,FD002,primary,37,C08_FD002_8468e13b7f2c_seed_37,outputs/c08_final_8468e13,8468e13b7f2c7c3d937f0b4de6f5198e95e7b0b8,932ece49b8a11ce509e334e95730c2bc3b5b68c6353827060c574083d997389f,59f8774cf60a580fb04f16bb7f7c423c9745b7c0ab89baddf28d8c762814babe,ee5f28b7cda7c4549310756a6b218d6e761c8fa2ab07e576d4e1ff93c0de8245,mean,0.1,mean_width,126.94882468393666,126.91793665304863,126.96426869938068,2000,0.95,125.0,259,True,20,19,21,19,20,0.11969111969111969,0.8803088803088803,finite_quantile_unattainable|interior|max_statistic,legacy_max_clamp,2
C08,FD002,primary,37,C08_FD002_8468e13b7f2c_seed_37,outputs/c08_final_8468e13,8468e13b7f2c7c3d937f0b4de6f5198e95e7b0b8,932ece49b8a11ce509e334e95730c2bc3b5b68c6353827060c574083d997389f,59f8774cf60a580fb04f16bb7f7c423c9745b7c0ab89baddf28d8c762814babe,ee5f28b7cda7c4549310756a6b218d6e761c8fa2ab07e576d4e1ff93c0de8245,mean,0.1,normalized_interval_score,1.431343493224389,1.3323689758498716,1.5368600955409915,2000,0.95,125.0,259,True,20,19,21,19,20,0.11969111969111969,0.8803088803088803,finite_quantile_unattainable|interior|max_statistic,legacy_max_clamp,2
C08,FD002,primary,37,C08_FD002_8468e13b7f2c_seed_37,outputs/c08_final_8468e13,8468e13b7f2c7c3d937f0b4de6f5198e95e7b0b8,932ece49b8a11ce509e334e95730c2bc3b5b68c6353827060c574083d997389f,59f8774cf60a580fb04f16bb7f7c423c9745b7c0ab89baddf28d8c762814babe,ee5f28b7cda7c4549310756a6b218d6e761c8fa2ab07e576d4e1ff93c0de8245,mean,0.05,coverage,0.7760617760617761,0.722007722007722,0.822490347490347,2000,0.95,125.0,259,True,20,20,21,20,20,0.003861003861003861,0.9961389961389961,finite_quantile_unattainable|max_statistic,legacy_max_clamp,1
C08,FD002,primary,37,C08_FD002_8468e13b7f2c_seed_37,outputs/c08_final_8468e13,8468e13b7f2c7c3d937f0b4de6f5198e95e7b0b8,932ece49b8a11ce509e334e95730c2bc3b5b68c6353827060c574083d997389f,59f8774cf60a580fb04f16bb7f7c423c9745b7c0ab89baddf28d8c762814babe,ee5f28b7cda7c4549310756a6b218d6e761c8fa2ab07e576d4e1ff93c0de8245,mean,0.05,mean_width,126.96426869938068,126.96426869938068,126.96426869938068,2000,0.95,125.0,259,True,20,20,21,20,20,0.003861003861003861,0.9961389961389961,finite_quantile_unattainable|max_statistic,legacy_max_clamp,1
C08,FD002,primary,37,C08_FD002_8468e13b7f2c_seed_37,outputs/c08_final_8468e13,8468e13b7f2c7c3d937f0b4de6f5198e95e7b0b8,932ece49b8a11ce509e334e95730c2bc3b5b68c6353827060c574083d997389f,59f8774cf60a580fb04f16bb7f7c423c9745b7c0ab89baddf28d8c762814babe,ee5f28b7cda7c4549310756a6b218d6e761c8fa2ab07e576d4e1ff93c0de8245,mean,0.05,normalized_interval_score,1.8447488986297944,1.6470346129155087,2.054818396699292,2000,0.95,125.0,259,True,20,20,21,20,20,0.003861003861003861,0.9961389961389961,finite_quantile_unattainable|max_statistic,legacy_max_clamp,1
C08,FD002,primary,37,C08_FD002_8468e13b7f2c_seed_37,outputs/c08_final_8468e13,8468e13b7f2c7c3d937f0b4de6f5198e95e7b0b8,932ece49b8a11ce509e334e95730c2bc3b5b68c6353827060c574083d997389f,59f8774cf60a580fb04f16bb7f7c423c9745b7c0ab89baddf28d8c762814babe,ee5f28b7cda7c4549310756a6b218d6e761c8fa2ab07e576d4e1ff93c0de8245,ridge,0.1,coverage,0.3127413127413127,0.2625482625482625,0.3667953667953668,2000,0.95,125.0,259,True,20,19,21,19,20,0.04633204633204633,0.9536679536679536,finite_quantile_unattainable|interior|max_statistic,legacy_max_clamp,2
C08,FD002,primary,37,C08_FD002_8468e13b7f2c_seed_37,outputs/c08_final_8468e13,8468e13b7f2c7c3d937f0b4de6f5198e95e7b0b8,932ece49b8a11ce509e334e95730c2bc3b5b68c6353827060c574083d997389f,59f8774cf60a580fb04f16bb7f7c423c9745b7c0ab89baddf28d8c762814babe,ee5f28b7cda7c4549310756a6b218d6e761c8fa2ab07e576d4e1ff93c0de8245,ridge,0.1,mean_width,73.95580108165404,73.94895246187215,73.959225391545,2000,0.95,125.0,259,True,20,19,21,19,20,0.04633204633204633,0.9536679536679536,finite_quantile_unattainable|interior|max_statistic,legacy_max_clamp,2
C08,FD002,primary,37,C08_FD002_8468e13b7f2c_seed_37,outputs/c08_final_8468e13,8468e13b7f2c7c3d937f0b4de6f5198e95e7b0b8,932ece49b8a11ce509e334e95730c2bc3b5b68c6353827060c574083d997389f,59f8774cf60a580fb04f16bb7f7c423c9745b7c0ab89baddf28d8c762814babe,ee5f28b7cda7c4549310756a6b218d6e761c8fa2ab07e576d4e1ff93c0de8245,ridge,0.1,normalized_interval_score,6.6346254902182515,5.953418058512986,7.2944875884771605,2000,0.95,125.0,259,True,20,19,21,19,20,0.04633204633204633,0.9536679536679536,finite_quantile_unattainable|interior|max_statistic,legacy_max_clamp,2
C08,FD002,primary,37,C08_FD002_8468e13b7f2c_seed_37,outputs/c08_final_8468e13,8468e13b7f2c7c3d937f0b4de6f5198e95e7b0b8,932ece49b8a11ce509e334e95730c2bc3b5b68c6353827060c574083d997389f,59f8774cf60a580fb04f16bb7f7c423c9745b7c0ab89baddf28d8c762814babe,ee5f28b7cda7c4549310756a6b218d6e761c8fa2ab07e576d4e1ff93c0de8245,ridge,0.05,coverage,0.3127413127413127,0.2625482625482625,0.3667953667953668,2000,0.95,125.0,259,True,20,20,21,20,20,0.003861003861003861,0.9961389961389961,finite_quantile_unattainable|max_statistic,legacy_max_clamp,1
C08,FD002,primary,37,C08_FD002_8468e13b7f2c_seed_37,outputs/c08_final_8468e13,8468e13b7f2c7c3d937f0b4de6f5198e95e7b0b8,932ece49b8a11ce509e334e95730c2bc3b5b68c6353827060c574083d997389f,59f8774cf60a580fb04f16bb7f7c423c9745b7c0ab89baddf28d8c762814babe,ee5f28b7cda7c4549310756a6b218d6e761c8fa2ab07e576d4e1ff93c0de8245,ridge,0.05,mean_width,73.959225391545,73.959225391545,73.959225391545,2000,0.95,125.0,259,True,20,20,21,20,20,0.003861003861003861,0.9961389961389961,finite_quantile_unattainable|max_statistic,legacy_max_clamp,1
C08,FD002,primary,37,C08_FD002_8468e13b7f2c_seed_37,outputs/c08_final_8468e13,8468e13b7f2c7c3d937f0b4de6f5198e95e7b0b8,932ece49b8a11ce509e334e95730c2bc3b5b68c6353827060c574083d997389f,59f8774cf60a580fb04f16bb7f7c423c9745b7c0ab89baddf28d8c762814babe,ee5f28b7cda7c4549310756a6b218d6e761c8fa2ab07e576d4e1ff93c0de8245,ridge,0.05,normalized_interval_score,12.677084076679847,11.315137658862396,13.99679594568206,2000,0.95,125.0,259,True,20,20,21,20,20,0.003861003861003861,0.9961389961389961,finite_quantile_unattainable|max_statistic,legacy_max_clamp,1
C08,FD002,primary,37,C08_FD002_8468e13b7f2c_seed_37,outputs/c08_final_8468e13,8468e13b7f2c7c3d937f0b4de6f5198e95e7b0b8,932ece49b8a11ce509e334e95730c2bc3b5b68c6353827060c574083d997389f,59f8774cf60a580fb04f16bb7f7c423c9745b7c0ab89baddf28d8c762814babe,ee5f28b7cda7c4549310756a6b218d6e761c8fa2ab07e576d4e1ff93c0de8245,hist_gradient_boosting,0.1,coverage,0.6486486486486487,0.5907335907335908,0.7065637065637066,2000,0.95,125.0,259,True,20,19,21,19,20,0.05019305019305019,0.9498069498069498,finite_quantile_unattainable|interior|max_statistic,legacy_max_clamp,2
C08,FD002,primary,37,C08_FD002_8468e13b7f2c_seed_37,outputs/c08_final_8468e13,8468e13b7f2c7c3d937f0b4de6f5198e95e7b0b8,932ece49b8a11ce509e334e95730c2bc3b5b68c6353827060c574083d997389f,59f8774cf60a580fb04f16bb7f7c423c9745b7c0ab89baddf28d8c762814babe,ee5f28b7cda7c4549310756a6b218d6e761c8fa2ab07e576d4e1ff93c0de8245,hist_gradient_boosting,0.1,mean_width,71.71671891907629,71.68854723508292,71.73080476107296,2000,0.95,125.0,259,True,20,19,21,19,20,0.05019305019305019,0.9498069498069498,finite_quantile_unattainable|interior|max_statistic,legacy_max_clamp,2
C08,FD002,primary,37,C08_FD002_8468e13b7f2c_seed_37,outputs/c08_final_8468e13,8468e13b7f2c7c3d937f0b4de6f5198e95e7b0b8,932ece49b8a11ce509e334e95730c2bc3b5b68c6353827060c574083d997389f,59f8774cf60a580fb04f16bb7f7c423c9745b7c0ab89baddf28d8c762814babe,ee5f28b7cda7c4549310756a6b218d6e761c8fa2ab07e576d4e1ff93c0de8245,hist_gradient_boosting,0.1,normalized_interval_score,1.3911174302898914,1.2219750131019331,1.5751952001233638,2000,0.95,125.0,259,True,20,19,21,19,20,0.05019305019305019,0.9498069498069498,finite_quantile_unattainable|interior|max_statistic,legacy_max_clamp,2
C08,FD002,primary,37,C08_FD002_8468e13b7f2c_seed_37,outputs/c08_final_8468e13,8468e13b7f2c7c3d937f0b4de6f5198e95e7b0b8,932ece49b8a11ce509e334e95730c2bc3b5b68c6353827060c574083d997389f,59f8774cf60a580fb04f16bb7f7c423c9745b7c0ab89baddf28d8c762814babe,ee5f28b7cda7c4549310756a6b218d6e761c8fa2ab07e576d4e1ff93c0de8245,hist_gradient_boosting,0.05,coverage,0.6486486486486487,0.5907335907335908,0.7065637065637066,2000,0.95,125.0,259,True,20,20,21,20,20,0.003861003861003861,0.9961389961389961,finite_quantile_unattainable|max_statistic,legacy_max_clamp,1
C08,FD002,primary,37,C08_FD002_8468e13b7f2c_seed_37,outputs/c08_final_8468e13,8468e13b7f2c7c3d937f0b4de6f5198e95e7b0b8,932ece49b8a11ce509e334e95730c2bc3b5b68c6353827060c574083d997389f,59f8774cf60a580fb04f16bb7f7c423c9745b7c0ab89baddf28d8c762814babe,ee5f28b7cda7c4549310756a6b218d6e761c8fa2ab07e576d4e1ff93c0de8245,hist_gradient_boosting,0.05,mean_width,71.73080476107296,71.73080476107295,71.73080476107296,2000,0.95,125.0,259,True,20,20,21,20,20,0.003861003861003861,0.9961389961389961,finite_quantile_unattainable|max_statistic,legacy_max_clamp,1
C08,FD002,primary,37,C08_FD002_8468e13b7f2c_seed_37,outputs/c08_final_8468e13,8468e13b7f2c7c3d937f0b4de6f5198e95e7b0b8,932ece49b8a11ce509e334e95730c2bc3b5b68c6353827060c574083d997389f,59f8774cf60a580fb04f16bb7f7c423c9745b7c0ab89baddf28d8c762814babe,ee5f28b7cda7c4549310756a6b218d6e761c8fa2ab07e576d4e1ff93c0de8245,hist_gradient_boosting,0.05,normalized_interval_score,2.2063600612436787,1.8680752268677614,2.573654287307484,2000,0.95,125.0,259,True,20,20,21,20,20,0.003861003861003861,0.9961389961389961,finite_quantile_unattainable|max_statistic,legacy_max_clamp,1
C08,FD002,primary,73,C08_FD002_8468e13b7f2c_seed_73,outputs/c08_final_8468e13,8468e13b7f2c7c3d937f0b4de6f5198e95e7b0b8,48e0718ac62097b2c394c7da184d85436efca39d6de07569904ad0c9fbde5e71,197b900ad934536a06e319c2443df185d13e0445f6ed821eb75bece8362b8207,973068cf8e96476f45dfbe28f7e7920df819089382aaffecc28f158965ecaf8d,mean,0.1,coverage,0.7992277992277992,0.749034749034749,0.8456563706563701,2000,0.95,125.0,259,True,20,19,21,19,20,0.16988416988416988,0.8301158301158301,finite_quantile_unattainable|interior|max_statistic,legacy_max_clamp,2
C08,FD002,primary,73,C08_FD002_8468e13b7f2c_seed_73,outputs/c08_final_8468e13,8468e13b7f2c7c3d937f0b4de6f5198e95e7b0b8,48e0718ac62097b2c394c7da184d85436efca39d6de07569904ad0c9fbde5e71,197b900ad934536a06e319c2443df185d13e0445f6ed821eb75bece8362b8207,973068cf8e96476f45dfbe28f7e7920df819089382aaffecc28f158965ecaf8d,mean,0.1,mean_width,135.02913005794332,134.92102194983522,135.08318411199738,2000,0.95,125.0,259,True,20,19,21,19,20,0.16988416988416988,0.8301158301158301,finite_quantile_unattainable|interior|max_statistic,legacy_max_clamp,2
C08,FD002,primary,73,C08_FD002_8468e13b7f2c_seed_73,outputs/c08_final_8468e13,8468e13b7f2c7c3d937f0b4de6f5198e95e7b0b8,48e0718ac62097b2c394c7da184d85436efca39d6de07569904ad0c9fbde5e71,197b900ad934536a06e319c2443df185d13e0445f6ed821eb75bece8362b8207,973068cf8e96476f45dfbe28f7e7920df819089382aaffecc28f158965ecaf8d,mean,0.1,normalized_interval_score,1.330426090656597,1.2641403763708825,1.4022762837067901,2000,0.95,125.0,259,True,20,19,21,19,20,0.16988416988416988,0.8301158301158301,finite_quantile_unattainable|interior|max_statistic,legacy_max_clamp,2
C08,FD002,primary,73,C08_FD002_8468e13b7f2c_seed_73,outputs/c08_final_8468e13,8468e13b7f2c7c3d937f0b4de6f5198e95e7b0b8,48e0718ac62097b2c394c7da184d85436efca39d6de07569904ad0c9fbde5e71,197b900ad934536a06e319c2443df185d13e0445f6ed821eb75bece8362b8207,973068cf8e96476f45dfbe28f7e7920df819089382aaffecc28f158965ecaf8d,mean,0.05,coverage,0.7992277992277992,0.749034749034749,0.8456563706563701,2000,0.95,125.0,259,True,20,20,21,20,20,0.003861003861003861,0.9961389961389961,finite_quantile_unattainable|max_statistic,legacy_max_clamp,1
C08,FD002,primary,73,C08_FD002_8468e13b7f2c_seed_73,outputs/c08_final_8468e13,8468e13b7f2c7c3d937f0b4de6f5198e95e7b0b8,48e0718ac62097b2c394c7da184d85436efca39d6de07569904ad0c9fbde5e71,197b900ad934536a06e319c2443df185d13e0445f6ed821eb75bece8362b8207,973068cf8e96476f45dfbe28f7e7920df819089382aaffecc28f158965ecaf8d,mean,0.05,mean_width,135.08318411199738,135.08318411199738,135.08318411199738,2000,0.95,125.0,259,True,20,20,21,20,20,0.003861003861003861,0.9961389961389961,finite_quantile_unattainable|max_statistic,legacy_max_clamp,1
C08,FD002,primary,73,C08_FD002_8468e13b7f2c_seed_73,outputs/c08_final_8468e13,8468e13b7f2c7c3d937f0b4de6f5198e95e7b0b8,48e0718ac62097b2c394c7da184d85436efca39d6de07569904ad0c9fbde5e71,197b900ad934536a06e319c2443df185d13e0445f6ed821eb75bece8362b8207,973068cf8e96476f45dfbe28f7e7920df819089382aaffecc28f158965ecaf8d,mean,0.05,normalized_interval_score,1.572402924633431,1.4414067856372919,1.7132523454828517,2000,0.95,125.0,259,True,20,20,21,20,20,0.003861003861003861,0.9961389961389961,finite_quantile_unattainable|max_statistic,legacy_max_clamp,1
C08,FD002,primary,73,C08_FD002_8468e13b7f2c_seed_73,outputs/c08_final_8468e13,8468e13b7f2c7c3d937f0b4de6f5198e95e7b0b8,48e0718ac62097b2c394c7da184d85436efca39d6de07569904ad0c9fbde5e71,197b900ad934536a06e319c2443df185d13e0445f6ed821eb75bece8362b8207,973068cf8e96476f45dfbe28f7e7920df819089382aaffecc28f158965ecaf8d,ridge,0.1,coverage,0.30115830115830117,0.2470077220077222,0.3552123552123552,2000,0.95,125.0,259,True,20,19,21,19,20,0.04633204633204633,0.9536679536679536,finite_quantile_unattainable|interior|max_statistic,legacy_max_clamp,2
C08,FD002,primary,73,C08_FD002_8468e13b7f2c_seed_73,outputs/c08_final_8468e13,8468e13b7f2c7c3d937f0b4de6f5198e95e7b0b8,48e0718ac62097b2c394c7da184d85436efca39d6de07569904ad0c9fbde5e71,197b900ad934536a06e319c2443df185d13e0445f6ed821eb75bece8362b8207,973068cf8e96476f45dfbe28f7e7920df819089382aaffecc28f158965ecaf8d,ridge,0.1,mean_width,67.92585099692853,67.89093682501755,67.94330808288399,2000,0.95,125.0,259,True,20,19,21,19,20,0.04633204633204633,0.9536679536679536,finite_quantile_unattainable|interior|max_statistic,legacy_max_clamp,2
C08,FD002,primary,73,C08_FD002_8468e13b7f2c_seed_73,outputs/c08_final_8468e13,8468e13b7f2c7c3d937f0b4de6f5198e95e7b0b8,48e0718ac62097b2c394c7da184d85436efca39d6de07569904ad0c9fbde5e71,197b900ad934536a06e319c2443df185d13e0445f6ed821eb75bece8362b8207,973068cf8e96476f45dfbe28f7e7920df819089382aaffecc28f158965ecaf8d,ridge,0.1,normalized_interval_score,6.791061671994107,6.123656792544591,7.436815742911014,2000,0.95,125.0,259,True,20,19,21,19,20,0.04633204633204633,0.9536679536679536,finite_quantile_unattainable|interior|max_statistic,legacy_max_clamp,2
C08,FD002,primary,73,C08_FD002_8468e13b7f2c_seed_73,outputs/c08_final_8468e13,8468e13b7f2c7c3d937f0b4de6f5198e95e7b0b8,48e0718ac62097b2c394c7da184d85436efca39d6de07569904ad0c9fbde5e71,197b900ad934536a06e319c2443df185d13e0445f6ed821eb75bece8362b8207,973068cf8e96476f45dfbe28f7e7920df819089382aaffecc28f158965ecaf8d,ridge,0.05,coverage,0.30115830115830117,0.2470077220077222,0.3552123552123552,2000,0.95,125.0,259,True,20,20,21,20,20,0.003861003861003861,0.9961389961389961,finite_quantile_unattainable|max_statistic,legacy_max_clamp,1
C08,FD002,primary,73,C08_FD002_8468e13b7f2c_seed_73,outputs/c08_final_8468e13,8468e13b7f2c7c3d937f0b4de6f5198e95e7b0b8,48e0718ac62097b2c394c7da184d85436efca39d6de07569904ad0c9fbde5e71,197b900ad934536a06e319c2443df185d13e0445f6ed821eb75bece8362b8207,973068cf8e96476f45dfbe28f7e7920df819089382aaffecc28f158965ecaf8d,ridge,0.05,mean_width,67.94330808288399,67.94330808288399,67.94330808288399,2000,0.95,125.0,259,True,20,20,21,20,20,0.003861003861003861,0.9961389961389961,finite_quantile_unattainable|max_statistic,legacy_max_clamp,1
C08,FD002,primary,73,C08_FD002_8468e13b7f2c_seed_73,outputs/c08_final_8468e13,8468e13b7f2c7c3d937f0b4de6f5198e95e7b0b8,48e0718ac62097b2c394c7da184d85436efca39d6de07569904ad0c9fbde5e71,197b900ad934536a06e319c2443df185d13e0445f6ed821eb75bece8362b8207,973068cf8e96476f45dfbe28f7e7920df819089382aaffecc28f158965ecaf8d,ridge,0.05,normalized_interval_score,13.036063058947546,11.700322764112444,14.320244026914535,2000,0.95,125.0,259,True,20,20,21,20,20,0.003861003861003861,0.9961389961389961,finite_quantile_unattainable|max_statistic,legacy_max_clamp,1
C08,FD002,primary,73,C08_FD002_8468e13b7f2c_seed_73,outputs/c08_final_8468e13,8468e13b7f2c7c3d937f0b4de6f5198e95e7b0b8,48e0718ac62097b2c394c7da184d85436efca39d6de07569904ad0c9fbde5e71,197b900ad934536a06e319c2443df185d13e0445f6ed821eb75bece8362b8207,973068cf8e96476f45dfbe28f7e7920df819089382aaffecc28f158965ecaf8d,hist_gradient_boosting,0.1,coverage,0.803088803088803,0.752895752895753,0.8532818532818532,2000,0.95,125.0,259,True,20,19,21,19,20,0.3088803088803089,0.6911196911196911,finite_quantile_unattainable|interior|max_statistic,legacy_max_clamp,2
C08,FD002,primary,73,C08_FD002_8468e13b7f2c_seed_73,outputs/c08_final_8468e13,8468e13b7f2c7c3d937f0b4de6f5198e95e7b0b8,48e0718ac62097b2c394c7da184d85436efca39d6de07569904ad0c9fbde5e71,197b900ad934536a06e319c2443df185d13e0445f6ed821eb75bece8362b8207,973068cf8e96476f45dfbe28f7e7920df819089382aaffecc28f158965ecaf8d,hist_gradient_boosting,0.1,mean_width,96.45983840909015,96.23326198845926,96.57312661940558,2000,0.95,125.0,259,True,20,19,21,19,20,0.3088803088803089,0.6911196911196911,finite_quantile_unattainable|interior|max_statistic,legacy_max_clamp,2
C08,FD002,primary,73,C08_FD002_8468e13b7f2c_seed_73,outputs/c08_final_8468e13,8468e13b7f2c7c3d937f0b4de6f5198e95e7b0b8,48e0718ac62097b2c394c7da184d85436efca39d6de07569904ad0c9fbde5e71,197b900ad934536a06e319c2443df185d13e0445f6ed821eb75bece8362b8207,973068cf8e96476f45dfbe28f7e7920df819089382aaffecc28f158965ecaf8d,hist_gradient_boosting,0.1,normalized_interval_score,0.9632538095431601,0.9016392757181754,1.0284005789772483,2000,0.95,125.0,259,True,20,19,21,19,20,0.3088803088803089,0.6911196911196911,finite_quantile_unattainable|interior|max_statistic,legacy_max_clamp,2
C08,FD002,primary,73,C08_FD002_8468e13b7f2c_seed_73,outputs/c08_final_8468e13,8468e13b7f2c7c3d937f0b4de6f5198e95e7b0b8,48e0718ac62097b2c394c7da184d85436efca39d6de07569904ad0c9fbde5e71,197b900ad934536a06e319c2443df185d13e0445f6ed821eb75bece8362b8207,973068cf8e96476f45dfbe28f7e7920df819089382aaffecc28f158965ecaf8d,hist_gradient_boosting,0.05,coverage,0.806949806949807,0.7567567567567568,0.8571428571428571,2000,0.95,125.0,259,True,20,20,21,20,20,0.019305019305019305,0.9806949806949807,finite_quantile_unattainable|max_statistic,legacy_max_clamp,1
C08,FD002,primary,73,C08_FD002_8468e13b7f2c_seed_73,outputs/c08_final_8468e13,8468e13b7f2c7c3d937f0b4de6f5198e95e7b0b8,48e0718ac62097b2c394c7da184d85436efca39d6de07569904ad0c9fbde5e71,197b900ad934536a06e319c2443df185d13e0445f6ed821eb75bece8362b8207,973068cf8e96476f45dfbe28f7e7920df819089382aaffecc28f158965ecaf8d,hist_gradient_boosting,0.05,mean_width,96.57312661940558,96.57312661940557,96.57312661940558,2000,0.95,125.0,259,True,20,20,21,20,20,0.019305019305019305,0.9806949806949807,finite_quantile_unattainable|max_statistic,legacy_max_clamp,1
C08,FD002,primary,73,C08_FD002_8468e13b7f2c_seed_73,outputs/c08_final_8468e13,8468e13b7f2c7c3d937f0b4de6f5198e95e7b0b8,48e0718ac62097b2c394c7da184d85436efca39d6de07569904ad0c9fbde5e71,197b900ad934536a06e319c2443df185d13e0445f6ed821eb75bece8362b8207,973068cf8e96476f45dfbe28f7e7920df819089382aaffecc28f158965ecaf8d,hist_gradient_boosting,0.05,normalized_interval_score,1.1546404101295635,1.0307788846051327,1.2856334686113187,2000,0.95,125.0,259,True,20,20,21,20,20,0.019305019305019305,0.9806949806949807,finite_quantile_unattainable|max_statistic,legacy_max_clamp,1
C08,FD002,primary,101,C08_FD002_8468e13b7f2c_seed_101,outputs/c08_final_8468e13,8468e13b7f2c7c3d937f0b4de6f5198e95e7b0b8,76301ed76681bc2a41be1f4e12b81d41107068fe3cc20e7bd9e915c463f25100,90bd3dac10a11359ecc0304aee02ecce1e35c31a19727304f9893ad4420afa63,b1675cdf249d8450d2ce4f644276cca57be13990a993c3398f0172b52fad4cf7,mean,0.1,coverage,0.7876447876447876,0.7374517374517374,0.833976833976834,2000,0.95,125.0,259,True,20,19,21,19,20,0.11969111969111969,0.8803088803088803,finite_quantile_unattainable|interior|max_statistic,legacy_max_clamp,2
C08,FD002,primary,101,C08_FD002_8468e13b7f2c_seed_101,outputs/c08_final_8468e13,8468e13b7f2c7c3d937f0b4de6f5198e95e7b0b8,76301ed76681bc2a41be1f4e12b81d41107068fe3cc20e7bd9e915c463f25100,90bd3dac10a11359ecc0304aee02ecce1e35c31a19727304f9893ad4420afa63,b1675cdf249d8450d2ce4f644276cca57be13990a993c3398f0172b52fad4cf7,mean,0.1,mean_width,127.43077771649203,127.35355763927195,127.46938775510206,2000,0.95,125.0,259,True,20,19,21,19,20,0.11969111969111969,0.8803088803088803,finite_quantile_unattainable|interior|max_statistic,legacy_max_clamp,2
C08,FD002,primary,101,C08_FD002_8468e13b7f2c_seed_101,outputs/c08_final_8468e13,8468e13b7f2c7c3d937f0b4de6f5198e95e7b0b8,76301ed76681bc2a41be1f4e12b81d41107068fe3cc20e7bd9e915c463f25100,90bd3dac10a11359ecc0304aee02ecce1e35c31a19727304f9893ad4420afa63,b1675cdf249d8450d2ce4f644276cca57be13990a993c3398f0172b52fad4cf7,mean,0.1,normalized_interval_score,1.4012222835079982,1.312257032542747,1.5013149476006618,2000,0.95,125.0,259,True,20,19,21,19,20,0.11969111969111969,0.8803088803088803,finite_quantile_unattainable|interior|max_statistic,legacy_max_clamp,2
C08,FD002,primary,101,C08_FD002_8468e13b7f2c_seed_101,outputs/c08_final_8468e13,8468e13b7f2c7c3d937f0b4de6f5198e95e7b0b8,76301ed76681bc2a41be1f4e12b81d41107068fe3cc20e7bd9e915c463f25100,90bd3dac10a11359ecc0304aee02ecce1e35c31a19727304f9893ad4420afa63,b1675cdf249d8450d2ce4f644276cca57be13990a993c3398f0172b52fad4cf7,mean,0.05,coverage,0.7876447876447876,0.7374517374517374,0.833976833976834,2000,0.95,125.0,259,True,20,20,21,20,20,0.003861003861003861,0.9961389961389961,finite_quantile_unattainable|max_statistic,legacy_max_clamp,1
C08,FD002,primary,101,C08_FD002_8468e13b7f2c_seed_101,outputs/c08_final_8468e13,8468e13b7f2c7c3d937f0b4de6f5198e95e7b0b8,76301ed76681bc2a41be1f4e12b81d41107068fe3cc20e7bd9e915c463f25100,90bd3dac10a11359ecc0304aee02ecce1e35c31a19727304f9893ad4420afa63,b1675cdf249d8450d2ce4f644276cca57be13990a993c3398f0172b52fad4cf7,mean,0.05,mean_width,127.46938775510206,127.46938775510206,127.46938775510206,2000,0.95,125.0,259,True,20,20,21,20,20,0.003861003861003861,0.9961389961389961,finite_quantile_unattainable|max_statistic,legacy_max_clamp,1
C08,FD002,primary,101,C08_FD002_8468e13b7f2c_seed_101,outputs/c08_final_8468e13,8468e13b7f2c7c3d937f0b4de6f5198e95e7b0b8,76301ed76681bc2a41be1f4e12b81d41107068fe3cc20e7bd9e915c463f25100,90bd3dac10a11359ecc0304aee02ecce1e35c31a19727304f9893ad4420afa63,b1675cdf249d8450d2ce4f644276cca57be13990a993c3398f0172b52fad4cf7,mean,0.05,normalized_interval_score,1.7771296194153343,1.597979040264755,1.9748439051296196,2000,0.95,125.0,259,True,20,20,21,20,20,0.003861003861003861,0.9961389961389961,finite_quantile_unattainable|max_statistic,legacy_max_clamp,1
C08,FD002,primary,101,C08_FD002_8468e13b7f2c_seed_101,outputs/c08_final_8468e13,8468e13b7f2c7c3d937f0b4de6f5198e95e7b0b8,76301ed76681bc2a41be1f4e12b81d41107068fe3cc20e7bd9e915c463f25100,90bd3dac10a11359ecc0304aee02ecce1e35c31a19727304f9893ad4420afa63,b1675cdf249d8450d2ce4f644276cca57be13990a993c3398f0172b52fad4cf7,ridge,0.1,coverage,0.4015444015444015,0.3436293436293436,0.46332046332046334,2000,0.95,125.0,259,True,20,19,21,19,20,0.04633204633204633,0.9536679536679536,finite_quantile_unattainable|interior|max_statistic,legacy_max_clamp,2
C08,FD002,primary,101,C08_FD002_8468e13b7f2c_seed_101,outputs/c08_final_8468e13,8468e13b7f2c7c3d937f0b4de6f5198e95e7b0b8,76301ed76681bc2a41be1f4e12b81d41107068fe3cc20e7bd9e915c463f25100,90bd3dac10a11359ecc0304aee02ecce1e35c31a19727304f9893ad4420afa63,b1675cdf249d8450d2ce4f644276cca57be13990a993c3398f0172b52fad4cf7,ridge,0.1,mean_width,102.86674611230433,102.83893422612955,102.88065205539169,2000,0.95,125.0,259,True,20,19,21,19,20,0.04633204633204633,0.9536679536679536,finite_quantile_unattainable|interior|max_statistic,legacy_max_clamp,2
C08,FD002,primary,101,C08_FD002_8468e13b7f2c_seed_101,outputs/c08_final_8468e13,8468e13b7f2c7c3d937f0b4de6f5198e95e7b0b8,76301ed76681bc2a41be1f4e12b81d41107068fe3cc20e7bd9e915c463f25100,90bd3dac10a11359ecc0304aee02ecce1e35c31a19727304f9893ad4420afa63,b1675cdf249d8450d2ce4f644276cca57be13990a993c3398f0172b52fad4cf7,ridge,0.1,normalized_interval_score,5.370609820844046,4.813179036749042,5.933451264273556,2000,0.95,125.0,259,True,20,19,21,19,20,0.04633204633204633,0.9536679536679536,finite_quantile_unattainable|interior|max_statistic,legacy_max_clamp,2
C08,FD002,primary,101,C08_FD002_8468e13b7f2c_seed_101,outputs/c08_final_8468e13,8468e13b7f2c7c3d937f0b4de6f5198e95e7b0b8,76301ed76681bc2a41be1f4e12b81d41107068fe3cc20e7bd9e915c463f25100,90bd3dac10a11359ecc0304aee02ecce1e35c31a19727304f9893ad4420afa63,b1675cdf249d8450d2ce4f644276cca57be13990a993c3398f0172b52fad4cf7,ridge,0.05,coverage,0.4015444015444015,0.3436293436293436,0.46332046332046334,2000,0.95,125.0,259,True,20,20,21,20,20,0.003861003861003861,0.9961389961389961,finite_quantile_unattainable|max_statistic,legacy_max_clamp,1
C08,FD002,primary,101,C08_FD002_8468e13b7f2c_seed_101,outputs/c08_final_8468e13,8468e13b7f2c7c3d937f0b4de6f5198e95e7b0b8,76301ed76681bc2a41be1f4e12b81d41107068fe3cc20e7bd9e915c463f25100,90bd3dac10a11359ecc0304aee02ecce1e35c31a19727304f9893ad4420afa63,b1675cdf249d8450d2ce4f644276cca57be13990a993c3398f0172b52fad4cf7,ridge,0.05,mean_width,102.88065205539169,102.88065205539169,102.88065205539169,2000,0.95,125.0,259,True,20,20,21,20,20,0.003861003861003861,0.9961389961389961,finite_quantile_unattainable|max_statistic,legacy_max_clamp,1
C08,FD002,primary,101,C08_FD002_8468e13b7f2c_seed_101,outputs/c08_final_8468e13,8468e13b7f2c7c3d937f0b4de6f5198e95e7b0b8,76301ed76681bc2a41be1f4e12b81d41107068fe3cc20e7bd9e915c463f25100,90bd3dac10a11359ecc0304aee02ecce1e35c31a19727304f9893ad4420afa63,b1675cdf249d8450d2ce4f644276cca57be13990a993c3398f0172b52fad4cf7,ridge,0.05,normalized_interval_score,9.916171969440379,8.803262795659835,11.04047754387785,2000,0.95,125.0,259,True,20,20,21,20,20,0.003861003861003861,0.9961389961389961,finite_quantile_unattainable|max_statistic,legacy_max_clamp,1
C08,FD002,primary,101,C08_FD002_8468e13b7f2c_seed_101,outputs/c08_final_8468e13,8468e13b7f2c7c3d937f0b4de6f5198e95e7b0b8,76301ed76681bc2a41be1f4e12b81d41107068fe3cc20e7bd9e915c463f25100,90bd3dac10a11359ecc0304aee02ecce1e35c31a19727304f9893ad4420afa63,b1675cdf249d8450d2ce4f644276cca57be13990a993c3398f0172b52fad4cf7,hist_gradient_boosting,0.1,coverage,0.749034749034749,0.6988416988416989,0.7992277992277992,2000,0.95,125.0,259,True,20,19,21,19,20,0.05405405405405406,0.9459459459459459,finite_quantile_unattainable|interior|max_statistic,legacy_max_clamp,2
C08,FD002,primary,101,C08_FD002_8468e13b7f2c_seed_101,outputs/c08_final_8468e13,8468e13b7f2c7c3d937f0b4de6f5198e95e7b0b8,76301ed76681bc2a41be1f4e12b81d41107068fe3cc20e7bd9e915c463f25100,90bd3dac10a11359ecc0304aee02ecce1e35c31a19727304f9893ad4420afa63,b1675cdf249d8450d2ce4f644276cca57be13990a993c3398f0172b52fad4cf7,hist_gradient_boosting,0.1,mean_width,96.51379662303079,96.36703924874399,96.58717531017419,2000,0.95,125.0,259,True,20,19,21,19,20,0.05405405405405406,0.9459459459459459,finite_quantile_unattainable|interior|max_statistic,legacy_max_clamp,2
C08,FD002,primary,101,C08_FD002_8468e13b7f2c_seed_101,outputs/c08_final_8468e13,8468e13b7f2c7c3d937f0b4de6f5198e95e7b0b8,76301ed76681bc2a41be1f4e12b81d41107068fe3cc20e7bd9e915c463f25100,90bd3dac10a11359ecc0304aee02ecce1e35c31a19727304f9893ad4420afa63,b1675cdf249d8450d2ce4f644276cca57be13990a993c3398f0172b52fad4cf7,hist_gradient_boosting,0.1,normalized_interval_score,1.4707955877004837,1.2914720482679827,1.6524239783834755,2000,0.95,125.0,259,True,20,19,21,19,20,0.05405405405405406,0.9459459459459459,finite_quantile_unattainable|interior|max_statistic,legacy_max_clamp,2
C08,FD002,primary,101,C08_FD002_8468e13b7f2c_seed_101,outputs/c08_final_8468e13,8468e13b7f2c7c3d937f0b4de6f5198e95e7b0b8,76301ed76681bc2a41be1f4e12b81d41107068fe3cc20e7bd9e915c463f25100,90bd3dac10a11359ecc0304aee02ecce1e35c31a19727304f9893ad4420afa63,b1675cdf249d8450d2ce4f644276cca57be13990a993c3398f0172b52fad4cf7,hist_gradient_boosting,0.05,coverage,0.749034749034749,0.6988416988416989,0.7992277992277992,2000,0.95,125.0,259,True,20,20,21,20,20,0.003861003861003861,0.9961389961389961,finite_quantile_unattainable|max_statistic,legacy_max_clamp,1
C08,FD002,primary,101,C08_FD002_8468e13b7f2c_seed_101,outputs/c08_final_8468e13,8468e13b7f2c7c3d937f0b4de6f5198e95e7b0b8,76301ed76681bc2a41be1f4e12b81d41107068fe3cc20e7bd9e915c463f25100,90bd3dac10a11359ecc0304aee02ecce1e35c31a19727304f9893ad4420afa63,b1675cdf249d8450d2ce4f644276cca57be13990a993c3398f0172b52fad4cf7,hist_gradient_boosting,0.05,mean_width,96.58717531017419,96.58717531017419,96.58717531017419,2000,0.95,125.0,259,True,20,20,21,20,20,0.003861003861003861,0.9961389961389961,finite_quantile_unattainable|max_statistic,legacy_max_clamp,1
C08,FD002,primary,101,C08_FD002_8468e13b7f2c_seed_101,outputs/c08_final_8468e13,8468e13b7f2c7c3d937f0b4de6f5198e95e7b0b8,76301ed76681bc2a41be1f4e12b81d41107068fe3cc20e7bd9e915c463f25100,90bd3dac10a11359ecc0304aee02ecce1e35c31a19727304f9893ad4420afa63,b1675cdf249d8450d2ce4f644276cca57be13990a993c3398f0172b52fad4cf7,hist_gradient_boosting,0.05,normalized_interval_score,2.1583272419709245,1.79926907423978,2.5177592638546744,2000,0.95,125.0,259,True,20,20,21,20,20,0.003861003861003861,0.9961389961389961,finite_quantile_unattainable|max_statistic,legacy_max_clamp,1
C08,FD002,primary,137,C08_FD002_8468e13b7f2c_seed_137,outputs/c08_final_8468e13,8468e13b7f2c7c3d937f0b4de6f5198e95e7b0b8,408b17765a0f96e93d30f313b059e2421719a7e915306c226016e25cea8cbcc9,7f10fad80b84541771250dedf66f4eabb64fd3dfe3d5d3df43e83050856ba871,8ec45e4a5f165037881d3ca3fa405adbd0afbe17731f32b12ad40c41ca5e06d4,mean,0.1,coverage,0.7722007722007722,0.7181467181467182,0.8223938223938224,2000,0.95,125.0,259,True,20,19,21,19,20,0.11969111969111969,0.8803088803088803,finite_quantile_unattainable|interior|max_statistic,legacy_max_clamp,2
C08,FD002,primary,137,C08_FD002_8468e13b7f2c_seed_137,outputs/c08_final_8468e13,8468e13b7f2c7c3d937f0b4de6f5198e95e7b0b8,408b17765a0f96e93d30f313b059e2421719a7e915306c226016e25cea8cbcc9,7f10fad80b84541771250dedf66f4eabb64fd3dfe3d5d3df43e83050856ba871,8ec45e4a5f165037881d3ca3fa405adbd0afbe17731f32b12ad40c41ca5e06d4,mean,0.1,mean_width,119.77330200360603,119.72696995727398,119.79646802677205,2000,0.95,125.0,259,True,20,19,21,19,20,0.11969111969111969,0.8803088803088803,finite_quantile_unattainable|interior|max_statistic,legacy_max_clamp,2
C08,FD002,primary,137,C08_FD002_8468e13b7f2c_seed_137,outputs/c08_final_8468e13,8468e13b7f2c7c3d937f0b4de6f5198e95e7b0b8,408b17765a0f96e93d30f313b059e2421719a7e915306c226016e25cea8cbcc9,7f10fad80b84541771250dedf66f4eabb64fd3dfe3d5d3df43e83050856ba871,8ec45e4a5f165037881d3ca3fa405adbd0afbe17731f32b12ad40c41ca5e06d4,mean,0.1,normalized_interval_score,1.4826651805076123,1.3630003156427475,1.620642014484446,2000,0.95,125.0,259,True,20,19,21,19,20,0.11969111969111969,0.8803088803088803,finite_quantile_unattainable|interior|max_statistic,legacy_max_clamp,2
C08,FD002,primary,137,C08_FD002_8468e13b7f2c_seed_137,outputs/c08_final_8468e13,8468e13b7f2c7c3d937f0b4de6f5198e95e7b0b8,408b17765a0f96e93d30f313b059e2421719a7e915306c226016e25cea8cbcc9,7f10fad80b84541771250dedf66f4eabb64fd3dfe3d5d3df43e83050856ba871,8ec45e4a5f165037881d3ca3fa405adbd0afbe17731f32b12ad40c41ca5e06d4,mean,0.05,coverage,0.7722007722007722,0.7181467181467182,0.8223938223938224,2000,0.95,125.0,259,True,20,20,21,20,20,0.003861003861003861,0.9961389961389961,finite_quantile_unattainable|max_statistic,legacy_max_clamp,1
C08,FD002,primary,137,C08_FD002_8468e13b7f2c_seed_137,outputs/c08_final_8468e13,8468e13b7f2c7c3d937f0b4de6f5198e95e7b0b8,408b17765a0f96e93d30f313b059e2421719a7e915306c226016e25cea8cbcc9,7f10fad80b84541771250dedf66f4eabb64fd3dfe3d5d3df43e83050856ba871,8ec45e4a5f165037881d3ca3fa405adbd0afbe17731f32b12ad40c41ca5e06d4,mean,0.05,mean_width,119.79646802677205,119.79646802677205,119.79646802677205,2000,0.95,125.0,259,True,20,20,21,20,20,0.003861003861003861,0.9961389961389961,finite_quantile_unattainable|max_statistic,legacy_max_clamp,1
C08,FD002,primary,137,C08_FD002_8468e13b7f2c_seed_137,outputs/c08_final_8468e13,8468e13b7f2c7c3d937f0b4de6f5198e95e7b0b8,408b17765a0f96e93d30f313b059e2421719a7e915306c226016e25cea8cbcc9,7f10fad80b84541771250dedf66f4eabb64fd3dfe3d5d3df43e83050856ba871,8ec45e4a5f165037881d3ca3fa405adbd0afbe17731f32b12ad40c41ca5e06d4,mean,0.05,normalized_interval_score,2.0036227094651413,1.765136222978655,2.2755918214342525,2000,0.95,125.0,259,True,20,20,21,20,20,0.003861003861003861,0.9961389961389961,finite_quantile_unattainable|max_statistic,legacy_max_clamp,1
C08,FD002,primary,137,C08_FD002_8468e13b7f2c_seed_137,outputs/c08_final_8468e13,8468e13b7f2c7c3d937f0b4de6f5198e95e7b0b8,408b17765a0f96e93d30f313b059e2421719a7e915306c226016e25cea8cbcc9,7f10fad80b84541771250dedf66f4eabb64fd3dfe3d5d3df43e83050856ba871,8ec45e4a5f165037881d3ca3fa405adbd0afbe17731f32b12ad40c41ca5e06d4,ridge,0.1,coverage,0.3474903474903475,0.28957528957528955,0.40540540540540543,2000,0.95,125.0,259,True,20,19,21,19,20,0.03861003861003861,0.9613899613899614,finite_quantile_unattainable|interior|max_statistic,legacy_max_clamp,2
C08,FD002,primary,137,C08_FD002_8468e13b7f2c_seed_137,outputs/c08_final_8468e13,8468e13b7f2c7c3d937f0b4de6f5198e95e7b0b8,408b17765a0f96e93d30f313b059e2421719a7e915306c226016e25cea8cbcc9,7f10fad80b84541771250dedf66f4eabb64fd3dfe3d5d3df43e83050856ba871,8ec45e4a5f165037881d3ca3fa405adbd0afbe17731f32b12ad40c41ca5e06d4,ridge,0.1,mean_width,78.35033027485348,78.31450076998604,78.3682450272872,2000,0.95,125.0,259,True,20,19,21,19,20,0.03861003861003861,0.9613899613899614,finite_quantile_unattainable|interior|max_statistic,legacy_max_clamp,2
C08,FD002,primary,137,C08_FD002_8468e13b7f2c_seed_137,outputs/c08_final_8468e13,8468e13b7f2c7c3d937f0b4de6f5198e95e7b0b8,408b17765a0f96e93d30f313b059e2421719a7e915306c226016e25cea8cbcc9,7f10fad80b84541771250dedf66f4eabb64fd3dfe3d5d3df43e83050856ba871,8ec45e4a5f165037881d3ca3fa405adbd0afbe17731f32b12ad40c41ca5e06d4,ridge,0.1,normalized_interval_score,6.246078784675676,5.600311524700805,6.885067303689145,2000,0.95,125.0,259,True,20,19,21,19,20,0.03861003861003861,0.9613899613899614,finite_quantile_unattainable|interior|max_statistic,legacy_max_clamp,2
C08,FD002,primary,137,C08_FD002_8468e13b7f2c_seed_137,outputs/c08_final_8468e13,8468e13b7f2c7c3d937f0b4de6f5198e95e7b0b8,408b17765a0f96e93d30f313b059e2421719a7e915306c226016e25cea8cbcc9,7f10fad80b84541771250dedf66f4eabb64fd3dfe3d5d3df43e83050856ba871,8ec45e4a5f165037881d3ca3fa405adbd0afbe17731f32b12ad40c41ca5e06d4,ridge,0.05,coverage,0.3474903474903475,0.28957528957528955,0.40540540540540543,2000,0.95,125.0,259,True,20,20,21,20,20,0.003861003861003861,0.9961389961389961,finite_quantile_unattainable|max_statistic,legacy_max_clamp,1
C08,FD002,primary,137,C08_FD002_8468e13b7f2c_seed_137,outputs/c08_final_8468e13,8468e13b7f2c7c3d937f0b4de6f5198e95e7b0b8,408b17765a0f96e93d30f313b059e2421719a7e915306c226016e25cea8cbcc9,7f10fad80b84541771250dedf66f4eabb64fd3dfe3d5d3df43e83050856ba871,8ec45e4a5f165037881d3ca3fa405adbd0afbe17731f32b12ad40c41ca5e06d4,ridge,0.05,mean_width,78.3682450272872,78.3682450272872,78.3682450272872,2000,0.95,125.0,259,True,20,20,21,20,20,0.003861003861003861,0.9961389961389961,finite_quantile_unattainable|max_statistic,legacy_max_clamp,1
C08,FD002,primary,137,C08_FD002_8468e13b7f2c_seed_137,outputs/c08_final_8468e13,8468e13b7f2c7c3d937f0b4de6f5198e95e7b0b8,408b17765a0f96e93d30f313b059e2421719a7e915306c226016e25cea8cbcc9,7f10fad80b84541771250dedf66f4eabb64fd3dfe3d5d3df43e83050856ba871,8ec45e4a5f165037881d3ca3fa405adbd0afbe17731f32b12ad40c41ca5e06d4,ridge,0.05,normalized_interval_score,11.862631884782598,10.57363779692355,13.13802919845908,2000,0.95,125.0,259,True,20,20,21,20,20,0.003861003861003861,0.9961389961389961,finite_quantile_unattainable|max_statistic,legacy_max_clamp,1
C08,FD002,primary,137,C08_FD002_8468e13b7f2c_seed_137,outputs/c08_final_8468e13,8468e13b7f2c7c3d937f0b4de6f5198e95e7b0b8,408b17765a0f96e93d30f313b059e2421719a7e915306c226016e25cea8cbcc9,7f10fad80b84541771250dedf66f4eabb64fd3dfe3d5d3df43e83050856ba871,8ec45e4a5f165037881d3ca3fa405adbd0afbe17731f32b12ad40c41ca5e06d4,hist_gradient_boosting,0.1,coverage,0.5791505791505791,0.5173745173745173,0.640926640926641,2000,0.95,125.0,259,True,20,19,21,19,20,0.05019305019305019,0.9498069498069498,finite_quantile_unattainable|interior|max_statistic,legacy_max_clamp,2
C08,FD002,primary,137,C08_FD002_8468e13b7f2c_seed_137,outputs/c08_final_8468e13,8468e13b7f2c7c3d937f0b4de6f5198e95e7b0b8,408b17765a0f96e93d30f313b059e2421719a7e915306c226016e25cea8cbcc9,7f10fad80b84541771250dedf66f4eabb64fd3dfe3d5d3df43e83050856ba871,8ec45e4a5f165037881d3ca3fa405adbd0afbe17731f32b12ad40c41ca5e06d4,hist_gradient_boosting,0.1,mean_width,68.13367267501515,68.06488070977906,68.16806865763319,2000,0.95,125.0,259,True,20,19,21,19,20,0.05019305019305019,0.9498069498069498,finite_quantile_unattainable|interior|max_statistic,legacy_max_clamp,2
C08,FD002,primary,137,C08_FD002_8468e13b7f2c_seed_137,outputs/c08_final_8468e13,8468e13b7f2c7c3d937f0b4de6f5198e95e7b0b8,408b17765a0f96e93d30f313b059e2421719a7e915306c226016e25cea8cbcc9,7f10fad80b84541771250dedf66f4eabb64fd3dfe3d5d3df43e83050856ba871,8ec45e4a5f165037881d3ca3fa405adbd0afbe17731f32b12ad40c41ca5e06d4,hist_gradient_boosting,0.1,normalized_interval_score,1.6283709042466448,1.4462329355473817,1.8374691977878066,2000,0.95,125.0,259,True,20,19,21,19,20,0.05019305019305019,0.9498069498069498,finite_quantile_unattainable|interior|max_statistic,legacy_max_clamp,2
C08,FD002,primary,137,C08_FD002_8468e13b7f2c_seed_137,outputs/c08_final_8468e13,8468e13b7f2c7c3d937f0b4de6f5198e95e7b0b8,408b17765a0f96e93d30f313b059e2421719a7e915306c226016e25cea8cbcc9,7f10fad80b84541771250dedf66f4eabb64fd3dfe3d5d3df43e83050856ba871,8ec45e4a5f165037881d3ca3fa405adbd0afbe17731f32b12ad40c41ca5e06d4,hist_gradient_boosting,0.05,coverage,0.5791505791505791,0.5173745173745173,0.640926640926641,2000,0.95,125.0,259,True,20,20,21,20,20,0.003861003861003861,0.9961389961389961,finite_quantile_unattainable|max_statistic,legacy_max_clamp,1
C08,FD002,primary,137,C08_FD002_8468e13b7f2c_seed_137,outputs/c08_final_8468e13,8468e13b7f2c7c3d937f0b4de6f5198e95e7b0b8,408b17765a0f96e93d30f313b059e2421719a7e915306c226016e25cea8cbcc9,7f10fad80b84541771250dedf66f4eabb64fd3dfe3d5d3df43e83050856ba871,8ec45e4a5f165037881d3ca3fa405adbd0afbe17731f32b12ad40c41ca5e06d4,hist_gradient_boosting,0.05,mean_width,68.16806865763319,68.16806865763319,68.16806865763319,2000,0.95,125.0,259,True,20,20,21,20,20,0.003861003861003861,0.9961389961389961,finite_quantile_unattainable|max_statistic,legacy_max_clamp,1
C08,FD002,primary,137,C08_FD002_8468e13b7f2c_seed_137,outputs/c08_final_8468e13,8468e13b7f2c7c3d937f0b4de6f5198e95e7b0b8,408b17765a0f96e93d30f313b059e2421719a7e915306c226016e25cea8cbcc9,7f10fad80b84541771250dedf66f4eabb64fd3dfe3d5d3df43e83050856ba871,8ec45e4a5f165037881d3ca3fa405adbd0afbe17731f32b12ad40c41ca5e06d4,hist_gradient_boosting,0.05,normalized_interval_score,2.7064442377352256,2.343655113440716,3.124313023620419,2000,0.95,125.0,259,True,20,20,21,20,20,0.003861003861003861,0.9961389961389961,finite_quantile_unattainable|max_statistic,legacy_max_clamp,1
C08,FD003,primary,13,C08_FD003_8468e13b7f2c_seed_13,outputs/c08_final_8468e13,8468e13b7f2c7c3d937f0b4de6f5198e95e7b0b8,745d404b574a13d18fb7409ad2fffd4372e0114667dd510dffe8fea7eb42e01f,51e4671bddefa2f3164401395d5af3b99af5214635cf2a44b92c8efd995ad556,dd449ecc618071c976cc895a4a0f6196264d5a2c8ceb84cfc0a7fb4afb62663a,mean,0.1,coverage,0.84,0.76,0.91,2000,0.95,125.0,100,True,20,19,21,19,20,0.99,0.01,finite_quantile_unattainable|interior|max_statistic,legacy_max_clamp,2
C08,FD003,primary,13,C08_FD003_8468e13b7f2c_seed_13,outputs/c08_final_8468e13,8468e13b7f2c7c3d937f0b4de6f5198e95e7b0b8,745d404b574a13d18fb7409ad2fffd4372e0114667dd510dffe8fea7eb42e01f,51e4671bddefa2f3164401395d5af3b99af5214635cf2a44b92c8efd995ad556,dd449ecc618071c976cc895a4a0f6196264d5a2c8ceb84cfc0a7fb4afb62663a,mean,0.1,mean_width,122.65491183879088,121.21491183879088,123.93491183879088,2000,0.95,125.0,100,True,20,19,21,19,20,0.99,0.01,finite_quantile_unattainable|interior|max_statistic,legacy_max_clamp,2
C08,FD003,primary,13,C08_FD003_8468e13b7f2c_seed_13,outputs/c08_final_8468e13,8468e13b7f2c7c3d937f0b4de6f5198e95e7b0b8,745d404b574a13d18fb7409ad2fffd4372e0114667dd510dffe8fea7eb42e01f,51e4671bddefa2f3164401395d5af3b99af5214635cf2a44b92c8efd995ad556,dd449ecc618071c976cc895a4a0f6196264d5a2c8ceb84cfc0a7fb4afb62663a,mean,0.1,normalized_interval_score,1.254839294710327,1.1297192947103272,1.4058792947103276,2000,0.95,125.0,100,True,20,19,21,19,20,0.99,0.01,finite_quantile_unattainable|interior|max_statistic,legacy_max_clamp,2
C08,FD003,primary,13,C08_FD003_8468e13b7f2c_seed_13,outputs/c08_final_8468e13,8468e13b7f2c7c3d937f0b4de6f5198e95e7b0b8,745d404b574a13d18fb7409ad2fffd4372e0114667dd510dffe8fea7eb42e01f,51e4671bddefa2f3164401395d5af3b99af5214635cf2a44b92c8efd995ad556,dd449ecc618071c976cc895a4a0f6196264d5a2c8ceb84cfc0a7fb4afb62663a,mean,0.05,coverage,0.86,0.79,0.92,2000,0.95,125.0,100,True,20,20,21,20,20,0.24,0.76,finite_quantile_unattainable|max_statistic,legacy_max_clamp,1
C08,FD003,primary,13,C08_FD003_8468e13b7f2c_seed_13,outputs/c08_final_8468e13,8468e13b7f2c7c3d937f0b4de6f5198e95e7b0b8,745d404b574a13d18fb7409ad2fffd4372e0114667dd510dffe8fea7eb42e01f,51e4671bddefa2f3164401395d5af3b99af5214635cf2a44b92c8efd995ad556,dd449ecc618071c976cc895a4a0f6196264d5a2c8ceb84cfc0a7fb4afb62663a,mean,0.05,mean_width,126.65491183879088,126.65491183879088,126.65491183879088,2000,0.95,125.0,100,True,20,20,21,20,20,0.24,0.76,finite_quantile_unattainable|max_statistic,legacy_max_clamp,1
C08,FD003,primary,13,C08_FD003_8468e13b7f2c_seed_13,outputs/c08_final_8468e13,8468e13b7f2c7c3d937f0b4de6f5198e95e7b0b8,745d404b574a13d18fb7409ad2fffd4372e0114667dd510dffe8fea7eb42e01f,51e4671bddefa2f3164401395d5af3b99af5214635cf2a44b92c8efd995ad556,dd449ecc618071c976cc895a4a0f6196264d5a2c8ceb84cfc0a7fb4afb62663a,mean,0.05,normalized_interval_score,1.4484392947103275,1.2244392947103273,1.7141192947103276,2000,0.95,125.0,100,True,20,20,21,20,20,0.24,0.76,finite_quantile_unattainable|max_statistic,legacy_max_clamp,1
C08,FD003,primary,13,C08_FD003_8468e13b7f2c_seed_13,outputs/c08_final_8468e13,8468e13b7f2c7c3d937f0b4de6f5198e95e7b0b8,745d404b574a13d18fb7409ad2fffd4372e0114667dd510dffe8fea7eb42e01f,51e4671bddefa2f3164401395d5af3b99af5214635cf2a44b92c8efd995ad556,dd449ecc618071c976cc895a4a0f6196264d5a2c8ceb84cfc0a7fb4afb62663a,ridge,0.1,coverage,0.73,0.64,0.82,2000,0.95,125.0,100,True,20,19,21,19,20,0.4,0.6,finite_quantile_unattainable|interior|max_statistic,legacy_max_clamp,2
C08,FD003,primary,13,C08_FD003_8468e13b7f2c_seed_13,outputs/c08_final_8468e13,8468e13b7f2c7c3d937f0b4de6f5198e95e7b0b8,745d404b574a13d18fb7409ad2fffd4372e0114667dd510dffe8fea7eb42e01f,51e4671bddefa2f3164401395d5af3b99af5214635cf2a44b92c8efd995ad556,dd449ecc618071c976cc895a4a0f6196264d5a2c8ceb84cfc0a7fb4afb62663a,ridge,0.1,mean_width,77.73301479503732,77.5755827199128,77.85108885138072,2000,0.95,125.0,100,True,20,19,21,19,20,0.4,0.6,finite_quantile_unattainable|interior|max_statistic,legacy_max_clamp,2
C08,FD003,primary,13,C08_FD003_8468e13b7f2c_seed_13,outputs/c08_final_8468e13,8468e13b7f2c7c3d937f0b4de6f5198e95e7b0b8,745d404b574a13d18fb7409ad2fffd4372e0114667dd510dffe8fea7eb42e01f,51e4671bddefa2f3164401395d5af3b99af5214635cf2a44b92c8efd995ad556,dd449ecc618071c976cc895a4a0f6196264d5a2c8ceb84cfc0a7fb4afb62663a,ridge,0.1,normalized_interval_score,2.3245171274102074,1.6330958047260449,3.101257813874352,2000,0.95,125.0,100,True,20,19,21,19,20,0.4,0.6,finite_quantile_unattainable|interior|max_statistic,legacy_max_clamp,2
C08,FD003,primary,13,C08_FD003_8468e13b7f2c_seed_13,outputs/c08_final_8468e13,8468e13b7f2c7c3d937f0b4de6f5198e95e7b0b8,745d404b574a13d18fb7409ad2fffd4372e0114667dd510dffe8fea7eb42e01f,51e4671bddefa2f3164401395d5af3b99af5214635cf2a44b92c8efd995ad556,dd449ecc618071c976cc895a4a0f6196264d5a2c8ceb84cfc0a7fb4afb62663a,ridge,0.05,coverage,0.73,0.64,0.82,2000,0.95,125.0,100,True,20,20,21,20,20,0.01,0.99,finite_quantile_unattainable|max_statistic,legacy_max_clamp,1
C08,FD003,primary,13,C08_FD003_8468e13b7f2c_seed_13,outputs/c08_final_8468e13,8468e13b7f2c7c3d937f0b4de6f5198e95e7b0b8,745d404b574a13d18fb7409ad2fffd4372e0114667dd510dffe8fea7eb42e01f,51e4671bddefa2f3164401395d5af3b99af5214635cf2a44b92c8efd995ad556,dd449ecc618071c976cc895a4a0f6196264d5a2c8ceb84cfc0a7fb4afb62663a,ridge,0.05,mean_width,77.85108885138072,77.85108885138072,77.85108885138072,2000,0.95,125.0,100,True,20,20,21,20,20,0.01,0.99,finite_quantile_unattainable|max_statistic,legacy_max_clamp,1
C08,FD003,primary,13,C08_FD003_8468e13b7f2c_seed_13,outputs/c08_final_8468e13,8468e13b7f2c7c3d937f0b4de6f5198e95e7b0b8,745d404b574a13d18fb7409ad2fffd4372e0114667dd510dffe8fea7eb42e01f,51e4671bddefa2f3164401395d5af3b99af5214635cf2a44b92c8efd995ad556,dd449ecc618071c976cc895a4a0f6196264d5a2c8ceb84cfc0a7fb4afb62663a,ridge,0.05,normalized_interval_score,4.015520162900899,2.6326468416948976,5.570967022835571,2000,0.95,125.0,100,True,20,20,21,20,20,0.01,0.99,finite_quantile_unattainable|max_statistic,legacy_max_clamp,1
C08,FD003,primary,13,C08_FD003_8468e13b7f2c_seed_13,outputs/c08_final_8468e13,8468e13b7f2c7c3d937f0b4de6f5198e95e7b0b8,745d404b574a13d18fb7409ad2fffd4372e0114667dd510dffe8fea7eb42e01f,51e4671bddefa2f3164401395d5af3b99af5214635cf2a44b92c8efd995ad556,dd449ecc618071c976cc895a4a0f6196264d5a2c8ceb84cfc0a7fb4afb62663a,hist_gradient_boosting,0.1,coverage,0.91,0.85,0.96,2000,0.95,125.0,100,True,20,18,19,18,19,1.0,0.0,interior,legacy_max_clamp,2
C08,FD003,primary,13,C08_FD003_8468e13b7f2c_seed_13,outputs/c08_final_8468e13,8468e13b7f2c7c3d937f0b4de6f5198e95e7b0b8,745d404b574a13d18fb7409ad2fffd4372e0114667dd510dffe8fea7eb42e01f,51e4671bddefa2f3164401395d5af3b99af5214635cf2a44b92c8efd995ad556,dd449ecc618071c976cc895a4a0f6196264d5a2c8ceb84cfc0a7fb4afb62663a,hist_gradient_boosting,0.1,mean_width,79.21877197866023,78.89009564674652,79.50049454887198,2000,0.95,125.0,100,True,20,18,19,18,19,1.0,0.0,interior,legacy_max_clamp,2
C08,FD003,primary,13,C08_FD003_8468e13b7f2c_seed_13,outputs/c08_final_8468e13,8468e13b7f2c7c3d937f0b4de6f5198e95e7b0b8,745d404b574a13d18fb7409ad2fffd4372e0114667dd510dffe8fea7eb42e01f,51e4671bddefa2f3164401395d5af3b99af5214635cf2a44b92c8efd995ad556,dd449ecc618071c976cc895a4a0f6196264d5a2c8ceb84cfc0a7fb4afb62663a,hist_gradient_boosting,0.1,normalized_interval_score,0.7501846905604886,0.6697563080500617,0.8460764589223743,2000,0.95,125.0,100,True,20,18,19,18,19,1.0,0.0,interior,legacy_max_clamp,2
C08,FD003,primary,13,C08_FD003_8468e13b7f2c_seed_13,outputs/c08_final_8468e13,8468e13b7f2c7c3d937f0b4de6f5198e95e7b0b8,745d404b574a13d18fb7409ad2fffd4372e0114667dd510dffe8fea7eb42e01f,51e4671bddefa2f3164401395d5af3b99af5214635cf2a44b92c8efd995ad556,dd449ecc618071c976cc895a4a0f6196264d5a2c8ceb84cfc0a7fb4afb62663a,hist_gradient_boosting,0.05,coverage,0.93,0.88,0.98,2000,0.95,125.0,100,True,20,20,21,20,20,0.85,0.15,finite_quantile_unattainable|max_statistic,legacy_max_clamp,1
C08,FD003,primary,13,C08_FD003_8468e13b7f2c_seed_13,outputs/c08_final_8468e13,8468e13b7f2c7c3d937f0b4de6f5198e95e7b0b8,745d404b574a13d18fb7409ad2fffd4372e0114667dd510dffe8fea7eb42e01f,51e4671bddefa2f3164401395d5af3b99af5214635cf2a44b92c8efd995ad556,dd449ecc618071c976cc895a4a0f6196264d5a2c8ceb84cfc0a7fb4afb62663a,hist_gradient_boosting,0.05,mean_width,82.05425848498331,82.0542584849833,82.05425848498331,2000,0.95,125.0,100,True,20,20,21,20,20,0.85,0.15,finite_quantile_unattainable|max_statistic,legacy_max_clamp,1
C08,FD003,primary,13,C08_FD003_8468e13b7f2c_seed_13,outputs/c08_final_8468e13,8468e13b7f2c7c3d937f0b4de6f5198e95e7b0b8,745d404b574a13d18fb7409ad2fffd4372e0114667dd510dffe8fea7eb42e01f,51e4671bddefa2f3164401395d5af3b99af5214635cf2a44b92c8efd995ad556,dd449ecc618071c976cc895a4a0f6196264d5a2c8ceb84cfc0a7fb4afb62663a,hist_gradient_boosting,0.05,normalized_interval_score,0.8425875351715887,0.7005818267599611,1.0225813601239995,2000,0.95,125.0,100,True,20,20,21,20,20,0.85,0.15,finite_quantile_unattainable|max_statistic,legacy_max_clamp,1
C08,FD003,primary,37,C08_FD003_8468e13b7f2c_seed_37,outputs/c08_final_8468e13,8468e13b7f2c7c3d937f0b4de6f5198e95e7b0b8,ba0f952fe28efb318d2b8a661daf9a3c36ed78a422e0660dc509e82a8e2117db,b658207798c142148caed2780990fa9574b403bfd8a6d62a407d1f96bda81283,f12b951da70d114803877a2f7ae399266b2d590b85790f6472b54dd542e7dfba,mean,0.1,coverage,0.85,0.78,0.91,2000,0.95,125.0,100,True,20,19,20,19,20,1.0,0.0,interior|max_statistic,legacy_max_clamp,2
C08,FD003,primary,37,C08_FD003_8468e13b7f2c_seed_37,outputs/c08_final_8468e13,8468e13b7f2c7c3d937f0b4de6f5198e95e7b0b8,ba0f952fe28efb318d2b8a661daf9a3c36ed78a422e0660dc509e82a8e2117db,b658207798c142148caed2780990fa9574b403bfd8a6d62a407d1f96bda81283,f12b951da70d114803877a2f7ae399266b2d590b85790f6472b54dd542e7dfba,mean,0.1,mean_width,124.88426869938068,124.48426869938068,125.28426869938068,2000,0.95,125.0,100,True,20,19,20,19,20,1.0,0.0,interior|max_statistic,legacy_max_clamp,2
C08,FD003,primary,37,C08_FD003_8468e13b7f2c_seed_37,outputs/c08_final_8468e13,8468e13b7f2c7c3d937f0b4de6f5198e95e7b0b8,ba0f952fe28efb318d2b8a661daf9a3c36ed78a422e0660dc509e82a8e2117db,b658207798c142148caed2780990fa9574b403bfd8a6d62a407d1f96bda81283,f12b951da70d114803877a2f7ae399266b2d590b85790f6472b54dd542e7dfba,mean,0.1,normalized_interval_score,1.2870741495950453,1.1484901495950457,1.4365221495950449,2000,0.95,125.0,100,True,20,19,20,19,20,1.0,0.0,interior|max_statistic,legacy_max_clamp,2
C08,FD003,primary,37,C08_FD003_8468e13b7f2c_seed_37,outputs/c08_final_8468e13,8468e13b7f2c7c3d937f0b4de6f5198e95e7b0b8,ba0f952fe28efb318d2b8a661daf9a3c36ed78a422e0660dc509e82a8e2117db,b658207798c142148caed2780990fa9574b403bfd8a6d62a407d1f96bda81283,f12b951da70d114803877a2f7ae399266b2d590b85790f6472b54dd542e7dfba,mean,0.05,coverage,0.85,0.78,0.91,2000,0.95,125.0,100,True,20,20,21,20,20,0.24,0.76,finite_quantile_unattainable|max_statistic,legacy_max_clamp,1
C08,FD003,primary,37,C08_FD003_8468e13b7f2c_seed_37,outputs/c08_final_8468e13,8468e13b7f2c7c3d937f0b4de6f5198e95e7b0b8,ba0f952fe28efb318d2b8a661daf9a3c36ed78a422e0660dc509e82a8e2117db,b658207798c142148caed2780990fa9574b403bfd8a6d62a407d1f96bda81283,f12b951da70d114803877a2f7ae399266b2d590b85790f6472b54dd542e7dfba,mean,0.05,mean_width,126.96426869938068,126.96426869938068,126.96426869938068,2000,0.95,125.0,100,True,20,20,21,20,20,0.24,0.76,finite_quantile_unattainable|max_statistic,legacy_max_clamp,1
C08,FD003,primary,37,C08_FD003_8468e13b7f2c_seed_37,outputs/c08_final_8468e13,8468e13b7f2c7c3d937f0b4de6f5198e95e7b0b8,ba0f952fe28efb318d2b8a661daf9a3c36ed78a422e0660dc509e82a8e2117db,b658207798c142148caed2780990fa9574b403bfd8a6d62a407d1f96bda81283,f12b951da70d114803877a2f7ae399266b2d590b85790f6472b54dd542e7dfba,mean,0.05,normalized_interval_score,1.5469141495950451,1.2844341495950458,1.8285941495950446,2000,0.95,125.0,100,True,20,20,21,20,20,0.24,0.76,finite_quantile_unattainable|max_statistic,legacy_max_clamp,1
C08,FD003,primary,37,C08_FD003_8468e13b7f2c_seed_37,outputs/c08_final_8468e13,8468e13b7f2c7c3d937f0b4de6f5198e95e7b0b8,ba0f952fe28efb318d2b8a661daf9a3c36ed78a422e0660dc509e82a8e2117db,b658207798c142148caed2780990fa9574b403bfd8a6d62a407d1f96bda81283,f12b951da70d114803877a2f7ae399266b2d590b85790f6472b54dd542e7dfba,ridge,0.1,coverage,0.68,0.59,0.77,2000,0.95,125.0,100,True,20,19,21,19,20,0.34,0.66,finite_quantile_unattainable|interior|max_statistic,legacy_max_clamp,2
C08,FD003,primary,37,C08_FD003_8468e13b7f2c_seed_37,outputs/c08_final_8468e13,8468e13b7f2c7c3d937f0b4de6f5198e95e7b0b8,ba0f952fe28efb318d2b8a661daf9a3c36ed78a422e0660dc509e82a8e2117db,b658207798c142148caed2780990fa9574b403bfd8a6d62a407d1f96bda81283,f12b951da70d114803877a2f7ae399266b2d590b85790f6472b54dd542e7dfba,ridge,0.1,mean_width,73.95035642892745,73.93261850369232,73.959225391545,2000,0.95,125.0,100,True,20,19,21,19,20,0.34,0.66,finite_quantile_unattainable|interior|max_statistic,legacy_max_clamp,2
C08,FD003,primary,37,C08_FD003_8468e13b7f2c_seed_37,outputs/c08_final_8468e13,8468e13b7f2c7c3d937f0b4de6f5198e95e7b0b8,ba0f952fe28efb318d2b8a661daf9a3c36ed78a422e0660dc509e82a8e2117db,b658207798c142148caed2780990fa9574b403bfd8a6d62a407d1f96bda81283,f12b951da70d114803877a2f7ae399266b2d590b85790f6472b54dd542e7dfba,ridge,0.1,normalized_interval_score,2.474088590799984,1.7464371159220244,3.281416221079239,2000,0.95,125.0,100,True,20,19,21,19,20,0.34,0.66,finite_quantile_unattainable|interior|max_statistic,legacy_max_clamp,2
C08,FD003,primary,37,C08_FD003_8468e13b7f2c_seed_37,outputs/c08_final_8468e13,8468e13b7f2c7c3d937f0b4de6f5198e95e7b0b8,ba0f952fe28efb318d2b8a661daf9a3c36ed78a422e0660dc509e82a8e2117db,b658207798c142148caed2780990fa9574b403bfd8a6d62a407d1f96bda81283,f12b951da70d114803877a2f7ae399266b2d590b85790f6472b54dd542e7dfba,ridge,0.05,coverage,0.68,0.59,0.77,2000,0.95,125.0,100,True,20,20,21,20,20,0.01,0.99,finite_quantile_unattainable|max_statistic,legacy_max_clamp,1
C08,FD003,primary,37,C08_FD003_8468e13b7f2c_seed_37,outputs/c08_final_8468e13,8468e13b7f2c7c3d937f0b4de6f5198e95e7b0b8,ba0f952fe28efb318d2b8a661daf9a3c36ed78a422e0660dc509e82a8e2117db,b658207798c142148caed2780990fa9574b403bfd8a6d62a407d1f96bda81283,f12b951da70d114803877a2f7ae399266b2d590b85790f6472b54dd542e7dfba,ridge,0.05,mean_width,73.95922539154499,73.95922539154499,73.959225391545,2000,0.95,125.0,100,True,20,20,21,20,20,0.01,0.99,finite_quantile_unattainable|max_statistic,legacy_max_clamp,1
C08,FD003,primary,37,C08_FD003_8468e13b7f2c_seed_37,outputs/c08_final_8468e13,8468e13b7f2c7c3d937f0b4de6f5198e95e7b0b8,ba0f952fe28efb318d2b8a661daf9a3c36ed78a422e0660dc509e82a8e2117db,b658207798c142148caed2780990fa9574b403bfd8a6d62a407d1f96bda81283,f12b951da70d114803877a2f7ae399266b2d590b85790f6472b54dd542e7dfba,ridge,0.05,normalized_interval_score,4.355226247850682,2.9004963186821633,5.971126710760694,2000,0.95,125.0,100,True,20,20,21,20,20,0.01,0.99,finite_quantile_unattainable|max_statistic,legacy_max_clamp,1
C08,FD003,primary,37,C08_FD003_8468e13b7f2c_seed_37,outputs/c08_final_8468e13,8468e13b7f2c7c3d937f0b4de6f5198e95e7b0b8,ba0f952fe28efb318d2b8a661daf9a3c36ed78a422e0660dc509e82a8e2117db,b658207798c142148caed2780990fa9574b403bfd8a6d62a407d1f96bda81283,f12b951da70d114803877a2f7ae399266b2d590b85790f6472b54dd542e7dfba,hist_gradient_boosting,0.1,coverage,0.85,0.78,0.91,2000,0.95,125.0,100,True,20,19,20,19,20,1.0,0.0,interior|max_statistic,legacy_max_clamp,2
C08,FD003,primary,37,C08_FD003_8468e13b7f2c_seed_37,outputs/c08_final_8468e13,8468e13b7f2c7c3d937f0b4de6f5198e95e7b0b8,ba0f952fe28efb318d2b8a661daf9a3c36ed78a422e0660dc509e82a8e2117db,b658207798c142148caed2780990fa9574b403bfd8a6d62a407d1f96bda81283,f12b951da70d114803877a2f7ae399266b2d590b85790f6472b54dd542e7dfba,hist_gradient_boosting,0.1,mean_width,69.50538258401815,69.14055927630423,69.83372356096065,2000,0.95,125.0,100,True,20,19,20,19,20,1.0,0.0,interior|max_statistic,legacy_max_clamp,2
C08,FD003,primary,37,C08_FD003_8468e13b7f2c_seed_37,outputs/c08_final_8468e13,8468e13b7f2c7c3d937f0b4de6f5198e95e7b0b8,ba0f952fe28efb318d2b8a661daf9a3c36ed78a422e0660dc509e82a8e2117db,b658207798c142148caed2780990fa9574b403bfd8a6d62a407d1f96bda81283,f12b951da70d114803877a2f7ae399266b2d590b85790f6472b54dd542e7dfba,hist_gradient_boosting,0.1,normalized_interval_score,0.7106175393751485,0.6222256575817099,0.8166846774847358,2000,0.95,125.0,100,True,20,19,20,19,20,1.0,0.0,interior|max_statistic,legacy_max_clamp,2
C08,FD003,primary,37,C08_FD003_8468e13b7f2c_seed_37,outputs/c08_final_8468e13,8468e13b7f2c7c3d937f0b4de6f5198e95e7b0b8,ba0f952fe28efb318d2b8a661daf9a3c36ed78a422e0660dc509e82a8e2117db,b658207798c142148caed2780990fa9574b403bfd8a6d62a407d1f96bda81283,f12b951da70d114803877a2f7ae399266b2d590b85790f6472b54dd542e7dfba,hist_gradient_boosting,0.05,coverage,0.87,0.8,0.93,2000,0.95,125.0,100,True,20,20,21,20,20,0.06,0.94,finite_quantile_unattainable|max_statistic,legacy_max_clamp,1
C08,FD003,primary,37,C08_FD003_8468e13b7f2c_seed_37,outputs/c08_final_8468e13,8468e13b7f2c7c3d937f0b4de6f5198e95e7b0b8,ba0f952fe28efb318d2b8a661daf9a3c36ed78a422e0660dc509e82a8e2117db,b658207798c142148caed2780990fa9574b403bfd8a6d62a407d1f96bda81283,f12b951da70d114803877a2f7ae399266b2d590b85790f6472b54dd542e7dfba,hist_gradient_boosting,0.05,mean_width,71.73080476107296,71.73080476107295,71.73080476107296,2000,0.95,125.0,100,True,20,20,21,20,20,0.06,0.94,finite_quantile_unattainable|max_statistic,legacy_max_clamp,1
C08,FD003,primary,37,C08_FD003_8468e13b7f2c_seed_37,outputs/c08_final_8468e13,8468e13b7f2c7c3d937f0b4de6f5198e95e7b0b8,ba0f952fe28efb318d2b8a661daf9a3c36ed78a422e0660dc509e82a8e2117db,b658207798c142148caed2780990fa9574b403bfd8a6d62a407d1f96bda81283,f12b951da70d114803877a2f7ae399266b2d590b85790f6472b54dd542e7dfba,hist_gradient_boosting,0.05,normalized_interval_score,0.8426589425227787,0.6741095758488233,1.0416145819336062,2000,0.95,125.0,100,True,20,20,21,20,20,0.06,0.94,finite_quantile_unattainable|max_statistic,legacy_max_clamp,1
C08,FD003,primary,73,C08_FD003_8468e13b7f2c_seed_73,outputs/c08_final_8468e13,8468e13b7f2c7c3d937f0b4de6f5198e95e7b0b8,5c87c1340ab5c22528d6b88e4ebd8ee70978603c0819643d315ab9ccb60873e7,b6c817ac753b7c2b43d81d2b01e9e3932b48adebbcf13ef10c064d8712fe9abb,6cce097aafd256f06d8b1336b0b00a5c2897df3fdce2a6941661a71851323cdb,mean,0.1,coverage,0.85,0.77,0.92,2000,0.95,125.0,100,True,20,19,20,19,20,1.0,0.0,interior|max_statistic,legacy_max_clamp,2
C08,FD003,primary,73,C08_FD003_8468e13b7f2c_seed_73,outputs/c08_final_8468e13,8468e13b7f2c7c3d937f0b4de6f5198e95e7b0b8,5c87c1340ab5c22528d6b88e4ebd8ee70978603c0819643d315ab9ccb60873e7,b6c817ac753b7c2b43d81d2b01e9e3932b48adebbcf13ef10c064d8712fe9abb,6cce097aafd256f06d8b1336b0b00a5c2897df3fdce2a6941661a71851323cdb,mean,0.1,mean_width,127.8031841119974,126.54318411199739,129.2031841119974,2000,0.95,125.0,100,True,20,19,20,19,20,1.0,0.0,interior|max_statistic,legacy_max_clamp,2
C08,FD003,primary,73,C08_FD003_8468e13b7f2c_seed_73,outputs/c08_final_8468e13,8468e13b7f2c7c3d937f0b4de6f5198e95e7b0b8,5c87c1340ab5c22528d6b88e4ebd8ee70978603c0819643d315ab9ccb60873e7,b6c817ac753b7c2b43d81d2b01e9e3932b48adebbcf13ef10c064d8712fe9abb,6cce097aafd256f06d8b1336b0b00a5c2897df3fdce2a6941661a71851323cdb,mean,0.1,normalized_interval_score,1.2464254728959792,1.1393814728959792,1.3745974728959791,2000,0.95,125.0,100,True,20,19,20,19,20,1.0,0.0,interior|max_statistic,legacy_max_clamp,2
C08,FD003,primary,73,C08_FD003_8468e13b7f2c_seed_73,outputs/c08_final_8468e13,8468e13b7f2c7c3d937f0b4de6f5198e95e7b0b8,5c87c1340ab5c22528d6b88e4ebd8ee70978603c0819643d315ab9ccb60873e7,b6c817ac753b7c2b43d81d2b01e9e3932b48adebbcf13ef10c064d8712fe9abb,6cce097aafd256f06d8b1336b0b00a5c2897df3fdce2a6941661a71851323cdb,mean,0.05,coverage,0.87,0.8,0.93,2000,0.95,125.0,100,True,20,20,21,20,20,0.24,0.76,finite_quantile_unattainable|max_statistic,legacy_max_clamp,1
C08,FD003,primary,73,C08_FD003_8468e13b7f2c_seed_73,outputs/c08_final_8468e13,8468e13b7f2c7c3d937f0b4de6f5198e95e7b0b8,5c87c1340ab5c22528d6b88e4ebd8ee70978603c0819643d315ab9ccb60873e7,b6c817ac753b7c2b43d81d2b01e9e3932b48adebbcf13ef10c064d8712fe9abb,6cce097aafd256f06d8b1336b0b00a5c2897df3fdce2a6941661a71851323cdb,mean,0.05,mean_width,135.08318411199738,135.08318411199738,135.08318411199738,2000,0.95,125.0,100,True,20,20,21,20,20,0.24,0.76,finite_quantile_unattainable|max_statistic,legacy_max_clamp,1
C08,FD003,primary,73,C08_FD003_8468e13b7f2c_seed_73,outputs/c08_final_8468e13,8468e13b7f2c7c3d937f0b4de6f5198e95e7b0b8,5c87c1340ab5c22528d6b88e4ebd8ee70978603c0819643d315ab9ccb60873e7,b6c817ac753b7c2b43d81d2b01e9e3932b48adebbcf13ef10c064d8712fe9abb,6cce097aafd256f06d8b1336b0b00a5c2897df3fdce2a6941661a71851323cdb,mean,0.05,normalized_interval_score,1.3846654728959789,1.218265472895979,1.5830654728959792,2000,0.95,125.0,100,True,20,20,21,20,20,0.24,0.76,finite_quantile_unattainable|max_statistic,legacy_max_clamp,1
C08,FD003,primary,73,C08_FD003_8468e13b7f2c_seed_73,outputs/c08_final_8468e13,8468e13b7f2c7c3d937f0b4de6f5198e95e7b0b8,5c87c1340ab5c22528d6b88e4ebd8ee70978603c0819643d315ab9ccb60873e7,b6c817ac753b7c2b43d81d2b01e9e3932b48adebbcf13ef10c064d8712fe9abb,6cce097aafd256f06d8b1336b0b00a5c2897df3fdce2a6941661a71851323cdb,ridge,0.1,coverage,0.66,0.57,0.75,2000,0.95,125.0,100,True,20,19,21,19,20,0.24,0.76,finite_quantile_unattainable|interior|max_statistic,legacy_max_clamp,2
C08,FD003,primary,73,C08_FD003_8468e13b7f2c_seed_73,outputs/c08_final_8468e13,8468e13b7f2c7c3d937f0b4de6f5198e95e7b0b8,5c87c1340ab5c22528d6b88e4ebd8ee70978603c0819643d315ab9ccb60873e7,b6c817ac753b7c2b43d81d2b01e9e3932b48adebbcf13ef10c064d8712fe9abb,6cce097aafd256f06d8b1336b0b00a5c2897df3fdce2a6941661a71851323cdb,ridge,0.1,mean_width,67.89809423025929,67.80766652500989,67.943308082884,2000,0.95,125.0,100,True,20,19,21,19,20,0.24,0.76,finite_quantile_unattainable|interior|max_statistic,legacy_max_clamp,2
C08,FD003,primary,73,C08_FD003_8468e13b7f2c_seed_73,outputs/c08_final_8468e13,8468e13b7f2c7c3d937f0b4de6f5198e95e7b0b8,5c87c1340ab5c22528d6b88e4ebd8ee70978603c0819643d315ab9ccb60873e7,b6c817ac753b7c2b43d81d2b01e9e3932b48adebbcf13ef10c064d8712fe9abb,6cce097aafd256f06d8b1336b0b00a5c2897df3fdce2a6941661a71851323cdb,ridge,0.1,normalized_interval_score,2.759588166008668,2.0078189276680187,3.6013587348659484,2000,0.95,125.0,100,True,20,19,21,19,20,0.24,0.76,finite_quantile_unattainable|interior|max_statistic,legacy_max_clamp,2
C08,FD003,primary,73,C08_FD003_8468e13b7f2c_seed_73,outputs/c08_final_8468e13,8468e13b7f2c7c3d937f0b4de6f5198e95e7b0b8,5c87c1340ab5c22528d6b88e4ebd8ee70978603c0819643d315ab9ccb60873e7,b6c817ac753b7c2b43d81d2b01e9e3932b48adebbcf13ef10c064d8712fe9abb,6cce097aafd256f06d8b1336b0b00a5c2897df3fdce2a6941661a71851323cdb,ridge,0.05,coverage,0.66,0.57,0.75,2000,0.95,125.0,100,True,20,20,21,20,20,0.01,0.99,finite_quantile_unattainable|max_statistic,legacy_max_clamp,1
C08,FD003,primary,73,C08_FD003_8468e13b7f2c_seed_73,outputs/c08_final_8468e13,8468e13b7f2c7c3d937f0b4de6f5198e95e7b0b8,5c87c1340ab5c22528d6b88e4ebd8ee70978603c0819643d315ab9ccb60873e7,b6c817ac753b7c2b43d81d2b01e9e3932b48adebbcf13ef10c064d8712fe9abb,6cce097aafd256f06d8b1336b0b00a5c2897df3fdce2a6941661a71851323cdb,ridge,0.05,mean_width,67.943308082884,67.943308082884,67.943308082884,2000,0.95,125.0,100,True,20,20,21,20,20,0.01,0.99,finite_quantile_unattainable|max_statistic,legacy_max_clamp,1
C08,FD003,primary,73,C08_FD003_8468e13b7f2c_seed_73,outputs/c08_final_8468e13,8468e13b7f2c7c3d937f0b4de6f5198e95e7b0b8,5c87c1340ab5c22528d6b88e4ebd8ee70978603c0819643d315ab9ccb60873e7,b6c817ac753b7c2b43d81d2b01e9e3932b48adebbcf13ef10c064d8712fe9abb,6cce097aafd256f06d8b1336b0b00a5c2897df3fdce2a6941661a71851323cdb,ridge,0.05,normalized_interval_score,4.969119072576306,3.4704538539561334,6.65249744042142,2000,0.95,125.0,100,True,20,20,21,20,20,0.01,0.99,finite_quantile_unattainable|max_statistic,legacy_max_clamp,1
C08,FD003,primary,73,C08_FD003_8468e13b7f2c_seed_73,outputs/c08_final_8468e13,8468e13b7f2c7c3d937f0b4de6f5198e95e7b0b8,5c87c1340ab5c22528d6b88e4ebd8ee70978603c0819643d315ab9ccb60873e7,b6c817ac753b7c2b43d81d2b01e9e3932b48adebbcf13ef10c064d8712fe9abb,6cce097aafd256f06d8b1336b0b00a5c2897df3fdce2a6941661a71851323cdb,hist_gradient_boosting,0.1,coverage,0.89,0.83,0.95,2000,0.95,125.0,100,True,20,19,20,19,20,1.0,0.0,interior|max_statistic,legacy_max_clamp,2
C08,FD003,primary,73,C08_FD003_8468e13b7f2c_seed_73,outputs/c08_final_8468e13,8468e13b7f2c7c3d937f0b4de6f5198e95e7b0b8,5c87c1340ab5c22528d6b88e4ebd8ee70978603c0819643d315ab9ccb60873e7,b6c817ac753b7c2b43d81d2b01e9e3932b48adebbcf13ef10c064d8712fe9abb,6cce097aafd256f06d8b1336b0b00a5c2897df3fdce2a6941661a71851323cdb,hist_gradient_boosting,0.1,mean_width,73.09980944204734,71.0458941890285,75.44714115978316,2000,0.95,125.0,100,True,20,19,20,19,20,1.0,0.0,interior|max_statistic,legacy_max_clamp,2
C08,FD003,primary,73,C08_FD003_8468e13b7f2c_seed_73,outputs/c08_final_8468e13,8468e13b7f2c7c3d937f0b4de6f5198e95e7b0b8,5c87c1340ab5c22528d6b88e4ebd8ee70978603c0819643d315ab9ccb60873e7,b6c817ac753b7c2b43d81d2b01e9e3932b48adebbcf13ef10c064d8712fe9abb,6cce097aafd256f06d8b1336b0b00a5c2897df3fdce2a6941661a71851323cdb,hist_gradient_boosting,0.1,normalized_interval_score,0.7297827418960311,0.6443074528279843,0.8306391037040484,2000,0.95,125.0,100,True,20,19,20,19,20,1.0,0.0,interior|max_statistic,legacy_max_clamp,2
C08,FD003,primary,73,C08_FD003_8468e13b7f2c_seed_73,outputs/c08_final_8468e13,8468e13b7f2c7c3d937f0b4de6f5198e95e7b0b8,5c87c1340ab5c22528d6b88e4ebd8ee70978603c0819643d315ab9ccb60873e7,b6c817ac753b7c2b43d81d2b01e9e3932b48adebbcf13ef10c064d8712fe9abb,6cce097aafd256f06d8b1336b0b00a5c2897df3fdce2a6941661a71851323cdb,hist_gradient_boosting,0.05,coverage,0.98,0.95,1.0,2000,0.95,125.0,100,True,20,20,20,20,20,1.0,0.0,max_statistic,legacy_max_clamp,1
C08,FD003,primary,73,C08_FD003_8468e13b7f2c_seed_73,outputs/c08_final_8468e13,8468e13b7f2c7c3d937f0b4de6f5198e95e7b0b8,5c87c1340ab5c22528d6b88e4ebd8ee70978603c0819643d315ab9ccb60873e7,b6c817ac753b7c2b43d81d2b01e9e3932b48adebbcf13ef10c064d8712fe9abb,6cce097aafd256f06d8b1336b0b00a5c2897df3fdce2a6941661a71851323cdb,hist_gradient_boosting,0.05,mean_width,96.57312661940556,96.57312661940556,96.57312661940556,2000,0.95,125.0,100,True,20,20,20,20,20,1.0,0.0,max_statistic,legacy_max_clamp,1
C08,FD003,primary,73,C08_FD003_8468e13b7f2c_seed_73,outputs/c08_final_8468e13,8468e13b7f2c7c3d937f0b4de6f5198e95e7b0b8,5c87c1340ab5c22528d6b88e4ebd8ee70978603c0819643d315ab9ccb60873e7,b6c817ac753b7c2b43d81d2b01e9e3932b48adebbcf13ef10c064d8712fe9abb,6cce097aafd256f06d8b1336b0b00a5c2897df3fdce2a6941661a71851323cdb,hist_gradient_boosting,0.05,normalized_interval_score,0.7864243227289782,0.7725850129552444,0.8140023440414533,2000,0.95,125.0,100,True,20,20,20,20,20,1.0,0.0,max_statistic,legacy_max_clamp,1
C08,FD003,primary,101,C08_FD003_8468e13b7f2c_seed_101,outputs/c08_final_8468e13,8468e13b7f2c7c3d937f0b4de6f5198e95e7b0b8,d2256344c125d1c6d4d32196b06bfbcc62e23e41e3d3563ffad8c4b5e4902992,c4f36966fba1f2d135a4e6d19277dd6993904d214032a74fbcb62fc5fd424359,3f20e098f5572757912d2832cde21c0d61b73bf23cfa60b1621846c17657117b,mean,0.1,coverage,0.84,0.76,0.91,2000,0.95,125.0,100,True,20,19,21,19,20,0.99,0.01,finite_quantile_unattainable|interior|max_statistic,legacy_max_clamp,2
C08,FD003,primary,101,C08_FD003_8468e13b7f2c_seed_101,outputs/c08_final_8468e13,8468e13b7f2c7c3d937f0b4de6f5198e95e7b0b8,d2256344c125d1c6d4d32196b06bfbcc62e23e41e3d3563ffad8c4b5e4902992,c4f36966fba1f2d135a4e6d19277dd6993904d214032a74fbcb62fc5fd424359,3f20e098f5572757912d2832cde21c0d61b73bf23cfa60b1621846c17657117b,mean,0.1,mean_width,124.96938775510208,124.06938775510207,125.76938775510207,2000,0.95,125.0,100,True,20,19,21,19,20,0.99,0.01,finite_quantile_unattainable|interior|max_statistic,legacy_max_clamp,2
C08,FD003,primary,101,C08_FD003_8468e13b7f2c_seed_101,outputs/c08_final_8468e13,8468e13b7f2c7c3d937f0b4de6f5198e95e7b0b8,d2256344c125d1c6d4d32196b06bfbcc62e23e41e3d3563ffad8c4b5e4902992,c4f36966fba1f2d135a4e6d19277dd6993904d214032a74fbcb62fc5fd424359,3f20e098f5572757912d2832cde21c0d61b73bf23cfa60b1621846c17657117b,mean,0.1,normalized_interval_score,1.2749551020408167,1.1485551020408165,1.422975102040817,2000,0.95,125.0,100,True,20,19,21,19,20,0.99,0.01,finite_quantile_unattainable|interior|max_statistic,legacy_max_clamp,2
C08,FD003,primary,101,C08_FD003_8468e13b7f2c_seed_101,outputs/c08_final_8468e13,8468e13b7f2c7c3d937f0b4de6f5198e95e7b0b8,d2256344c125d1c6d4d32196b06bfbcc62e23e41e3d3563ffad8c4b5e4902992,c4f36966fba1f2d135a4e6d19277dd6993904d214032a74fbcb62fc5fd424359,3f20e098f5572757912d2832cde21c0d61b73bf23cfa60b1621846c17657117b,mean,0.05,coverage,0.85,0.78,0.91,2000,0.95,125.0,100,True,20,20,21,20,20,0.24,0.76,finite_quantile_unattainable|max_statistic,legacy_max_clamp,1
C08,FD003,primary,101,C08_FD003_8468e13b7f2c_seed_101,outputs/c08_final_8468e13,8468e13b7f2c7c3d937f0b4de6f5198e95e7b0b8,d2256344c125d1c6d4d32196b06bfbcc62e23e41e3d3563ffad8c4b5e4902992,c4f36966fba1f2d135a4e6d19277dd6993904d214032a74fbcb62fc5fd424359,3f20e098f5572757912d2832cde21c0d61b73bf23cfa60b1621846c17657117b,mean,0.05,mean_width,127.46938775510208,127.46938775510208,127.46938775510208,2000,0.95,125.0,100,True,20,20,21,20,20,0.24,0.76,finite_quantile_unattainable|max_statistic,legacy_max_clamp,1
C08,FD003,primary,101,C08_FD003_8468e13b7f2c_seed_101,outputs/c08_final_8468e13,8468e13b7f2c7c3d937f0b4de6f5198e95e7b0b8,d2256344c125d1c6d4d32196b06bfbcc62e23e41e3d3563ffad8c4b5e4902992,c4f36966fba1f2d135a4e6d19277dd6993904d214032a74fbcb62fc5fd424359,3f20e098f5572757912d2832cde21c0d61b73bf23cfa60b1621846c17657117b,mean,0.05,normalized_interval_score,1.5029551020408172,1.2724751020408167,1.778155102040817,2000,0.95,125.0,100,True,20,20,21,20,20,0.24,0.76,finite_quantile_unattainable|max_statistic,legacy_max_clamp,1
C08,FD003,primary,101,C08_FD003_8468e13b7f2c_seed_101,outputs/c08_final_8468e13,8468e13b7f2c7c3d937f0b4de6f5198e95e7b0b8,d2256344c125d1c6d4d32196b06bfbcc62e23e41e3d3563ffad8c4b5e4902992,c4f36966fba1f2d135a4e6d19277dd6993904d214032a74fbcb62fc5fd424359,3f20e098f5572757912d2832cde21c0d61b73bf23cfa60b1621846c17657117b,ridge,0.1,coverage,0.76,0.67,0.84,2000,0.95,125.0,100,True,20,19,21,19,20,0.37,0.63,finite_quantile_unattainable|interior|max_statistic,legacy_max_clamp,2
C08,FD003,primary,101,C08_FD003_8468e13b7f2c_seed_101,outputs/c08_final_8468e13,8468e13b7f2c7c3d937f0b4de6f5198e95e7b0b8,d2256344c125d1c6d4d32196b06bfbcc62e23e41e3d3563ffad8c4b5e4902992,c4f36966fba1f2d135a4e6d19277dd6993904d214032a74fbcb62fc5fd424359,3f20e098f5572757912d2832cde21c0d61b73bf23cfa60b1621846c17657117b,ridge,0.1,mean_width,102.77260287760281,102.62853730721761,102.88065205539169,2000,0.95,125.0,100,True,20,19,21,19,20,0.37,0.63,finite_quantile_unattainable|interior|max_statistic,legacy_max_clamp,2
C08,FD003,primary,101,C08_FD003_8468e13b7f2c_seed_101,outputs/c08_final_8468e13,8468e13b7f2c7c3d937f0b4de6f5198e95e7b0b8,d2256344c125d1c6d4d32196b06bfbcc62e23e41e3d3563ffad8c4b5e4902992,c4f36966fba1f2d135a4e6d19277dd6993904d214032a74fbcb62fc5fd424359,3f20e098f5572757912d2832cde21c0d61b73bf23cfa60b1621846c17657117b,ridge,0.1,normalized_interval_score,2.4564613899614582,1.842413227835265,3.129938899533343,2000,0.95,125.0,100,True,20,19,21,19,20,0.37,0.63,finite_quantile_unattainable|interior|max_statistic,legacy_max_clamp,2
C08,FD003,primary,101,C08_FD003_8468e13b7f2c_seed_101,outputs/c08_final_8468e13,8468e13b7f2c7c3d937f0b4de6f5198e95e7b0b8,d2256344c125d1c6d4d32196b06bfbcc62e23e41e3d3563ffad8c4b5e4902992,c4f36966fba1f2d135a4e6d19277dd6993904d214032a74fbcb62fc5fd424359,3f20e098f5572757912d2832cde21c0d61b73bf23cfa60b1621846c17657117b,ridge,0.05,coverage,0.76,0.67,0.84,2000,0.95,125.0,100,True,20,20,21,20,20,0.03,0.97,finite_quantile_unattainable|max_statistic,legacy_max_clamp,1
C08,FD003,primary,101,C08_FD003_8468e13b7f2c_seed_101,outputs/c08_final_8468e13,8468e13b7f2c7c3d937f0b4de6f5198e95e7b0b8,d2256344c125d1c6d4d32196b06bfbcc62e23e41e3d3563ffad8c4b5e4902992,c4f36966fba1f2d135a4e6d19277dd6993904d214032a74fbcb62fc5fd424359,3f20e098f5572757912d2832cde21c0d61b73bf23cfa60b1621846c17657117b,ridge,0.05,mean_width,102.88065205539169,102.88065205539169,102.88065205539169,2000,0.95,125.0,100,True,20,20,21,20,20,0.03,0.97,finite_quantile_unattainable|max_statistic,legacy_max_clamp,1
C08,FD003,primary,101,C08_FD003_8468e13b7f2c_seed_101,outputs/c08_final_8468e13,8468e13b7f2c7c3d937f0b4de6f5198e95e7b0b8,d2256344c125d1c6d4d32196b06bfbcc62e23e41e3d3563ffad8c4b5e4902992,c4f36966fba1f2d135a4e6d19277dd6993904d214032a74fbcb62fc5fd424359,3f20e098f5572757912d2832cde21c0d61b73bf23cfa60b1621846c17657117b,ridge,0.05,normalized_interval_score,4.085843727508998,2.8577027437281974,5.431060678531183,2000,0.95,125.0,100,True,20,20,21,20,20,0.03,0.97,finite_quantile_unattainable|max_statistic,legacy_max_clamp,1
C08,FD003,primary,101,C08_FD003_8468e13b7f2c_seed_101,outputs/c08_final_8468e13,8468e13b7f2c7c3d937f0b4de6f5198e95e7b0b8,d2256344c125d1c6d4d32196b06bfbcc62e23e41e3d3563ffad8c4b5e4902992,c4f36966fba1f2d135a4e6d19277dd6993904d214032a74fbcb62fc5fd424359,3f20e098f5572757912d2832cde21c0d61b73bf23cfa60b1621846c17657117b,hist_gradient_boosting,0.1,coverage,0.89,0.8297500000000004,0.95,2000,0.95,125.0,100,True,20,18,20,18,20,1.0,0.0,interior|max_statistic,legacy_max_clamp,3
C08,FD003,primary,101,C08_FD003_8468e13b7f2c_seed_101,outputs/c08_final_8468e13,8468e13b7f2c7c3d937f0b4de6f5198e95e7b0b8,d2256344c125d1c6d4d32196b06bfbcc62e23e41e3d3563ffad8c4b5e4902992,c4f36966fba1f2d135a4e6d19277dd6993904d214032a74fbcb62fc5fd424359,3f20e098f5572757912d2832cde21c0d61b73bf23cfa60b1621846c17657117b,hist_gradient_boosting,0.1,mean_width,76.42665310359078,75.18375418641409,77.66955202076745,2000,0.95,125.0,100,True,20,18,20,18,20,1.0,0.0,interior|max_statistic,legacy_max_clamp,3
C08,FD003,primary,101,C08_FD003_8468e13b7f2c_seed_101,outputs/c08_final_8468e13,8468e13b7f2c7c3d937f0b4de6f5198e95e7b0b8,d2256344c125d1c6d4d32196b06bfbcc62e23e41e3d3563ffad8c4b5e4902992,c4f36966fba1f2d135a4e6d19277dd6993904d214032a74fbcb62fc5fd424359,3f20e098f5572757912d2832cde21c0d61b73bf23cfa60b1621846c17657117b,hist_gradient_boosting,0.1,normalized_interval_score,0.8773341065666689,0.7244346046207352,1.053048796293414,2000,0.95,125.0,100,True,20,18,20,18,20,1.0,0.0,interior|max_statistic,legacy_max_clamp,3
C08,FD003,primary,101,C08_FD003_8468e13b7f2c_seed_101,outputs/c08_final_8468e13,8468e13b7f2c7c3d937f0b4de6f5198e95e7b0b8,d2256344c125d1c6d4d32196b06bfbcc62e23e41e3d3563ffad8c4b5e4902992,c4f36966fba1f2d135a4e6d19277dd6993904d214032a74fbcb62fc5fd424359,3f20e098f5572757912d2832cde21c0d61b73bf23cfa60b1621846c17657117b,hist_gradient_boosting,0.05,coverage,0.94,0.89,0.98,2000,0.95,125.0,100,True,20,20,21,20,20,0.85,0.15,finite_quantile_unattainable|max_statistic,legacy_max_clamp,1
C08,FD003,primary,101,C08_FD003_8468e13b7f2c_seed_101,outputs/c08_final_8468e13,8468e13b7f2c7c3d937f0b4de6f5198e95e7b0b8,d2256344c125d1c6d4d32196b06bfbcc62e23e41e3d3563ffad8c4b5e4902992,c4f36966fba1f2d135a4e6d19277dd6993904d214032a74fbcb62fc5fd424359,3f20e098f5572757912d2832cde21c0d61b73bf23cfa60b1621846c17657117b,hist_gradient_boosting,0.05,mean_width,96.5871753101742,96.5871753101742,96.5871753101742,2000,0.95,125.0,100,True,20,20,21,20,20,0.85,0.15,finite_quantile_unattainable|max_statistic,legacy_max_clamp,1
C08,FD003,primary,101,C08_FD003_8468e13b7f2c_seed_101,outputs/c08_final_8468e13,8468e13b7f2c7c3d937f0b4de6f5198e95e7b0b8,d2256344c125d1c6d4d32196b06bfbcc62e23e41e3d3563ffad8c4b5e4902992,c4f36966fba1f2d135a4e6d19277dd6993904d214032a74fbcb62fc5fd424359,3f20e098f5572757912d2832cde21c0d61b73bf23cfa60b1621846c17657117b,hist_gradient_boosting,0.05,normalized_interval_score,0.9696730613187846,0.8064349343969753,1.1849257962931388,2000,0.95,125.0,100,True,20,20,21,20,20,0.85,0.15,finite_quantile_unattainable|max_statistic,legacy_max_clamp,1
C08,FD003,primary,137,C08_FD003_8468e13b7f2c_seed_137,outputs/c08_final_8468e13,8468e13b7f2c7c3d937f0b4de6f5198e95e7b0b8,64ace9282afe9fa5c15622e29ded1fa22da304e2526a8602a4d58bfc0abd725f,9bdd094de523ee84e1817039446c509e81790e2b5aacedf85d56351975ee3d89,6ea8f76ac7030fe274ffd72ceeb0235bb4217034c99bbe615d33fc2c393ebec6,mean,0.1,coverage,0.83,0.76,0.9,2000,0.95,125.0,100,True,20,19,21,19,20,0.94,0.06,finite_quantile_unattainable|interior|max_statistic,legacy_max_clamp,2
C08,FD003,primary,137,C08_FD003_8468e13b7f2c_seed_137,outputs/c08_final_8468e13,8468e13b7f2c7c3d937f0b4de6f5198e95e7b0b8,64ace9282afe9fa5c15622e29ded1fa22da304e2526a8602a4d58bfc0abd725f,9bdd094de523ee84e1817039446c509e81790e2b5aacedf85d56351975ee3d89,6ea8f76ac7030fe274ffd72ceeb0235bb4217034c99bbe615d33fc2c393ebec6,mean,0.1,mean_width,118.29646802677206,117.75646802677205,118.77646802677205,2000,0.95,125.0,100,True,20,19,21,19,20,0.94,0.06,finite_quantile_unattainable|interior|max_statistic,legacy_max_clamp,2
C08,FD003,primary,137,C08_FD003_8468e13b7f2c_seed_137,outputs/c08_final_8468e13,8468e13b7f2c7c3d937f0b4de6f5198e95e7b0b8,64ace9282afe9fa5c15622e29ded1fa22da304e2526a8602a4d58bfc0abd725f,9bdd094de523ee84e1817039446c509e81790e2b5aacedf85d56351975ee3d89,6ea8f76ac7030fe274ffd72ceeb0235bb4217034c99bbe615d33fc2c393ebec6,mean,0.1,normalized_interval_score,1.3111717442141764,1.1514597442141763,1.5035077442141764,2000,0.95,125.0,100,True,20,19,21,19,20,0.94,0.06,finite_quantile_unattainable|interior|max_statistic,legacy_max_clamp,2
C08,FD003,primary,137,C08_FD003_8468e13b7f2c_seed_137,outputs/c08_final_8468e13,8468e13b7f2c7c3d937f0b4de6f5198e95e7b0b8,64ace9282afe9fa5c15622e29ded1fa22da304e2526a8602a4d58bfc0abd725f,9bdd094de523ee84e1817039446c509e81790e2b5aacedf85d56351975ee3d89,6ea8f76ac7030fe274ffd72ceeb0235bb4217034c99bbe615d33fc2c393ebec6,mean,0.05,coverage,0.84,0.77,0.9002499999999987,2000,0.95,125.0,100,True,20,20,21,20,20,0.24,0.76,finite_quantile_unattainable|max_statistic,legacy_max_clamp,1
C08,FD003,primary,137,C08_FD003_8468e13b7f2c_seed_137,outputs/c08_final_8468e13,8468e13b7f2c7c3d937f0b4de6f5198e95e7b0b8,64ace9282afe9fa5c15622e29ded1fa22da304e2526a8602a4d58bfc0abd725f,9bdd094de523ee84e1817039446c509e81790e2b5aacedf85d56351975ee3d89,6ea8f76ac7030fe274ffd72ceeb0235bb4217034c99bbe615d33fc2c393ebec6,mean,0.05,mean_width,119.79646802677206,119.79646802677206,119.79646802677206,2000,0.95,125.0,100,True,20,20,21,20,20,0.24,0.76,finite_quantile_unattainable|max_statistic,legacy_max_clamp,1
C08,FD003,primary,137,C08_FD003_8468e13b7f2c_seed_137,outputs/c08_final_8468e13,8468e13b7f2c7c3d937f0b4de6f5198e95e7b0b8,64ace9282afe9fa5c15622e29ded1fa22da304e2526a8602a4d58bfc0abd725f,9bdd094de523ee84e1817039446c509e81790e2b5aacedf85d56351975ee3d89,6ea8f76ac7030fe274ffd72ceeb0235bb4217034c99bbe615d33fc2c393ebec6,mean,0.05,normalized_interval_score,1.6399717442141764,1.3359717442141763,2.008051744214176,2000,0.95,125.0,100,True,20,20,21,20,20,0.24,0.76,finite_quantile_unattainable|max_statistic,legacy_max_clamp,1
C08,FD003,primary,137,C08_FD003_8468e13b7f2c_seed_137,outputs/c08_final_8468e13,8468e13b7f2c7c3d937f0b4de6f5198e95e7b0b8,64ace9282afe9fa5c15622e29ded1fa22da304e2526a8602a4d58bfc0abd725f,9bdd094de523ee84e1817039446c509e81790e2b5aacedf85d56351975ee3d89,6ea8f76ac7030fe274ffd72ceeb0235bb4217034c99bbe615d33fc2c393ebec6,ridge,0.1,coverage,0.71,0.62,0.79,2000,0.95,125.0,100,True,20,19,21,19,20,0.4,0.6,finite_quantile_unattainable|interior|max_statistic,legacy_max_clamp,2
C08,FD003,primary,137,C08_FD003_8468e13b7f2c_seed_137,outputs/c08_final_8468e13,8468e13b7f2c7c3d937f0b4de6f5198e95e7b0b8,64ace9282afe9fa5c15622e29ded1fa22da304e2526a8602a4d58bfc0abd725f,9bdd094de523ee84e1817039446c509e81790e2b5aacedf85d56351975ee3d89,6ea8f76ac7030fe274ffd72ceeb0235bb4217034c99bbe615d33fc2c393ebec6,ridge,0.1,mean_width,78.32184581848387,78.22904740087716,78.36824502728722,2000,0.95,125.0,100,True,20,19,21,19,20,0.4,0.6,finite_quantile_unattainable|interior|max_statistic,legacy_max_clamp,2
C08,FD003,primary,137,C08_FD003_8468e13b7f2c_seed_137,outputs/c08_final_8468e13,8468e13b7f2c7c3d937f0b4de6f5198e95e7b0b8,64ace9282afe9fa5c15622e29ded1fa22da304e2526a8602a4d58bfc0abd725f,9bdd094de523ee84e1817039446c509e81790e2b5aacedf85d56351975ee3d89,6ea8f76ac7030fe274ffd72ceeb0235bb4217034c99bbe615d33fc2c393ebec6,ridge,0.1,normalized_interval_score,2.4963629343810534,1.838007218280339,3.305403423493241,2000,0.95,125.0,100,True,20,19,21,19,20,0.4,0.6,finite_quantile_unattainable|interior|max_statistic,legacy_max_clamp,2
C08,FD003,primary,137,C08_FD003_8468e13b7f2c_seed_137,outputs/c08_final_8468e13,8468e13b7f2c7c3d937f0b4de6f5198e95e7b0b8,64ace9282afe9fa5c15622e29ded1fa22da304e2526a8602a4d58bfc0abd725f,9bdd094de523ee84e1817039446c509e81790e2b5aacedf85d56351975ee3d89,6ea8f76ac7030fe274ffd72ceeb0235bb4217034c99bbe615d33fc2c393ebec6,ridge,0.05,coverage,0.71,0.62,0.79,2000,0.95,125.0,100,True,20,20,21,20,20,0.01,0.99,finite_quantile_unattainable|max_statistic,legacy_max_clamp,1
C08,FD003,primary,137,C08_FD003_8468e13b7f2c_seed_137,outputs/c08_final_8468e13,8468e13b7f2c7c3d937f0b4de6f5198e95e7b0b8,64ace9282afe9fa5c15622e29ded1fa22da304e2526a8602a4d58bfc0abd725f,9bdd094de523ee84e1817039446c509e81790e2b5aacedf85d56351975ee3d89,6ea8f76ac7030fe274ffd72ceeb0235bb4217034c99bbe615d33fc2c393ebec6,ridge,0.05,mean_width,78.36824502728722,78.36824502728722,78.36824502728722,2000,0.95,125.0,100,True,20,20,21,20,20,0.01,0.99,finite_quantile_unattainable|max_statistic,legacy_max_clamp,1
C08,FD003,primary,137,C08_FD003_8468e13b7f2c_seed_137,outputs/c08_final_8468e13,8468e13b7f2c7c3d937f0b4de6f5198e95e7b0b8,64ace9282afe9fa5c15622e29ded1fa22da304e2526a8602a4d58bfc0abd725f,9bdd094de523ee84e1817039446c509e81790e2b5aacedf85d56351975ee3d89,6ea8f76ac7030fe274ffd72ceeb0235bb4217034c99bbe615d33fc2c393ebec6,ridge,0.05,normalized_interval_score,4.359098422476128,3.042355831215696,5.977148315263552,2000,0.95,125.0,100,True,20,20,21,20,20,0.01,0.99,finite_quantile_unattainable|max_statistic,legacy_max_clamp,1
C08,FD003,primary,137,C08_FD003_8468e13b7f2c_seed_137,outputs/c08_final_8468e13,8468e13b7f2c7c3d937f0b4de6f5198e95e7b0b8,64ace9282afe9fa5c15622e29ded1fa22da304e2526a8602a4d58bfc0abd725f,9bdd094de523ee84e1817039446c509e81790e2b5aacedf85d56351975ee3d89,6ea8f76ac7030fe274ffd72ceeb0235bb4217034c99bbe615d33fc2c393ebec6,hist_gradient_boosting,0.1,coverage,0.83,0.75,0.9,2000,0.95,125.0,100,True,20,19,21,19,20,0.86,0.14,finite_quantile_unattainable|interior|max_statistic,legacy_max_clamp,2
C08,FD003,primary,137,C08_FD003_8468e13b7f2c_seed_137,outputs/c08_final_8468e13,8468e13b7f2c7c3d937f0b4de6f5198e95e7b0b8,64ace9282afe9fa5c15622e29ded1fa22da304e2526a8602a4d58bfc0abd725f,9bdd094de523ee84e1817039446c509e81790e2b5aacedf85d56351975ee3d89,6ea8f76ac7030fe274ffd72ceeb0235bb4217034c99bbe615d33fc2c393ebec6,hist_gradient_boosting,0.1,mean_width,67.81172627771026,67.45538389778736,68.07898306265244,2000,0.95,125.0,100,True,20,19,21,19,20,0.86,0.14,finite_quantile_unattainable|interior|max_statistic,legacy_max_clamp,2
C08,FD003,primary,137,C08_FD003_8468e13b7f2c_seed_137,outputs/c08_final_8468e13,8468e13b7f2c7c3d937f0b4de6f5198e95e7b0b8,64ace9282afe9fa5c15622e29ded1fa22da304e2526a8602a4d58bfc0abd725f,9bdd094de523ee84e1817039446c509e81790e2b5aacedf85d56351975ee3d89,6ea8f76ac7030fe274ffd72ceeb0235bb4217034c99bbe615d33fc2c393ebec6,hist_gradient_boosting,0.1,normalized_interval_score,0.9061113838633078,0.7314093110733241,1.1059474287687905,2000,0.95,125.0,100,True,20,19,21,19,20,0.86,0.14,finite_quantile_unattainable|interior|max_statistic,legacy_max_clamp,2
C08,FD003,primary,137,C08_FD003_8468e13b7f2c_seed_137,outputs/c08_final_8468e13,8468e13b7f2c7c3d937f0b4de6f5198e95e7b0b8,64ace9282afe9fa5c15622e29ded1fa22da304e2526a8602a4d58bfc0abd725f,9bdd094de523ee84e1817039446c509e81790e2b5aacedf85d56351975ee3d89,6ea8f76ac7030fe274ffd72ceeb0235bb4217034c99bbe615d33fc2c393ebec6,hist_gradient_boosting,0.05,coverage,0.83,0.75,0.9,2000,0.95,125.0,100,True,20,20,21,20,20,0.01,0.99,finite_quantile_unattainable|max_statistic,legacy_max_clamp,1
C08,FD003,primary,137,C08_FD003_8468e13b7f2c_seed_137,outputs/c08_final_8468e13,8468e13b7f2c7c3d937f0b4de6f5198e95e7b0b8,64ace9282afe9fa5c15622e29ded1fa22da304e2526a8602a4d58bfc0abd725f,9bdd094de523ee84e1817039446c509e81790e2b5aacedf85d56351975ee3d89,6ea8f76ac7030fe274ffd72ceeb0235bb4217034c99bbe615d33fc2c393ebec6,hist_gradient_boosting,0.05,mean_width,68.16806865763317,68.16806865763317,68.16806865763317,2000,0.95,125.0,100,True,20,20,21,20,20,0.01,0.99,finite_quantile_unattainable|max_statistic,legacy_max_clamp,1
C08,FD003,primary,137,C08_FD003_8468e13b7f2c_seed_137,outputs/c08_final_8468e13,8468e13b7f2c7c3d937f0b4de6f5198e95e7b0b8,64ace9282afe9fa5c15622e29ded1fa22da304e2526a8602a4d58bfc0abd725f,9bdd094de523ee84e1817039446c509e81790e2b5aacedf85d56351975ee3d89,6ea8f76ac7030fe274ffd72ceeb0235bb4217034c99bbe615d33fc2c393ebec6,hist_gradient_boosting,0.05,normalized_interval_score,1.2440723061504837,0.901163694489525,1.6390789474141976,2000,0.95,125.0,100,True,20,20,21,20,20,0.01,0.99,finite_quantile_unattainable|max_statistic,legacy_max_clamp,1
C08,FD004,primary,13,C08_FD004_8468e13b7f2c_seed_13,outputs/c08_final_8468e13,8468e13b7f2c7c3d937f0b4de6f5198e95e7b0b8,acd12ea2caba8bc8665ad5380b1345fe7287ad00ce3336c7a47b6f9025dcb71f,6a62820292723f3453c951d7d6886e1ca3a2aaff193e56f52e84b233d7ef5740,f4163f656e03c14528a040b45ff867cd738d8ccaf5e69ee56c1b537ab6ad6369,mean,0.1,coverage,0.8346774193548387,0.782258064516129,0.8790322580645161,2000,0.95,125.0,248,True,20,19,21,19,20,0.4274193548387097,0.5725806451612904,finite_quantile_unattainable|interior|max_statistic,legacy_max_clamp,2
C08,FD004,primary,13,C08_FD004_8468e13b7f2c_seed_13,outputs/c08_final_8468e13,8468e13b7f2c7c3d937f0b4de6f5198e95e7b0b8,acd12ea2caba8bc8665ad5380b1345fe7287ad00ce3336c7a47b6f9025dcb71f,6a62820292723f3453c951d7d6886e1ca3a2aaff193e56f52e84b233d7ef5740,f4163f656e03c14528a040b45ff867cd738d8ccaf5e69ee56c1b537ab6ad6369,mean,0.1,mean_width,126.46136345169414,126.20329893556512,126.65491183879092,2000,0.95,125.0,248,True,20,19,21,19,20,0.4274193548387097,0.5725806451612904,finite_quantile_unattainable|interior|max_statistic,legacy_max_clamp,2
C08,FD004,primary,13,C08_FD004_8468e13b7f2c_seed_13,outputs/c08_final_8468e13,8468e13b7f2c7c3d937f0b4de6f5198e95e7b0b8,acd12ea2caba8bc8665ad5380b1345fe7287ad00ce3336c7a47b6f9025dcb71f,6a62820292723f3453c951d7d6886e1ca3a2aaff193e56f52e84b233d7ef5740,f4163f656e03c14528a040b45ff867cd738d8ccaf5e69ee56c1b537ab6ad6369,mean,0.1,normalized_interval_score,1.289110262452263,1.2072876818071019,1.3791780043877468,2000,0.95,125.0,248,True,20,19,21,19,20,0.4274193548387097,0.5725806451612904,finite_quantile_unattainable|interior|max_statistic,legacy_max_clamp,2
C08,FD004,primary,13,C08_FD004_8468e13b7f2c_seed_13,outputs/c08_final_8468e13,8468e13b7f2c7c3d937f0b4de6f5198e95e7b0b8,acd12ea2caba8bc8665ad5380b1345fe7287ad00ce3336c7a47b6f9025dcb71f,6a62820292723f3453c951d7d6886e1ca3a2aaff193e56f52e84b233d7ef5740,f4163f656e03c14528a040b45ff867cd738d8ccaf5e69ee56c1b537ab6ad6369,mean,0.05,coverage,0.8387096774193549,0.7903225806451613,0.8830645161290323,2000,0.95,125.0,248,True,20,20,21,20,20,0.03225806451612903,0.967741935483871,finite_quantile_unattainable|max_statistic,legacy_max_clamp,1
C08,FD004,primary,13,C08_FD004_8468e13b7f2c_seed_13,outputs/c08_final_8468e13,8468e13b7f2c7c3d937f0b4de6f5198e95e7b0b8,acd12ea2caba8bc8665ad5380b1345fe7287ad00ce3336c7a47b6f9025dcb71f,6a62820292723f3453c951d7d6886e1ca3a2aaff193e56f52e84b233d7ef5740,f4163f656e03c14528a040b45ff867cd738d8ccaf5e69ee56c1b537ab6ad6369,mean,0.05,mean_width,126.65491183879092,126.65491183879092,126.65491183879092,2000,0.95,125.0,248,True,20,20,21,20,20,0.03225806451612903,0.967741935483871,finite_quantile_unattainable|max_statistic,legacy_max_clamp,1
C08,FD004,primary,13,C08_FD004_8468e13b7f2c_seed_13,outputs/c08_final_8468e13,8468e13b7f2c7c3d937f0b4de6f5198e95e7b0b8,acd12ea2caba8bc8665ad5380b1345fe7287ad00ce3336c7a47b6f9025dcb71f,6a62820292723f3453c951d7d6886e1ca3a2aaff193e56f52e84b233d7ef5740,f4163f656e03c14528a040b45ff867cd738d8ccaf5e69ee56c1b537ab6ad6369,mean,0.05,normalized_interval_score,1.5474328430974245,1.3874328430974245,1.7229812301941982,2000,0.95,125.0,248,True,20,20,21,20,20,0.03225806451612903,0.967741935483871,finite_quantile_unattainable|max_statistic,legacy_max_clamp,1
C08,FD004,primary,13,C08_FD004_8468e13b7f2c_seed_13,outputs/c08_final_8468e13,8468e13b7f2c7c3d937f0b4de6f5198e95e7b0b8,acd12ea2caba8bc8665ad5380b1345fe7287ad00ce3336c7a47b6f9025dcb71f,6a62820292723f3453c951d7d6886e1ca3a2aaff193e56f52e84b233d7ef5740,f4163f656e03c14528a040b45ff867cd738d8ccaf5e69ee56c1b537ab6ad6369,ridge,0.1,coverage,0.3870967741935484,0.32661290322580644,0.4475806451612903,2000,0.95,125.0,248,True,20,19,21,19,20,0.04032258064516129,0.9596774193548387,finite_quantile_unattainable|interior|max_statistic,legacy_max_clamp,2
C08,FD004,primary,13,C08_FD004_8468e13b7f2c_seed_13,outputs/c08_final_8468e13,8468e13b7f2c7c3d937f0b4de6f5198e95e7b0b8,acd12ea2caba8bc8665ad5380b1345fe7287ad00ce3336c7a47b6f9025dcb71f,6a62820292723f3453c951d7d6886e1ca3a2aaff193e56f52e84b233d7ef5740,f4163f656e03c14528a040b45ff867cd738d8ccaf5e69ee56c1b537ab6ad6369,ridge,0.1,mean_width,77.83521868251734,77.80347834479062,77.8510888513807,2000,0.95,125.0,248,True,20,19,21,19,20,0.04032258064516129,0.9596774193548387,finite_quantile_unattainable|interior|max_statistic,legacy_max_clamp,2
C08,FD004,primary,13,C08_FD004_8468e13b7f2c_seed_13,outputs/c08_final_8468e13,8468e13b7f2c7c3d937f0b4de6f5198e95e7b0b8,acd12ea2caba8bc8665ad5380b1345fe7287ad00ce3336c7a47b6f9025dcb71f,6a62820292723f3453c951d7d6886e1ca3a2aaff193e56f52e84b233d7ef5740,f4163f656e03c14528a040b45ff867cd738d8ccaf5e69ee56c1b537ab6ad6369,ridge,0.1,normalized_interval_score,6.034478619288607,5.341452338606758,6.685398153464069,2000,0.95,125.0,248,True,20,19,21,19,20,0.04032258064516129,0.9596774193548387,finite_quantile_unattainable|interior|max_statistic,legacy_max_clamp,2
C08,FD004,primary,13,C08_FD004_8468e13b7f2c_seed_13,outputs/c08_final_8468e13,8468e13b7f2c7c3d937f0b4de6f5198e95e7b0b8,acd12ea2caba8bc8665ad5380b1345fe7287ad00ce3336c7a47b6f9025dcb71f,6a62820292723f3453c951d7d6886e1ca3a2aaff193e56f52e84b233d7ef5740,f4163f656e03c14528a040b45ff867cd738d8ccaf5e69ee56c1b537ab6ad6369,ridge,0.05,coverage,0.3870967741935484,0.32661290322580644,0.4475806451612903,2000,0.95,125.0,248,True,20,20,21,20,20,0.004032258064516129,0.9959677419354839,finite_quantile_unattainable|max_statistic,legacy_max_clamp,1
C08,FD004,primary,13,C08_FD004_8468e13b7f2c_seed_13,outputs/c08_final_8468e13,8468e13b7f2c7c3d937f0b4de6f5198e95e7b0b8,acd12ea2caba8bc8665ad5380b1345fe7287ad00ce3336c7a47b6f9025dcb71f,6a62820292723f3453c951d7d6886e1ca3a2aaff193e56f52e84b233d7ef5740,f4163f656e03c14528a040b45ff867cd738d8ccaf5e69ee56c1b537ab6ad6369,ridge,0.05,mean_width,77.8510888513807,77.8510888513807,77.8510888513807,2000,0.95,125.0,248,True,20,20,21,20,20,0.004032258064516129,0.9959677419354839,finite_quantile_unattainable|max_statistic,legacy_max_clamp,1
C08,FD004,primary,13,C08_FD004_8468e13b7f2c_seed_13,outputs/c08_final_8468e13,8468e13b7f2c7c3d937f0b4de6f5198e95e7b0b8,acd12ea2caba8bc8665ad5380b1345fe7287ad00ce3336c7a47b6f9025dcb71f,6a62820292723f3453c951d7d6886e1ca3a2aaff193e56f52e84b233d7ef5740,f4163f656e03c14528a040b45ff867cd738d8ccaf5e69ee56c1b537ab6ad6369,ridge,0.05,normalized_interval_score,11.443863223449842,10.059924568578744,12.745759424408675,2000,0.95,125.0,248,True,20,20,21,20,20,0.004032258064516129,0.9959677419354839,finite_quantile_unattainable|max_statistic,legacy_max_clamp,1
C08,FD004,primary,13,C08_FD004_8468e13b7f2c_seed_13,outputs/c08_final_8468e13,8468e13b7f2c7c3d937f0b4de6f5198e95e7b0b8,acd12ea2caba8bc8665ad5380b1345fe7287ad00ce3336c7a47b6f9025dcb71f,6a62820292723f3453c951d7d6886e1ca3a2aaff193e56f52e84b233d7ef5740,f4163f656e03c14528a040b45ff867cd738d8ccaf5e69ee56c1b537ab6ad6369,hist_gradient_boosting,0.1,coverage,0.6129032258064516,0.5524193548387096,0.6733870967741935,2000,0.95,125.0,248,True,20,19,21,19,20,0.06451612903225806,0.9354838709677419,finite_quantile_unattainable|interior|max_statistic,legacy_max_clamp,2
C08,FD004,primary,13,C08_FD004_8468e13b7f2c_seed_13,outputs/c08_final_8468e13,8468e13b7f2c7c3d937f0b4de6f5198e95e7b0b8,acd12ea2caba8bc8665ad5380b1345fe7287ad00ce3336c7a47b6f9025dcb71f,6a62820292723f3453c951d7d6886e1ca3a2aaff193e56f52e84b233d7ef5740,f4163f656e03c14528a040b45ff867cd738d8ccaf5e69ee56c1b537ab6ad6369,hist_gradient_boosting,0.1,mean_width,82.00655790253768,81.95885732009205,82.04471836849417,2000,0.95,125.0,248,True,20,19,21,19,20,0.06451612903225806,0.9354838709677419,finite_quantile_unattainable|interior|max_statistic,legacy_max_clamp,2
C08,FD004,primary,13,C08_FD004_8468e13b7f2c_seed_13,outputs/c08_final_8468e13,8468e13b7f2c7c3d937f0b4de6f5198e95e7b0b8,acd12ea2caba8bc8665ad5380b1345fe7287ad00ce3336c7a47b6f9025dcb71f,6a62820292723f3453c951d7d6886e1ca3a2aaff193e56f52e84b233d7ef5740,f4163f656e03c14528a040b45ff867cd738d8ccaf5e69ee56c1b537ab6ad6369,hist_gradient_boosting,0.1,normalized_interval_score,1.5075589665805278,1.3211817573434428,1.6924198938567316,2000,0.95,125.0,248,True,20,19,21,19,20,0.06451612903225806,0.9354838709677419,finite_quantile_unattainable|interior|max_statistic,legacy_max_clamp,2
C08,FD004,primary,13,C08_FD004_8468e13b7f2c_seed_13,outputs/c08_final_8468e13,8468e13b7f2c7c3d937f0b4de6f5198e95e7b0b8,acd12ea2caba8bc8665ad5380b1345fe7287ad00ce3336c7a47b6f9025dcb71f,6a62820292723f3453c951d7d6886e1ca3a2aaff193e56f52e84b233d7ef5740,f4163f656e03c14528a040b45ff867cd738d8ccaf5e69ee56c1b537ab6ad6369,hist_gradient_boosting,0.05,coverage,0.6129032258064516,0.5524193548387096,0.6733870967741935,2000,0.95,125.0,248,True,20,20,21,20,20,0.012096774193548387,0.9879032258064516,finite_quantile_unattainable|max_statistic,legacy_max_clamp,1
C08,FD004,primary,13,C08_FD004_8468e13b7f2c_seed_13,outputs/c08_final_8468e13,8468e13b7f2c7c3d937f0b4de6f5198e95e7b0b8,acd12ea2caba8bc8665ad5380b1345fe7287ad00ce3336c7a47b6f9025dcb71f,6a62820292723f3453c951d7d6886e1ca3a2aaff193e56f52e84b233d7ef5740,f4163f656e03c14528a040b45ff867cd738d8ccaf5e69ee56c1b537ab6ad6369,hist_gradient_boosting,0.05,mean_width,82.05425848498331,82.0542584849833,82.05425848498331,2000,0.95,125.0,248,True,20,20,21,20,20,0.012096774193548387,0.9879032258064516,finite_quantile_unattainable|max_statistic,legacy_max_clamp,1
C08,FD004,primary,13,C08_FD004_8468e13b7f2c_seed_13,outputs/c08_final_8468e13,8468e13b7f2c7c3d937f0b4de6f5198e95e7b0b8,acd12ea2caba8bc8665ad5380b1345fe7287ad00ce3336c7a47b6f9025dcb71f,6a62820292723f3453c951d7d6886e1ca3a2aaff193e56f52e84b233d7ef5740,f4163f656e03c14528a040b45ff867cd738d8ccaf5e69ee56c1b537ab6ad6369,hist_gradient_boosting,0.05,normalized_interval_score,2.3563942373237987,1.9832888454870554,2.7266903054416916,2000,0.95,125.0,248,True,20,20,21,20,20,0.012096774193548387,0.9879032258064516,finite_quantile_unattainable|max_statistic,legacy_max_clamp,1
C08,FD004,primary,37,C08_FD004_8468e13b7f2c_seed_37,outputs/c08_final_8468e13,8468e13b7f2c7c3d937f0b4de6f5198e95e7b0b8,c6f3e9790b43d97c7a58bd8abbf2ddd66597117cc59d2ec24084f1c80dc769c3,b76f8dce5e2a3d9797d2009aa0b6f4a7d0216a266540a9055195e66b8e4af085,c9743cd8e3fc539c45f3979c0277cbdf4ff08eea268a70430bb263154715084b,mean,0.1,coverage,0.8145161290322581,0.7661290322580645,0.8589717741935479,2000,0.95,125.0,248,True,20,19,21,19,20,0.29435483870967744,0.7056451612903226,finite_quantile_unattainable|interior|max_statistic,legacy_max_clamp,2
C08,FD004,primary,37,C08_FD004_8468e13b7f2c_seed_37,outputs/c08_final_8468e13,8468e13b7f2c7c3d937f0b4de6f5198e95e7b0b8,c6f3e9790b43d97c7a58bd8abbf2ddd66597117cc59d2ec24084f1c80dc769c3,b76f8dce5e2a3d9797d2009aa0b6f4a7d0216a266540a9055195e66b8e4af085,c9743cd8e3fc539c45f3979c0277cbdf4ff08eea268a70430bb263154715084b,mean,0.1,mean_width,126.91588160260648,126.85136547357422,126.96426869938067,2000,0.95,125.0,248,True,20,19,21,19,20,0.29435483870967744,0.7056451612903226,finite_quantile_unattainable|interior|max_statistic,legacy_max_clamp,2
C08,FD004,primary,37,C08_FD004_8468e13b7f2c_seed_37,outputs/c08_final_8468e13,8468e13b7f2c7c3d937f0b4de6f5198e95e7b0b8,c6f3e9790b43d97c7a58bd8abbf2ddd66597117cc59d2ec24084f1c80dc769c3,b76f8dce5e2a3d9797d2009aa0b6f4a7d0216a266540a9055195e66b8e4af085,c9743cd8e3fc539c45f3979c0277cbdf4ff08eea268a70430bb263154715084b,mean,0.1,normalized_interval_score,1.3430689883047229,1.2540367302402067,1.4411399560466582,2000,0.95,125.0,248,True,20,19,21,19,20,0.29435483870967744,0.7056451612903226,finite_quantile_unattainable|interior|max_statistic,legacy_max_clamp,2
C08,FD004,primary,37,C08_FD004_8468e13b7f2c_seed_37,outputs/c08_final_8468e13,8468e13b7f2c7c3d937f0b4de6f5198e95e7b0b8,c6f3e9790b43d97c7a58bd8abbf2ddd66597117cc59d2ec24084f1c80dc769c3,b76f8dce5e2a3d9797d2009aa0b6f4a7d0216a266540a9055195e66b8e4af085,c9743cd8e3fc539c45f3979c0277cbdf4ff08eea268a70430bb263154715084b,mean,0.05,coverage,0.8145161290322581,0.7661290322580645,0.8589717741935479,2000,0.95,125.0,248,True,20,20,21,20,20,0.004032258064516129,0.9959677419354839,finite_quantile_unattainable|max_statistic,legacy_max_clamp,1
C08,FD004,primary,37,C08_FD004_8468e13b7f2c_seed_37,outputs/c08_final_8468e13,8468e13b7f2c7c3d937f0b4de6f5198e95e7b0b8,c6f3e9790b43d97c7a58bd8abbf2ddd66597117cc59d2ec24084f1c80dc769c3,b76f8dce5e2a3d9797d2009aa0b6f4a7d0216a266540a9055195e66b8e4af085,c9743cd8e3fc539c45f3979c0277cbdf4ff08eea268a70430bb263154715084b,mean,0.05,mean_width,126.96426869938067,126.96426869938067,126.96426869938067,2000,0.95,125.0,248,True,20,20,21,20,20,0.004032258064516129,0.9959677419354839,finite_quantile_unattainable|max_statistic,legacy_max_clamp,1
C08,FD004,primary,37,C08_FD004_8468e13b7f2c_seed_37,outputs/c08_final_8468e13,8468e13b7f2c7c3d937f0b4de6f5198e95e7b0b8,c6f3e9790b43d97c7a58bd8abbf2ddd66597117cc59d2ec24084f1c80dc769c3,b76f8dce5e2a3d9797d2009aa0b6f4a7d0216a266540a9055195e66b8e4af085,c9743cd8e3fc539c45f3979c0277cbdf4ff08eea268a70430bb263154715084b,mean,0.05,normalized_interval_score,1.6660367302402066,1.486681891530529,1.860907697982142,2000,0.95,125.0,248,True,20,20,21,20,20,0.004032258064516129,0.9959677419354839,finite_quantile_unattainable|max_statistic,legacy_max_clamp,1
C08,FD004,primary,37,C08_FD004_8468e13b7f2c_seed_37,outputs/c08_final_8468e13,8468e13b7f2c7c3d937f0b4de6f5198e95e7b0b8,c6f3e9790b43d97c7a58bd8abbf2ddd66597117cc59d2ec24084f1c80dc769c3,b76f8dce5e2a3d9797d2009aa0b6f4a7d0216a266540a9055195e66b8e4af085,c9743cd8e3fc539c45f3979c0277cbdf4ff08eea268a70430bb263154715084b,ridge,0.1,coverage,0.3467741935483871,0.2903225806451613,0.40725806451612906,2000,0.95,125.0,248,True,20,19,21,19,20,0.028225806451612902,0.9717741935483871,finite_quantile_unattainable|interior|max_statistic,legacy_max_clamp,2
C08,FD004,primary,37,C08_FD004_8468e13b7f2c_seed_37,outputs/c08_final_8468e13,8468e13b7f2c7c3d937f0b4de6f5198e95e7b0b8,c6f3e9790b43d97c7a58bd8abbf2ddd66597117cc59d2ec24084f1c80dc769c3,b76f8dce5e2a3d9797d2009aa0b6f4a7d0216a266540a9055195e66b8e4af085,c9743cd8e3fc539c45f3979c0277cbdf4ff08eea268a70430bb263154715084b,ridge,0.1,mean_width,73.95564919694115,73.9449206131296,73.95922539154499,2000,0.95,125.0,248,True,20,19,21,19,20,0.028225806451612902,0.9717741935483871,finite_quantile_unattainable|interior|max_statistic,legacy_max_clamp,2
C08,FD004,primary,37,C08_FD004_8468e13b7f2c_seed_37,outputs/c08_final_8468e13,8468e13b7f2c7c3d937f0b4de6f5198e95e7b0b8,c6f3e9790b43d97c7a58bd8abbf2ddd66597117cc59d2ec24084f1c80dc769c3,b76f8dce5e2a3d9797d2009aa0b6f4a7d0216a266540a9055195e66b8e4af085,c9743cd8e3fc539c45f3979c0277cbdf4ff08eea268a70430bb263154715084b,ridge,0.1,normalized_interval_score,6.55922338158568,5.857748586784524,7.2245432326987284,2000,0.95,125.0,248,True,20,19,21,19,20,0.028225806451612902,0.9717741935483871,finite_quantile_unattainable|interior|max_statistic,legacy_max_clamp,2
C08,FD004,primary,37,C08_FD004_8468e13b7f2c_seed_37,outputs/c08_final_8468e13,8468e13b7f2c7c3d937f0b4de6f5198e95e7b0b8,c6f3e9790b43d97c7a58bd8abbf2ddd66597117cc59d2ec24084f1c80dc769c3,b76f8dce5e2a3d9797d2009aa0b6f4a7d0216a266540a9055195e66b8e4af085,c9743cd8e3fc539c45f3979c0277cbdf4ff08eea268a70430bb263154715084b,ridge,0.05,coverage,0.3467741935483871,0.2903225806451613,0.40725806451612906,2000,0.95,125.0,248,True,20,20,21,20,20,0.004032258064516129,0.9959677419354839,finite_quantile_unattainable|max_statistic,legacy_max_clamp,1
C08,FD004,primary,37,C08_FD004_8468e13b7f2c_seed_37,outputs/c08_final_8468e13,8468e13b7f2c7c3d937f0b4de6f5198e95e7b0b8,c6f3e9790b43d97c7a58bd8abbf2ddd66597117cc59d2ec24084f1c80dc769c3,b76f8dce5e2a3d9797d2009aa0b6f4a7d0216a266540a9055195e66b8e4af085,c9743cd8e3fc539c45f3979c0277cbdf4ff08eea268a70430bb263154715084b,ridge,0.05,mean_width,73.95922539154499,73.95922539154499,73.95922539154499,2000,0.95,125.0,248,True,20,20,21,20,20,0.004032258064516129,0.9959677419354839,finite_quantile_unattainable|max_statistic,legacy_max_clamp,1
C08,FD004,primary,37,C08_FD004_8468e13b7f2c_seed_37,outputs/c08_final_8468e13,8468e13b7f2c7c3d937f0b4de6f5198e95e7b0b8,c6f3e9790b43d97c7a58bd8abbf2ddd66597117cc59d2ec24084f1c80dc769c3,b76f8dce5e2a3d9797d2009aa0b6f4a7d0216a266540a9055195e66b8e4af085,c9743cd8e3fc539c45f3979c0277cbdf4ff08eea268a70430bb263154715084b,ridge,0.05,normalized_interval_score,12.526257988016047,11.123308398413734,13.856897690242143,2000,0.95,125.0,248,True,20,20,21,20,20,0.004032258064516129,0.9959677419354839,finite_quantile_unattainable|max_statistic,legacy_max_clamp,1
C08,FD004,primary,37,C08_FD004_8468e13b7f2c_seed_37,outputs/c08_final_8468e13,8468e13b7f2c7c3d937f0b4de6f5198e95e7b0b8,c6f3e9790b43d97c7a58bd8abbf2ddd66597117cc59d2ec24084f1c80dc769c3,b76f8dce5e2a3d9797d2009aa0b6f4a7d0216a266540a9055195e66b8e4af085,c9743cd8e3fc539c45f3979c0277cbdf4ff08eea268a70430bb263154715084b,hist_gradient_boosting,0.1,coverage,0.5604838709677419,0.5,0.6209677419354839,2000,0.95,125.0,248,True,20,19,21,19,20,0.06451612903225806,0.9354838709677419,finite_quantile_unattainable|interior|max_statistic,legacy_max_clamp,2
C08,FD004,primary,37,C08_FD004_8468e13b7f2c_seed_37,outputs/c08_final_8468e13,8468e13b7f2c7c3d937f0b4de6f5198e95e7b0b8,c6f3e9790b43d97c7a58bd8abbf2ddd66597117cc59d2ec24084f1c80dc769c3,b76f8dce5e2a3d9797d2009aa0b6f4a7d0216a266540a9055195e66b8e4af085,c9743cd8e3fc539c45f3979c0277cbdf4ff08eea268a70430bb263154715084b,hist_gradient_boosting,0.1,mean_width,71.68667290933337,71.62783044034724,71.73080476107296,2000,0.95,125.0,248,True,20,19,21,19,20,0.06451612903225806,0.9354838709677419,finite_quantile_unattainable|interior|max_statistic,legacy_max_clamp,2
C08,FD004,primary,37,C08_FD004_8468e13b7f2c_seed_37,outputs/c08_final_8468e13,8468e13b7f2c7c3d937f0b4de6f5198e95e7b0b8,c6f3e9790b43d97c7a58bd8abbf2ddd66597117cc59d2ec24084f1c80dc769c3,b76f8dce5e2a3d9797d2009aa0b6f4a7d0216a266540a9055195e66b8e4af085,c9743cd8e3fc539c45f3979c0277cbdf4ff08eea268a70430bb263154715084b,hist_gradient_boosting,0.1,normalized_interval_score,1.5773146222790546,1.4035854570423771,1.7531695786788541,2000,0.95,125.0,248,True,20,19,21,19,20,0.06451612903225806,0.9354838709677419,finite_quantile_unattainable|interior|max_statistic,legacy_max_clamp,2
C08,FD004,primary,37,C08_FD004_8468e13b7f2c_seed_37,outputs/c08_final_8468e13,8468e13b7f2c7c3d937f0b4de6f5198e95e7b0b8,c6f3e9790b43d97c7a58bd8abbf2ddd66597117cc59d2ec24084f1c80dc769c3,b76f8dce5e2a3d9797d2009aa0b6f4a7d0216a266540a9055195e66b8e4af085,c9743cd8e3fc539c45f3979c0277cbdf4ff08eea268a70430bb263154715084b,hist_gradient_boosting,0.05,coverage,0.5604838709677419,0.5,0.6209677419354839,2000,0.95,125.0,248,True,20,20,21,20,20,0.004032258064516129,0.9959677419354839,finite_quantile_unattainable|max_statistic,legacy_max_clamp,1
C08,FD004,primary,37,C08_FD004_8468e13b7f2c_seed_37,outputs/c08_final_8468e13,8468e13b7f2c7c3d937f0b4de6f5198e95e7b0b8,c6f3e9790b43d97c7a58bd8abbf2ddd66597117cc59d2ec24084f1c80dc769c3,b76f8dce5e2a3d9797d2009aa0b6f4a7d0216a266540a9055195e66b8e4af085,c9743cd8e3fc539c45f3979c0277cbdf4ff08eea268a70430bb263154715084b,hist_gradient_boosting,0.05,mean_width,71.73080476107296,71.73080476107296,71.73080476107296,2000,0.95,125.0,248,True,20,20,21,20,20,0.004032258064516129,0.9959677419354839,finite_quantile_unattainable|max_statistic,legacy_max_clamp,1
C08,FD004,primary,37,C08_FD004_8468e13b7f2c_seed_37,outputs/c08_final_8468e13,8468e13b7f2c7c3d937f0b4de6f5198e95e7b0b8,c6f3e9790b43d97c7a58bd8abbf2ddd66597117cc59d2ec24084f1c80dc769c3,b76f8dce5e2a3d9797d2009aa0b6f4a7d0216a266540a9055195e66b8e4af085,c9743cd8e3fc539c45f3979c0277cbdf4ff08eea268a70430bb263154715084b,hist_gradient_boosting,0.05,normalized_interval_score,2.5767815185784704,2.231198562123269,2.9282418767002865,2000,0.95,125.0,248,True,20,20,21,20,20,0.004032258064516129,0.9959677419354839,finite_quantile_unattainable|max_statistic,legacy_max_clamp,1
C08,FD004,primary,73,C08_FD004_8468e13b7f2c_seed_73,outputs/c08_final_8468e13,8468e13b7f2c7c3d937f0b4de6f5198e95e7b0b8,f1e65bd38d489bccf368196f7fabf61fc242c86fa764c7e8621f5f96e366476f,1938c48f5e79098349e5c1cb1f7a5b5d2d6f7656cef1968bd90db4a992ad7471,5daa39328dda8c10669c1eb3ba00573ef4fda45b88c73b633c5e61fe4b2fae41,mean,0.1,coverage,0.8346774193548387,0.7902217741935486,0.8790322580645161,2000,0.95,125.0,248,True,20,19,21,19,20,0.4274193548387097,0.5725806451612904,finite_quantile_unattainable|interior|max_statistic,legacy_max_clamp,2
C08,FD004,primary,73,C08_FD004_8468e13b7f2c_seed_73,outputs/c08_final_8468e13,8468e13b7f2c7c3d937f0b4de6f5198e95e7b0b8,f1e65bd38d489bccf368196f7fabf61fc242c86fa764c7e8621f5f96e366476f,1938c48f5e79098349e5c1cb1f7a5b5d2d6f7656cef1968bd90db4a992ad7471,5daa39328dda8c10669c1eb3ba00573ef4fda45b88c73b633c5e61fe4b2fae41,mean,0.1,mean_width,134.91382927328766,134.68802282167476,135.08318411199733,2000,0.95,125.0,248,True,20,19,21,19,20,0.4274193548387097,0.5725806451612904,finite_quantile_unattainable|interior|max_statistic,legacy_max_clamp,2
C08,FD004,primary,73,C08_FD004_8468e13b7f2c_seed_73,outputs/c08_final_8468e13,8468e13b7f2c7c3d937f0b4de6f5198e95e7b0b8,f1e65bd38d489bccf368196f7fabf61fc242c86fa764c7e8621f5f96e366476f,1938c48f5e79098349e5c1cb1f7a5b5d2d6f7656cef1968bd90db4a992ad7471,5daa39328dda8c10669c1eb3ba00573ef4fda45b88c73b633c5e61fe4b2fae41,mean,0.1,normalized_interval_score,1.2760848277346888,1.2182767632185596,1.337315472895979,2000,0.95,125.0,248,True,20,19,21,19,20,0.4274193548387097,0.5725806451612904,finite_quantile_unattainable|interior|max_statistic,legacy_max_clamp,2
C08,FD004,primary,73,C08_FD004_8468e13b7f2c_seed_73,outputs/c08_final_8468e13,8468e13b7f2c7c3d937f0b4de6f5198e95e7b0b8,f1e65bd38d489bccf368196f7fabf61fc242c86fa764c7e8621f5f96e366476f,1938c48f5e79098349e5c1cb1f7a5b5d2d6f7656cef1968bd90db4a992ad7471,5daa39328dda8c10669c1eb3ba00573ef4fda45b88c73b633c5e61fe4b2fae41,mean,0.05,coverage,0.8387096774193549,0.7943548387096774,0.8830645161290323,2000,0.95,125.0,248,True,20,20,21,20,20,0.03225806451612903,0.967741935483871,finite_quantile_unattainable|max_statistic,legacy_max_clamp,1
C08,FD004,primary,73,C08_FD004_8468e13b7f2c_seed_73,outputs/c08_final_8468e13,8468e13b7f2c7c3d937f0b4de6f5198e95e7b0b8,f1e65bd38d489bccf368196f7fabf61fc242c86fa764c7e8621f5f96e366476f,1938c48f5e79098349e5c1cb1f7a5b5d2d6f7656cef1968bd90db4a992ad7471,5daa39328dda8c10669c1eb3ba00573ef4fda45b88c73b633c5e61fe4b2fae41,mean,0.05,mean_width,135.08318411199733,135.08318411199733,135.08318411199733,2000,0.95,125.0,248,True,20,20,21,20,20,0.03225806451612903,0.967741935483871,finite_quantile_unattainable|max_statistic,legacy_max_clamp,1
C08,FD004,primary,73,C08_FD004_8468e13b7f2c_seed_73,outputs/c08_final_8468e13,8468e13b7f2c7c3d937f0b4de6f5198e95e7b0b8,f1e65bd38d489bccf368196f7fabf61fc242c86fa764c7e8621f5f96e366476f,1938c48f5e79098349e5c1cb1f7a5b5d2d6f7656cef1968bd90db4a992ad7471,5daa39328dda8c10669c1eb3ba00573ef4fda45b88c73b633c5e61fe4b2fae41,mean,0.05,normalized_interval_score,1.4600203116056567,1.3464719245088825,1.5813106341863017,2000,0.95,125.0,248,True,20,20,21,20,20,0.03225806451612903,0.967741935483871,finite_quantile_unattainable|max_statistic,legacy_max_clamp,1
C08,FD004,primary,73,C08_FD004_8468e13b7f2c_seed_73,outputs/c08_final_8468e13,8468e13b7f2c7c3d937f0b4de6f5198e95e7b0b8,f1e65bd38d489bccf368196f7fabf61fc242c86fa764c7e8621f5f96e366476f,1938c48f5e79098349e5c1cb1f7a5b5d2d6f7656cef1968bd90db4a992ad7471,5daa39328dda8c10669c1eb3ba00573ef4fda45b88c73b633c5e61fe4b2fae41,ridge,0.1,coverage,0.3467741935483871,0.2903225806451613,0.40725806451612906,2000,0.95,125.0,248,True,20,19,21,19,20,0.04032258064516129,0.9596774193548387,finite_quantile_unattainable|interior|max_statistic,legacy_max_clamp,2
C08,FD004,primary,73,C08_FD004_8468e13b7f2c_seed_73,outputs/c08_final_8468e13,8468e13b7f2c7c3d937f0b4de6f5198e95e7b0b8,f1e65bd38d489bccf368196f7fabf61fc242c86fa764c7e8621f5f96e366476f,1938c48f5e79098349e5c1cb1f7a5b5d2d6f7656cef1968bd90db4a992ad7471,5daa39328dda8c10669c1eb3ba00573ef4fda45b88c73b633c5e61fe4b2fae41,ridge,0.1,mean_width,67.92507669069661,67.88861390632185,67.94330808288399,2000,0.95,125.0,248,True,20,19,21,19,20,0.04032258064516129,0.9596774193548387,finite_quantile_unattainable|interior|max_statistic,legacy_max_clamp,2
C08,FD004,primary,73,C08_FD004_8468e13b7f2c_seed_73,outputs/c08_final_8468e13,8468e13b7f2c7c3d937f0b4de6f5198e95e7b0b8,f1e65bd38d489bccf368196f7fabf61fc242c86fa764c7e8621f5f96e366476f,1938c48f5e79098349e5c1cb1f7a5b5d2d6f7656cef1968bd90db4a992ad7471,5daa39328dda8c10669c1eb3ba00573ef4fda45b88c73b633c5e61fe4b2fae41,ridge,0.1,normalized_interval_score,6.61169270250469,5.88755352641082,7.33545448456655,2000,0.95,125.0,248,True,20,19,21,19,20,0.04032258064516129,0.9596774193548387,finite_quantile_unattainable|interior|max_statistic,legacy_max_clamp,2
C08,FD004,primary,73,C08_FD004_8468e13b7f2c_seed_73,outputs/c08_final_8468e13,8468e13b7f2c7c3d937f0b4de6f5198e95e7b0b8,f1e65bd38d489bccf368196f7fabf61fc242c86fa764c7e8621f5f96e366476f,1938c48f5e79098349e5c1cb1f7a5b5d2d6f7656cef1968bd90db4a992ad7471,5daa39328dda8c10669c1eb3ba00573ef4fda45b88c73b633c5e61fe4b2fae41,ridge,0.05,coverage,0.3467741935483871,0.2903225806451613,0.40725806451612906,2000,0.95,125.0,248,True,20,20,21,20,20,0.004032258064516129,0.9959677419354839,finite_quantile_unattainable|max_statistic,legacy_max_clamp,1
C08,FD004,primary,73,C08_FD004_8468e13b7f2c_seed_73,outputs/c08_final_8468e13,8468e13b7f2c7c3d937f0b4de6f5198e95e7b0b8,f1e65bd38d489bccf368196f7fabf61fc242c86fa764c7e8621f5f96e366476f,1938c48f5e79098349e5c1cb1f7a5b5d2d6f7656cef1968bd90db4a992ad7471,5daa39328dda8c10669c1eb3ba00573ef4fda45b88c73b633c5e61fe4b2fae41,ridge,0.05,mean_width,67.94330808288399,67.94330808288399,67.94330808288399,2000,0.95,125.0,248,True,20,20,21,20,20,0.004032258064516129,0.9959677419354839,finite_quantile_unattainable|max_statistic,legacy_max_clamp,1
C08,FD004,primary,73,C08_FD004_8468e13b7f2c_seed_73,outputs/c08_final_8468e13,8468e13b7f2c7c3d937f0b4de6f5198e95e7b0b8,f1e65bd38d489bccf368196f7fabf61fc242c86fa764c7e8621f5f96e366476f,1938c48f5e79098349e5c1cb1f7a5b5d2d6f7656cef1968bd90db4a992ad7471,5daa39328dda8c10669c1eb3ba00573ef4fda45b88c73b633c5e61fe4b2fae41,ridge,0.05,normalized_interval_score,12.677213619871324,11.227636133330968,14.122177496531936,2000,0.95,125.0,248,True,20,20,21,20,20,0.004032258064516129,0.9959677419354839,finite_quantile_unattainable|max_statistic,legacy_max_clamp,1
C08,FD004,primary,73,C08_FD004_8468e13b7f2c_seed_73,outputs/c08_final_8468e13,8468e13b7f2c7c3d937f0b4de6f5198e95e7b0b8,f1e65bd38d489bccf368196f7fabf61fc242c86fa764c7e8621f5f96e366476f,1938c48f5e79098349e5c1cb1f7a5b5d2d6f7656cef1968bd90db4a992ad7471,5daa39328dda8c10669c1eb3ba00573ef4fda45b88c73b633c5e61fe4b2fae41,hist_gradient_boosting,0.1,coverage,0.7419354838709677,0.6854838709677419,0.7943548387096774,2000,0.95,125.0,248,True,20,19,21,19,20,0.10483870967741936,0.8951612903225806,finite_quantile_unattainable|interior|max_statistic,legacy_max_clamp,2
C08,FD004,primary,73,C08_FD004_8468e13b7f2c_seed_73,outputs/c08_final_8468e13,8468e13b7f2c7c3d937f0b4de6f5198e95e7b0b8,f1e65bd38d489bccf368196f7fabf61fc242c86fa764c7e8621f5f96e366476f,1938c48f5e79098349e5c1cb1f7a5b5d2d6f7656cef1968bd90db4a992ad7471,5daa39328dda8c10669c1eb3ba00573ef4fda45b88c73b633c5e61fe4b2fae41,hist_gradient_boosting,0.1,mean_width,96.21818734757053,95.7449349851238,96.5731266194056,2000,0.95,125.0,248,True,20,19,21,19,20,0.10483870967741936,0.8951612903225806,finite_quantile_unattainable|interior|max_statistic,legacy_max_clamp,2
C08,FD004,primary,73,C08_FD004_8468e13b7f2c_seed_73,outputs/c08_final_8468e13,8468e13b7f2c7c3d937f0b4de6f5198e95e7b0b8,f1e65bd38d489bccf368196f7fabf61fc242c86fa764c7e8621f5f96e366476f,1938c48f5e79098349e5c1cb1f7a5b5d2d6f7656cef1968bd90db4a992ad7471,5daa39328dda8c10669c1eb3ba00573ef4fda45b88c73b633c5e61fe4b2fae41,hist_gradient_boosting,0.1,normalized_interval_score,1.2039063180625633,1.0959896904655353,1.3301901792402624,2000,0.95,125.0,248,True,20,19,21,19,20,0.10483870967741936,0.8951612903225806,finite_quantile_unattainable|interior|max_statistic,legacy_max_clamp,2
C08,FD004,primary,73,C08_FD004_8468e13b7f2c_seed_73,outputs/c08_final_8468e13,8468e13b7f2c7c3d937f0b4de6f5198e95e7b0b8,f1e65bd38d489bccf368196f7fabf61fc242c86fa764c7e8621f5f96e366476f,1938c48f5e79098349e5c1cb1f7a5b5d2d6f7656cef1968bd90db4a992ad7471,5daa39328dda8c10669c1eb3ba00573ef4fda45b88c73b633c5e61fe4b2fae41,hist_gradient_boosting,0.05,coverage,0.7459677419354839,0.6895161290322581,0.7983870967741935,2000,0.95,125.0,248,True,20,20,21,20,20,0.03225806451612903,0.967741935483871,finite_quantile_unattainable|max_statistic,legacy_max_clamp,1
C08,FD004,primary,73,C08_FD004_8468e13b7f2c_seed_73,outputs/c08_final_8468e13,8468e13b7f2c7c3d937f0b4de6f5198e95e7b0b8,f1e65bd38d489bccf368196f7fabf61fc242c86fa764c7e8621f5f96e366476f,1938c48f5e79098349e5c1cb1f7a5b5d2d6f7656cef1968bd90db4a992ad7471,5daa39328dda8c10669c1eb3ba00573ef4fda45b88c73b633c5e61fe4b2fae41,hist_gradient_boosting,0.05,mean_width,96.5731266194056,96.57312661940558,96.5731266194056,2000,0.95,125.0,248,True,20,20,21,20,20,0.03225806451612903,0.967741935483871,finite_quantile_unattainable|max_statistic,legacy_max_clamp,1
C08,FD004,primary,73,C08_FD004_8468e13b7f2c_seed_73,outputs/c08_final_8468e13,8468e13b7f2c7c3d937f0b4de6f5198e95e7b0b8,f1e65bd38d489bccf368196f7fabf61fc242c86fa764c7e8621f5f96e366476f,1938c48f5e79098349e5c1cb1f7a5b5d2d6f7656cef1968bd90db4a992ad7471,5daa39328dda8c10669c1eb3ba00573ef4fda45b88c73b633c5e61fe4b2fae41,hist_gradient_boosting,0.05,normalized_interval_score,1.616607356719844,1.4013806776122295,1.8584198137381471,2000,0.95,125.0,248,True,20,20,21,20,20,0.03225806451612903,0.967741935483871,finite_quantile_unattainable|max_statistic,legacy_max_clamp,1
C08,FD004,primary,101,C08_FD004_8468e13b7f2c_seed_101,outputs/c08_final_8468e13,8468e13b7f2c7c3d937f0b4de6f5198e95e7b0b8,04b232953848ba1a9bfb194dd3b578b73f3aa6e26f9f50db29c77fc2713b601c,9107ac3b6026c857a1d055d4e942ea7748567fbbe2cfa2bb15a1a2893258c3d9,d2dcd341cee879f28087db73cac94e3e99a3427344adb37c4cae1e08c43753d5,mean,0.1,coverage,0.8225806451612904,0.7741935483870968,0.8709677419354839,2000,0.95,125.0,248,True,20,19,21,19,20,0.3548387096774194,0.6451612903225806,finite_quantile_unattainable|interior|max_statistic,legacy_max_clamp,2
C08,FD004,primary,101,C08_FD004_8468e13b7f2c_seed_101,outputs/c08_final_8468e13,8468e13b7f2c7c3d937f0b4de6f5198e95e7b0b8,04b232953848ba1a9bfb194dd3b578b73f3aa6e26f9f50db29c77fc2713b601c,9107ac3b6026c857a1d055d4e942ea7748567fbbe2cfa2bb15a1a2893258c3d9,d2dcd341cee879f28087db73cac94e3e99a3427344adb37c4cae1e08c43753d5,mean,0.1,mean_width,127.34842001316662,127.18712969058598,127.4693877551021,2000,0.95,125.0,248,True,20,19,21,19,20,0.3548387096774194,0.6451612903225806,finite_quantile_unattainable|interior|max_statistic,legacy_max_clamp,2
C08,FD004,primary,101,C08_FD004_8468e13b7f2c_seed_101,outputs/c08_final_8468e13,8468e13b7f2c7c3d937f0b4de6f5198e95e7b0b8,04b232953848ba1a9bfb194dd3b578b73f3aa6e26f9f50db29c77fc2713b601c,9107ac3b6026c857a1d055d4e942ea7748567fbbe2cfa2bb15a1a2893258c3d9,d2dcd341cee879f28087db73cac94e3e99a3427344adb37c4cae1e08c43753d5,mean,0.1,normalized_interval_score,1.3207228439763008,1.236521231073075,1.4120131665569458,2000,0.95,125.0,248,True,20,19,21,19,20,0.3548387096774194,0.6451612903225806,finite_quantile_unattainable|interior|max_statistic,legacy_max_clamp,2
C08,FD004,primary,101,C08_FD004_8468e13b7f2c_seed_101,outputs/c08_final_8468e13,8468e13b7f2c7c3d937f0b4de6f5198e95e7b0b8,04b232953848ba1a9bfb194dd3b578b73f3aa6e26f9f50db29c77fc2713b601c,9107ac3b6026c857a1d055d4e942ea7748567fbbe2cfa2bb15a1a2893258c3d9,d2dcd341cee879f28087db73cac94e3e99a3427344adb37c4cae1e08c43753d5,mean,0.05,coverage,0.8225806451612904,0.7741935483870968,0.8709677419354839,2000,0.95,125.0,248,True,20,20,21,20,20,0.004032258064516129,0.9959677419354839,finite_quantile_unattainable|max_statistic,legacy_max_clamp,1
C08,FD004,primary,101,C08_FD004_8468e13b7f2c_seed_101,outputs/c08_final_8468e13,8468e13b7f2c7c3d937f0b4de6f5198e95e7b0b8,04b232953848ba1a9bfb194dd3b578b73f3aa6e26f9f50db29c77fc2713b601c,9107ac3b6026c857a1d055d4e942ea7748567fbbe2cfa2bb15a1a2893258c3d9,d2dcd341cee879f28087db73cac94e3e99a3427344adb37c4cae1e08c43753d5,mean,0.05,mean_width,127.4693877551021,127.4693877551021,127.4693877551021,2000,0.95,125.0,248,True,20,20,21,20,20,0.004032258064516129,0.9959677419354839,finite_quantile_unattainable|max_statistic,legacy_max_clamp,1
C08,FD004,primary,101,C08_FD004_8468e13b7f2c_seed_101,outputs/c08_final_8468e13,8468e13b7f2c7c3d937f0b4de6f5198e95e7b0b8,04b232953848ba1a9bfb194dd3b578b73f3aa6e26f9f50db29c77fc2713b601c,9107ac3b6026c857a1d055d4e942ea7748567fbbe2cfa2bb15a1a2893258c3d9,d2dcd341cee879f28087db73cac94e3e99a3427344adb37c4cae1e08c43753d5,mean,0.05,normalized_interval_score,1.6107228439763008,1.4468196181698494,1.7939809084924296,2000,0.95,125.0,248,True,20,20,21,20,20,0.004032258064516129,0.9959677419354839,finite_quantile_unattainable|max_statistic,legacy_max_clamp,1
C08,FD004,primary,101,C08_FD004_8468e13b7f2c_seed_101,outputs/c08_final_8468e13,8468e13b7f2c7c3d937f0b4de6f5198e95e7b0b8,04b232953848ba1a9bfb194dd3b578b73f3aa6e26f9f50db29c77fc2713b601c,9107ac3b6026c857a1d055d4e942ea7748567fbbe2cfa2bb15a1a2893258c3d9,d2dcd341cee879f28087db73cac94e3e99a3427344adb37c4cae1e08c43753d5,ridge,0.1,coverage,0.42338709677419356,0.3629032258064516,0.4838709677419355,2000,0.95,125.0,248,True,20,19,21,19,20,0.04032258064516129,0.9596774193548387,finite_quantile_unattainable|interior|max_statistic,legacy_max_clamp,2
C08,FD004,primary,101,C08_FD004_8468e13b7f2c_seed_101,outputs/c08_final_8468e13,8468e13b7f2c7c3d937f0b4de6f5198e95e7b0b8,04b232953848ba1a9bfb194dd3b578b73f3aa6e26f9f50db29c77fc2713b601c,9107ac3b6026c857a1d055d4e942ea7748567fbbe2cfa2bb15a1a2893258c3d9,d2dcd341cee879f28087db73cac94e3e99a3427344adb37c4cae1e08c43753d5,ridge,0.1,mean_width,102.86612931644157,102.83708383854132,102.88065205539169,2000,0.95,125.0,248,True,20,19,21,19,20,0.04032258064516129,0.9596774193548387,finite_quantile_unattainable|interior|max_statistic,legacy_max_clamp,2
C08,FD004,primary,101,C08_FD004_8468e13b7f2c_seed_101,outputs/c08_final_8468e13,8468e13b7f2c7c3d937f0b4de6f5198e95e7b0b8,04b232953848ba1a9bfb194dd3b578b73f3aa6e26f9f50db29c77fc2713b601c,9107ac3b6026c857a1d055d4e942ea7748567fbbe2cfa2bb15a1a2893258c3d9,d2dcd341cee879f28087db73cac94e3e99a3427344adb37c4cae1e08c43753d5,ridge,0.1,normalized_interval_score,5.31895109754399,4.7561264696249435,5.895531564267639,2000,0.95,125.0,248,True,20,19,21,19,20,0.04032258064516129,0.9596774193548387,finite_quantile_unattainable|interior|max_statistic,legacy_max_clamp,2
C08,FD004,primary,101,C08_FD004_8468e13b7f2c_seed_101,outputs/c08_final_8468e13,8468e13b7f2c7c3d937f0b4de6f5198e95e7b0b8,04b232953848ba1a9bfb194dd3b578b73f3aa6e26f9f50db29c77fc2713b601c,9107ac3b6026c857a1d055d4e942ea7748567fbbe2cfa2bb15a1a2893258c3d9,d2dcd341cee879f28087db73cac94e3e99a3427344adb37c4cae1e08c43753d5,ridge,0.05,coverage,0.42338709677419356,0.3629032258064516,0.4838709677419355,2000,0.95,125.0,248,True,20,20,21,20,20,0.004032258064516129,0.9959677419354839,finite_quantile_unattainable|max_statistic,legacy_max_clamp,1
C08,FD004,primary,101,C08_FD004_8468e13b7f2c_seed_101,outputs/c08_final_8468e13,8468e13b7f2c7c3d937f0b4de6f5198e95e7b0b8,04b232953848ba1a9bfb194dd3b578b73f3aa6e26f9f50db29c77fc2713b601c,9107ac3b6026c857a1d055d4e942ea7748567fbbe2cfa2bb15a1a2893258c3d9,d2dcd341cee879f28087db73cac94e3e99a3427344adb37c4cae1e08c43753d5,ridge,0.05,mean_width,102.88065205539169,102.88065205539169,102.88065205539169,2000,0.95,125.0,248,True,20,20,21,20,20,0.004032258064516129,0.9959677419354839,finite_quantile_unattainable|max_statistic,legacy_max_clamp,1
C08,FD004,primary,101,C08_FD004_8468e13b7f2c_seed_101,outputs/c08_final_8468e13,8468e13b7f2c7c3d937f0b4de6f5198e95e7b0b8,04b232953848ba1a9bfb194dd3b578b73f3aa6e26f9f50db29c77fc2713b601c,9107ac3b6026c857a1d055d4e942ea7748567fbbe2cfa2bb15a1a2893258c3d9,d2dcd341cee879f28087db73cac94e3e99a3427344adb37c4cae1e08c43753d5,ridge,0.05,normalized_interval_score,9.81276570423603,8.68309074516096,10.965926637683326,2000,0.95,125.0,248,True,20,20,21,20,20,0.004032258064516129,0.9959677419354839,finite_quantile_unattainable|max_statistic,legacy_max_clamp,1
C08,FD004,primary,101,C08_FD004_8468e13b7f2c_seed_101,outputs/c08_final_8468e13,8468e13b7f2c7c3d937f0b4de6f5198e95e7b0b8,04b232953848ba1a9bfb194dd3b578b73f3aa6e26f9f50db29c77fc2713b601c,9107ac3b6026c857a1d055d4e942ea7748567fbbe2cfa2bb15a1a2893258c3d9,d2dcd341cee879f28087db73cac94e3e99a3427344adb37c4cae1e08c43753d5,hist_gradient_boosting,0.1,coverage,0.7419354838709677,0.6854838709677419,0.7944556451612897,2000,0.95,125.0,248,True,20,19,21,19,20,0.12903225806451613,0.8709677419354839,finite_quantile_unattainable|interior|max_statistic,legacy_max_clamp,2
C08,FD004,primary,101,C08_FD004_8468e13b7f2c_seed_101,outputs/c08_final_8468e13,8468e13b7f2c7c3d937f0b4de6f5198e95e7b0b8,04b232953848ba1a9bfb194dd3b578b73f3aa6e26f9f50db29c77fc2713b601c,9107ac3b6026c857a1d055d4e942ea7748567fbbe2cfa2bb15a1a2893258c3d9,d2dcd341cee879f28087db73cac94e3e99a3427344adb37c4cae1e08c43753d5,hist_gradient_boosting,0.1,mean_width,96.35727514924508,96.05074160133961,96.58717531017419,2000,0.95,125.0,248,True,20,19,21,19,20,0.12903225806451613,0.8709677419354839,finite_quantile_unattainable|interior|max_statistic,legacy_max_clamp,2
C08,FD004,primary,101,C08_FD004_8468e13b7f2c_seed_101,outputs/c08_final_8468e13,8468e13b7f2c7c3d937f0b4de6f5198e95e7b0b8,04b232953848ba1a9bfb194dd3b578b73f3aa6e26f9f50db29c77fc2713b601c,9107ac3b6026c857a1d055d4e942ea7748567fbbe2cfa2bb15a1a2893258c3d9,d2dcd341cee879f28087db73cac94e3e99a3427344adb37c4cae1e08c43753d5,hist_gradient_boosting,0.1,normalized_interval_score,1.3892541989985718,1.2368948733929732,1.5555481905500308,2000,0.95,125.0,248,True,20,19,21,19,20,0.12903225806451613,0.8709677419354839,finite_quantile_unattainable|interior|max_statistic,legacy_max_clamp,2
C08,FD004,primary,101,C08_FD004_8468e13b7f2c_seed_101,outputs/c08_final_8468e13,8468e13b7f2c7c3d937f0b4de6f5198e95e7b0b8,04b232953848ba1a9bfb194dd3b578b73f3aa6e26f9f50db29c77fc2713b601c,9107ac3b6026c857a1d055d4e942ea7748567fbbe2cfa2bb15a1a2893258c3d9,d2dcd341cee879f28087db73cac94e3e99a3427344adb37c4cae1e08c43753d5,hist_gradient_boosting,0.05,coverage,0.7419354838709677,0.6854838709677419,0.7944556451612897,2000,0.95,125.0,248,True,20,20,21,20,20,0.004032258064516129,0.9959677419354839,finite_quantile_unattainable|max_statistic,legacy_max_clamp,1
C08,FD004,primary,101,C08_FD004_8468e13b7f2c_seed_101,outputs/c08_final_8468e13,8468e13b7f2c7c3d937f0b4de6f5198e95e7b0b8,04b232953848ba1a9bfb194dd3b578b73f3aa6e26f9f50db29c77fc2713b601c,9107ac3b6026c857a1d055d4e942ea7748567fbbe2cfa2bb15a1a2893258c3d9,d2dcd341cee879f28087db73cac94e3e99a3427344adb37c4cae1e08c43753d5,hist_gradient_boosting,0.05,mean_width,96.58717531017419,96.58717531017419,96.58717531017419,2000,0.95,125.0,248,True,20,20,21,20,20,0.004032258064516129,0.9959677419354839,finite_quantile_unattainable|max_statistic,legacy_max_clamp,1
C08,FD004,primary,101,C08_FD004_8468e13b7f2c_seed_101,outputs/c08_final_8468e13,8468e13b7f2c7c3d937f0b4de6f5198e95e7b0b8,04b232953848ba1a9bfb194dd3b578b73f3aa6e26f9f50db29c77fc2713b601c,9107ac3b6026c857a1d055d4e942ea7748567fbbe2cfa2bb15a1a2893258c3d9,d2dcd341cee879f28087db73cac94e3e99a3427344adb37c4cae1e08c43753d5,hist_gradient_boosting,0.05,normalized_interval_score,1.9849667142581782,1.6864822135131177,2.3126521281701575,2000,0.95,125.0,248,True,20,20,21,20,20,0.004032258064516129,0.9959677419354839,finite_quantile_unattainable|max_statistic,legacy_max_clamp,1
C08,FD004,primary,137,C08_FD004_8468e13b7f2c_seed_137,outputs/c08_final_8468e13,8468e13b7f2c7c3d937f0b4de6f5198e95e7b0b8,86b654f1dd9976d6f192d4d1eb6c8361d27782782949b248528fad06f07a79f0,cc603d4826abc954b46127b073fcbde551c94956c6a3e7a1285f1d0d07240a1e,fc3d02af56488103e0811f6724720fac4eb8b2041eb62670d3ddd81bab681cee,mean,0.1,coverage,0.7903225806451613,0.7379032258064516,0.842741935483871,2000,0.95,125.0,248,True,20,19,21,19,20,0.16532258064516128,0.8346774193548387,finite_quantile_unattainable|interior|max_statistic,legacy_max_clamp,2
C08,FD004,primary,137,C08_FD004_8468e13b7f2c_seed_137,outputs/c08_final_8468e13,8468e13b7f2c7c3d937f0b4de6f5198e95e7b0b8,86b654f1dd9976d6f192d4d1eb6c8361d27782782949b248528fad06f07a79f0,cc603d4826abc954b46127b073fcbde551c94956c6a3e7a1285f1d0d07240a1e,fc3d02af56488103e0811f6724720fac4eb8b2041eb62670d3ddd81bab681cee,mean,0.1,mean_width,119.72388738161077,119.62711318806238,119.79646802677205,2000,0.95,125.0,248,True,20,19,21,19,20,0.16532258064516128,0.8346774193548387,finite_quantile_unattainable|interior|max_statistic,legacy_max_clamp,2
C08,FD004,primary,137,C08_FD004_8468e13b7f2c_seed_137,outputs/c08_final_8468e13,8468e13b7f2c7c3d937f0b4de6f5198e95e7b0b8,86b654f1dd9976d6f192d4d1eb6c8361d27782782949b248528fad06f07a79f0,cc603d4826abc954b46127b073fcbde551c94956c6a3e7a1285f1d0d07240a1e,fc3d02af56488103e0811f6724720fac4eb8b2041eb62670d3ddd81bab681cee,mean,0.1,normalized_interval_score,1.3842427119561116,1.2681023893754668,1.4967104538915954,2000,0.95,125.0,248,True,20,19,21,19,20,0.16532258064516128,0.8346774193548387,finite_quantile_unattainable|interior|max_statistic,legacy_max_clamp,2
C08,FD004,primary,137,C08_FD004_8468e13b7f2c_seed_137,outputs/c08_final_8468e13,8468e13b7f2c7c3d937f0b4de6f5198e95e7b0b8,86b654f1dd9976d6f192d4d1eb6c8361d27782782949b248528fad06f07a79f0,cc603d4826abc954b46127b073fcbde551c94956c6a3e7a1285f1d0d07240a1e,fc3d02af56488103e0811f6724720fac4eb8b2041eb62670d3ddd81bab681cee,mean,0.05,coverage,0.7903225806451613,0.7379032258064516,0.842741935483871,2000,0.95,125.0,248,True,20,20,21,20,20,0.004032258064516129,0.9959677419354839,finite_quantile_unattainable|max_statistic,legacy_max_clamp,1
C08,FD004,primary,137,C08_FD004_8468e13b7f2c_seed_137,outputs/c08_final_8468e13,8468e13b7f2c7c3d937f0b4de6f5198e95e7b0b8,86b654f1dd9976d6f192d4d1eb6c8361d27782782949b248528fad06f07a79f0,cc603d4826abc954b46127b073fcbde551c94956c6a3e7a1285f1d0d07240a1e,fc3d02af56488103e0811f6724720fac4eb8b2041eb62670d3ddd81bab681cee,mean,0.05,mean_width,119.79646802677205,119.79646802677205,119.79646802677205,2000,0.95,125.0,248,True,20,20,21,20,20,0.004032258064516129,0.9959677419354839,finite_quantile_unattainable|max_statistic,legacy_max_clamp,1
C08,FD004,primary,137,C08_FD004_8468e13b7f2c_seed_137,outputs/c08_final_8468e13,8468e13b7f2c7c3d937f0b4de6f5198e95e7b0b8,86b654f1dd9976d6f192d4d1eb6c8361d27782782949b248528fad06f07a79f0,cc603d4826abc954b46127b073fcbde551c94956c6a3e7a1285f1d0d07240a1e,fc3d02af56488103e0811f6724720fac4eb8b2041eb62670d3ddd81bab681cee,mean,0.05,normalized_interval_score,1.8035330345367566,1.5725330345367565,2.028081421633531,2000,0.95,125.0,248,True,20,20,21,20,20,0.004032258064516129,0.9959677419354839,finite_quantile_unattainable|max_statistic,legacy_max_clamp,1
C08,FD004,primary,137,C08_FD004_8468e13b7f2c_seed_137,outputs/c08_final_8468e13,8468e13b7f2c7c3d937f0b4de6f5198e95e7b0b8,86b654f1dd9976d6f192d4d1eb6c8361d27782782949b248528fad06f07a79f0,cc603d4826abc954b46127b073fcbde551c94956c6a3e7a1285f1d0d07240a1e,fc3d02af56488103e0811f6724720fac4eb8b2041eb62670d3ddd81bab681cee,ridge,0.1,coverage,0.3951612903225806,0.3346774193548387,0.45564516129032256,2000,0.95,125.0,248,True,20,19,21,19,20,0.04032258064516129,0.9596774193548387,finite_quantile_unattainable|interior|max_statistic,legacy_max_clamp,2
C08,FD004,primary,137,C08_FD004_8468e13b7f2c_seed_137,outputs/c08_final_8468e13,8468e13b7f2c7c3d937f0b4de6f5198e95e7b0b8,86b654f1dd9976d6f192d4d1eb6c8361d27782782949b248528fad06f07a79f0,cc603d4826abc954b46127b073fcbde551c94956c6a3e7a1285f1d0d07240a1e,fc3d02af56488103e0811f6724720fac4eb8b2041eb62670d3ddd81bab681cee,ridge,0.1,mean_width,78.34953566889875,78.31211695212187,78.36824502728722,2000,0.95,125.0,248,True,20,19,21,19,20,0.04032258064516129,0.9596774193548387,finite_quantile_unattainable|interior|max_statistic,legacy_max_clamp,2
C08,FD004,primary,137,C08_FD004_8468e13b7f2c_seed_137,outputs/c08_final_8468e13,8468e13b7f2c7c3d937f0b4de6f5198e95e7b0b8,86b654f1dd9976d6f192d4d1eb6c8361d27782782949b248528fad06f07a79f0,cc603d4826abc954b46127b073fcbde551c94956c6a3e7a1285f1d0d07240a1e,fc3d02af56488103e0811f6724720fac4eb8b2041eb62670d3ddd81bab681cee,ridge,0.1,normalized_interval_score,5.9962811778632075,5.341300960757577,6.661144318238812,2000,0.95,125.0,248,True,20,19,21,19,20,0.04032258064516129,0.9596774193548387,finite_quantile_unattainable|interior|max_statistic,legacy_max_clamp,2
C08,FD004,primary,137,C08_FD004_8468e13b7f2c_seed_137,outputs/c08_final_8468e13,8468e13b7f2c7c3d937f0b4de6f5198e95e7b0b8,86b654f1dd9976d6f192d4d1eb6c8361d27782782949b248528fad06f07a79f0,cc603d4826abc954b46127b073fcbde551c94956c6a3e7a1285f1d0d07240a1e,fc3d02af56488103e0811f6724720fac4eb8b2041eb62670d3ddd81bab681cee,ridge,0.05,coverage,0.3951612903225806,0.3346774193548387,0.45564516129032256,2000,0.95,125.0,248,True,20,20,21,20,20,0.004032258064516129,0.9959677419354839,finite_quantile_unattainable|max_statistic,legacy_max_clamp,1
C08,FD004,primary,137,C08_FD004_8468e13b7f2c_seed_137,outputs/c08_final_8468e13,8468e13b7f2c7c3d937f0b4de6f5198e95e7b0b8,86b654f1dd9976d6f192d4d1eb6c8361d27782782949b248528fad06f07a79f0,cc603d4826abc954b46127b073fcbde551c94956c6a3e7a1285f1d0d07240a1e,fc3d02af56488103e0811f6724720fac4eb8b2041eb62670d3ddd81bab681cee,ridge,0.05,mean_width,78.36824502728722,78.36824502728722,78.36824502728722,2000,0.95,125.0,248,True,20,20,21,20,20,0.004032258064516129,0.9959677419354839,finite_quantile_unattainable|max_statistic,legacy_max_clamp,1
C08,FD004,primary,137,C08_FD004_8468e13b7f2c_seed_137,outputs/c08_final_8468e13,8468e13b7f2c7c3d937f0b4de6f5198e95e7b0b8,86b654f1dd9976d6f192d4d1eb6c8361d27782782949b248528fad06f07a79f0,cc603d4826abc954b46127b073fcbde551c94956c6a3e7a1285f1d0d07240a1e,fc3d02af56488103e0811f6724720fac4eb8b2041eb62670d3ddd81bab681cee,ridge,0.05,normalized_interval_score,11.362922247900178,10.055655961296853,12.68995438104345,2000,0.95,125.0,248,True,20,20,21,20,20,0.004032258064516129,0.9959677419354839,finite_quantile_unattainable|max_statistic,legacy_max_clamp,1
C08,FD004,primary,137,C08_FD004_8468e13b7f2c_seed_137,outputs/c08_final_8468e13,8468e13b7f2c7c3d937f0b4de6f5198e95e7b0b8,86b654f1dd9976d6f192d4d1eb6c8361d27782782949b248528fad06f07a79f0,cc603d4826abc954b46127b073fcbde551c94956c6a3e7a1285f1d0d07240a1e,fc3d02af56488103e0811f6724720fac4eb8b2041eb62670d3ddd81bab681cee,hist_gradient_boosting,0.1,coverage,0.4879032258064516,0.4274193548387097,0.5524193548387096,2000,0.95,125.0,248,True,20,19,21,19,20,0.06048387096774194,0.9395161290322581,finite_quantile_unattainable|interior|max_statistic,legacy_max_clamp,2
C08,FD004,primary,137,C08_FD004_8468e13b7f2c_seed_137,outputs/c08_final_8468e13,8468e13b7f2c7c3d937f0b4de6f5198e95e7b0b8,86b654f1dd9976d6f192d4d1eb6c8361d27782782949b248528fad06f07a79f0,cc603d4826abc954b46127b073fcbde551c94956c6a3e7a1285f1d0d07240a1e,fc3d02af56488103e0811f6724720fac4eb8b2041eb62670d3ddd81bab681cee,hist_gradient_boosting,0.1,mean_width,68.13214704675386,68.0603038249952,68.16806865763319,2000,0.95,125.0,248,True,20,19,21,19,20,0.06048387096774194,0.9395161290322581,finite_quantile_unattainable|interior|max_statistic,legacy_max_clamp,2
C08,FD004,primary,137,C08_FD004_8468e13b7f2c_seed_137,outputs/c08_final_8468e13,8468e13b7f2c7c3d937f0b4de6f5198e95e7b0b8,86b654f1dd9976d6f192d4d1eb6c8361d27782782949b248528fad06f07a79f0,cc603d4826abc954b46127b073fcbde551c94956c6a3e7a1285f1d0d07240a1e,fc3d02af56488103e0811f6724720fac4eb8b2041eb62670d3ddd81bab681cee,hist_gradient_boosting,0.1,normalized_interval_score,1.8354401686359167,1.632822499609646,2.0452709871030503,2000,0.95,125.0,248,True,20,19,21,19,20,0.06048387096774194,0.9395161290322581,finite_quantile_unattainable|interior|max_statistic,legacy_max_clamp,2
C08,FD004,primary,137,C08_FD004_8468e13b7f2c_seed_137,outputs/c08_final_8468e13,8468e13b7f2c7c3d937f0b4de6f5198e95e7b0b8,86b654f1dd9976d6f192d4d1eb6c8361d27782782949b248528fad06f07a79f0,cc603d4826abc954b46127b073fcbde551c94956c6a3e7a1285f1d0d07240a1e,fc3d02af56488103e0811f6724720fac4eb8b2041eb62670d3ddd81bab681cee,hist_gradient_boosting,0.05,coverage,0.4879032258064516,0.4274193548387097,0.5524193548387096,2000,0.95,125.0,248,True,20,20,21,20,20,0.004032258064516129,0.9959677419354839,finite_quantile_unattainable|max_statistic,legacy_max_clamp,1
C08,FD004,primary,137,C08_FD004_8468e13b7f2c_seed_137,outputs/c08_final_8468e13,8468e13b7f2c7c3d937f0b4de6f5198e95e7b0b8,86b654f1dd9976d6f192d4d1eb6c8361d27782782949b248528fad06f07a79f0,cc603d4826abc954b46127b073fcbde551c94956c6a3e7a1285f1d0d07240a1e,fc3d02af56488103e0811f6724720fac4eb8b2041eb62670d3ddd81bab681cee,hist_gradient_boosting,0.05,mean_width,68.16806865763319,68.16806865763319,68.16806865763319,2000,0.95,125.0,248,True,20,20,21,20,20,0.004032258064516129,0.9959677419354839,finite_quantile_unattainable|max_statistic,legacy_max_clamp,1
C08,FD004,primary,137,C08_FD004_8468e13b7f2c_seed_137,outputs/c08_final_8468e13,8468e13b7f2c7c3d937f0b4de6f5198e95e7b0b8,86b654f1dd9976d6f192d4d1eb6c8361d27782782949b248528fad06f07a79f0,cc603d4826abc954b46127b073fcbde551c94956c6a3e7a1285f1d0d07240a1e,fc3d02af56488103e0811f6724720fac4eb8b2041eb62670d3ddd81bab681cee,hist_gradient_boosting,0.05,normalized_interval_score,3.120363076044144,2.7163730112191375,3.5395295640058997,2000,0.95,125.0,248,True,20,20,21,20,20,0.004032258064516129,0.9959677419354839,finite_quantile_unattainable|max_statistic,legacy_max_clamp,1
