experiment_id,target,condition,seed,run_id,artifact_root,source_git_sha,manifest_sha256,predictions_sha256,metrics_sha256,model,prediction_variant,metric,value,metric_status,n_endpoints,stored_metric_match
C01,FD001,primary,13,C01_2be1b54b5531_seed_13,outputs/c01_hardened,2be1b54b55316be988cc9a21c5c6acf6294882a5,3ab3d18ac655c59359338678a72c4a45b53c621149d79346fd845069b81772b2,dfa3dd94a1f6139a271c3266ed315c376b74bd13bdc8e47982440c86dd89a833,d0eef152dc4f2420db21c7d16066c45ba54ceb2d2ed452aaf55cc100dfa34448,mean,raw,rmse,42.6972574249317,reconstructed,100,PENDING
C01,FD001,primary,13,C01_2be1b54b5531_seed_13,outputs/c01_hardened,2be1b54b55316be988cc9a21c5c6acf6294882a5,3ab3d18ac655c59359338678a72c4a45b53c621149d79346fd845069b81772b2,dfa3dd94a1f6139a271c3266ed315c376b74bd13bdc8e47982440c86dd89a833,d0eef152dc4f2420db21c7d16066c45ba54ceb2d2ed452aaf55cc100dfa34448,mean,raw,mae,35.9,reconstructed,100,PENDING
C01,FD001,primary,13,C01_2be1b54b5531_seed_13,outputs/c01_hardened,2be1b54b55316be988cc9a21c5c6acf6294882a5,3ab3d18ac655c59359338678a72c4a45b53c621149d79346fd845069b81772b2,dfa3dd94a1f6139a271c3266ed315c376b74bd13bdc8e47982440c86dd89a833,d0eef152dc4f2420db21c7d16066c45ba54ceb2d2ed452aaf55cc100dfa34448,mean,raw,signed_error,9.807455919395451,reconstructed,100,PENDING
C01,FD001,primary,13,C01_2be1b54b5531_seed_13,outputs/c01_hardened,2be1b54b55316be988cc9a21c5c6acf6294882a5,3ab3d18ac655c59359338678a72c4a45b53c621149d79346fd845069b81772b2,dfa3dd94a1f6139a271c3266ed315c376b74bd13bdc8e47982440c86dd89a833,d0eef152dc4f2420db21c7d16066c45ba54ceb2d2ed452aaf55cc100dfa34448,mean,raw,nasa_score,29107.961611339386,reconstructed,100,PENDING
C01,FD001,primary,13,C01_2be1b54b5531_seed_13,outputs/c01_hardened,2be1b54b55316be988cc9a21c5c6acf6294882a5,3ab3d18ac655c59359338678a72c4a45b53c621149d79346fd845069b81772b2,dfa3dd94a1f6139a271c3266ed315c376b74bd13bdc8e47982440c86dd89a833,d0eef152dc4f2420db21c7d16066c45ba54ceb2d2ed452aaf55cc100dfa34448,mean,clipped,rmse,41.523325339842316,reconstructed,100,True
C01,FD001,primary,13,C01_2be1b54b5531_seed_13,outputs/c01_hardened,2be1b54b55316be988cc9a21c5c6acf6294882a5,3ab3d18ac655c59359338678a72c4a45b53c621149d79346fd845069b81772b2,dfa3dd94a1f6139a271c3266ed315c376b74bd13bdc8e47982440c86dd89a833,d0eef152dc4f2420db21c7d16066c45ba54ceb2d2ed452aaf55cc100dfa34448,mean,clipped,mae,34.83,reconstructed,100,True
C01,FD001,primary,13,C01_2be1b54b5531_seed_13,outputs/c01_hardened,2be1b54b55316be988cc9a21c5c6acf6294882a5,3ab3d18ac655c59359338678a72c4a45b53c621149d79346fd845069b81772b2,dfa3dd94a1f6139a271c3266ed315c376b74bd13bdc8e47982440c86dd89a833,d0eef152dc4f2420db21c7d16066c45ba54ceb2d2ed452aaf55cc100dfa34448,mean,clipped,signed_error,10.877455919395459,reconstructed,100,True
C01,FD001,primary,13,C01_2be1b54b5531_seed_13,outputs/c01_hardened,2be1b54b55316be988cc9a21c5c6acf6294882a5,3ab3d18ac655c59359338678a72c4a45b53c621149d79346fd845069b81772b2,dfa3dd94a1f6139a271c3266ed315c376b74bd13bdc8e47982440c86dd89a833,d0eef152dc4f2420db21c7d16066c45ba54ceb2d2ed452aaf55cc100dfa34448,mean,clipped,nasa_score,28799.55497154869,reconstructed,100,True
C01,FD001,primary,13,C01_2be1b54b5531_seed_13,outputs/c01_hardened,2be1b54b55316be988cc9a21c5c6acf6294882a5,3ab3d18ac655c59359338678a72c4a45b53c621149d79346fd845069b81772b2,dfa3dd94a1f6139a271c3266ed315c376b74bd13bdc8e47982440c86dd89a833,d0eef152dc4f2420db21c7d16066c45ba54ceb2d2ed452aaf55cc100dfa34448,ridge,raw,rmse,20.116943049074276,reconstructed,100,PENDING
C01,FD001,primary,13,C01_2be1b54b5531_seed_13,outputs/c01_hardened,2be1b54b55316be988cc9a21c5c6acf6294882a5,3ab3d18ac655c59359338678a72c4a45b53c621149d79346fd845069b81772b2,dfa3dd94a1f6139a271c3266ed315c376b74bd13bdc8e47982440c86dd89a833,d0eef152dc4f2420db21c7d16066c45ba54ceb2d2ed452aaf55cc100dfa34448,ridge,raw,mae,15.520629605044277,reconstructed,100,PENDING
C01,FD001,primary,13,C01_2be1b54b5531_seed_13,outputs/c01_hardened,2be1b54b55316be988cc9a21c5c6acf6294882a5,3ab3d18ac655c59359338678a72c4a45b53c621149d79346fd845069b81772b2,dfa3dd94a1f6139a271c3266ed315c376b74bd13bdc8e47982440c86dd89a833,d0eef152dc4f2420db21c7d16066c45ba54ceb2d2ed452aaf55cc100dfa34448,ridge,raw,signed_error,-2.480058848241517,reconstructed,100,PENDING
C01,FD001,primary,13,C01_2be1b54b5531_seed_13,outputs/c01_hardened,2be1b54b55316be988cc9a21c5c6acf6294882a5,3ab3d18ac655c59359338678a72c4a45b53c621149d79346fd845069b81772b2,dfa3dd94a1f6139a271c3266ed315c376b74bd13bdc8e47982440c86dd89a833,d0eef152dc4f2420db21c7d16066c45ba54ceb2d2ed452aaf55cc100dfa34448,ridge,raw,nasa_score,656.7451446483229,reconstructed,100,PENDING
C01,FD001,primary,13,C01_2be1b54b5531_seed_13,outputs/c01_hardened,2be1b54b55316be988cc9a21c5c6acf6294882a5,3ab3d18ac655c59359338678a72c4a45b53c621149d79346fd845069b81772b2,dfa3dd94a1f6139a271c3266ed315c376b74bd13bdc8e47982440c86dd89a833,d0eef152dc4f2420db21c7d16066c45ba54ceb2d2ed452aaf55cc100dfa34448,ridge,clipped,rmse,18.757302031911998,reconstructed,100,True
C01,FD001,primary,13,C01_2be1b54b5531_seed_13,outputs/c01_hardened,2be1b54b55316be988cc9a21c5c6acf6294882a5,3ab3d18ac655c59359338678a72c4a45b53c621149d79346fd845069b81772b2,dfa3dd94a1f6139a271c3266ed315c376b74bd13bdc8e47982440c86dd89a833,d0eef152dc4f2420db21c7d16066c45ba54ceb2d2ed452aaf55cc100dfa34448,ridge,clipped,mae,14.426285007018455,reconstructed,100,True
C01,FD001,primary,13,C01_2be1b54b5531_seed_13,outputs/c01_hardened,2be1b54b55316be988cc9a21c5c6acf6294882a5,3ab3d18ac655c59359338678a72c4a45b53c621149d79346fd845069b81772b2,dfa3dd94a1f6139a271c3266ed315c376b74bd13bdc8e47982440c86dd89a833,d0eef152dc4f2420db21c7d16066c45ba54ceb2d2ed452aaf55cc100dfa34448,ridge,clipped,signed_error,-1.3857142502156952,reconstructed,100,True
C01,FD001,primary,13,C01_2be1b54b5531_seed_13,outputs/c01_hardened,2be1b54b55316be988cc9a21c5c6acf6294882a5,3ab3d18ac655c59359338678a72c4a45b53c621149d79346fd845069b81772b2,dfa3dd94a1f6139a271c3266ed315c376b74bd13bdc8e47982440c86dd89a833,d0eef152dc4f2420db21c7d16066c45ba54ceb2d2ed452aaf55cc100dfa34448,ridge,clipped,nasa_score,571.388059042254,reconstructed,100,True
C01,FD001,primary,13,C01_2be1b54b5531_seed_13,outputs/c01_hardened,2be1b54b55316be988cc9a21c5c6acf6294882a5,3ab3d18ac655c59359338678a72c4a45b53c621149d79346fd845069b81772b2,dfa3dd94a1f6139a271c3266ed315c376b74bd13bdc8e47982440c86dd89a833,d0eef152dc4f2420db21c7d16066c45ba54ceb2d2ed452aaf55cc100dfa34448,hist_gradient_boosting,raw,rmse,17.7993505617479,reconstructed,100,PENDING
C01,FD001,primary,13,C01_2be1b54b5531_seed_13,outputs/c01_hardened,2be1b54b55316be988cc9a21c5c6acf6294882a5,3ab3d18ac655c59359338678a72c4a45b53c621149d79346fd845069b81772b2,dfa3dd94a1f6139a271c3266ed315c376b74bd13bdc8e47982440c86dd89a833,d0eef152dc4f2420db21c7d16066c45ba54ceb2d2ed452aaf55cc100dfa34448,hist_gradient_boosting,raw,mae,14.006307245117574,reconstructed,100,PENDING
C01,FD001,primary,13,C01_2be1b54b5531_seed_13,outputs/c01_hardened,2be1b54b55316be988cc9a21c5c6acf6294882a5,3ab3d18ac655c59359338678a72c4a45b53c621149d79346fd845069b81772b2,dfa3dd94a1f6139a271c3266ed315c376b74bd13bdc8e47982440c86dd89a833,d0eef152dc4f2420db21c7d16066c45ba54ceb2d2ed452aaf55cc100dfa34448,hist_gradient_boosting,raw,signed_error,-0.601513103812219,reconstructed,100,PENDING
C01,FD001,primary,13,C01_2be1b54b5531_seed_13,outputs/c01_hardened,2be1b54b55316be988cc9a21c5c6acf6294882a5,3ab3d18ac655c59359338678a72c4a45b53c621149d79346fd845069b81772b2,dfa3dd94a1f6139a271c3266ed315c376b74bd13bdc8e47982440c86dd89a833,d0eef152dc4f2420db21c7d16066c45ba54ceb2d2ed452aaf55cc100dfa34448,hist_gradient_boosting,raw,nasa_score,447.0682201015349,reconstructed,100,PENDING
C01,FD001,primary,13,C01_2be1b54b5531_seed_13,outputs/c01_hardened,2be1b54b55316be988cc9a21c5c6acf6294882a5,3ab3d18ac655c59359338678a72c4a45b53c621149d79346fd845069b81772b2,dfa3dd94a1f6139a271c3266ed315c376b74bd13bdc8e47982440c86dd89a833,d0eef152dc4f2420db21c7d16066c45ba54ceb2d2ed452aaf55cc100dfa34448,hist_gradient_boosting,clipped,rmse,16.408302836831606,reconstructed,100,True
C01,FD001,primary,13,C01_2be1b54b5531_seed_13,outputs/c01_hardened,2be1b54b55316be988cc9a21c5c6acf6294882a5,3ab3d18ac655c59359338678a72c4a45b53c621149d79346fd845069b81772b2,dfa3dd94a1f6139a271c3266ed315c376b74bd13bdc8e47982440c86dd89a833,d0eef152dc4f2420db21c7d16066c45ba54ceb2d2ed452aaf55cc100dfa34448,hist_gradient_boosting,clipped,mae,12.936307245117574,reconstructed,100,True
C01,FD001,primary,13,C01_2be1b54b5531_seed_13,outputs/c01_hardened,2be1b54b55316be988cc9a21c5c6acf6294882a5,3ab3d18ac655c59359338678a72c4a45b53c621149d79346fd845069b81772b2,dfa3dd94a1f6139a271c3266ed315c376b74bd13bdc8e47982440c86dd89a833,d0eef152dc4f2420db21c7d16066c45ba54ceb2d2ed452aaf55cc100dfa34448,hist_gradient_boosting,clipped,signed_error,0.46848689618778083,reconstructed,100,True
C01,FD001,primary,13,C01_2be1b54b5531_seed_13,outputs/c01_hardened,2be1b54b55316be988cc9a21c5c6acf6294882a5,3ab3d18ac655c59359338678a72c4a45b53c621149d79346fd845069b81772b2,dfa3dd94a1f6139a271c3266ed315c376b74bd13bdc8e47982440c86dd89a833,d0eef152dc4f2420db21c7d16066c45ba54ceb2d2ed452aaf55cc100dfa34448,hist_gradient_boosting,clipped,nasa_score,384.8227758548457,reconstructed,100,True
C01,FD001,primary,37,C01_2be1b54b5531_seed_37,outputs/c01_hardened,2be1b54b55316be988cc9a21c5c6acf6294882a5,a9355fd94d2ce84839357b8ab38edc6ae35e76d07bb77ca1a03c10419976af51,08550b2b1cd1ba57e2d0ed6e455d1d0bd1e2c80b817d14c79595d17626e8e274,a6b46afa5f636946a96f2e66c1086a6ed199f9fa08d822ed349bb0504ce2e856,mean,raw,rmse,43.24306023167234,reconstructed,100,PENDING
C01,FD001,primary,37,C01_2be1b54b5531_seed_37,outputs/c01_hardened,2be1b54b55316be988cc9a21c5c6acf6294882a5,a9355fd94d2ce84839357b8ab38edc6ae35e76d07bb77ca1a03c10419976af51,08550b2b1cd1ba57e2d0ed6e455d1d0bd1e2c80b817d14c79595d17626e8e274,a6b46afa5f636946a96f2e66c1086a6ed199f9fa08d822ed349bb0504ce2e856,mean,raw,mae,35.909642686993806,reconstructed,100,PENDING
C01,FD001,primary,37,C01_2be1b54b5531_seed_37,outputs/c01_hardened,2be1b54b55316be988cc9a21c5c6acf6294882a5,a9355fd94d2ce84839357b8ab38edc6ae35e76d07bb77ca1a03c10419976af51,08550b2b1cd1ba57e2d0ed6e455d1d0bd1e2c80b817d14c79595d17626e8e274,a6b46afa5f636946a96f2e66c1086a6ed199f9fa08d822ed349bb0504ce2e856,mean,raw,signed_error,11.962134349690334,reconstructed,100,PENDING
C01,FD001,primary,37,C01_2be1b54b5531_seed_37,outputs/c01_hardened,2be1b54b55316be988cc9a21c5c6acf6294882a5,a9355fd94d2ce84839357b8ab38edc6ae35e76d07bb77ca1a03c10419976af51,08550b2b1cd1ba57e2d0ed6e455d1d0bd1e2c80b817d14c79595d17626e8e274,a6b46afa5f636946a96f2e66c1086a6ed199f9fa08d822ed349bb0504ce2e856,mean,raw,nasa_score,35823.76432364773,reconstructed,100,PENDING
C01,FD001,primary,37,C01_2be1b54b5531_seed_37,outputs/c01_hardened,2be1b54b55316be988cc9a21c5c6acf6294882a5,a9355fd94d2ce84839357b8ab38edc6ae35e76d07bb77ca1a03c10419976af51,08550b2b1cd1ba57e2d0ed6e455d1d0bd1e2c80b817d14c79595d17626e8e274,a6b46afa5f636946a96f2e66c1086a6ed199f9fa08d822ed349bb0504ce2e856,mean,clipped,rmse,42.13910328552779,reconstructed,100,True
C01,FD001,primary,37,C01_2be1b54b5531_seed_37,outputs/c01_hardened,2be1b54b55316be988cc9a21c5c6acf6294882a5,a9355fd94d2ce84839357b8ab38edc6ae35e76d07bb77ca1a03c10419976af51,08550b2b1cd1ba57e2d0ed6e455d1d0bd1e2c80b817d14c79595d17626e8e274,a6b46afa5f636946a96f2e66c1086a6ed199f9fa08d822ed349bb0504ce2e856,mean,clipped,mae,34.839642686993805,reconstructed,100,True
C01,FD001,primary,37,C01_2be1b54b5531_seed_37,outputs/c01_hardened,2be1b54b55316be988cc9a21c5c6acf6294882a5,a9355fd94d2ce84839357b8ab38edc6ae35e76d07bb77ca1a03c10419976af51,08550b2b1cd1ba57e2d0ed6e455d1d0bd1e2c80b817d14c79595d17626e8e274,a6b46afa5f636946a96f2e66c1086a6ed199f9fa08d822ed349bb0504ce2e856,mean,clipped,signed_error,13.032134349690335,reconstructed,100,True
C01,FD001,primary,37,C01_2be1b54b5531_seed_37,outputs/c01_hardened,2be1b54b55316be988cc9a21c5c6acf6294882a5,a9355fd94d2ce84839357b8ab38edc6ae35e76d07bb77ca1a03c10419976af51,08550b2b1cd1ba57e2d0ed6e455d1d0bd1e2c80b817d14c79595d17626e8e274,a6b46afa5f636946a96f2e66c1086a6ed199f9fa08d822ed349bb0504ce2e856,mean,clipped,nasa_score,35562.46288542401,reconstructed,100,True
C01,FD001,primary,37,C01_2be1b54b5531_seed_37,outputs/c01_hardened,2be1b54b55316be988cc9a21c5c6acf6294882a5,a9355fd94d2ce84839357b8ab38edc6ae35e76d07bb77ca1a03c10419976af51,08550b2b1cd1ba57e2d0ed6e455d1d0bd1e2c80b817d14c79595d17626e8e274,a6b46afa5f636946a96f2e66c1086a6ed199f9fa08d822ed349bb0504ce2e856,ridge,raw,rmse,18.48038572847197,reconstructed,100,PENDING
C01,FD001,primary,37,C01_2be1b54b5531_seed_37,outputs/c01_hardened,2be1b54b55316be988cc9a21c5c6acf6294882a5,a9355fd94d2ce84839357b8ab38edc6ae35e76d07bb77ca1a03c10419976af51,08550b2b1cd1ba57e2d0ed6e455d1d0bd1e2c80b817d14c79595d17626e8e274,a6b46afa5f636946a96f2e66c1086a6ed199f9fa08d822ed349bb0504ce2e856,ridge,raw,mae,14.534084883070147,reconstructed,100,PENDING
C01,FD001,primary,37,C01_2be1b54b5531_seed_37,outputs/c01_hardened,2be1b54b55316be988cc9a21c5c6acf6294882a5,a9355fd94d2ce84839357b8ab38edc6ae35e76d07bb77ca1a03c10419976af51,08550b2b1cd1ba57e2d0ed6e455d1d0bd1e2c80b817d14c79595d17626e8e274,a6b46afa5f636946a96f2e66c1086a6ed199f9fa08d822ed349bb0504ce2e856,ridge,raw,signed_error,1.9195463221298428,reconstructed,100,PENDING
C01,FD001,primary,37,C01_2be1b54b5531_seed_37,outputs/c01_hardened,2be1b54b55316be988cc9a21c5c6acf6294882a5,a9355fd94d2ce84839357b8ab38edc6ae35e76d07bb77ca1a03c10419976af51,08550b2b1cd1ba57e2d0ed6e455d1d0bd1e2c80b817d14c79595d17626e8e274,a6b46afa5f636946a96f2e66c1086a6ed199f9fa08d822ed349bb0504ce2e856,ridge,raw,nasa_score,582.212670070333,reconstructed,100,PENDING
C01,FD001,primary,37,C01_2be1b54b5531_seed_37,outputs/c01_hardened,2be1b54b55316be988cc9a21c5c6acf6294882a5,a9355fd94d2ce84839357b8ab38edc6ae35e76d07bb77ca1a03c10419976af51,08550b2b1cd1ba57e2d0ed6e455d1d0bd1e2c80b817d14c79595d17626e8e274,a6b46afa5f636946a96f2e66c1086a6ed199f9fa08d822ed349bb0504ce2e856,ridge,clipped,rmse,17.35317009247391,reconstructed,100,True
C01,FD001,primary,37,C01_2be1b54b5531_seed_37,outputs/c01_hardened,2be1b54b55316be988cc9a21c5c6acf6294882a5,a9355fd94d2ce84839357b8ab38edc6ae35e76d07bb77ca1a03c10419976af51,08550b2b1cd1ba57e2d0ed6e455d1d0bd1e2c80b817d14c79595d17626e8e274,a6b46afa5f636946a96f2e66c1086a6ed199f9fa08d822ed349bb0504ce2e856,ridge,clipped,mae,13.460964052832376,reconstructed,100,True
C01,FD001,primary,37,C01_2be1b54b5531_seed_37,outputs/c01_hardened,2be1b54b55316be988cc9a21c5c6acf6294882a5,a9355fd94d2ce84839357b8ab38edc6ae35e76d07bb77ca1a03c10419976af51,08550b2b1cd1ba57e2d0ed6e455d1d0bd1e2c80b817d14c79595d17626e8e274,a6b46afa5f636946a96f2e66c1086a6ed199f9fa08d822ed349bb0504ce2e856,ridge,clipped,signed_error,2.992667152367612,reconstructed,100,True
C01,FD001,primary,37,C01_2be1b54b5531_seed_37,outputs/c01_hardened,2be1b54b55316be988cc9a21c5c6acf6294882a5,a9355fd94d2ce84839357b8ab38edc6ae35e76d07bb77ca1a03c10419976af51,08550b2b1cd1ba57e2d0ed6e455d1d0bd1e2c80b817d14c79595d17626e8e274,a6b46afa5f636946a96f2e66c1086a6ed199f9fa08d822ed349bb0504ce2e856,ridge,clipped,nasa_score,539.7013601577119,reconstructed,100,True
C01,FD001,primary,37,C01_2be1b54b5531_seed_37,outputs/c01_hardened,2be1b54b55316be988cc9a21c5c6acf6294882a5,a9355fd94d2ce84839357b8ab38edc6ae35e76d07bb77ca1a03c10419976af51,08550b2b1cd1ba57e2d0ed6e455d1d0bd1e2c80b817d14c79595d17626e8e274,a6b46afa5f636946a96f2e66c1086a6ed199f9fa08d822ed349bb0504ce2e856,hist_gradient_boosting,raw,rmse,17.202447026929242,reconstructed,100,PENDING
C01,FD001,primary,37,C01_2be1b54b5531_seed_37,outputs/c01_hardened,2be1b54b55316be988cc9a21c5c6acf6294882a5,a9355fd94d2ce84839357b8ab38edc6ae35e76d07bb77ca1a03c10419976af51,08550b2b1cd1ba57e2d0ed6e455d1d0bd1e2c80b817d14c79595d17626e8e274,a6b46afa5f636946a96f2e66c1086a6ed199f9fa08d822ed349bb0504ce2e856,hist_gradient_boosting,raw,mae,13.544686450830925,reconstructed,100,PENDING
C01,FD001,primary,37,C01_2be1b54b5531_seed_37,outputs/c01_hardened,2be1b54b55316be988cc9a21c5c6acf6294882a5,a9355fd94d2ce84839357b8ab38edc6ae35e76d07bb77ca1a03c10419976af51,08550b2b1cd1ba57e2d0ed6e455d1d0bd1e2c80b817d14c79595d17626e8e274,a6b46afa5f636946a96f2e66c1086a6ed199f9fa08d822ed349bb0504ce2e856,hist_gradient_boosting,raw,signed_error,3.6157650849530993,reconstructed,100,PENDING
C01,FD001,primary,37,C01_2be1b54b5531_seed_37,outputs/c01_hardened,2be1b54b55316be988cc9a21c5c6acf6294882a5,a9355fd94d2ce84839357b8ab38edc6ae35e76d07bb77ca1a03c10419976af51,08550b2b1cd1ba57e2d0ed6e455d1d0bd1e2c80b817d14c79595d17626e8e274,a6b46afa5f636946a96f2e66c1086a6ed199f9fa08d822ed349bb0504ce2e856,hist_gradient_boosting,raw,nasa_score,540.0344490575861,reconstructed,100,PENDING
C01,FD001,primary,37,C01_2be1b54b5531_seed_37,outputs/c01_hardened,2be1b54b55316be988cc9a21c5c6acf6294882a5,a9355fd94d2ce84839357b8ab38edc6ae35e76d07bb77ca1a03c10419976af51,08550b2b1cd1ba57e2d0ed6e455d1d0bd1e2c80b817d14c79595d17626e8e274,a6b46afa5f636946a96f2e66c1086a6ed199f9fa08d822ed349bb0504ce2e856,hist_gradient_boosting,clipped,rmse,16.050156665242344,reconstructed,100,True
C01,FD001,primary,37,C01_2be1b54b5531_seed_37,outputs/c01_hardened,2be1b54b55316be988cc9a21c5c6acf6294882a5,a9355fd94d2ce84839357b8ab38edc6ae35e76d07bb77ca1a03c10419976af51,08550b2b1cd1ba57e2d0ed6e455d1d0bd1e2c80b817d14c79595d17626e8e274,a6b46afa5f636946a96f2e66c1086a6ed199f9fa08d822ed349bb0504ce2e856,hist_gradient_boosting,clipped,mae,12.474686450830925,reconstructed,100,True
C01,FD001,primary,37,C01_2be1b54b5531_seed_37,outputs/c01_hardened,2be1b54b55316be988cc9a21c5c6acf6294882a5,a9355fd94d2ce84839357b8ab38edc6ae35e76d07bb77ca1a03c10419976af51,08550b2b1cd1ba57e2d0ed6e455d1d0bd1e2c80b817d14c79595d17626e8e274,a6b46afa5f636946a96f2e66c1086a6ed199f9fa08d822ed349bb0504ce2e856,hist_gradient_boosting,clipped,signed_error,4.6857650849531005,reconstructed,100,True
C01,FD001,primary,37,C01_2be1b54b5531_seed_37,outputs/c01_hardened,2be1b54b55316be988cc9a21c5c6acf6294882a5,a9355fd94d2ce84839357b8ab38edc6ae35e76d07bb77ca1a03c10419976af51,08550b2b1cd1ba57e2d0ed6e455d1d0bd1e2c80b817d14c79595d17626e8e274,a6b46afa5f636946a96f2e66c1086a6ed199f9fa08d822ed349bb0504ce2e856,hist_gradient_boosting,clipped,nasa_score,501.67496445920347,reconstructed,100,True
C01,FD001,primary,73,C01_2be1b54b5531_seed_73,outputs/c01_hardened,2be1b54b55316be988cc9a21c5c6acf6294882a5,903611b974210b16e91683c1d9c1a6483a53d4e25c5ad529365519937973ed39,eb937b78ec5e39e2e3fb9f45416d313f10b7d883c7dfb6770d7ec2cb51bbe5ba,dc046569c64b7afa40f21805fa85a27d0653cdf6fce4129dc526fa61d96ac5f2,mean,raw,rmse,42.99238410984966,reconstructed,100,PENDING
C01,FD001,primary,73,C01_2be1b54b5531_seed_73,outputs/c01_hardened,2be1b54b55316be988cc9a21c5c6acf6294882a5,903611b974210b16e91683c1d9c1a6483a53d4e25c5ad529365519937973ed39,eb937b78ec5e39e2e3fb9f45416d313f10b7d883c7dfb6770d7ec2cb51bbe5ba,dc046569c64b7afa40f21805fa85a27d0653cdf6fce4129dc526fa61d96ac5f2,mean,raw,mae,35.9,reconstructed,100,PENDING
C01,FD001,primary,73,C01_2be1b54b5531_seed_73,outputs/c01_hardened,2be1b54b55316be988cc9a21c5c6acf6294882a5,903611b974210b16e91683c1d9c1a6483a53d4e25c5ad529365519937973ed39,eb937b78ec5e39e2e3fb9f45416d313f10b7d883c7dfb6770d7ec2cb51bbe5ba,dc046569c64b7afa40f21805fa85a27d0653cdf6fce4129dc526fa61d96ac5f2,mean,raw,signed_error,11.021592055998688,reconstructed,100,PENDING
C01,FD001,primary,73,C01_2be1b54b5531_seed_73,outputs/c01_hardened,2be1b54b55316be988cc9a21c5c6acf6294882a5,903611b974210b16e91683c1d9c1a6483a53d4e25c5ad529365519937973ed39,eb937b78ec5e39e2e3fb9f45416d313f10b7d883c7dfb6770d7ec2cb51bbe5ba,dc046569c64b7afa40f21805fa85a27d0653cdf6fce4129dc526fa61d96ac5f2,mean,raw,nasa_score,32707.992398466104,reconstructed,100,PENDING
C01,FD001,primary,73,C01_2be1b54b5531_seed_73,outputs/c01_hardened,2be1b54b55316be988cc9a21c5c6acf6294882a5,903611b974210b16e91683c1d9c1a6483a53d4e25c5ad529365519937973ed39,eb937b78ec5e39e2e3fb9f45416d313f10b7d883c7dfb6770d7ec2cb51bbe5ba,dc046569c64b7afa40f21805fa85a27d0653cdf6fce4129dc526fa61d96ac5f2,mean,clipped,rmse,41.857784203761796,reconstructed,100,True
C01,FD001,primary,73,C01_2be1b54b5531_seed_73,outputs/c01_hardened,2be1b54b55316be988cc9a21c5c6acf6294882a5,903611b974210b16e91683c1d9c1a6483a53d4e25c5ad529365519937973ed39,eb937b78ec5e39e2e3fb9f45416d313f10b7d883c7dfb6770d7ec2cb51bbe5ba,dc046569c64b7afa40f21805fa85a27d0653cdf6fce4129dc526fa61d96ac5f2,mean,clipped,mae,34.83,reconstructed,100,True
C01,FD001,primary,73,C01_2be1b54b5531_seed_73,outputs/c01_hardened,2be1b54b55316be988cc9a21c5c6acf6294882a5,903611b974210b16e91683c1d9c1a6483a53d4e25c5ad529365519937973ed39,eb937b78ec5e39e2e3fb9f45416d313f10b7d883c7dfb6770d7ec2cb51bbe5ba,dc046569c64b7afa40f21805fa85a27d0653cdf6fce4129dc526fa61d96ac5f2,mean,clipped,signed_error,12.091592055998687,reconstructed,100,True
C01,FD001,primary,73,C01_2be1b54b5531_seed_73,outputs/c01_hardened,2be1b54b55316be988cc9a21c5c6acf6294882a5,903611b974210b16e91683c1d9c1a6483a53d4e25c5ad529365519937973ed39,eb937b78ec5e39e2e3fb9f45416d313f10b7d883c7dfb6770d7ec2cb51bbe5ba,dc046569c64b7afa40f21805fa85a27d0653cdf6fce4129dc526fa61d96ac5f2,mean,clipped,nasa_score,32427.085277640228,reconstructed,100,True
C01,FD001,primary,73,C01_2be1b54b5531_seed_73,outputs/c01_hardened,2be1b54b55316be988cc9a21c5c6acf6294882a5,903611b974210b16e91683c1d9c1a6483a53d4e25c5ad529365519937973ed39,eb937b78ec5e39e2e3fb9f45416d313f10b7d883c7dfb6770d7ec2cb51bbe5ba,dc046569c64b7afa40f21805fa85a27d0653cdf6fce4129dc526fa61d96ac5f2,ridge,raw,rmse,18.812936543548002,reconstructed,100,PENDING
C01,FD001,primary,73,C01_2be1b54b5531_seed_73,outputs/c01_hardened,2be1b54b55316be988cc9a21c5c6acf6294882a5,903611b974210b16e91683c1d9c1a6483a53d4e25c5ad529365519937973ed39,eb937b78ec5e39e2e3fb9f45416d313f10b7d883c7dfb6770d7ec2cb51bbe5ba,dc046569c64b7afa40f21805fa85a27d0653cdf6fce4129dc526fa61d96ac5f2,ridge,raw,mae,14.562164111864314,reconstructed,100,PENDING
C01,FD001,primary,73,C01_2be1b54b5531_seed_73,outputs/c01_hardened,2be1b54b55316be988cc9a21c5c6acf6294882a5,903611b974210b16e91683c1d9c1a6483a53d4e25c5ad529365519937973ed39,eb937b78ec5e39e2e3fb9f45416d313f10b7d883c7dfb6770d7ec2cb51bbe5ba,dc046569c64b7afa40f21805fa85a27d0653cdf6fce4129dc526fa61d96ac5f2,ridge,raw,signed_error,-0.94267530495146,reconstructed,100,PENDING
C01,FD001,primary,73,C01_2be1b54b5531_seed_73,outputs/c01_hardened,2be1b54b55316be988cc9a21c5c6acf6294882a5,903611b974210b16e91683c1d9c1a6483a53d4e25c5ad529365519937973ed39,eb937b78ec5e39e2e3fb9f45416d313f10b7d883c7dfb6770d7ec2cb51bbe5ba,dc046569c64b7afa40f21805fa85a27d0653cdf6fce4129dc526fa61d96ac5f2,ridge,raw,nasa_score,579.8134941284014,reconstructed,100,PENDING
C01,FD001,primary,73,C01_2be1b54b5531_seed_73,outputs/c01_hardened,2be1b54b55316be988cc9a21c5c6acf6294882a5,903611b974210b16e91683c1d9c1a6483a53d4e25c5ad529365519937973ed39,eb937b78ec5e39e2e3fb9f45416d313f10b7d883c7dfb6770d7ec2cb51bbe5ba,dc046569c64b7afa40f21805fa85a27d0653cdf6fce4129dc526fa61d96ac5f2,ridge,clipped,rmse,17.50008462725087,reconstructed,100,True
C01,FD001,primary,73,C01_2be1b54b5531_seed_73,outputs/c01_hardened,2be1b54b55316be988cc9a21c5c6acf6294882a5,903611b974210b16e91683c1d9c1a6483a53d4e25c5ad529365519937973ed39,eb937b78ec5e39e2e3fb9f45416d313f10b7d883c7dfb6770d7ec2cb51bbe5ba,dc046569c64b7afa40f21805fa85a27d0653cdf6fce4129dc526fa61d96ac5f2,ridge,clipped,mae,13.53740993136226,reconstructed,100,True
C01,FD001,primary,73,C01_2be1b54b5531_seed_73,outputs/c01_hardened,2be1b54b55316be988cc9a21c5c6acf6294882a5,903611b974210b16e91683c1d9c1a6483a53d4e25c5ad529365519937973ed39,eb937b78ec5e39e2e3fb9f45416d313f10b7d883c7dfb6770d7ec2cb51bbe5ba,dc046569c64b7afa40f21805fa85a27d0653cdf6fce4129dc526fa61d96ac5f2,ridge,clipped,signed_error,0.08207887555059572,reconstructed,100,True
C01,FD001,primary,73,C01_2be1b54b5531_seed_73,outputs/c01_hardened,2be1b54b55316be988cc9a21c5c6acf6294882a5,903611b974210b16e91683c1d9c1a6483a53d4e25c5ad529365519937973ed39,eb937b78ec5e39e2e3fb9f45416d313f10b7d883c7dfb6770d7ec2cb51bbe5ba,dc046569c64b7afa40f21805fa85a27d0653cdf6fce4129dc526fa61d96ac5f2,ridge,clipped,nasa_score,514.650950042355,reconstructed,100,True
C01,FD001,primary,73,C01_2be1b54b5531_seed_73,outputs/c01_hardened,2be1b54b55316be988cc9a21c5c6acf6294882a5,903611b974210b16e91683c1d9c1a6483a53d4e25c5ad529365519937973ed39,eb937b78ec5e39e2e3fb9f45416d313f10b7d883c7dfb6770d7ec2cb51bbe5ba,dc046569c64b7afa40f21805fa85a27d0653cdf6fce4129dc526fa61d96ac5f2,hist_gradient_boosting,raw,rmse,17.631366819624937,reconstructed,100,PENDING
C01,FD001,primary,73,C01_2be1b54b5531_seed_73,outputs/c01_hardened,2be1b54b55316be988cc9a21c5c6acf6294882a5,903611b974210b16e91683c1d9c1a6483a53d4e25c5ad529365519937973ed39,eb937b78ec5e39e2e3fb9f45416d313f10b7d883c7dfb6770d7ec2cb51bbe5ba,dc046569c64b7afa40f21805fa85a27d0653cdf6fce4129dc526fa61d96ac5f2,hist_gradient_boosting,raw,mae,13.409978908049782,reconstructed,100,PENDING
C01,FD001,primary,73,C01_2be1b54b5531_seed_73,outputs/c01_hardened,2be1b54b55316be988cc9a21c5c6acf6294882a5,903611b974210b16e91683c1d9c1a6483a53d4e25c5ad529365519937973ed39,eb937b78ec5e39e2e3fb9f45416d313f10b7d883c7dfb6770d7ec2cb51bbe5ba,dc046569c64b7afa40f21805fa85a27d0653cdf6fce4129dc526fa61d96ac5f2,hist_gradient_boosting,raw,signed_error,-0.8651339695805977,reconstructed,100,PENDING
C01,FD001,primary,73,C01_2be1b54b5531_seed_73,outputs/c01_hardened,2be1b54b55316be988cc9a21c5c6acf6294882a5,903611b974210b16e91683c1d9c1a6483a53d4e25c5ad529365519937973ed39,eb937b78ec5e39e2e3fb9f45416d313f10b7d883c7dfb6770d7ec2cb51bbe5ba,dc046569c64b7afa40f21805fa85a27d0653cdf6fce4129dc526fa61d96ac5f2,hist_gradient_boosting,raw,nasa_score,485.2613587499263,reconstructed,100,PENDING
C01,FD001,primary,73,C01_2be1b54b5531_seed_73,outputs/c01_hardened,2be1b54b55316be988cc9a21c5c6acf6294882a5,903611b974210b16e91683c1d9c1a6483a53d4e25c5ad529365519937973ed39,eb937b78ec5e39e2e3fb9f45416d313f10b7d883c7dfb6770d7ec2cb51bbe5ba,dc046569c64b7afa40f21805fa85a27d0653cdf6fce4129dc526fa61d96ac5f2,hist_gradient_boosting,clipped,rmse,16.311307907559797,reconstructed,100,True
C01,FD001,primary,73,C01_2be1b54b5531_seed_73,outputs/c01_hardened,2be1b54b55316be988cc9a21c5c6acf6294882a5,903611b974210b16e91683c1d9c1a6483a53d4e25c5ad529365519937973ed39,eb937b78ec5e39e2e3fb9f45416d313f10b7d883c7dfb6770d7ec2cb51bbe5ba,dc046569c64b7afa40f21805fa85a27d0653cdf6fce4129dc526fa61d96ac5f2,hist_gradient_boosting,clipped,mae,12.339978908049781,reconstructed,100,True
C01,FD001,primary,73,C01_2be1b54b5531_seed_73,outputs/c01_hardened,2be1b54b55316be988cc9a21c5c6acf6294882a5,903611b974210b16e91683c1d9c1a6483a53d4e25c5ad529365519937973ed39,eb937b78ec5e39e2e3fb9f45416d313f10b7d883c7dfb6770d7ec2cb51bbe5ba,dc046569c64b7afa40f21805fa85a27d0653cdf6fce4129dc526fa61d96ac5f2,hist_gradient_boosting,clipped,signed_error,0.20486603041940085,reconstructed,100,True
C01,FD001,primary,73,C01_2be1b54b5531_seed_73,outputs/c01_hardened,2be1b54b55316be988cc9a21c5c6acf6294882a5,903611b974210b16e91683c1d9c1a6483a53d4e25c5ad529365519937973ed39,eb937b78ec5e39e2e3fb9f45416d313f10b7d883c7dfb6770d7ec2cb51bbe5ba,dc046569c64b7afa40f21805fa85a27d0653cdf6fce4129dc526fa61d96ac5f2,hist_gradient_boosting,clipped,nasa_score,411.464582258393,reconstructed,100,True
C01,FD001,primary,101,C01_2be1b54b5531_seed_101,outputs/c01_hardened,2be1b54b55316be988cc9a21c5c6acf6294882a5,3f282d374345005e8612fc85667395954bfa3906596dadf34abef4c2af0eb3f1,cd7f5d23b1f24919d20c3df89ff74a65ef0be147d7a4158970397ad8a095ef05,09dd1667074d3c8f91cc5f101020a76c60cc188df77bb1286fd8c8df92951bbe,mean,raw,rmse,43.042292675543905,reconstructed,100,PENDING
C01,FD001,primary,101,C01_2be1b54b5531_seed_101,outputs/c01_hardened,2be1b54b55316be988cc9a21c5c6acf6294882a5,3f282d374345005e8612fc85667395954bfa3906596dadf34abef4c2af0eb3f1,cd7f5d23b1f24919d20c3df89ff74a65ef0be147d7a4158970397ad8a095ef05,09dd1667074d3c8f91cc5f101020a76c60cc188df77bb1286fd8c8df92951bbe,mean,raw,mae,35.9,reconstructed,100,PENDING
C01,FD001,primary,101,C01_2be1b54b5531_seed_101,outputs/c01_hardened,2be1b54b55316be988cc9a21c5c6acf6294882a5,3f282d374345005e8612fc85667395954bfa3906596dadf34abef4c2af0eb3f1,cd7f5d23b1f24919d20c3df89ff74a65ef0be147d7a4158970397ad8a095ef05,09dd1667074d3c8f91cc5f101020a76c60cc188df77bb1286fd8c8df92951bbe,mean,raw,signed_error,11.214693877551053,reconstructed,100,PENDING
C01,FD001,primary,101,C01_2be1b54b5531_seed_101,outputs/c01_hardened,2be1b54b55316be988cc9a21c5c6acf6294882a5,3f282d374345005e8612fc85667395954bfa3906596dadf34abef4c2af0eb3f1,cd7f5d23b1f24919d20c3df89ff74a65ef0be147d7a4158970397ad8a095ef05,09dd1667074d3c8f91cc5f101020a76c60cc188df77bb1286fd8c8df92951bbe,mean,raw,nasa_score,33323.315941896195,reconstructed,100,PENDING
C01,FD001,primary,101,C01_2be1b54b5531_seed_101,outputs/c01_hardened,2be1b54b55316be988cc9a21c5c6acf6294882a5,3f282d374345005e8612fc85667395954bfa3906596dadf34abef4c2af0eb3f1,cd7f5d23b1f24919d20c3df89ff74a65ef0be147d7a4158970397ad8a095ef05,09dd1667074d3c8f91cc5f101020a76c60cc188df77bb1286fd8c8df92951bbe,mean,clipped,rmse,41.91397384721639,reconstructed,100,True
C01,FD001,primary,101,C01_2be1b54b5531_seed_101,outputs/c01_hardened,2be1b54b55316be988cc9a21c5c6acf6294882a5,3f282d374345005e8612fc85667395954bfa3906596dadf34abef4c2af0eb3f1,cd7f5d23b1f24919d20c3df89ff74a65ef0be147d7a4158970397ad8a095ef05,09dd1667074d3c8f91cc5f101020a76c60cc188df77bb1286fd8c8df92951bbe,mean,clipped,mae,34.83,reconstructed,100,True
C01,FD001,primary,101,C01_2be1b54b5531_seed_101,outputs/c01_hardened,2be1b54b55316be988cc9a21c5c6acf6294882a5,3f282d374345005e8612fc85667395954bfa3906596dadf34abef4c2af0eb3f1,cd7f5d23b1f24919d20c3df89ff74a65ef0be147d7a4158970397ad8a095ef05,09dd1667074d3c8f91cc5f101020a76c60cc188df77bb1286fd8c8df92951bbe,mean,clipped,signed_error,12.284693877551057,reconstructed,100,True
C01,FD001,primary,101,C01_2be1b54b5531_seed_101,outputs/c01_hardened,2be1b54b55316be988cc9a21c5c6acf6294882a5,3f282d374345005e8612fc85667395954bfa3906596dadf34abef4c2af0eb3f1,cd7f5d23b1f24919d20c3df89ff74a65ef0be147d7a4158970397ad8a095ef05,09dd1667074d3c8f91cc5f101020a76c60cc188df77bb1286fd8c8df92951bbe,mean,clipped,nasa_score,33046.550574658584,reconstructed,100,True
C01,FD001,primary,101,C01_2be1b54b5531_seed_101,outputs/c01_hardened,2be1b54b55316be988cc9a21c5c6acf6294882a5,3f282d374345005e8612fc85667395954bfa3906596dadf34abef4c2af0eb3f1,cd7f5d23b1f24919d20c3df89ff74a65ef0be147d7a4158970397ad8a095ef05,09dd1667074d3c8f91cc5f101020a76c60cc188df77bb1286fd8c8df92951bbe,ridge,raw,rmse,19.232441279894303,reconstructed,100,PENDING
C01,FD001,primary,101,C01_2be1b54b5531_seed_101,outputs/c01_hardened,2be1b54b55316be988cc9a21c5c6acf6294882a5,3f282d374345005e8612fc85667395954bfa3906596dadf34abef4c2af0eb3f1,cd7f5d23b1f24919d20c3df89ff74a65ef0be147d7a4158970397ad8a095ef05,09dd1667074d3c8f91cc5f101020a76c60cc188df77bb1286fd8c8df92951bbe,ridge,raw,mae,14.946996014897513,reconstructed,100,PENDING
C01,FD001,primary,101,C01_2be1b54b5531_seed_101,outputs/c01_hardened,2be1b54b55316be988cc9a21c5c6acf6294882a5,3f282d374345005e8612fc85667395954bfa3906596dadf34abef4c2af0eb3f1,cd7f5d23b1f24919d20c3df89ff74a65ef0be147d7a4158970397ad8a095ef05,09dd1667074d3c8f91cc5f101020a76c60cc188df77bb1286fd8c8df92951bbe,ridge,raw,signed_error,-0.3920299735144407,reconstructed,100,PENDING
C01,FD001,primary,101,C01_2be1b54b5531_seed_101,outputs/c01_hardened,2be1b54b55316be988cc9a21c5c6acf6294882a5,3f282d374345005e8612fc85667395954bfa3906596dadf34abef4c2af0eb3f1,cd7f5d23b1f24919d20c3df89ff74a65ef0be147d7a4158970397ad8a095ef05,09dd1667074d3c8f91cc5f101020a76c60cc188df77bb1286fd8c8df92951bbe,ridge,raw,nasa_score,621.4766848843976,reconstructed,100,PENDING
C01,FD001,primary,101,C01_2be1b54b5531_seed_101,outputs/c01_hardened,2be1b54b55316be988cc9a21c5c6acf6294882a5,3f282d374345005e8612fc85667395954bfa3906596dadf34abef4c2af0eb3f1,cd7f5d23b1f24919d20c3df89ff74a65ef0be147d7a4158970397ad8a095ef05,09dd1667074d3c8f91cc5f101020a76c60cc188df77bb1286fd8c8df92951bbe,ridge,clipped,rmse,17.98959072113871,reconstructed,100,True
C01,FD001,primary,101,C01_2be1b54b5531_seed_101,outputs/c01_hardened,2be1b54b55316be988cc9a21c5c6acf6294882a5,3f282d374345005e8612fc85667395954bfa3906596dadf34abef4c2af0eb3f1,cd7f5d23b1f24919d20c3df89ff74a65ef0be147d7a4158970397ad8a095ef05,09dd1667074d3c8f91cc5f101020a76c60cc188df77bb1286fd8c8df92951bbe,ridge,clipped,mae,13.949546028006619,reconstructed,100,True
C01,FD001,primary,101,C01_2be1b54b5531_seed_101,outputs/c01_hardened,2be1b54b55316be988cc9a21c5c6acf6294882a5,3f282d374345005e8612fc85667395954bfa3906596dadf34abef4c2af0eb3f1,cd7f5d23b1f24919d20c3df89ff74a65ef0be147d7a4158970397ad8a095ef05,09dd1667074d3c8f91cc5f101020a76c60cc188df77bb1286fd8c8df92951bbe,ridge,clipped,signed_error,0.6054200133764543,reconstructed,100,True
C01,FD001,primary,101,C01_2be1b54b5531_seed_101,outputs/c01_hardened,2be1b54b55316be988cc9a21c5c6acf6294882a5,3f282d374345005e8612fc85667395954bfa3906596dadf34abef4c2af0eb3f1,cd7f5d23b1f24919d20c3df89ff74a65ef0be147d7a4158970397ad8a095ef05,09dd1667074d3c8f91cc5f101020a76c60cc188df77bb1286fd8c8df92951bbe,ridge,clipped,nasa_score,556.0055453668418,reconstructed,100,True
C01,FD001,primary,101,C01_2be1b54b5531_seed_101,outputs/c01_hardened,2be1b54b55316be988cc9a21c5c6acf6294882a5,3f282d374345005e8612fc85667395954bfa3906596dadf34abef4c2af0eb3f1,cd7f5d23b1f24919d20c3df89ff74a65ef0be147d7a4158970397ad8a095ef05,09dd1667074d3c8f91cc5f101020a76c60cc188df77bb1286fd8c8df92951bbe,hist_gradient_boosting,raw,rmse,17.045336146807543,reconstructed,100,PENDING
C01,FD001,primary,101,C01_2be1b54b5531_seed_101,outputs/c01_hardened,2be1b54b55316be988cc9a21c5c6acf6294882a5,3f282d374345005e8612fc85667395954bfa3906596dadf34abef4c2af0eb3f1,cd7f5d23b1f24919d20c3df89ff74a65ef0be147d7a4158970397ad8a095ef05,09dd1667074d3c8f91cc5f101020a76c60cc188df77bb1286fd8c8df92951bbe,hist_gradient_boosting,raw,mae,13.51529337418203,reconstructed,100,PENDING
C01,FD001,primary,101,C01_2be1b54b5531_seed_101,outputs/c01_hardened,2be1b54b55316be988cc9a21c5c6acf6294882a5,3f282d374345005e8612fc85667395954bfa3906596dadf34abef4c2af0eb3f1,cd7f5d23b1f24919d20c3df89ff74a65ef0be147d7a4158970397ad8a095ef05,09dd1667074d3c8f91cc5f101020a76c60cc188df77bb1286fd8c8df92951bbe,hist_gradient_boosting,raw,signed_error,1.9275583929384397,reconstructed,100,PENDING
C01,FD001,primary,101,C01_2be1b54b5531_seed_101,outputs/c01_hardened,2be1b54b55316be988cc9a21c5c6acf6294882a5,3f282d374345005e8612fc85667395954bfa3906596dadf34abef4c2af0eb3f1,cd7f5d23b1f24919d20c3df89ff74a65ef0be147d7a4158970397ad8a095ef05,09dd1667074d3c8f91cc5f101020a76c60cc188df77bb1286fd8c8df92951bbe,hist_gradient_boosting,raw,nasa_score,448.1034569399057,reconstructed,100,PENDING
C01,FD001,primary,101,C01_2be1b54b5531_seed_101,outputs/c01_hardened,2be1b54b55316be988cc9a21c5c6acf6294882a5,3f282d374345005e8612fc85667395954bfa3906596dadf34abef4c2af0eb3f1,cd7f5d23b1f24919d20c3df89ff74a65ef0be147d7a4158970397ad8a095ef05,09dd1667074d3c8f91cc5f101020a76c60cc188df77bb1286fd8c8df92951bbe,hist_gradient_boosting,clipped,rmse,15.752643567410813,reconstructed,100,True
C01,FD001,primary,101,C01_2be1b54b5531_seed_101,outputs/c01_hardened,2be1b54b55316be988cc9a21c5c6acf6294882a5,3f282d374345005e8612fc85667395954bfa3906596dadf34abef4c2af0eb3f1,cd7f5d23b1f24919d20c3df89ff74a65ef0be147d7a4158970397ad8a095ef05,09dd1667074d3c8f91cc5f101020a76c60cc188df77bb1286fd8c8df92951bbe,hist_gradient_boosting,clipped,mae,12.445293374182029,reconstructed,100,True
C01,FD001,primary,101,C01_2be1b54b5531_seed_101,outputs/c01_hardened,2be1b54b55316be988cc9a21c5c6acf6294882a5,3f282d374345005e8612fc85667395954bfa3906596dadf34abef4c2af0eb3f1,cd7f5d23b1f24919d20c3df89ff74a65ef0be147d7a4158970397ad8a095ef05,09dd1667074d3c8f91cc5f101020a76c60cc188df77bb1286fd8c8df92951bbe,hist_gradient_boosting,clipped,signed_error,2.997558392938439,reconstructed,100,True
C01,FD001,primary,101,C01_2be1b54b5531_seed_101,outputs/c01_hardened,2be1b54b55316be988cc9a21c5c6acf6294882a5,3f282d374345005e8612fc85667395954bfa3906596dadf34abef4c2af0eb3f1,cd7f5d23b1f24919d20c3df89ff74a65ef0be147d7a4158970397ad8a095ef05,09dd1667074d3c8f91cc5f101020a76c60cc188df77bb1286fd8c8df92951bbe,hist_gradient_boosting,clipped,nasa_score,397.0738471289633,reconstructed,100,True
C01,FD001,primary,137,C01_2be1b54b5531_seed_137,outputs/c01_hardened,2be1b54b55316be988cc9a21c5c6acf6294882a5,24a8d256f1501334a265567102faf3c1f44160198b4356a4ffb2cb6583624a4f,91e1f12a30aa19d9e1a00d7f94fcca92d6650270f91be522cf78a91541852eea,3b3c50762d27d06d3c599e3cac3db950d5724f629ade5fe90eda72a5493f3f99,mean,raw,rmse,43.085192459398094,reconstructed,100,PENDING
C01,FD001,primary,137,C01_2be1b54b5531_seed_137,outputs/c01_hardened,2be1b54b55316be988cc9a21c5c6acf6294882a5,24a8d256f1501334a265567102faf3c1f44160198b4356a4ffb2cb6583624a4f,91e1f12a30aa19d9e1a00d7f94fcca92d6650270f91be522cf78a91541852eea,3b3c50762d27d06d3c599e3cac3db950d5724f629ade5fe90eda72a5493f3f99,mean,raw,mae,35.900000000000006,reconstructed,100,PENDING
C01,FD001,primary,137,C01_2be1b54b5531_seed_137,outputs/c01_hardened,2be1b54b55316be988cc9a21c5c6acf6294882a5,24a8d256f1501334a265567102faf3c1f44160198b4356a4ffb2cb6583624a4f,91e1f12a30aa19d9e1a00d7f94fcca92d6650270f91be522cf78a91541852eea,3b3c50762d27d06d3c599e3cac3db950d5724f629ade5fe90eda72a5493f3f99,mean,raw,signed_error,11.378234013386022,reconstructed,100,PENDING
C01,FD001,primary,137,C01_2be1b54b5531_seed_137,outputs/c01_hardened,2be1b54b55316be988cc9a21c5c6acf6294882a5,24a8d256f1501334a265567102faf3c1f44160198b4356a4ffb2cb6583624a4f,91e1f12a30aa19d9e1a00d7f94fcca92d6650270f91be522cf78a91541852eea,3b3c50762d27d06d3c599e3cac3db950d5724f629ade5fe90eda72a5493f3f99,mean,raw,nasa_score,33854.095080262014,reconstructed,100,PENDING
C01,FD001,primary,137,C01_2be1b54b5531_seed_137,outputs/c01_hardened,2be1b54b55316be988cc9a21c5c6acf6294882a5,24a8d256f1501334a265567102faf3c1f44160198b4356a4ffb2cb6583624a4f,91e1f12a30aa19d9e1a00d7f94fcca92d6650270f91be522cf78a91541852eea,3b3c50762d27d06d3c599e3cac3db950d5724f629ade5fe90eda72a5493f3f99,mean,clipped,rmse,41.96219763134457,reconstructed,100,True
C01,FD001,primary,137,C01_2be1b54b5531_seed_137,outputs/c01_hardened,2be1b54b55316be988cc9a21c5c6acf6294882a5,24a8d256f1501334a265567102faf3c1f44160198b4356a4ffb2cb6583624a4f,91e1f12a30aa19d9e1a00d7f94fcca92d6650270f91be522cf78a91541852eea,3b3c50762d27d06d3c599e3cac3db950d5724f629ade5fe90eda72a5493f3f99,mean,clipped,mae,34.830000000000005,reconstructed,100,True
C01,FD001,primary,137,C01_2be1b54b5531_seed_137,outputs/c01_hardened,2be1b54b55316be988cc9a21c5c6acf6294882a5,24a8d256f1501334a265567102faf3c1f44160198b4356a4ffb2cb6583624a4f,91e1f12a30aa19d9e1a00d7f94fcca92d6650270f91be522cf78a91541852eea,3b3c50762d27d06d3c599e3cac3db950d5724f629ade5fe90eda72a5493f3f99,mean,clipped,signed_error,12.448234013386019,reconstructed,100,True
C01,FD001,primary,137,C01_2be1b54b5531_seed_137,outputs/c01_hardened,2be1b54b55316be988cc9a21c5c6acf6294882a5,24a8d256f1501334a265567102faf3c1f44160198b4356a4ffb2cb6583624a4f,91e1f12a30aa19d9e1a00d7f94fcca92d6650270f91be522cf78a91541852eea,3b3c50762d27d06d3c599e3cac3db950d5724f629ade5fe90eda72a5493f3f99,mean,clipped,nasa_score,33580.789615800306,reconstructed,100,True
C01,FD001,primary,137,C01_2be1b54b5531_seed_137,outputs/c01_hardened,2be1b54b55316be988cc9a21c5c6acf6294882a5,24a8d256f1501334a265567102faf3c1f44160198b4356a4ffb2cb6583624a4f,91e1f12a30aa19d9e1a00d7f94fcca92d6650270f91be522cf78a91541852eea,3b3c50762d27d06d3c599e3cac3db950d5724f629ade5fe90eda72a5493f3f99,ridge,raw,rmse,18.624112896843656,reconstructed,100,PENDING
C01,FD001,primary,137,C01_2be1b54b5531_seed_137,outputs/c01_hardened,2be1b54b55316be988cc9a21c5c6acf6294882a5,24a8d256f1501334a265567102faf3c1f44160198b4356a4ffb2cb6583624a4f,91e1f12a30aa19d9e1a00d7f94fcca92d6650270f91be522cf78a91541852eea,3b3c50762d27d06d3c599e3cac3db950d5724f629ade5fe90eda72a5493f3f99,ridge,raw,mae,14.779721502533295,reconstructed,100,PENDING
C01,FD001,primary,137,C01_2be1b54b5531_seed_137,outputs/c01_hardened,2be1b54b55316be988cc9a21c5c6acf6294882a5,24a8d256f1501334a265567102faf3c1f44160198b4356a4ffb2cb6583624a4f,91e1f12a30aa19d9e1a00d7f94fcca92d6650270f91be522cf78a91541852eea,3b3c50762d27d06d3c599e3cac3db950d5724f629ade5fe90eda72a5493f3f99,ridge,raw,signed_error,0.6651357603147773,reconstructed,100,PENDING
C01,FD001,primary,137,C01_2be1b54b5531_seed_137,outputs/c01_hardened,2be1b54b55316be988cc9a21c5c6acf6294882a5,24a8d256f1501334a265567102faf3c1f44160198b4356a4ffb2cb6583624a4f,91e1f12a30aa19d9e1a00d7f94fcca92d6650270f91be522cf78a91541852eea,3b3c50762d27d06d3c599e3cac3db950d5724f629ade5fe90eda72a5493f3f99,ridge,raw,nasa_score,548.2030888670612,reconstructed,100,PENDING
C01,FD001,primary,137,C01_2be1b54b5531_seed_137,outputs/c01_hardened,2be1b54b55316be988cc9a21c5c6acf6294882a5,24a8d256f1501334a265567102faf3c1f44160198b4356a4ffb2cb6583624a4f,91e1f12a30aa19d9e1a00d7f94fcca92d6650270f91be522cf78a91541852eea,3b3c50762d27d06d3c599e3cac3db950d5724f629ade5fe90eda72a5493f3f99,ridge,clipped,rmse,17.3621103584765,reconstructed,100,True
C01,FD001,primary,137,C01_2be1b54b5531_seed_137,outputs/c01_hardened,2be1b54b55316be988cc9a21c5c6acf6294882a5,24a8d256f1501334a265567102faf3c1f44160198b4356a4ffb2cb6583624a4f,91e1f12a30aa19d9e1a00d7f94fcca92d6650270f91be522cf78a91541852eea,3b3c50762d27d06d3c599e3cac3db950d5724f629ade5fe90eda72a5493f3f99,ridge,clipped,mae,13.66290070952892,reconstructed,100,True
C01,FD001,primary,137,C01_2be1b54b5531_seed_137,outputs/c01_hardened,2be1b54b55316be988cc9a21c5c6acf6294882a5,24a8d256f1501334a265567102faf3c1f44160198b4356a4ffb2cb6583624a4f,91e1f12a30aa19d9e1a00d7f94fcca92d6650270f91be522cf78a91541852eea,3b3c50762d27d06d3c599e3cac3db950d5724f629ade5fe90eda72a5493f3f99,ridge,clipped,signed_error,1.742657529382232,reconstructed,100,True
C01,FD001,primary,137,C01_2be1b54b5531_seed_137,outputs/c01_hardened,2be1b54b55316be988cc9a21c5c6acf6294882a5,24a8d256f1501334a265567102faf3c1f44160198b4356a4ffb2cb6583624a4f,91e1f12a30aa19d9e1a00d7f94fcca92d6650270f91be522cf78a91541852eea,3b3c50762d27d06d3c599e3cac3db950d5724f629ade5fe90eda72a5493f3f99,ridge,clipped,nasa_score,493.2130284026379,reconstructed,100,True
C01,FD001,primary,137,C01_2be1b54b5531_seed_137,outputs/c01_hardened,2be1b54b55316be988cc9a21c5c6acf6294882a5,24a8d256f1501334a265567102faf3c1f44160198b4356a4ffb2cb6583624a4f,91e1f12a30aa19d9e1a00d7f94fcca92d6650270f91be522cf78a91541852eea,3b3c50762d27d06d3c599e3cac3db950d5724f629ade5fe90eda72a5493f3f99,hist_gradient_boosting,raw,rmse,16.770030228077772,reconstructed,100,PENDING
C01,FD001,primary,137,C01_2be1b54b5531_seed_137,outputs/c01_hardened,2be1b54b55316be988cc9a21c5c6acf6294882a5,24a8d256f1501334a265567102faf3c1f44160198b4356a4ffb2cb6583624a4f,91e1f12a30aa19d9e1a00d7f94fcca92d6650270f91be522cf78a91541852eea,3b3c50762d27d06d3c599e3cac3db950d5724f629ade5fe90eda72a5493f3f99,hist_gradient_boosting,raw,mae,13.383370795760062,reconstructed,100,PENDING
C01,FD001,primary,137,C01_2be1b54b5531_seed_137,outputs/c01_hardened,2be1b54b55316be988cc9a21c5c6acf6294882a5,24a8d256f1501334a265567102faf3c1f44160198b4356a4ffb2cb6583624a4f,91e1f12a30aa19d9e1a00d7f94fcca92d6650270f91be522cf78a91541852eea,3b3c50762d27d06d3c599e3cac3db950d5724f629ade5fe90eda72a5493f3f99,hist_gradient_boosting,raw,signed_error,2.166615638625143,reconstructed,100,PENDING
C01,FD001,primary,137,C01_2be1b54b5531_seed_137,outputs/c01_hardened,2be1b54b55316be988cc9a21c5c6acf6294882a5,24a8d256f1501334a265567102faf3c1f44160198b4356a4ffb2cb6583624a4f,91e1f12a30aa19d9e1a00d7f94fcca92d6650270f91be522cf78a91541852eea,3b3c50762d27d06d3c599e3cac3db950d5724f629ade5fe90eda72a5493f3f99,hist_gradient_boosting,raw,nasa_score,432.24297923018287,reconstructed,100,PENDING
C01,FD001,primary,137,C01_2be1b54b5531_seed_137,outputs/c01_hardened,2be1b54b55316be988cc9a21c5c6acf6294882a5,24a8d256f1501334a265567102faf3c1f44160198b4356a4ffb2cb6583624a4f,91e1f12a30aa19d9e1a00d7f94fcca92d6650270f91be522cf78a91541852eea,3b3c50762d27d06d3c599e3cac3db950d5724f629ade5fe90eda72a5493f3f99,hist_gradient_boosting,clipped,rmse,15.57096036136792,reconstructed,100,True
C01,FD001,primary,137,C01_2be1b54b5531_seed_137,outputs/c01_hardened,2be1b54b55316be988cc9a21c5c6acf6294882a5,24a8d256f1501334a265567102faf3c1f44160198b4356a4ffb2cb6583624a4f,91e1f12a30aa19d9e1a00d7f94fcca92d6650270f91be522cf78a91541852eea,3b3c50762d27d06d3c599e3cac3db950d5724f629ade5fe90eda72a5493f3f99,hist_gradient_boosting,clipped,mae,12.313370795760061,reconstructed,100,True
C01,FD001,primary,137,C01_2be1b54b5531_seed_137,outputs/c01_hardened,2be1b54b55316be988cc9a21c5c6acf6294882a5,24a8d256f1501334a265567102faf3c1f44160198b4356a4ffb2cb6583624a4f,91e1f12a30aa19d9e1a00d7f94fcca92d6650270f91be522cf78a91541852eea,3b3c50762d27d06d3c599e3cac3db950d5724f629ade5fe90eda72a5493f3f99,hist_gradient_boosting,clipped,signed_error,3.236615638625143,reconstructed,100,True
C01,FD001,primary,137,C01_2be1b54b5531_seed_137,outputs/c01_hardened,2be1b54b55316be988cc9a21c5c6acf6294882a5,24a8d256f1501334a265567102faf3c1f44160198b4356a4ffb2cb6583624a4f,91e1f12a30aa19d9e1a00d7f94fcca92d6650270f91be522cf78a91541852eea,3b3c50762d27d06d3c599e3cac3db950d5724f629ade5fe90eda72a5493f3f99,hist_gradient_boosting,clipped,nasa_score,394.8346682141801,reconstructed,100,True
C02,FD001,primary,13,C02_319975dc35d2_seed_13,outputs/c02_final_review_319975d,319975dc35d27f4edba0be75ccef69cb92077127,173c7c6015ef10ccac339fcd5466a29de1f7adf67a7ef554e967c34bfe8fa28e,70a7464b894a3de7480f56e482d78f1969cf2696d9e85f126e85e2f0febe957e,1ae8580aa20bde21a30a4dc92458ea89f9e85d1c8750ea6b112888e5b8f5bf5b,mean,raw,rmse,42.6972574249317,reconstructed,100,PENDING
C02,FD001,primary,13,C02_319975dc35d2_seed_13,outputs/c02_final_review_319975d,319975dc35d27f4edba0be75ccef69cb92077127,173c7c6015ef10ccac339fcd5466a29de1f7adf67a7ef554e967c34bfe8fa28e,70a7464b894a3de7480f56e482d78f1969cf2696d9e85f126e85e2f0febe957e,1ae8580aa20bde21a30a4dc92458ea89f9e85d1c8750ea6b112888e5b8f5bf5b,mean,raw,mae,35.9,reconstructed,100,PENDING
C02,FD001,primary,13,C02_319975dc35d2_seed_13,outputs/c02_final_review_319975d,319975dc35d27f4edba0be75ccef69cb92077127,173c7c6015ef10ccac339fcd5466a29de1f7adf67a7ef554e967c34bfe8fa28e,70a7464b894a3de7480f56e482d78f1969cf2696d9e85f126e85e2f0febe957e,1ae8580aa20bde21a30a4dc92458ea89f9e85d1c8750ea6b112888e5b8f5bf5b,mean,raw,signed_error,9.807455919395451,reconstructed,100,PENDING
C02,FD001,primary,13,C02_319975dc35d2_seed_13,outputs/c02_final_review_319975d,319975dc35d27f4edba0be75ccef69cb92077127,173c7c6015ef10ccac339fcd5466a29de1f7adf67a7ef554e967c34bfe8fa28e,70a7464b894a3de7480f56e482d78f1969cf2696d9e85f126e85e2f0febe957e,1ae8580aa20bde21a30a4dc92458ea89f9e85d1c8750ea6b112888e5b8f5bf5b,mean,raw,nasa_score,29107.961611339386,reconstructed,100,PENDING
C02,FD001,primary,13,C02_319975dc35d2_seed_13,outputs/c02_final_review_319975d,319975dc35d27f4edba0be75ccef69cb92077127,173c7c6015ef10ccac339fcd5466a29de1f7adf67a7ef554e967c34bfe8fa28e,70a7464b894a3de7480f56e482d78f1969cf2696d9e85f126e85e2f0febe957e,1ae8580aa20bde21a30a4dc92458ea89f9e85d1c8750ea6b112888e5b8f5bf5b,mean,clipped,rmse,41.523325339842316,reconstructed,100,PENDING
C02,FD001,primary,13,C02_319975dc35d2_seed_13,outputs/c02_final_review_319975d,319975dc35d27f4edba0be75ccef69cb92077127,173c7c6015ef10ccac339fcd5466a29de1f7adf67a7ef554e967c34bfe8fa28e,70a7464b894a3de7480f56e482d78f1969cf2696d9e85f126e85e2f0febe957e,1ae8580aa20bde21a30a4dc92458ea89f9e85d1c8750ea6b112888e5b8f5bf5b,mean,clipped,mae,34.83,reconstructed,100,PENDING
C02,FD001,primary,13,C02_319975dc35d2_seed_13,outputs/c02_final_review_319975d,319975dc35d27f4edba0be75ccef69cb92077127,173c7c6015ef10ccac339fcd5466a29de1f7adf67a7ef554e967c34bfe8fa28e,70a7464b894a3de7480f56e482d78f1969cf2696d9e85f126e85e2f0febe957e,1ae8580aa20bde21a30a4dc92458ea89f9e85d1c8750ea6b112888e5b8f5bf5b,mean,clipped,signed_error,10.877455919395459,reconstructed,100,PENDING
C02,FD001,primary,13,C02_319975dc35d2_seed_13,outputs/c02_final_review_319975d,319975dc35d27f4edba0be75ccef69cb92077127,173c7c6015ef10ccac339fcd5466a29de1f7adf67a7ef554e967c34bfe8fa28e,70a7464b894a3de7480f56e482d78f1969cf2696d9e85f126e85e2f0febe957e,1ae8580aa20bde21a30a4dc92458ea89f9e85d1c8750ea6b112888e5b8f5bf5b,mean,clipped,nasa_score,28799.55497154869,reconstructed,100,PENDING
C02,FD001,primary,13,C02_319975dc35d2_seed_13,outputs/c02_final_review_319975d,319975dc35d27f4edba0be75ccef69cb92077127,173c7c6015ef10ccac339fcd5466a29de1f7adf67a7ef554e967c34bfe8fa28e,70a7464b894a3de7480f56e482d78f1969cf2696d9e85f126e85e2f0febe957e,1ae8580aa20bde21a30a4dc92458ea89f9e85d1c8750ea6b112888e5b8f5bf5b,ridge,raw,rmse,20.116943049074276,reconstructed,100,PENDING
C02,FD001,primary,13,C02_319975dc35d2_seed_13,outputs/c02_final_review_319975d,319975dc35d27f4edba0be75ccef69cb92077127,173c7c6015ef10ccac339fcd5466a29de1f7adf67a7ef554e967c34bfe8fa28e,70a7464b894a3de7480f56e482d78f1969cf2696d9e85f126e85e2f0febe957e,1ae8580aa20bde21a30a4dc92458ea89f9e85d1c8750ea6b112888e5b8f5bf5b,ridge,raw,mae,15.520629605044277,reconstructed,100,PENDING
C02,FD001,primary,13,C02_319975dc35d2_seed_13,outputs/c02_final_review_319975d,319975dc35d27f4edba0be75ccef69cb92077127,173c7c6015ef10ccac339fcd5466a29de1f7adf67a7ef554e967c34bfe8fa28e,70a7464b894a3de7480f56e482d78f1969cf2696d9e85f126e85e2f0febe957e,1ae8580aa20bde21a30a4dc92458ea89f9e85d1c8750ea6b112888e5b8f5bf5b,ridge,raw,signed_error,-2.480058848241517,reconstructed,100,PENDING
C02,FD001,primary,13,C02_319975dc35d2_seed_13,outputs/c02_final_review_319975d,319975dc35d27f4edba0be75ccef69cb92077127,173c7c6015ef10ccac339fcd5466a29de1f7adf67a7ef554e967c34bfe8fa28e,70a7464b894a3de7480f56e482d78f1969cf2696d9e85f126e85e2f0febe957e,1ae8580aa20bde21a30a4dc92458ea89f9e85d1c8750ea6b112888e5b8f5bf5b,ridge,raw,nasa_score,656.7451446483229,reconstructed,100,PENDING
C02,FD001,primary,13,C02_319975dc35d2_seed_13,outputs/c02_final_review_319975d,319975dc35d27f4edba0be75ccef69cb92077127,173c7c6015ef10ccac339fcd5466a29de1f7adf67a7ef554e967c34bfe8fa28e,70a7464b894a3de7480f56e482d78f1969cf2696d9e85f126e85e2f0febe957e,1ae8580aa20bde21a30a4dc92458ea89f9e85d1c8750ea6b112888e5b8f5bf5b,ridge,clipped,rmse,18.757302031911998,reconstructed,100,PENDING
C02,FD001,primary,13,C02_319975dc35d2_seed_13,outputs/c02_final_review_319975d,319975dc35d27f4edba0be75ccef69cb92077127,173c7c6015ef10ccac339fcd5466a29de1f7adf67a7ef554e967c34bfe8fa28e,70a7464b894a3de7480f56e482d78f1969cf2696d9e85f126e85e2f0febe957e,1ae8580aa20bde21a30a4dc92458ea89f9e85d1c8750ea6b112888e5b8f5bf5b,ridge,clipped,mae,14.426285007018455,reconstructed,100,PENDING
C02,FD001,primary,13,C02_319975dc35d2_seed_13,outputs/c02_final_review_319975d,319975dc35d27f4edba0be75ccef69cb92077127,173c7c6015ef10ccac339fcd5466a29de1f7adf67a7ef554e967c34bfe8fa28e,70a7464b894a3de7480f56e482d78f1969cf2696d9e85f126e85e2f0febe957e,1ae8580aa20bde21a30a4dc92458ea89f9e85d1c8750ea6b112888e5b8f5bf5b,ridge,clipped,signed_error,-1.3857142502156952,reconstructed,100,PENDING
C02,FD001,primary,13,C02_319975dc35d2_seed_13,outputs/c02_final_review_319975d,319975dc35d27f4edba0be75ccef69cb92077127,173c7c6015ef10ccac339fcd5466a29de1f7adf67a7ef554e967c34bfe8fa28e,70a7464b894a3de7480f56e482d78f1969cf2696d9e85f126e85e2f0febe957e,1ae8580aa20bde21a30a4dc92458ea89f9e85d1c8750ea6b112888e5b8f5bf5b,ridge,clipped,nasa_score,571.388059042254,reconstructed,100,PENDING
C02,FD001,primary,13,C02_319975dc35d2_seed_13,outputs/c02_final_review_319975d,319975dc35d27f4edba0be75ccef69cb92077127,173c7c6015ef10ccac339fcd5466a29de1f7adf67a7ef554e967c34bfe8fa28e,70a7464b894a3de7480f56e482d78f1969cf2696d9e85f126e85e2f0febe957e,1ae8580aa20bde21a30a4dc92458ea89f9e85d1c8750ea6b112888e5b8f5bf5b,hist_gradient_boosting,raw,rmse,17.7993505617479,reconstructed,100,PENDING
C02,FD001,primary,13,C02_319975dc35d2_seed_13,outputs/c02_final_review_319975d,319975dc35d27f4edba0be75ccef69cb92077127,173c7c6015ef10ccac339fcd5466a29de1f7adf67a7ef554e967c34bfe8fa28e,70a7464b894a3de7480f56e482d78f1969cf2696d9e85f126e85e2f0febe957e,1ae8580aa20bde21a30a4dc92458ea89f9e85d1c8750ea6b112888e5b8f5bf5b,hist_gradient_boosting,raw,mae,14.006307245117574,reconstructed,100,PENDING
C02,FD001,primary,13,C02_319975dc35d2_seed_13,outputs/c02_final_review_319975d,319975dc35d27f4edba0be75ccef69cb92077127,173c7c6015ef10ccac339fcd5466a29de1f7adf67a7ef554e967c34bfe8fa28e,70a7464b894a3de7480f56e482d78f1969cf2696d9e85f126e85e2f0febe957e,1ae8580aa20bde21a30a4dc92458ea89f9e85d1c8750ea6b112888e5b8f5bf5b,hist_gradient_boosting,raw,signed_error,-0.601513103812219,reconstructed,100,PENDING
C02,FD001,primary,13,C02_319975dc35d2_seed_13,outputs/c02_final_review_319975d,319975dc35d27f4edba0be75ccef69cb92077127,173c7c6015ef10ccac339fcd5466a29de1f7adf67a7ef554e967c34bfe8fa28e,70a7464b894a3de7480f56e482d78f1969cf2696d9e85f126e85e2f0febe957e,1ae8580aa20bde21a30a4dc92458ea89f9e85d1c8750ea6b112888e5b8f5bf5b,hist_gradient_boosting,raw,nasa_score,447.0682201015349,reconstructed,100,PENDING
C02,FD001,primary,13,C02_319975dc35d2_seed_13,outputs/c02_final_review_319975d,319975dc35d27f4edba0be75ccef69cb92077127,173c7c6015ef10ccac339fcd5466a29de1f7adf67a7ef554e967c34bfe8fa28e,70a7464b894a3de7480f56e482d78f1969cf2696d9e85f126e85e2f0febe957e,1ae8580aa20bde21a30a4dc92458ea89f9e85d1c8750ea6b112888e5b8f5bf5b,hist_gradient_boosting,clipped,rmse,16.408302836831606,reconstructed,100,PENDING
C02,FD001,primary,13,C02_319975dc35d2_seed_13,outputs/c02_final_review_319975d,319975dc35d27f4edba0be75ccef69cb92077127,173c7c6015ef10ccac339fcd5466a29de1f7adf67a7ef554e967c34bfe8fa28e,70a7464b894a3de7480f56e482d78f1969cf2696d9e85f126e85e2f0febe957e,1ae8580aa20bde21a30a4dc92458ea89f9e85d1c8750ea6b112888e5b8f5bf5b,hist_gradient_boosting,clipped,mae,12.936307245117574,reconstructed,100,PENDING
C02,FD001,primary,13,C02_319975dc35d2_seed_13,outputs/c02_final_review_319975d,319975dc35d27f4edba0be75ccef69cb92077127,173c7c6015ef10ccac339fcd5466a29de1f7adf67a7ef554e967c34bfe8fa28e,70a7464b894a3de7480f56e482d78f1969cf2696d9e85f126e85e2f0febe957e,1ae8580aa20bde21a30a4dc92458ea89f9e85d1c8750ea6b112888e5b8f5bf5b,hist_gradient_boosting,clipped,signed_error,0.46848689618778083,reconstructed,100,PENDING
C02,FD001,primary,13,C02_319975dc35d2_seed_13,outputs/c02_final_review_319975d,319975dc35d27f4edba0be75ccef69cb92077127,173c7c6015ef10ccac339fcd5466a29de1f7adf67a7ef554e967c34bfe8fa28e,70a7464b894a3de7480f56e482d78f1969cf2696d9e85f126e85e2f0febe957e,1ae8580aa20bde21a30a4dc92458ea89f9e85d1c8750ea6b112888e5b8f5bf5b,hist_gradient_boosting,clipped,nasa_score,384.8227758548457,reconstructed,100,PENDING
C02,FD001,primary,37,C02_319975dc35d2_seed_37,outputs/c02_final_review_319975d,319975dc35d27f4edba0be75ccef69cb92077127,536c1461374bad8862ab1d77b3e674813d9dbb273d08748a9a6f617ca477a771,f5b5f73097f0a2ac483a61053269a371a64483c489b1d52c97f5eaa8b2b5286b,23275cff27eb5b512c01f0a49522c5bc1e4e3bdce4bd30f305eb4f9f47f1dcbc,mean,raw,rmse,43.24306023167234,reconstructed,100,PENDING
C02,FD001,primary,37,C02_319975dc35d2_seed_37,outputs/c02_final_review_319975d,319975dc35d27f4edba0be75ccef69cb92077127,536c1461374bad8862ab1d77b3e674813d9dbb273d08748a9a6f617ca477a771,f5b5f73097f0a2ac483a61053269a371a64483c489b1d52c97f5eaa8b2b5286b,23275cff27eb5b512c01f0a49522c5bc1e4e3bdce4bd30f305eb4f9f47f1dcbc,mean,raw,mae,35.909642686993806,reconstructed,100,PENDING
C02,FD001,primary,37,C02_319975dc35d2_seed_37,outputs/c02_final_review_319975d,319975dc35d27f4edba0be75ccef69cb92077127,536c1461374bad8862ab1d77b3e674813d9dbb273d08748a9a6f617ca477a771,f5b5f73097f0a2ac483a61053269a371a64483c489b1d52c97f5eaa8b2b5286b,23275cff27eb5b512c01f0a49522c5bc1e4e3bdce4bd30f305eb4f9f47f1dcbc,mean,raw,signed_error,11.962134349690334,reconstructed,100,PENDING
C02,FD001,primary,37,C02_319975dc35d2_seed_37,outputs/c02_final_review_319975d,319975dc35d27f4edba0be75ccef69cb92077127,536c1461374bad8862ab1d77b3e674813d9dbb273d08748a9a6f617ca477a771,f5b5f73097f0a2ac483a61053269a371a64483c489b1d52c97f5eaa8b2b5286b,23275cff27eb5b512c01f0a49522c5bc1e4e3bdce4bd30f305eb4f9f47f1dcbc,mean,raw,nasa_score,35823.76432364773,reconstructed,100,PENDING
C02,FD001,primary,37,C02_319975dc35d2_seed_37,outputs/c02_final_review_319975d,319975dc35d27f4edba0be75ccef69cb92077127,536c1461374bad8862ab1d77b3e674813d9dbb273d08748a9a6f617ca477a771,f5b5f73097f0a2ac483a61053269a371a64483c489b1d52c97f5eaa8b2b5286b,23275cff27eb5b512c01f0a49522c5bc1e4e3bdce4bd30f305eb4f9f47f1dcbc,mean,clipped,rmse,42.13910328552779,reconstructed,100,PENDING
C02,FD001,primary,37,C02_319975dc35d2_seed_37,outputs/c02_final_review_319975d,319975dc35d27f4edba0be75ccef69cb92077127,536c1461374bad8862ab1d77b3e674813d9dbb273d08748a9a6f617ca477a771,f5b5f73097f0a2ac483a61053269a371a64483c489b1d52c97f5eaa8b2b5286b,23275cff27eb5b512c01f0a49522c5bc1e4e3bdce4bd30f305eb4f9f47f1dcbc,mean,clipped,mae,34.839642686993805,reconstructed,100,PENDING
C02,FD001,primary,37,C02_319975dc35d2_seed_37,outputs/c02_final_review_319975d,319975dc35d27f4edba0be75ccef69cb92077127,536c1461374bad8862ab1d77b3e674813d9dbb273d08748a9a6f617ca477a771,f5b5f73097f0a2ac483a61053269a371a64483c489b1d52c97f5eaa8b2b5286b,23275cff27eb5b512c01f0a49522c5bc1e4e3bdce4bd30f305eb4f9f47f1dcbc,mean,clipped,signed_error,13.032134349690335,reconstructed,100,PENDING
C02,FD001,primary,37,C02_319975dc35d2_seed_37,outputs/c02_final_review_319975d,319975dc35d27f4edba0be75ccef69cb92077127,536c1461374bad8862ab1d77b3e674813d9dbb273d08748a9a6f617ca477a771,f5b5f73097f0a2ac483a61053269a371a64483c489b1d52c97f5eaa8b2b5286b,23275cff27eb5b512c01f0a49522c5bc1e4e3bdce4bd30f305eb4f9f47f1dcbc,mean,clipped,nasa_score,35562.46288542401,reconstructed,100,PENDING
C02,FD001,primary,37,C02_319975dc35d2_seed_37,outputs/c02_final_review_319975d,319975dc35d27f4edba0be75ccef69cb92077127,536c1461374bad8862ab1d77b3e674813d9dbb273d08748a9a6f617ca477a771,f5b5f73097f0a2ac483a61053269a371a64483c489b1d52c97f5eaa8b2b5286b,23275cff27eb5b512c01f0a49522c5bc1e4e3bdce4bd30f305eb4f9f47f1dcbc,ridge,raw,rmse,18.48038572847197,reconstructed,100,PENDING
C02,FD001,primary,37,C02_319975dc35d2_seed_37,outputs/c02_final_review_319975d,319975dc35d27f4edba0be75ccef69cb92077127,536c1461374bad8862ab1d77b3e674813d9dbb273d08748a9a6f617ca477a771,f5b5f73097f0a2ac483a61053269a371a64483c489b1d52c97f5eaa8b2b5286b,23275cff27eb5b512c01f0a49522c5bc1e4e3bdce4bd30f305eb4f9f47f1dcbc,ridge,raw,mae,14.534084883070147,reconstructed,100,PENDING
C02,FD001,primary,37,C02_319975dc35d2_seed_37,outputs/c02_final_review_319975d,319975dc35d27f4edba0be75ccef69cb92077127,536c1461374bad8862ab1d77b3e674813d9dbb273d08748a9a6f617ca477a771,f5b5f73097f0a2ac483a61053269a371a64483c489b1d52c97f5eaa8b2b5286b,23275cff27eb5b512c01f0a49522c5bc1e4e3bdce4bd30f305eb4f9f47f1dcbc,ridge,raw,signed_error,1.9195463221298428,reconstructed,100,PENDING
C02,FD001,primary,37,C02_319975dc35d2_seed_37,outputs/c02_final_review_319975d,319975dc35d27f4edba0be75ccef69cb92077127,536c1461374bad8862ab1d77b3e674813d9dbb273d08748a9a6f617ca477a771,f5b5f73097f0a2ac483a61053269a371a64483c489b1d52c97f5eaa8b2b5286b,23275cff27eb5b512c01f0a49522c5bc1e4e3bdce4bd30f305eb4f9f47f1dcbc,ridge,raw,nasa_score,582.212670070333,reconstructed,100,PENDING
C02,FD001,primary,37,C02_319975dc35d2_seed_37,outputs/c02_final_review_319975d,319975dc35d27f4edba0be75ccef69cb92077127,536c1461374bad8862ab1d77b3e674813d9dbb273d08748a9a6f617ca477a771,f5b5f73097f0a2ac483a61053269a371a64483c489b1d52c97f5eaa8b2b5286b,23275cff27eb5b512c01f0a49522c5bc1e4e3bdce4bd30f305eb4f9f47f1dcbc,ridge,clipped,rmse,17.35317009247391,reconstructed,100,PENDING
C02,FD001,primary,37,C02_319975dc35d2_seed_37,outputs/c02_final_review_319975d,319975dc35d27f4edba0be75ccef69cb92077127,536c1461374bad8862ab1d77b3e674813d9dbb273d08748a9a6f617ca477a771,f5b5f73097f0a2ac483a61053269a371a64483c489b1d52c97f5eaa8b2b5286b,23275cff27eb5b512c01f0a49522c5bc1e4e3bdce4bd30f305eb4f9f47f1dcbc,ridge,clipped,mae,13.460964052832376,reconstructed,100,PENDING
C02,FD001,primary,37,C02_319975dc35d2_seed_37,outputs/c02_final_review_319975d,319975dc35d27f4edba0be75ccef69cb92077127,536c1461374bad8862ab1d77b3e674813d9dbb273d08748a9a6f617ca477a771,f5b5f73097f0a2ac483a61053269a371a64483c489b1d52c97f5eaa8b2b5286b,23275cff27eb5b512c01f0a49522c5bc1e4e3bdce4bd30f305eb4f9f47f1dcbc,ridge,clipped,signed_error,2.992667152367612,reconstructed,100,PENDING
C02,FD001,primary,37,C02_319975dc35d2_seed_37,outputs/c02_final_review_319975d,319975dc35d27f4edba0be75ccef69cb92077127,536c1461374bad8862ab1d77b3e674813d9dbb273d08748a9a6f617ca477a771,f5b5f73097f0a2ac483a61053269a371a64483c489b1d52c97f5eaa8b2b5286b,23275cff27eb5b512c01f0a49522c5bc1e4e3bdce4bd30f305eb4f9f47f1dcbc,ridge,clipped,nasa_score,539.7013601577119,reconstructed,100,PENDING
C02,FD001,primary,37,C02_319975dc35d2_seed_37,outputs/c02_final_review_319975d,319975dc35d27f4edba0be75ccef69cb92077127,536c1461374bad8862ab1d77b3e674813d9dbb273d08748a9a6f617ca477a771,f5b5f73097f0a2ac483a61053269a371a64483c489b1d52c97f5eaa8b2b5286b,23275cff27eb5b512c01f0a49522c5bc1e4e3bdce4bd30f305eb4f9f47f1dcbc,hist_gradient_boosting,raw,rmse,17.202447026929242,reconstructed,100,PENDING
C02,FD001,primary,37,C02_319975dc35d2_seed_37,outputs/c02_final_review_319975d,319975dc35d27f4edba0be75ccef69cb92077127,536c1461374bad8862ab1d77b3e674813d9dbb273d08748a9a6f617ca477a771,f5b5f73097f0a2ac483a61053269a371a64483c489b1d52c97f5eaa8b2b5286b,23275cff27eb5b512c01f0a49522c5bc1e4e3bdce4bd30f305eb4f9f47f1dcbc,hist_gradient_boosting,raw,mae,13.544686450830925,reconstructed,100,PENDING
C02,FD001,primary,37,C02_319975dc35d2_seed_37,outputs/c02_final_review_319975d,319975dc35d27f4edba0be75ccef69cb92077127,536c1461374bad8862ab1d77b3e674813d9dbb273d08748a9a6f617ca477a771,f5b5f73097f0a2ac483a61053269a371a64483c489b1d52c97f5eaa8b2b5286b,23275cff27eb5b512c01f0a49522c5bc1e4e3bdce4bd30f305eb4f9f47f1dcbc,hist_gradient_boosting,raw,signed_error,3.6157650849530993,reconstructed,100,PENDING
C02,FD001,primary,37,C02_319975dc35d2_seed_37,outputs/c02_final_review_319975d,319975dc35d27f4edba0be75ccef69cb92077127,536c1461374bad8862ab1d77b3e674813d9dbb273d08748a9a6f617ca477a771,f5b5f73097f0a2ac483a61053269a371a64483c489b1d52c97f5eaa8b2b5286b,23275cff27eb5b512c01f0a49522c5bc1e4e3bdce4bd30f305eb4f9f47f1dcbc,hist_gradient_boosting,raw,nasa_score,540.0344490575861,reconstructed,100,PENDING
C02,FD001,primary,37,C02_319975dc35d2_seed_37,outputs/c02_final_review_319975d,319975dc35d27f4edba0be75ccef69cb92077127,536c1461374bad8862ab1d77b3e674813d9dbb273d08748a9a6f617ca477a771,f5b5f73097f0a2ac483a61053269a371a64483c489b1d52c97f5eaa8b2b5286b,23275cff27eb5b512c01f0a49522c5bc1e4e3bdce4bd30f305eb4f9f47f1dcbc,hist_gradient_boosting,clipped,rmse,16.050156665242344,reconstructed,100,PENDING
C02,FD001,primary,37,C02_319975dc35d2_seed_37,outputs/c02_final_review_319975d,319975dc35d27f4edba0be75ccef69cb92077127,536c1461374bad8862ab1d77b3e674813d9dbb273d08748a9a6f617ca477a771,f5b5f73097f0a2ac483a61053269a371a64483c489b1d52c97f5eaa8b2b5286b,23275cff27eb5b512c01f0a49522c5bc1e4e3bdce4bd30f305eb4f9f47f1dcbc,hist_gradient_boosting,clipped,mae,12.474686450830925,reconstructed,100,PENDING
C02,FD001,primary,37,C02_319975dc35d2_seed_37,outputs/c02_final_review_319975d,319975dc35d27f4edba0be75ccef69cb92077127,536c1461374bad8862ab1d77b3e674813d9dbb273d08748a9a6f617ca477a771,f5b5f73097f0a2ac483a61053269a371a64483c489b1d52c97f5eaa8b2b5286b,23275cff27eb5b512c01f0a49522c5bc1e4e3bdce4bd30f305eb4f9f47f1dcbc,hist_gradient_boosting,clipped,signed_error,4.6857650849531005,reconstructed,100,PENDING
C02,FD001,primary,37,C02_319975dc35d2_seed_37,outputs/c02_final_review_319975d,319975dc35d27f4edba0be75ccef69cb92077127,536c1461374bad8862ab1d77b3e674813d9dbb273d08748a9a6f617ca477a771,f5b5f73097f0a2ac483a61053269a371a64483c489b1d52c97f5eaa8b2b5286b,23275cff27eb5b512c01f0a49522c5bc1e4e3bdce4bd30f305eb4f9f47f1dcbc,hist_gradient_boosting,clipped,nasa_score,501.67496445920347,reconstructed,100,PENDING
C02,FD001,primary,73,C02_319975dc35d2_seed_73,outputs/c02_final_review_319975d,319975dc35d27f4edba0be75ccef69cb92077127,569404e36c7a8a6169e85db0470a213cb734c1c7afd0556f4b129a180a6493be,613fa44d33849f6b23715d72e4d09a88a67de273292866c9230aa77dc5588758,f701a1019e02448476409f9ecb8287c4ab5be7a0f14e3bddfda1047fba589e3a,mean,raw,rmse,42.99238410984966,reconstructed,100,PENDING
C02,FD001,primary,73,C02_319975dc35d2_seed_73,outputs/c02_final_review_319975d,319975dc35d27f4edba0be75ccef69cb92077127,569404e36c7a8a6169e85db0470a213cb734c1c7afd0556f4b129a180a6493be,613fa44d33849f6b23715d72e4d09a88a67de273292866c9230aa77dc5588758,f701a1019e02448476409f9ecb8287c4ab5be7a0f14e3bddfda1047fba589e3a,mean,raw,mae,35.9,reconstructed,100,PENDING
C02,FD001,primary,73,C02_319975dc35d2_seed_73,outputs/c02_final_review_319975d,319975dc35d27f4edba0be75ccef69cb92077127,569404e36c7a8a6169e85db0470a213cb734c1c7afd0556f4b129a180a6493be,613fa44d33849f6b23715d72e4d09a88a67de273292866c9230aa77dc5588758,f701a1019e02448476409f9ecb8287c4ab5be7a0f14e3bddfda1047fba589e3a,mean,raw,signed_error,11.021592055998688,reconstructed,100,PENDING
C02,FD001,primary,73,C02_319975dc35d2_seed_73,outputs/c02_final_review_319975d,319975dc35d27f4edba0be75ccef69cb92077127,569404e36c7a8a6169e85db0470a213cb734c1c7afd0556f4b129a180a6493be,613fa44d33849f6b23715d72e4d09a88a67de273292866c9230aa77dc5588758,f701a1019e02448476409f9ecb8287c4ab5be7a0f14e3bddfda1047fba589e3a,mean,raw,nasa_score,32707.992398466104,reconstructed,100,PENDING
C02,FD001,primary,73,C02_319975dc35d2_seed_73,outputs/c02_final_review_319975d,319975dc35d27f4edba0be75ccef69cb92077127,569404e36c7a8a6169e85db0470a213cb734c1c7afd0556f4b129a180a6493be,613fa44d33849f6b23715d72e4d09a88a67de273292866c9230aa77dc5588758,f701a1019e02448476409f9ecb8287c4ab5be7a0f14e3bddfda1047fba589e3a,mean,clipped,rmse,41.857784203761796,reconstructed,100,PENDING
C02,FD001,primary,73,C02_319975dc35d2_seed_73,outputs/c02_final_review_319975d,319975dc35d27f4edba0be75ccef69cb92077127,569404e36c7a8a6169e85db0470a213cb734c1c7afd0556f4b129a180a6493be,613fa44d33849f6b23715d72e4d09a88a67de273292866c9230aa77dc5588758,f701a1019e02448476409f9ecb8287c4ab5be7a0f14e3bddfda1047fba589e3a,mean,clipped,mae,34.83,reconstructed,100,PENDING
C02,FD001,primary,73,C02_319975dc35d2_seed_73,outputs/c02_final_review_319975d,319975dc35d27f4edba0be75ccef69cb92077127,569404e36c7a8a6169e85db0470a213cb734c1c7afd0556f4b129a180a6493be,613fa44d33849f6b23715d72e4d09a88a67de273292866c9230aa77dc5588758,f701a1019e02448476409f9ecb8287c4ab5be7a0f14e3bddfda1047fba589e3a,mean,clipped,signed_error,12.091592055998687,reconstructed,100,PENDING
C02,FD001,primary,73,C02_319975dc35d2_seed_73,outputs/c02_final_review_319975d,319975dc35d27f4edba0be75ccef69cb92077127,569404e36c7a8a6169e85db0470a213cb734c1c7afd0556f4b129a180a6493be,613fa44d33849f6b23715d72e4d09a88a67de273292866c9230aa77dc5588758,f701a1019e02448476409f9ecb8287c4ab5be7a0f14e3bddfda1047fba589e3a,mean,clipped,nasa_score,32427.085277640228,reconstructed,100,PENDING
C02,FD001,primary,73,C02_319975dc35d2_seed_73,outputs/c02_final_review_319975d,319975dc35d27f4edba0be75ccef69cb92077127,569404e36c7a8a6169e85db0470a213cb734c1c7afd0556f4b129a180a6493be,613fa44d33849f6b23715d72e4d09a88a67de273292866c9230aa77dc5588758,f701a1019e02448476409f9ecb8287c4ab5be7a0f14e3bddfda1047fba589e3a,ridge,raw,rmse,18.812936543548002,reconstructed,100,PENDING
C02,FD001,primary,73,C02_319975dc35d2_seed_73,outputs/c02_final_review_319975d,319975dc35d27f4edba0be75ccef69cb92077127,569404e36c7a8a6169e85db0470a213cb734c1c7afd0556f4b129a180a6493be,613fa44d33849f6b23715d72e4d09a88a67de273292866c9230aa77dc5588758,f701a1019e02448476409f9ecb8287c4ab5be7a0f14e3bddfda1047fba589e3a,ridge,raw,mae,14.562164111864314,reconstructed,100,PENDING
C02,FD001,primary,73,C02_319975dc35d2_seed_73,outputs/c02_final_review_319975d,319975dc35d27f4edba0be75ccef69cb92077127,569404e36c7a8a6169e85db0470a213cb734c1c7afd0556f4b129a180a6493be,613fa44d33849f6b23715d72e4d09a88a67de273292866c9230aa77dc5588758,f701a1019e02448476409f9ecb8287c4ab5be7a0f14e3bddfda1047fba589e3a,ridge,raw,signed_error,-0.94267530495146,reconstructed,100,PENDING
C02,FD001,primary,73,C02_319975dc35d2_seed_73,outputs/c02_final_review_319975d,319975dc35d27f4edba0be75ccef69cb92077127,569404e36c7a8a6169e85db0470a213cb734c1c7afd0556f4b129a180a6493be,613fa44d33849f6b23715d72e4d09a88a67de273292866c9230aa77dc5588758,f701a1019e02448476409f9ecb8287c4ab5be7a0f14e3bddfda1047fba589e3a,ridge,raw,nasa_score,579.8134941284014,reconstructed,100,PENDING
C02,FD001,primary,73,C02_319975dc35d2_seed_73,outputs/c02_final_review_319975d,319975dc35d27f4edba0be75ccef69cb92077127,569404e36c7a8a6169e85db0470a213cb734c1c7afd0556f4b129a180a6493be,613fa44d33849f6b23715d72e4d09a88a67de273292866c9230aa77dc5588758,f701a1019e02448476409f9ecb8287c4ab5be7a0f14e3bddfda1047fba589e3a,ridge,clipped,rmse,17.50008462725087,reconstructed,100,PENDING
C02,FD001,primary,73,C02_319975dc35d2_seed_73,outputs/c02_final_review_319975d,319975dc35d27f4edba0be75ccef69cb92077127,569404e36c7a8a6169e85db0470a213cb734c1c7afd0556f4b129a180a6493be,613fa44d33849f6b23715d72e4d09a88a67de273292866c9230aa77dc5588758,f701a1019e02448476409f9ecb8287c4ab5be7a0f14e3bddfda1047fba589e3a,ridge,clipped,mae,13.53740993136226,reconstructed,100,PENDING
C02,FD001,primary,73,C02_319975dc35d2_seed_73,outputs/c02_final_review_319975d,319975dc35d27f4edba0be75ccef69cb92077127,569404e36c7a8a6169e85db0470a213cb734c1c7afd0556f4b129a180a6493be,613fa44d33849f6b23715d72e4d09a88a67de273292866c9230aa77dc5588758,f701a1019e02448476409f9ecb8287c4ab5be7a0f14e3bddfda1047fba589e3a,ridge,clipped,signed_error,0.08207887555059572,reconstructed,100,PENDING
C02,FD001,primary,73,C02_319975dc35d2_seed_73,outputs/c02_final_review_319975d,319975dc35d27f4edba0be75ccef69cb92077127,569404e36c7a8a6169e85db0470a213cb734c1c7afd0556f4b129a180a6493be,613fa44d33849f6b23715d72e4d09a88a67de273292866c9230aa77dc5588758,f701a1019e02448476409f9ecb8287c4ab5be7a0f14e3bddfda1047fba589e3a,ridge,clipped,nasa_score,514.650950042355,reconstructed,100,PENDING
C02,FD001,primary,73,C02_319975dc35d2_seed_73,outputs/c02_final_review_319975d,319975dc35d27f4edba0be75ccef69cb92077127,569404e36c7a8a6169e85db0470a213cb734c1c7afd0556f4b129a180a6493be,613fa44d33849f6b23715d72e4d09a88a67de273292866c9230aa77dc5588758,f701a1019e02448476409f9ecb8287c4ab5be7a0f14e3bddfda1047fba589e3a,hist_gradient_boosting,raw,rmse,17.631366819624937,reconstructed,100,PENDING
C02,FD001,primary,73,C02_319975dc35d2_seed_73,outputs/c02_final_review_319975d,319975dc35d27f4edba0be75ccef69cb92077127,569404e36c7a8a6169e85db0470a213cb734c1c7afd0556f4b129a180a6493be,613fa44d33849f6b23715d72e4d09a88a67de273292866c9230aa77dc5588758,f701a1019e02448476409f9ecb8287c4ab5be7a0f14e3bddfda1047fba589e3a,hist_gradient_boosting,raw,mae,13.409978908049782,reconstructed,100,PENDING
C02,FD001,primary,73,C02_319975dc35d2_seed_73,outputs/c02_final_review_319975d,319975dc35d27f4edba0be75ccef69cb92077127,569404e36c7a8a6169e85db0470a213cb734c1c7afd0556f4b129a180a6493be,613fa44d33849f6b23715d72e4d09a88a67de273292866c9230aa77dc5588758,f701a1019e02448476409f9ecb8287c4ab5be7a0f14e3bddfda1047fba589e3a,hist_gradient_boosting,raw,signed_error,-0.8651339695805977,reconstructed,100,PENDING
C02,FD001,primary,73,C02_319975dc35d2_seed_73,outputs/c02_final_review_319975d,319975dc35d27f4edba0be75ccef69cb92077127,569404e36c7a8a6169e85db0470a213cb734c1c7afd0556f4b129a180a6493be,613fa44d33849f6b23715d72e4d09a88a67de273292866c9230aa77dc5588758,f701a1019e02448476409f9ecb8287c4ab5be7a0f14e3bddfda1047fba589e3a,hist_gradient_boosting,raw,nasa_score,485.2613587499263,reconstructed,100,PENDING
C02,FD001,primary,73,C02_319975dc35d2_seed_73,outputs/c02_final_review_319975d,319975dc35d27f4edba0be75ccef69cb92077127,569404e36c7a8a6169e85db0470a213cb734c1c7afd0556f4b129a180a6493be,613fa44d33849f6b23715d72e4d09a88a67de273292866c9230aa77dc5588758,f701a1019e02448476409f9ecb8287c4ab5be7a0f14e3bddfda1047fba589e3a,hist_gradient_boosting,clipped,rmse,16.311307907559797,reconstructed,100,PENDING
C02,FD001,primary,73,C02_319975dc35d2_seed_73,outputs/c02_final_review_319975d,319975dc35d27f4edba0be75ccef69cb92077127,569404e36c7a8a6169e85db0470a213cb734c1c7afd0556f4b129a180a6493be,613fa44d33849f6b23715d72e4d09a88a67de273292866c9230aa77dc5588758,f701a1019e02448476409f9ecb8287c4ab5be7a0f14e3bddfda1047fba589e3a,hist_gradient_boosting,clipped,mae,12.339978908049781,reconstructed,100,PENDING
C02,FD001,primary,73,C02_319975dc35d2_seed_73,outputs/c02_final_review_319975d,319975dc35d27f4edba0be75ccef69cb92077127,569404e36c7a8a6169e85db0470a213cb734c1c7afd0556f4b129a180a6493be,613fa44d33849f6b23715d72e4d09a88a67de273292866c9230aa77dc5588758,f701a1019e02448476409f9ecb8287c4ab5be7a0f14e3bddfda1047fba589e3a,hist_gradient_boosting,clipped,signed_error,0.20486603041940085,reconstructed,100,PENDING
C02,FD001,primary,73,C02_319975dc35d2_seed_73,outputs/c02_final_review_319975d,319975dc35d27f4edba0be75ccef69cb92077127,569404e36c7a8a6169e85db0470a213cb734c1c7afd0556f4b129a180a6493be,613fa44d33849f6b23715d72e4d09a88a67de273292866c9230aa77dc5588758,f701a1019e02448476409f9ecb8287c4ab5be7a0f14e3bddfda1047fba589e3a,hist_gradient_boosting,clipped,nasa_score,411.464582258393,reconstructed,100,PENDING
C02,FD001,primary,101,C02_319975dc35d2_seed_101,outputs/c02_final_review_319975d,319975dc35d27f4edba0be75ccef69cb92077127,b391e6f4aaef88de3a6cd942787c0147784a3d78a639a0d29966320343cd8a56,4c2994db94e3c762fb7f0f07c795605798803e7af895e43e5418f10d0f758914,fcae4c5ac578f2ef505f00144ba3f266c2a458127cc6f5a90d1e81f20eb73404,mean,raw,rmse,43.042292675543905,reconstructed,100,PENDING
C02,FD001,primary,101,C02_319975dc35d2_seed_101,outputs/c02_final_review_319975d,319975dc35d27f4edba0be75ccef69cb92077127,b391e6f4aaef88de3a6cd942787c0147784a3d78a639a0d29966320343cd8a56,4c2994db94e3c762fb7f0f07c795605798803e7af895e43e5418f10d0f758914,fcae4c5ac578f2ef505f00144ba3f266c2a458127cc6f5a90d1e81f20eb73404,mean,raw,mae,35.9,reconstructed,100,PENDING
C02,FD001,primary,101,C02_319975dc35d2_seed_101,outputs/c02_final_review_319975d,319975dc35d27f4edba0be75ccef69cb92077127,b391e6f4aaef88de3a6cd942787c0147784a3d78a639a0d29966320343cd8a56,4c2994db94e3c762fb7f0f07c795605798803e7af895e43e5418f10d0f758914,fcae4c5ac578f2ef505f00144ba3f266c2a458127cc6f5a90d1e81f20eb73404,mean,raw,signed_error,11.214693877551053,reconstructed,100,PENDING
C02,FD001,primary,101,C02_319975dc35d2_seed_101,outputs/c02_final_review_319975d,319975dc35d27f4edba0be75ccef69cb92077127,b391e6f4aaef88de3a6cd942787c0147784a3d78a639a0d29966320343cd8a56,4c2994db94e3c762fb7f0f07c795605798803e7af895e43e5418f10d0f758914,fcae4c5ac578f2ef505f00144ba3f266c2a458127cc6f5a90d1e81f20eb73404,mean,raw,nasa_score,33323.315941896195,reconstructed,100,PENDING
C02,FD001,primary,101,C02_319975dc35d2_seed_101,outputs/c02_final_review_319975d,319975dc35d27f4edba0be75ccef69cb92077127,b391e6f4aaef88de3a6cd942787c0147784a3d78a639a0d29966320343cd8a56,4c2994db94e3c762fb7f0f07c795605798803e7af895e43e5418f10d0f758914,fcae4c5ac578f2ef505f00144ba3f266c2a458127cc6f5a90d1e81f20eb73404,mean,clipped,rmse,41.91397384721639,reconstructed,100,PENDING
C02,FD001,primary,101,C02_319975dc35d2_seed_101,outputs/c02_final_review_319975d,319975dc35d27f4edba0be75ccef69cb92077127,b391e6f4aaef88de3a6cd942787c0147784a3d78a639a0d29966320343cd8a56,4c2994db94e3c762fb7f0f07c795605798803e7af895e43e5418f10d0f758914,fcae4c5ac578f2ef505f00144ba3f266c2a458127cc6f5a90d1e81f20eb73404,mean,clipped,mae,34.83,reconstructed,100,PENDING
C02,FD001,primary,101,C02_319975dc35d2_seed_101,outputs/c02_final_review_319975d,319975dc35d27f4edba0be75ccef69cb92077127,b391e6f4aaef88de3a6cd942787c0147784a3d78a639a0d29966320343cd8a56,4c2994db94e3c762fb7f0f07c795605798803e7af895e43e5418f10d0f758914,fcae4c5ac578f2ef505f00144ba3f266c2a458127cc6f5a90d1e81f20eb73404,mean,clipped,signed_error,12.284693877551057,reconstructed,100,PENDING
C02,FD001,primary,101,C02_319975dc35d2_seed_101,outputs/c02_final_review_319975d,319975dc35d27f4edba0be75ccef69cb92077127,b391e6f4aaef88de3a6cd942787c0147784a3d78a639a0d29966320343cd8a56,4c2994db94e3c762fb7f0f07c795605798803e7af895e43e5418f10d0f758914,fcae4c5ac578f2ef505f00144ba3f266c2a458127cc6f5a90d1e81f20eb73404,mean,clipped,nasa_score,33046.550574658584,reconstructed,100,PENDING
C02,FD001,primary,101,C02_319975dc35d2_seed_101,outputs/c02_final_review_319975d,319975dc35d27f4edba0be75ccef69cb92077127,b391e6f4aaef88de3a6cd942787c0147784a3d78a639a0d29966320343cd8a56,4c2994db94e3c762fb7f0f07c795605798803e7af895e43e5418f10d0f758914,fcae4c5ac578f2ef505f00144ba3f266c2a458127cc6f5a90d1e81f20eb73404,ridge,raw,rmse,19.232441279894303,reconstructed,100,PENDING
C02,FD001,primary,101,C02_319975dc35d2_seed_101,outputs/c02_final_review_319975d,319975dc35d27f4edba0be75ccef69cb92077127,b391e6f4aaef88de3a6cd942787c0147784a3d78a639a0d29966320343cd8a56,4c2994db94e3c762fb7f0f07c795605798803e7af895e43e5418f10d0f758914,fcae4c5ac578f2ef505f00144ba3f266c2a458127cc6f5a90d1e81f20eb73404,ridge,raw,mae,14.946996014897513,reconstructed,100,PENDING
C02,FD001,primary,101,C02_319975dc35d2_seed_101,outputs/c02_final_review_319975d,319975dc35d27f4edba0be75ccef69cb92077127,b391e6f4aaef88de3a6cd942787c0147784a3d78a639a0d29966320343cd8a56,4c2994db94e3c762fb7f0f07c795605798803e7af895e43e5418f10d0f758914,fcae4c5ac578f2ef505f00144ba3f266c2a458127cc6f5a90d1e81f20eb73404,ridge,raw,signed_error,-0.3920299735144407,reconstructed,100,PENDING
C02,FD001,primary,101,C02_319975dc35d2_seed_101,outputs/c02_final_review_319975d,319975dc35d27f4edba0be75ccef69cb92077127,b391e6f4aaef88de3a6cd942787c0147784a3d78a639a0d29966320343cd8a56,4c2994db94e3c762fb7f0f07c795605798803e7af895e43e5418f10d0f758914,fcae4c5ac578f2ef505f00144ba3f266c2a458127cc6f5a90d1e81f20eb73404,ridge,raw,nasa_score,621.4766848843976,reconstructed,100,PENDING
C02,FD001,primary,101,C02_319975dc35d2_seed_101,outputs/c02_final_review_319975d,319975dc35d27f4edba0be75ccef69cb92077127,b391e6f4aaef88de3a6cd942787c0147784a3d78a639a0d29966320343cd8a56,4c2994db94e3c762fb7f0f07c795605798803e7af895e43e5418f10d0f758914,fcae4c5ac578f2ef505f00144ba3f266c2a458127cc6f5a90d1e81f20eb73404,ridge,clipped,rmse,17.98959072113871,reconstructed,100,PENDING
C02,FD001,primary,101,C02_319975dc35d2_seed_101,outputs/c02_final_review_319975d,319975dc35d27f4edba0be75ccef69cb92077127,b391e6f4aaef88de3a6cd942787c0147784a3d78a639a0d29966320343cd8a56,4c2994db94e3c762fb7f0f07c795605798803e7af895e43e5418f10d0f758914,fcae4c5ac578f2ef505f00144ba3f266c2a458127cc6f5a90d1e81f20eb73404,ridge,clipped,mae,13.949546028006619,reconstructed,100,PENDING
C02,FD001,primary,101,C02_319975dc35d2_seed_101,outputs/c02_final_review_319975d,319975dc35d27f4edba0be75ccef69cb92077127,b391e6f4aaef88de3a6cd942787c0147784a3d78a639a0d29966320343cd8a56,4c2994db94e3c762fb7f0f07c795605798803e7af895e43e5418f10d0f758914,fcae4c5ac578f2ef505f00144ba3f266c2a458127cc6f5a90d1e81f20eb73404,ridge,clipped,signed_error,0.6054200133764543,reconstructed,100,PENDING
C02,FD001,primary,101,C02_319975dc35d2_seed_101,outputs/c02_final_review_319975d,319975dc35d27f4edba0be75ccef69cb92077127,b391e6f4aaef88de3a6cd942787c0147784a3d78a639a0d29966320343cd8a56,4c2994db94e3c762fb7f0f07c795605798803e7af895e43e5418f10d0f758914,fcae4c5ac578f2ef505f00144ba3f266c2a458127cc6f5a90d1e81f20eb73404,ridge,clipped,nasa_score,556.0055453668418,reconstructed,100,PENDING
C02,FD001,primary,101,C02_319975dc35d2_seed_101,outputs/c02_final_review_319975d,319975dc35d27f4edba0be75ccef69cb92077127,b391e6f4aaef88de3a6cd942787c0147784a3d78a639a0d29966320343cd8a56,4c2994db94e3c762fb7f0f07c795605798803e7af895e43e5418f10d0f758914,fcae4c5ac578f2ef505f00144ba3f266c2a458127cc6f5a90d1e81f20eb73404,hist_gradient_boosting,raw,rmse,17.045336146807543,reconstructed,100,PENDING
C02,FD001,primary,101,C02_319975dc35d2_seed_101,outputs/c02_final_review_319975d,319975dc35d27f4edba0be75ccef69cb92077127,b391e6f4aaef88de3a6cd942787c0147784a3d78a639a0d29966320343cd8a56,4c2994db94e3c762fb7f0f07c795605798803e7af895e43e5418f10d0f758914,fcae4c5ac578f2ef505f00144ba3f266c2a458127cc6f5a90d1e81f20eb73404,hist_gradient_boosting,raw,mae,13.51529337418203,reconstructed,100,PENDING
C02,FD001,primary,101,C02_319975dc35d2_seed_101,outputs/c02_final_review_319975d,319975dc35d27f4edba0be75ccef69cb92077127,b391e6f4aaef88de3a6cd942787c0147784a3d78a639a0d29966320343cd8a56,4c2994db94e3c762fb7f0f07c795605798803e7af895e43e5418f10d0f758914,fcae4c5ac578f2ef505f00144ba3f266c2a458127cc6f5a90d1e81f20eb73404,hist_gradient_boosting,raw,signed_error,1.9275583929384397,reconstructed,100,PENDING
C02,FD001,primary,101,C02_319975dc35d2_seed_101,outputs/c02_final_review_319975d,319975dc35d27f4edba0be75ccef69cb92077127,b391e6f4aaef88de3a6cd942787c0147784a3d78a639a0d29966320343cd8a56,4c2994db94e3c762fb7f0f07c795605798803e7af895e43e5418f10d0f758914,fcae4c5ac578f2ef505f00144ba3f266c2a458127cc6f5a90d1e81f20eb73404,hist_gradient_boosting,raw,nasa_score,448.1034569399057,reconstructed,100,PENDING
C02,FD001,primary,101,C02_319975dc35d2_seed_101,outputs/c02_final_review_319975d,319975dc35d27f4edba0be75ccef69cb92077127,b391e6f4aaef88de3a6cd942787c0147784a3d78a639a0d29966320343cd8a56,4c2994db94e3c762fb7f0f07c795605798803e7af895e43e5418f10d0f758914,fcae4c5ac578f2ef505f00144ba3f266c2a458127cc6f5a90d1e81f20eb73404,hist_gradient_boosting,clipped,rmse,15.752643567410813,reconstructed,100,PENDING
C02,FD001,primary,101,C02_319975dc35d2_seed_101,outputs/c02_final_review_319975d,319975dc35d27f4edba0be75ccef69cb92077127,b391e6f4aaef88de3a6cd942787c0147784a3d78a639a0d29966320343cd8a56,4c2994db94e3c762fb7f0f07c795605798803e7af895e43e5418f10d0f758914,fcae4c5ac578f2ef505f00144ba3f266c2a458127cc6f5a90d1e81f20eb73404,hist_gradient_boosting,clipped,mae,12.445293374182029,reconstructed,100,PENDING
C02,FD001,primary,101,C02_319975dc35d2_seed_101,outputs/c02_final_review_319975d,319975dc35d27f4edba0be75ccef69cb92077127,b391e6f4aaef88de3a6cd942787c0147784a3d78a639a0d29966320343cd8a56,4c2994db94e3c762fb7f0f07c795605798803e7af895e43e5418f10d0f758914,fcae4c5ac578f2ef505f00144ba3f266c2a458127cc6f5a90d1e81f20eb73404,hist_gradient_boosting,clipped,signed_error,2.997558392938439,reconstructed,100,PENDING
C02,FD001,primary,101,C02_319975dc35d2_seed_101,outputs/c02_final_review_319975d,319975dc35d27f4edba0be75ccef69cb92077127,b391e6f4aaef88de3a6cd942787c0147784a3d78a639a0d29966320343cd8a56,4c2994db94e3c762fb7f0f07c795605798803e7af895e43e5418f10d0f758914,fcae4c5ac578f2ef505f00144ba3f266c2a458127cc6f5a90d1e81f20eb73404,hist_gradient_boosting,clipped,nasa_score,397.0738471289633,reconstructed,100,PENDING
C02,FD001,primary,137,C02_319975dc35d2_seed_137,outputs/c02_final_review_319975d,319975dc35d27f4edba0be75ccef69cb92077127,5f4a5052cf528dbe40eee83320e2c57b04f876b9f51959d7c3bd20f9d4a93b46,37046e2fcddc31f51289a10671417f20ac78af907fe31058677d67f023b6978a,4e36384a59d97d4c372d4f2fadea4dedd41c345467d6c61a4b060e1ef540ab7a,mean,raw,rmse,43.085192459398094,reconstructed,100,PENDING
C02,FD001,primary,137,C02_319975dc35d2_seed_137,outputs/c02_final_review_319975d,319975dc35d27f4edba0be75ccef69cb92077127,5f4a5052cf528dbe40eee83320e2c57b04f876b9f51959d7c3bd20f9d4a93b46,37046e2fcddc31f51289a10671417f20ac78af907fe31058677d67f023b6978a,4e36384a59d97d4c372d4f2fadea4dedd41c345467d6c61a4b060e1ef540ab7a,mean,raw,mae,35.900000000000006,reconstructed,100,PENDING
C02,FD001,primary,137,C02_319975dc35d2_seed_137,outputs/c02_final_review_319975d,319975dc35d27f4edba0be75ccef69cb92077127,5f4a5052cf528dbe40eee83320e2c57b04f876b9f51959d7c3bd20f9d4a93b46,37046e2fcddc31f51289a10671417f20ac78af907fe31058677d67f023b6978a,4e36384a59d97d4c372d4f2fadea4dedd41c345467d6c61a4b060e1ef540ab7a,mean,raw,signed_error,11.378234013386022,reconstructed,100,PENDING
C02,FD001,primary,137,C02_319975dc35d2_seed_137,outputs/c02_final_review_319975d,319975dc35d27f4edba0be75ccef69cb92077127,5f4a5052cf528dbe40eee83320e2c57b04f876b9f51959d7c3bd20f9d4a93b46,37046e2fcddc31f51289a10671417f20ac78af907fe31058677d67f023b6978a,4e36384a59d97d4c372d4f2fadea4dedd41c345467d6c61a4b060e1ef540ab7a,mean,raw,nasa_score,33854.095080262014,reconstructed,100,PENDING
C02,FD001,primary,137,C02_319975dc35d2_seed_137,outputs/c02_final_review_319975d,319975dc35d27f4edba0be75ccef69cb92077127,5f4a5052cf528dbe40eee83320e2c57b04f876b9f51959d7c3bd20f9d4a93b46,37046e2fcddc31f51289a10671417f20ac78af907fe31058677d67f023b6978a,4e36384a59d97d4c372d4f2fadea4dedd41c345467d6c61a4b060e1ef540ab7a,mean,clipped,rmse,41.96219763134457,reconstructed,100,PENDING
C02,FD001,primary,137,C02_319975dc35d2_seed_137,outputs/c02_final_review_319975d,319975dc35d27f4edba0be75ccef69cb92077127,5f4a5052cf528dbe40eee83320e2c57b04f876b9f51959d7c3bd20f9d4a93b46,37046e2fcddc31f51289a10671417f20ac78af907fe31058677d67f023b6978a,4e36384a59d97d4c372d4f2fadea4dedd41c345467d6c61a4b060e1ef540ab7a,mean,clipped,mae,34.830000000000005,reconstructed,100,PENDING
C02,FD001,primary,137,C02_319975dc35d2_seed_137,outputs/c02_final_review_319975d,319975dc35d27f4edba0be75ccef69cb92077127,5f4a5052cf528dbe40eee83320e2c57b04f876b9f51959d7c3bd20f9d4a93b46,37046e2fcddc31f51289a10671417f20ac78af907fe31058677d67f023b6978a,4e36384a59d97d4c372d4f2fadea4dedd41c345467d6c61a4b060e1ef540ab7a,mean,clipped,signed_error,12.448234013386019,reconstructed,100,PENDING
C02,FD001,primary,137,C02_319975dc35d2_seed_137,outputs/c02_final_review_319975d,319975dc35d27f4edba0be75ccef69cb92077127,5f4a5052cf528dbe40eee83320e2c57b04f876b9f51959d7c3bd20f9d4a93b46,37046e2fcddc31f51289a10671417f20ac78af907fe31058677d67f023b6978a,4e36384a59d97d4c372d4f2fadea4dedd41c345467d6c61a4b060e1ef540ab7a,mean,clipped,nasa_score,33580.789615800306,reconstructed,100,PENDING
C02,FD001,primary,137,C02_319975dc35d2_seed_137,outputs/c02_final_review_319975d,319975dc35d27f4edba0be75ccef69cb92077127,5f4a5052cf528dbe40eee83320e2c57b04f876b9f51959d7c3bd20f9d4a93b46,37046e2fcddc31f51289a10671417f20ac78af907fe31058677d67f023b6978a,4e36384a59d97d4c372d4f2fadea4dedd41c345467d6c61a4b060e1ef540ab7a,ridge,raw,rmse,18.624112896843656,reconstructed,100,PENDING
C02,FD001,primary,137,C02_319975dc35d2_seed_137,outputs/c02_final_review_319975d,319975dc35d27f4edba0be75ccef69cb92077127,5f4a5052cf528dbe40eee83320e2c57b04f876b9f51959d7c3bd20f9d4a93b46,37046e2fcddc31f51289a10671417f20ac78af907fe31058677d67f023b6978a,4e36384a59d97d4c372d4f2fadea4dedd41c345467d6c61a4b060e1ef540ab7a,ridge,raw,mae,14.779721502533295,reconstructed,100,PENDING
C02,FD001,primary,137,C02_319975dc35d2_seed_137,outputs/c02_final_review_319975d,319975dc35d27f4edba0be75ccef69cb92077127,5f4a5052cf528dbe40eee83320e2c57b04f876b9f51959d7c3bd20f9d4a93b46,37046e2fcddc31f51289a10671417f20ac78af907fe31058677d67f023b6978a,4e36384a59d97d4c372d4f2fadea4dedd41c345467d6c61a4b060e1ef540ab7a,ridge,raw,signed_error,0.6651357603147773,reconstructed,100,PENDING
C02,FD001,primary,137,C02_319975dc35d2_seed_137,outputs/c02_final_review_319975d,319975dc35d27f4edba0be75ccef69cb92077127,5f4a5052cf528dbe40eee83320e2c57b04f876b9f51959d7c3bd20f9d4a93b46,37046e2fcddc31f51289a10671417f20ac78af907fe31058677d67f023b6978a,4e36384a59d97d4c372d4f2fadea4dedd41c345467d6c61a4b060e1ef540ab7a,ridge,raw,nasa_score,548.2030888670612,reconstructed,100,PENDING
C02,FD001,primary,137,C02_319975dc35d2_seed_137,outputs/c02_final_review_319975d,319975dc35d27f4edba0be75ccef69cb92077127,5f4a5052cf528dbe40eee83320e2c57b04f876b9f51959d7c3bd20f9d4a93b46,37046e2fcddc31f51289a10671417f20ac78af907fe31058677d67f023b6978a,4e36384a59d97d4c372d4f2fadea4dedd41c345467d6c61a4b060e1ef540ab7a,ridge,clipped,rmse,17.3621103584765,reconstructed,100,PENDING
C02,FD001,primary,137,C02_319975dc35d2_seed_137,outputs/c02_final_review_319975d,319975dc35d27f4edba0be75ccef69cb92077127,5f4a5052cf528dbe40eee83320e2c57b04f876b9f51959d7c3bd20f9d4a93b46,37046e2fcddc31f51289a10671417f20ac78af907fe31058677d67f023b6978a,4e36384a59d97d4c372d4f2fadea4dedd41c345467d6c61a4b060e1ef540ab7a,ridge,clipped,mae,13.66290070952892,reconstructed,100,PENDING
C02,FD001,primary,137,C02_319975dc35d2_seed_137,outputs/c02_final_review_319975d,319975dc35d27f4edba0be75ccef69cb92077127,5f4a5052cf528dbe40eee83320e2c57b04f876b9f51959d7c3bd20f9d4a93b46,37046e2fcddc31f51289a10671417f20ac78af907fe31058677d67f023b6978a,4e36384a59d97d4c372d4f2fadea4dedd41c345467d6c61a4b060e1ef540ab7a,ridge,clipped,signed_error,1.742657529382232,reconstructed,100,PENDING
C02,FD001,primary,137,C02_319975dc35d2_seed_137,outputs/c02_final_review_319975d,319975dc35d27f4edba0be75ccef69cb92077127,5f4a5052cf528dbe40eee83320e2c57b04f876b9f51959d7c3bd20f9d4a93b46,37046e2fcddc31f51289a10671417f20ac78af907fe31058677d67f023b6978a,4e36384a59d97d4c372d4f2fadea4dedd41c345467d6c61a4b060e1ef540ab7a,ridge,clipped,nasa_score,493.2130284026379,reconstructed,100,PENDING
C02,FD001,primary,137,C02_319975dc35d2_seed_137,outputs/c02_final_review_319975d,319975dc35d27f4edba0be75ccef69cb92077127,5f4a5052cf528dbe40eee83320e2c57b04f876b9f51959d7c3bd20f9d4a93b46,37046e2fcddc31f51289a10671417f20ac78af907fe31058677d67f023b6978a,4e36384a59d97d4c372d4f2fadea4dedd41c345467d6c61a4b060e1ef540ab7a,hist_gradient_boosting,raw,rmse,16.770030228077772,reconstructed,100,PENDING
C02,FD001,primary,137,C02_319975dc35d2_seed_137,outputs/c02_final_review_319975d,319975dc35d27f4edba0be75ccef69cb92077127,5f4a5052cf528dbe40eee83320e2c57b04f876b9f51959d7c3bd20f9d4a93b46,37046e2fcddc31f51289a10671417f20ac78af907fe31058677d67f023b6978a,4e36384a59d97d4c372d4f2fadea4dedd41c345467d6c61a4b060e1ef540ab7a,hist_gradient_boosting,raw,mae,13.383370795760062,reconstructed,100,PENDING
C02,FD001,primary,137,C02_319975dc35d2_seed_137,outputs/c02_final_review_319975d,319975dc35d27f4edba0be75ccef69cb92077127,5f4a5052cf528dbe40eee83320e2c57b04f876b9f51959d7c3bd20f9d4a93b46,37046e2fcddc31f51289a10671417f20ac78af907fe31058677d67f023b6978a,4e36384a59d97d4c372d4f2fadea4dedd41c345467d6c61a4b060e1ef540ab7a,hist_gradient_boosting,raw,signed_error,2.166615638625143,reconstructed,100,PENDING
C02,FD001,primary,137,C02_319975dc35d2_seed_137,outputs/c02_final_review_319975d,319975dc35d27f4edba0be75ccef69cb92077127,5f4a5052cf528dbe40eee83320e2c57b04f876b9f51959d7c3bd20f9d4a93b46,37046e2fcddc31f51289a10671417f20ac78af907fe31058677d67f023b6978a,4e36384a59d97d4c372d4f2fadea4dedd41c345467d6c61a4b060e1ef540ab7a,hist_gradient_boosting,raw,nasa_score,432.24297923018287,reconstructed,100,PENDING
C02,FD001,primary,137,C02_319975dc35d2_seed_137,outputs/c02_final_review_319975d,319975dc35d27f4edba0be75ccef69cb92077127,5f4a5052cf528dbe40eee83320e2c57b04f876b9f51959d7c3bd20f9d4a93b46,37046e2fcddc31f51289a10671417f20ac78af907fe31058677d67f023b6978a,4e36384a59d97d4c372d4f2fadea4dedd41c345467d6c61a4b060e1ef540ab7a,hist_gradient_boosting,clipped,rmse,15.57096036136792,reconstructed,100,PENDING
C02,FD001,primary,137,C02_319975dc35d2_seed_137,outputs/c02_final_review_319975d,319975dc35d27f4edba0be75ccef69cb92077127,5f4a5052cf528dbe40eee83320e2c57b04f876b9f51959d7c3bd20f9d4a93b46,37046e2fcddc31f51289a10671417f20ac78af907fe31058677d67f023b6978a,4e36384a59d97d4c372d4f2fadea4dedd41c345467d6c61a4b060e1ef540ab7a,hist_gradient_boosting,clipped,mae,12.313370795760061,reconstructed,100,PENDING
C02,FD001,primary,137,C02_319975dc35d2_seed_137,outputs/c02_final_review_319975d,319975dc35d27f4edba0be75ccef69cb92077127,5f4a5052cf528dbe40eee83320e2c57b04f876b9f51959d7c3bd20f9d4a93b46,37046e2fcddc31f51289a10671417f20ac78af907fe31058677d67f023b6978a,4e36384a59d97d4c372d4f2fadea4dedd41c345467d6c61a4b060e1ef540ab7a,hist_gradient_boosting,clipped,signed_error,3.236615638625143,reconstructed,100,PENDING
C02,FD001,primary,137,C02_319975dc35d2_seed_137,outputs/c02_final_review_319975d,319975dc35d27f4edba0be75ccef69cb92077127,5f4a5052cf528dbe40eee83320e2c57b04f876b9f51959d7c3bd20f9d4a93b46,37046e2fcddc31f51289a10671417f20ac78af907fe31058677d67f023b6978a,4e36384a59d97d4c372d4f2fadea4dedd41c345467d6c61a4b060e1ef540ab7a,hist_gradient_boosting,clipped,nasa_score,394.8346682141801,reconstructed,100,PENDING
C04,FD001,primary,13,C04_FD001_3bf92063fd99_seed_13,outputs/c04_final_hardened_3bf9206,3bf92063fd99e23b7cbdf6a439a2fc4344807710,0eb89ab2ad1ed2cf44330f86f852d0bdb0a7aa8fd86ba72ba06e772600daf7fa,70a7464b894a3de7480f56e482d78f1969cf2696d9e85f126e85e2f0febe957e,1ae8580aa20bde21a30a4dc92458ea89f9e85d1c8750ea6b112888e5b8f5bf5b,mean,raw,rmse,42.6972574249317,reconstructed,100,PENDING
C04,FD001,primary,13,C04_FD001_3bf92063fd99_seed_13,outputs/c04_final_hardened_3bf9206,3bf92063fd99e23b7cbdf6a439a2fc4344807710,0eb89ab2ad1ed2cf44330f86f852d0bdb0a7aa8fd86ba72ba06e772600daf7fa,70a7464b894a3de7480f56e482d78f1969cf2696d9e85f126e85e2f0febe957e,1ae8580aa20bde21a30a4dc92458ea89f9e85d1c8750ea6b112888e5b8f5bf5b,mean,raw,mae,35.9,reconstructed,100,PENDING
C04,FD001,primary,13,C04_FD001_3bf92063fd99_seed_13,outputs/c04_final_hardened_3bf9206,3bf92063fd99e23b7cbdf6a439a2fc4344807710,0eb89ab2ad1ed2cf44330f86f852d0bdb0a7aa8fd86ba72ba06e772600daf7fa,70a7464b894a3de7480f56e482d78f1969cf2696d9e85f126e85e2f0febe957e,1ae8580aa20bde21a30a4dc92458ea89f9e85d1c8750ea6b112888e5b8f5bf5b,mean,raw,signed_error,9.807455919395451,reconstructed,100,PENDING
C04,FD001,primary,13,C04_FD001_3bf92063fd99_seed_13,outputs/c04_final_hardened_3bf9206,3bf92063fd99e23b7cbdf6a439a2fc4344807710,0eb89ab2ad1ed2cf44330f86f852d0bdb0a7aa8fd86ba72ba06e772600daf7fa,70a7464b894a3de7480f56e482d78f1969cf2696d9e85f126e85e2f0febe957e,1ae8580aa20bde21a30a4dc92458ea89f9e85d1c8750ea6b112888e5b8f5bf5b,mean,raw,nasa_score,29107.961611339386,reconstructed,100,PENDING
C04,FD001,primary,13,C04_FD001_3bf92063fd99_seed_13,outputs/c04_final_hardened_3bf9206,3bf92063fd99e23b7cbdf6a439a2fc4344807710,0eb89ab2ad1ed2cf44330f86f852d0bdb0a7aa8fd86ba72ba06e772600daf7fa,70a7464b894a3de7480f56e482d78f1969cf2696d9e85f126e85e2f0febe957e,1ae8580aa20bde21a30a4dc92458ea89f9e85d1c8750ea6b112888e5b8f5bf5b,mean,clipped,rmse,41.523325339842316,reconstructed,100,PENDING
C04,FD001,primary,13,C04_FD001_3bf92063fd99_seed_13,outputs/c04_final_hardened_3bf9206,3bf92063fd99e23b7cbdf6a439a2fc4344807710,0eb89ab2ad1ed2cf44330f86f852d0bdb0a7aa8fd86ba72ba06e772600daf7fa,70a7464b894a3de7480f56e482d78f1969cf2696d9e85f126e85e2f0febe957e,1ae8580aa20bde21a30a4dc92458ea89f9e85d1c8750ea6b112888e5b8f5bf5b,mean,clipped,mae,34.83,reconstructed,100,PENDING
C04,FD001,primary,13,C04_FD001_3bf92063fd99_seed_13,outputs/c04_final_hardened_3bf9206,3bf92063fd99e23b7cbdf6a439a2fc4344807710,0eb89ab2ad1ed2cf44330f86f852d0bdb0a7aa8fd86ba72ba06e772600daf7fa,70a7464b894a3de7480f56e482d78f1969cf2696d9e85f126e85e2f0febe957e,1ae8580aa20bde21a30a4dc92458ea89f9e85d1c8750ea6b112888e5b8f5bf5b,mean,clipped,signed_error,10.877455919395459,reconstructed,100,PENDING
C04,FD001,primary,13,C04_FD001_3bf92063fd99_seed_13,outputs/c04_final_hardened_3bf9206,3bf92063fd99e23b7cbdf6a439a2fc4344807710,0eb89ab2ad1ed2cf44330f86f852d0bdb0a7aa8fd86ba72ba06e772600daf7fa,70a7464b894a3de7480f56e482d78f1969cf2696d9e85f126e85e2f0febe957e,1ae8580aa20bde21a30a4dc92458ea89f9e85d1c8750ea6b112888e5b8f5bf5b,mean,clipped,nasa_score,28799.55497154869,reconstructed,100,PENDING
C04,FD001,primary,13,C04_FD001_3bf92063fd99_seed_13,outputs/c04_final_hardened_3bf9206,3bf92063fd99e23b7cbdf6a439a2fc4344807710,0eb89ab2ad1ed2cf44330f86f852d0bdb0a7aa8fd86ba72ba06e772600daf7fa,70a7464b894a3de7480f56e482d78f1969cf2696d9e85f126e85e2f0febe957e,1ae8580aa20bde21a30a4dc92458ea89f9e85d1c8750ea6b112888e5b8f5bf5b,ridge,raw,rmse,20.116943049074276,reconstructed,100,PENDING
C04,FD001,primary,13,C04_FD001_3bf92063fd99_seed_13,outputs/c04_final_hardened_3bf9206,3bf92063fd99e23b7cbdf6a439a2fc4344807710,0eb89ab2ad1ed2cf44330f86f852d0bdb0a7aa8fd86ba72ba06e772600daf7fa,70a7464b894a3de7480f56e482d78f1969cf2696d9e85f126e85e2f0febe957e,1ae8580aa20bde21a30a4dc92458ea89f9e85d1c8750ea6b112888e5b8f5bf5b,ridge,raw,mae,15.520629605044277,reconstructed,100,PENDING
C04,FD001,primary,13,C04_FD001_3bf92063fd99_seed_13,outputs/c04_final_hardened_3bf9206,3bf92063fd99e23b7cbdf6a439a2fc4344807710,0eb89ab2ad1ed2cf44330f86f852d0bdb0a7aa8fd86ba72ba06e772600daf7fa,70a7464b894a3de7480f56e482d78f1969cf2696d9e85f126e85e2f0febe957e,1ae8580aa20bde21a30a4dc92458ea89f9e85d1c8750ea6b112888e5b8f5bf5b,ridge,raw,signed_error,-2.480058848241517,reconstructed,100,PENDING
C04,FD001,primary,13,C04_FD001_3bf92063fd99_seed_13,outputs/c04_final_hardened_3bf9206,3bf92063fd99e23b7cbdf6a439a2fc4344807710,0eb89ab2ad1ed2cf44330f86f852d0bdb0a7aa8fd86ba72ba06e772600daf7fa,70a7464b894a3de7480f56e482d78f1969cf2696d9e85f126e85e2f0febe957e,1ae8580aa20bde21a30a4dc92458ea89f9e85d1c8750ea6b112888e5b8f5bf5b,ridge,raw,nasa_score,656.7451446483229,reconstructed,100,PENDING
C04,FD001,primary,13,C04_FD001_3bf92063fd99_seed_13,outputs/c04_final_hardened_3bf9206,3bf92063fd99e23b7cbdf6a439a2fc4344807710,0eb89ab2ad1ed2cf44330f86f852d0bdb0a7aa8fd86ba72ba06e772600daf7fa,70a7464b894a3de7480f56e482d78f1969cf2696d9e85f126e85e2f0febe957e,1ae8580aa20bde21a30a4dc92458ea89f9e85d1c8750ea6b112888e5b8f5bf5b,ridge,clipped,rmse,18.757302031911998,reconstructed,100,PENDING
C04,FD001,primary,13,C04_FD001_3bf92063fd99_seed_13,outputs/c04_final_hardened_3bf9206,3bf92063fd99e23b7cbdf6a439a2fc4344807710,0eb89ab2ad1ed2cf44330f86f852d0bdb0a7aa8fd86ba72ba06e772600daf7fa,70a7464b894a3de7480f56e482d78f1969cf2696d9e85f126e85e2f0febe957e,1ae8580aa20bde21a30a4dc92458ea89f9e85d1c8750ea6b112888e5b8f5bf5b,ridge,clipped,mae,14.426285007018455,reconstructed,100,PENDING
C04,FD001,primary,13,C04_FD001_3bf92063fd99_seed_13,outputs/c04_final_hardened_3bf9206,3bf92063fd99e23b7cbdf6a439a2fc4344807710,0eb89ab2ad1ed2cf44330f86f852d0bdb0a7aa8fd86ba72ba06e772600daf7fa,70a7464b894a3de7480f56e482d78f1969cf2696d9e85f126e85e2f0febe957e,1ae8580aa20bde21a30a4dc92458ea89f9e85d1c8750ea6b112888e5b8f5bf5b,ridge,clipped,signed_error,-1.3857142502156952,reconstructed,100,PENDING
C04,FD001,primary,13,C04_FD001_3bf92063fd99_seed_13,outputs/c04_final_hardened_3bf9206,3bf92063fd99e23b7cbdf6a439a2fc4344807710,0eb89ab2ad1ed2cf44330f86f852d0bdb0a7aa8fd86ba72ba06e772600daf7fa,70a7464b894a3de7480f56e482d78f1969cf2696d9e85f126e85e2f0febe957e,1ae8580aa20bde21a30a4dc92458ea89f9e85d1c8750ea6b112888e5b8f5bf5b,ridge,clipped,nasa_score,571.388059042254,reconstructed,100,PENDING
C04,FD001,primary,13,C04_FD001_3bf92063fd99_seed_13,outputs/c04_final_hardened_3bf9206,3bf92063fd99e23b7cbdf6a439a2fc4344807710,0eb89ab2ad1ed2cf44330f86f852d0bdb0a7aa8fd86ba72ba06e772600daf7fa,70a7464b894a3de7480f56e482d78f1969cf2696d9e85f126e85e2f0febe957e,1ae8580aa20bde21a30a4dc92458ea89f9e85d1c8750ea6b112888e5b8f5bf5b,hist_gradient_boosting,raw,rmse,17.7993505617479,reconstructed,100,PENDING
C04,FD001,primary,13,C04_FD001_3bf92063fd99_seed_13,outputs/c04_final_hardened_3bf9206,3bf92063fd99e23b7cbdf6a439a2fc4344807710,0eb89ab2ad1ed2cf44330f86f852d0bdb0a7aa8fd86ba72ba06e772600daf7fa,70a7464b894a3de7480f56e482d78f1969cf2696d9e85f126e85e2f0febe957e,1ae8580aa20bde21a30a4dc92458ea89f9e85d1c8750ea6b112888e5b8f5bf5b,hist_gradient_boosting,raw,mae,14.006307245117574,reconstructed,100,PENDING
C04,FD001,primary,13,C04_FD001_3bf92063fd99_seed_13,outputs/c04_final_hardened_3bf9206,3bf92063fd99e23b7cbdf6a439a2fc4344807710,0eb89ab2ad1ed2cf44330f86f852d0bdb0a7aa8fd86ba72ba06e772600daf7fa,70a7464b894a3de7480f56e482d78f1969cf2696d9e85f126e85e2f0febe957e,1ae8580aa20bde21a30a4dc92458ea89f9e85d1c8750ea6b112888e5b8f5bf5b,hist_gradient_boosting,raw,signed_error,-0.601513103812219,reconstructed,100,PENDING
C04,FD001,primary,13,C04_FD001_3bf92063fd99_seed_13,outputs/c04_final_hardened_3bf9206,3bf92063fd99e23b7cbdf6a439a2fc4344807710,0eb89ab2ad1ed2cf44330f86f852d0bdb0a7aa8fd86ba72ba06e772600daf7fa,70a7464b894a3de7480f56e482d78f1969cf2696d9e85f126e85e2f0febe957e,1ae8580aa20bde21a30a4dc92458ea89f9e85d1c8750ea6b112888e5b8f5bf5b,hist_gradient_boosting,raw,nasa_score,447.0682201015349,reconstructed,100,PENDING
C04,FD001,primary,13,C04_FD001_3bf92063fd99_seed_13,outputs/c04_final_hardened_3bf9206,3bf92063fd99e23b7cbdf6a439a2fc4344807710,0eb89ab2ad1ed2cf44330f86f852d0bdb0a7aa8fd86ba72ba06e772600daf7fa,70a7464b894a3de7480f56e482d78f1969cf2696d9e85f126e85e2f0febe957e,1ae8580aa20bde21a30a4dc92458ea89f9e85d1c8750ea6b112888e5b8f5bf5b,hist_gradient_boosting,clipped,rmse,16.408302836831606,reconstructed,100,PENDING
C04,FD001,primary,13,C04_FD001_3bf92063fd99_seed_13,outputs/c04_final_hardened_3bf9206,3bf92063fd99e23b7cbdf6a439a2fc4344807710,0eb89ab2ad1ed2cf44330f86f852d0bdb0a7aa8fd86ba72ba06e772600daf7fa,70a7464b894a3de7480f56e482d78f1969cf2696d9e85f126e85e2f0febe957e,1ae8580aa20bde21a30a4dc92458ea89f9e85d1c8750ea6b112888e5b8f5bf5b,hist_gradient_boosting,clipped,mae,12.936307245117574,reconstructed,100,PENDING
C04,FD001,primary,13,C04_FD001_3bf92063fd99_seed_13,outputs/c04_final_hardened_3bf9206,3bf92063fd99e23b7cbdf6a439a2fc4344807710,0eb89ab2ad1ed2cf44330f86f852d0bdb0a7aa8fd86ba72ba06e772600daf7fa,70a7464b894a3de7480f56e482d78f1969cf2696d9e85f126e85e2f0febe957e,1ae8580aa20bde21a30a4dc92458ea89f9e85d1c8750ea6b112888e5b8f5bf5b,hist_gradient_boosting,clipped,signed_error,0.46848689618778083,reconstructed,100,PENDING
C04,FD001,primary,13,C04_FD001_3bf92063fd99_seed_13,outputs/c04_final_hardened_3bf9206,3bf92063fd99e23b7cbdf6a439a2fc4344807710,0eb89ab2ad1ed2cf44330f86f852d0bdb0a7aa8fd86ba72ba06e772600daf7fa,70a7464b894a3de7480f56e482d78f1969cf2696d9e85f126e85e2f0febe957e,1ae8580aa20bde21a30a4dc92458ea89f9e85d1c8750ea6b112888e5b8f5bf5b,hist_gradient_boosting,clipped,nasa_score,384.8227758548457,reconstructed,100,PENDING
C04,FD001,primary,37,C04_FD001_3bf92063fd99_seed_37,outputs/c04_final_hardened_3bf9206,3bf92063fd99e23b7cbdf6a439a2fc4344807710,0dea8fa2f60f248a17c178fe74ffbf2065edabe834c64cab4ffc912aa51ea8ed,f5b5f73097f0a2ac483a61053269a371a64483c489b1d52c97f5eaa8b2b5286b,23275cff27eb5b512c01f0a49522c5bc1e4e3bdce4bd30f305eb4f9f47f1dcbc,mean,raw,rmse,43.24306023167234,reconstructed,100,PENDING
C04,FD001,primary,37,C04_FD001_3bf92063fd99_seed_37,outputs/c04_final_hardened_3bf9206,3bf92063fd99e23b7cbdf6a439a2fc4344807710,0dea8fa2f60f248a17c178fe74ffbf2065edabe834c64cab4ffc912aa51ea8ed,f5b5f73097f0a2ac483a61053269a371a64483c489b1d52c97f5eaa8b2b5286b,23275cff27eb5b512c01f0a49522c5bc1e4e3bdce4bd30f305eb4f9f47f1dcbc,mean,raw,mae,35.909642686993806,reconstructed,100,PENDING
C04,FD001,primary,37,C04_FD001_3bf92063fd99_seed_37,outputs/c04_final_hardened_3bf9206,3bf92063fd99e23b7cbdf6a439a2fc4344807710,0dea8fa2f60f248a17c178fe74ffbf2065edabe834c64cab4ffc912aa51ea8ed,f5b5f73097f0a2ac483a61053269a371a64483c489b1d52c97f5eaa8b2b5286b,23275cff27eb5b512c01f0a49522c5bc1e4e3bdce4bd30f305eb4f9f47f1dcbc,mean,raw,signed_error,11.962134349690334,reconstructed,100,PENDING
C04,FD001,primary,37,C04_FD001_3bf92063fd99_seed_37,outputs/c04_final_hardened_3bf9206,3bf92063fd99e23b7cbdf6a439a2fc4344807710,0dea8fa2f60f248a17c178fe74ffbf2065edabe834c64cab4ffc912aa51ea8ed,f5b5f73097f0a2ac483a61053269a371a64483c489b1d52c97f5eaa8b2b5286b,23275cff27eb5b512c01f0a49522c5bc1e4e3bdce4bd30f305eb4f9f47f1dcbc,mean,raw,nasa_score,35823.76432364773,reconstructed,100,PENDING
C04,FD001,primary,37,C04_FD001_3bf92063fd99_seed_37,outputs/c04_final_hardened_3bf9206,3bf92063fd99e23b7cbdf6a439a2fc4344807710,0dea8fa2f60f248a17c178fe74ffbf2065edabe834c64cab4ffc912aa51ea8ed,f5b5f73097f0a2ac483a61053269a371a64483c489b1d52c97f5eaa8b2b5286b,23275cff27eb5b512c01f0a49522c5bc1e4e3bdce4bd30f305eb4f9f47f1dcbc,mean,clipped,rmse,42.13910328552779,reconstructed,100,PENDING
C04,FD001,primary,37,C04_FD001_3bf92063fd99_seed_37,outputs/c04_final_hardened_3bf9206,3bf92063fd99e23b7cbdf6a439a2fc4344807710,0dea8fa2f60f248a17c178fe74ffbf2065edabe834c64cab4ffc912aa51ea8ed,f5b5f73097f0a2ac483a61053269a371a64483c489b1d52c97f5eaa8b2b5286b,23275cff27eb5b512c01f0a49522c5bc1e4e3bdce4bd30f305eb4f9f47f1dcbc,mean,clipped,mae,34.839642686993805,reconstructed,100,PENDING
C04,FD001,primary,37,C04_FD001_3bf92063fd99_seed_37,outputs/c04_final_hardened_3bf9206,3bf92063fd99e23b7cbdf6a439a2fc4344807710,0dea8fa2f60f248a17c178fe74ffbf2065edabe834c64cab4ffc912aa51ea8ed,f5b5f73097f0a2ac483a61053269a371a64483c489b1d52c97f5eaa8b2b5286b,23275cff27eb5b512c01f0a49522c5bc1e4e3bdce4bd30f305eb4f9f47f1dcbc,mean,clipped,signed_error,13.032134349690335,reconstructed,100,PENDING
C04,FD001,primary,37,C04_FD001_3bf92063fd99_seed_37,outputs/c04_final_hardened_3bf9206,3bf92063fd99e23b7cbdf6a439a2fc4344807710,0dea8fa2f60f248a17c178fe74ffbf2065edabe834c64cab4ffc912aa51ea8ed,f5b5f73097f0a2ac483a61053269a371a64483c489b1d52c97f5eaa8b2b5286b,23275cff27eb5b512c01f0a49522c5bc1e4e3bdce4bd30f305eb4f9f47f1dcbc,mean,clipped,nasa_score,35562.46288542401,reconstructed,100,PENDING
C04,FD001,primary,37,C04_FD001_3bf92063fd99_seed_37,outputs/c04_final_hardened_3bf9206,3bf92063fd99e23b7cbdf6a439a2fc4344807710,0dea8fa2f60f248a17c178fe74ffbf2065edabe834c64cab4ffc912aa51ea8ed,f5b5f73097f0a2ac483a61053269a371a64483c489b1d52c97f5eaa8b2b5286b,23275cff27eb5b512c01f0a49522c5bc1e4e3bdce4bd30f305eb4f9f47f1dcbc,ridge,raw,rmse,18.48038572847197,reconstructed,100,PENDING
C04,FD001,primary,37,C04_FD001_3bf92063fd99_seed_37,outputs/c04_final_hardened_3bf9206,3bf92063fd99e23b7cbdf6a439a2fc4344807710,0dea8fa2f60f248a17c178fe74ffbf2065edabe834c64cab4ffc912aa51ea8ed,f5b5f73097f0a2ac483a61053269a371a64483c489b1d52c97f5eaa8b2b5286b,23275cff27eb5b512c01f0a49522c5bc1e4e3bdce4bd30f305eb4f9f47f1dcbc,ridge,raw,mae,14.534084883070147,reconstructed,100,PENDING
C04,FD001,primary,37,C04_FD001_3bf92063fd99_seed_37,outputs/c04_final_hardened_3bf9206,3bf92063fd99e23b7cbdf6a439a2fc4344807710,0dea8fa2f60f248a17c178fe74ffbf2065edabe834c64cab4ffc912aa51ea8ed,f5b5f73097f0a2ac483a61053269a371a64483c489b1d52c97f5eaa8b2b5286b,23275cff27eb5b512c01f0a49522c5bc1e4e3bdce4bd30f305eb4f9f47f1dcbc,ridge,raw,signed_error,1.9195463221298428,reconstructed,100,PENDING
C04,FD001,primary,37,C04_FD001_3bf92063fd99_seed_37,outputs/c04_final_hardened_3bf9206,3bf92063fd99e23b7cbdf6a439a2fc4344807710,0dea8fa2f60f248a17c178fe74ffbf2065edabe834c64cab4ffc912aa51ea8ed,f5b5f73097f0a2ac483a61053269a371a64483c489b1d52c97f5eaa8b2b5286b,23275cff27eb5b512c01f0a49522c5bc1e4e3bdce4bd30f305eb4f9f47f1dcbc,ridge,raw,nasa_score,582.212670070333,reconstructed,100,PENDING
C04,FD001,primary,37,C04_FD001_3bf92063fd99_seed_37,outputs/c04_final_hardened_3bf9206,3bf92063fd99e23b7cbdf6a439a2fc4344807710,0dea8fa2f60f248a17c178fe74ffbf2065edabe834c64cab4ffc912aa51ea8ed,f5b5f73097f0a2ac483a61053269a371a64483c489b1d52c97f5eaa8b2b5286b,23275cff27eb5b512c01f0a49522c5bc1e4e3bdce4bd30f305eb4f9f47f1dcbc,ridge,clipped,rmse,17.35317009247391,reconstructed,100,PENDING
C04,FD001,primary,37,C04_FD001_3bf92063fd99_seed_37,outputs/c04_final_hardened_3bf9206,3bf92063fd99e23b7cbdf6a439a2fc4344807710,0dea8fa2f60f248a17c178fe74ffbf2065edabe834c64cab4ffc912aa51ea8ed,f5b5f73097f0a2ac483a61053269a371a64483c489b1d52c97f5eaa8b2b5286b,23275cff27eb5b512c01f0a49522c5bc1e4e3bdce4bd30f305eb4f9f47f1dcbc,ridge,clipped,mae,13.460964052832376,reconstructed,100,PENDING
C04,FD001,primary,37,C04_FD001_3bf92063fd99_seed_37,outputs/c04_final_hardened_3bf9206,3bf92063fd99e23b7cbdf6a439a2fc4344807710,0dea8fa2f60f248a17c178fe74ffbf2065edabe834c64cab4ffc912aa51ea8ed,f5b5f73097f0a2ac483a61053269a371a64483c489b1d52c97f5eaa8b2b5286b,23275cff27eb5b512c01f0a49522c5bc1e4e3bdce4bd30f305eb4f9f47f1dcbc,ridge,clipped,signed_error,2.992667152367612,reconstructed,100,PENDING
C04,FD001,primary,37,C04_FD001_3bf92063fd99_seed_37,outputs/c04_final_hardened_3bf9206,3bf92063fd99e23b7cbdf6a439a2fc4344807710,0dea8fa2f60f248a17c178fe74ffbf2065edabe834c64cab4ffc912aa51ea8ed,f5b5f73097f0a2ac483a61053269a371a64483c489b1d52c97f5eaa8b2b5286b,23275cff27eb5b512c01f0a49522c5bc1e4e3bdce4bd30f305eb4f9f47f1dcbc,ridge,clipped,nasa_score,539.7013601577119,reconstructed,100,PENDING
C04,FD001,primary,37,C04_FD001_3bf92063fd99_seed_37,outputs/c04_final_hardened_3bf9206,3bf92063fd99e23b7cbdf6a439a2fc4344807710,0dea8fa2f60f248a17c178fe74ffbf2065edabe834c64cab4ffc912aa51ea8ed,f5b5f73097f0a2ac483a61053269a371a64483c489b1d52c97f5eaa8b2b5286b,23275cff27eb5b512c01f0a49522c5bc1e4e3bdce4bd30f305eb4f9f47f1dcbc,hist_gradient_boosting,raw,rmse,17.202447026929242,reconstructed,100,PENDING
C04,FD001,primary,37,C04_FD001_3bf92063fd99_seed_37,outputs/c04_final_hardened_3bf9206,3bf92063fd99e23b7cbdf6a439a2fc4344807710,0dea8fa2f60f248a17c178fe74ffbf2065edabe834c64cab4ffc912aa51ea8ed,f5b5f73097f0a2ac483a61053269a371a64483c489b1d52c97f5eaa8b2b5286b,23275cff27eb5b512c01f0a49522c5bc1e4e3bdce4bd30f305eb4f9f47f1dcbc,hist_gradient_boosting,raw,mae,13.544686450830925,reconstructed,100,PENDING
C04,FD001,primary,37,C04_FD001_3bf92063fd99_seed_37,outputs/c04_final_hardened_3bf9206,3bf92063fd99e23b7cbdf6a439a2fc4344807710,0dea8fa2f60f248a17c178fe74ffbf2065edabe834c64cab4ffc912aa51ea8ed,f5b5f73097f0a2ac483a61053269a371a64483c489b1d52c97f5eaa8b2b5286b,23275cff27eb5b512c01f0a49522c5bc1e4e3bdce4bd30f305eb4f9f47f1dcbc,hist_gradient_boosting,raw,signed_error,3.6157650849530993,reconstructed,100,PENDING
C04,FD001,primary,37,C04_FD001_3bf92063fd99_seed_37,outputs/c04_final_hardened_3bf9206,3bf92063fd99e23b7cbdf6a439a2fc4344807710,0dea8fa2f60f248a17c178fe74ffbf2065edabe834c64cab4ffc912aa51ea8ed,f5b5f73097f0a2ac483a61053269a371a64483c489b1d52c97f5eaa8b2b5286b,23275cff27eb5b512c01f0a49522c5bc1e4e3bdce4bd30f305eb4f9f47f1dcbc,hist_gradient_boosting,raw,nasa_score,540.0344490575861,reconstructed,100,PENDING
C04,FD001,primary,37,C04_FD001_3bf92063fd99_seed_37,outputs/c04_final_hardened_3bf9206,3bf92063fd99e23b7cbdf6a439a2fc4344807710,0dea8fa2f60f248a17c178fe74ffbf2065edabe834c64cab4ffc912aa51ea8ed,f5b5f73097f0a2ac483a61053269a371a64483c489b1d52c97f5eaa8b2b5286b,23275cff27eb5b512c01f0a49522c5bc1e4e3bdce4bd30f305eb4f9f47f1dcbc,hist_gradient_boosting,clipped,rmse,16.050156665242344,reconstructed,100,PENDING
C04,FD001,primary,37,C04_FD001_3bf92063fd99_seed_37,outputs/c04_final_hardened_3bf9206,3bf92063fd99e23b7cbdf6a439a2fc4344807710,0dea8fa2f60f248a17c178fe74ffbf2065edabe834c64cab4ffc912aa51ea8ed,f5b5f73097f0a2ac483a61053269a371a64483c489b1d52c97f5eaa8b2b5286b,23275cff27eb5b512c01f0a49522c5bc1e4e3bdce4bd30f305eb4f9f47f1dcbc,hist_gradient_boosting,clipped,mae,12.474686450830925,reconstructed,100,PENDING
C04,FD001,primary,37,C04_FD001_3bf92063fd99_seed_37,outputs/c04_final_hardened_3bf9206,3bf92063fd99e23b7cbdf6a439a2fc4344807710,0dea8fa2f60f248a17c178fe74ffbf2065edabe834c64cab4ffc912aa51ea8ed,f5b5f73097f0a2ac483a61053269a371a64483c489b1d52c97f5eaa8b2b5286b,23275cff27eb5b512c01f0a49522c5bc1e4e3bdce4bd30f305eb4f9f47f1dcbc,hist_gradient_boosting,clipped,signed_error,4.6857650849531005,reconstructed,100,PENDING
C04,FD001,primary,37,C04_FD001_3bf92063fd99_seed_37,outputs/c04_final_hardened_3bf9206,3bf92063fd99e23b7cbdf6a439a2fc4344807710,0dea8fa2f60f248a17c178fe74ffbf2065edabe834c64cab4ffc912aa51ea8ed,f5b5f73097f0a2ac483a61053269a371a64483c489b1d52c97f5eaa8b2b5286b,23275cff27eb5b512c01f0a49522c5bc1e4e3bdce4bd30f305eb4f9f47f1dcbc,hist_gradient_boosting,clipped,nasa_score,501.67496445920347,reconstructed,100,PENDING
C04,FD001,primary,73,C04_FD001_3bf92063fd99_seed_73,outputs/c04_final_hardened_3bf9206,3bf92063fd99e23b7cbdf6a439a2fc4344807710,6ddf10543ed9a7395595ca347ad4dd3d2abda80fbfe38523b434dd1738dead81,613fa44d33849f6b23715d72e4d09a88a67de273292866c9230aa77dc5588758,f701a1019e02448476409f9ecb8287c4ab5be7a0f14e3bddfda1047fba589e3a,mean,raw,rmse,42.99238410984966,reconstructed,100,PENDING
C04,FD001,primary,73,C04_FD001_3bf92063fd99_seed_73,outputs/c04_final_hardened_3bf9206,3bf92063fd99e23b7cbdf6a439a2fc4344807710,6ddf10543ed9a7395595ca347ad4dd3d2abda80fbfe38523b434dd1738dead81,613fa44d33849f6b23715d72e4d09a88a67de273292866c9230aa77dc5588758,f701a1019e02448476409f9ecb8287c4ab5be7a0f14e3bddfda1047fba589e3a,mean,raw,mae,35.9,reconstructed,100,PENDING
C04,FD001,primary,73,C04_FD001_3bf92063fd99_seed_73,outputs/c04_final_hardened_3bf9206,3bf92063fd99e23b7cbdf6a439a2fc4344807710,6ddf10543ed9a7395595ca347ad4dd3d2abda80fbfe38523b434dd1738dead81,613fa44d33849f6b23715d72e4d09a88a67de273292866c9230aa77dc5588758,f701a1019e02448476409f9ecb8287c4ab5be7a0f14e3bddfda1047fba589e3a,mean,raw,signed_error,11.021592055998688,reconstructed,100,PENDING
C04,FD001,primary,73,C04_FD001_3bf92063fd99_seed_73,outputs/c04_final_hardened_3bf9206,3bf92063fd99e23b7cbdf6a439a2fc4344807710,6ddf10543ed9a7395595ca347ad4dd3d2abda80fbfe38523b434dd1738dead81,613fa44d33849f6b23715d72e4d09a88a67de273292866c9230aa77dc5588758,f701a1019e02448476409f9ecb8287c4ab5be7a0f14e3bddfda1047fba589e3a,mean,raw,nasa_score,32707.992398466104,reconstructed,100,PENDING
C04,FD001,primary,73,C04_FD001_3bf92063fd99_seed_73,outputs/c04_final_hardened_3bf9206,3bf92063fd99e23b7cbdf6a439a2fc4344807710,6ddf10543ed9a7395595ca347ad4dd3d2abda80fbfe38523b434dd1738dead81,613fa44d33849f6b23715d72e4d09a88a67de273292866c9230aa77dc5588758,f701a1019e02448476409f9ecb8287c4ab5be7a0f14e3bddfda1047fba589e3a,mean,clipped,rmse,41.857784203761796,reconstructed,100,PENDING
C04,FD001,primary,73,C04_FD001_3bf92063fd99_seed_73,outputs/c04_final_hardened_3bf9206,3bf92063fd99e23b7cbdf6a439a2fc4344807710,6ddf10543ed9a7395595ca347ad4dd3d2abda80fbfe38523b434dd1738dead81,613fa44d33849f6b23715d72e4d09a88a67de273292866c9230aa77dc5588758,f701a1019e02448476409f9ecb8287c4ab5be7a0f14e3bddfda1047fba589e3a,mean,clipped,mae,34.83,reconstructed,100,PENDING
C04,FD001,primary,73,C04_FD001_3bf92063fd99_seed_73,outputs/c04_final_hardened_3bf9206,3bf92063fd99e23b7cbdf6a439a2fc4344807710,6ddf10543ed9a7395595ca347ad4dd3d2abda80fbfe38523b434dd1738dead81,613fa44d33849f6b23715d72e4d09a88a67de273292866c9230aa77dc5588758,f701a1019e02448476409f9ecb8287c4ab5be7a0f14e3bddfda1047fba589e3a,mean,clipped,signed_error,12.091592055998687,reconstructed,100,PENDING
C04,FD001,primary,73,C04_FD001_3bf92063fd99_seed_73,outputs/c04_final_hardened_3bf9206,3bf92063fd99e23b7cbdf6a439a2fc4344807710,6ddf10543ed9a7395595ca347ad4dd3d2abda80fbfe38523b434dd1738dead81,613fa44d33849f6b23715d72e4d09a88a67de273292866c9230aa77dc5588758,f701a1019e02448476409f9ecb8287c4ab5be7a0f14e3bddfda1047fba589e3a,mean,clipped,nasa_score,32427.085277640228,reconstructed,100,PENDING
C04,FD001,primary,73,C04_FD001_3bf92063fd99_seed_73,outputs/c04_final_hardened_3bf9206,3bf92063fd99e23b7cbdf6a439a2fc4344807710,6ddf10543ed9a7395595ca347ad4dd3d2abda80fbfe38523b434dd1738dead81,613fa44d33849f6b23715d72e4d09a88a67de273292866c9230aa77dc5588758,f701a1019e02448476409f9ecb8287c4ab5be7a0f14e3bddfda1047fba589e3a,ridge,raw,rmse,18.812936543548002,reconstructed,100,PENDING
C04,FD001,primary,73,C04_FD001_3bf92063fd99_seed_73,outputs/c04_final_hardened_3bf9206,3bf92063fd99e23b7cbdf6a439a2fc4344807710,6ddf10543ed9a7395595ca347ad4dd3d2abda80fbfe38523b434dd1738dead81,613fa44d33849f6b23715d72e4d09a88a67de273292866c9230aa77dc5588758,f701a1019e02448476409f9ecb8287c4ab5be7a0f14e3bddfda1047fba589e3a,ridge,raw,mae,14.562164111864314,reconstructed,100,PENDING
C04,FD001,primary,73,C04_FD001_3bf92063fd99_seed_73,outputs/c04_final_hardened_3bf9206,3bf92063fd99e23b7cbdf6a439a2fc4344807710,6ddf10543ed9a7395595ca347ad4dd3d2abda80fbfe38523b434dd1738dead81,613fa44d33849f6b23715d72e4d09a88a67de273292866c9230aa77dc5588758,f701a1019e02448476409f9ecb8287c4ab5be7a0f14e3bddfda1047fba589e3a,ridge,raw,signed_error,-0.94267530495146,reconstructed,100,PENDING
C04,FD001,primary,73,C04_FD001_3bf92063fd99_seed_73,outputs/c04_final_hardened_3bf9206,3bf92063fd99e23b7cbdf6a439a2fc4344807710,6ddf10543ed9a7395595ca347ad4dd3d2abda80fbfe38523b434dd1738dead81,613fa44d33849f6b23715d72e4d09a88a67de273292866c9230aa77dc5588758,f701a1019e02448476409f9ecb8287c4ab5be7a0f14e3bddfda1047fba589e3a,ridge,raw,nasa_score,579.8134941284014,reconstructed,100,PENDING
C04,FD001,primary,73,C04_FD001_3bf92063fd99_seed_73,outputs/c04_final_hardened_3bf9206,3bf92063fd99e23b7cbdf6a439a2fc4344807710,6ddf10543ed9a7395595ca347ad4dd3d2abda80fbfe38523b434dd1738dead81,613fa44d33849f6b23715d72e4d09a88a67de273292866c9230aa77dc5588758,f701a1019e02448476409f9ecb8287c4ab5be7a0f14e3bddfda1047fba589e3a,ridge,clipped,rmse,17.50008462725087,reconstructed,100,PENDING
C04,FD001,primary,73,C04_FD001_3bf92063fd99_seed_73,outputs/c04_final_hardened_3bf9206,3bf92063fd99e23b7cbdf6a439a2fc4344807710,6ddf10543ed9a7395595ca347ad4dd3d2abda80fbfe38523b434dd1738dead81,613fa44d33849f6b23715d72e4d09a88a67de273292866c9230aa77dc5588758,f701a1019e02448476409f9ecb8287c4ab5be7a0f14e3bddfda1047fba589e3a,ridge,clipped,mae,13.53740993136226,reconstructed,100,PENDING
C04,FD001,primary,73,C04_FD001_3bf92063fd99_seed_73,outputs/c04_final_hardened_3bf9206,3bf92063fd99e23b7cbdf6a439a2fc4344807710,6ddf10543ed9a7395595ca347ad4dd3d2abda80fbfe38523b434dd1738dead81,613fa44d33849f6b23715d72e4d09a88a67de273292866c9230aa77dc5588758,f701a1019e02448476409f9ecb8287c4ab5be7a0f14e3bddfda1047fba589e3a,ridge,clipped,signed_error,0.08207887555059572,reconstructed,100,PENDING
C04,FD001,primary,73,C04_FD001_3bf92063fd99_seed_73,outputs/c04_final_hardened_3bf9206,3bf92063fd99e23b7cbdf6a439a2fc4344807710,6ddf10543ed9a7395595ca347ad4dd3d2abda80fbfe38523b434dd1738dead81,613fa44d33849f6b23715d72e4d09a88a67de273292866c9230aa77dc5588758,f701a1019e02448476409f9ecb8287c4ab5be7a0f14e3bddfda1047fba589e3a,ridge,clipped,nasa_score,514.650950042355,reconstructed,100,PENDING
C04,FD001,primary,73,C04_FD001_3bf92063fd99_seed_73,outputs/c04_final_hardened_3bf9206,3bf92063fd99e23b7cbdf6a439a2fc4344807710,6ddf10543ed9a7395595ca347ad4dd3d2abda80fbfe38523b434dd1738dead81,613fa44d33849f6b23715d72e4d09a88a67de273292866c9230aa77dc5588758,f701a1019e02448476409f9ecb8287c4ab5be7a0f14e3bddfda1047fba589e3a,hist_gradient_boosting,raw,rmse,17.631366819624937,reconstructed,100,PENDING
C04,FD001,primary,73,C04_FD001_3bf92063fd99_seed_73,outputs/c04_final_hardened_3bf9206,3bf92063fd99e23b7cbdf6a439a2fc4344807710,6ddf10543ed9a7395595ca347ad4dd3d2abda80fbfe38523b434dd1738dead81,613fa44d33849f6b23715d72e4d09a88a67de273292866c9230aa77dc5588758,f701a1019e02448476409f9ecb8287c4ab5be7a0f14e3bddfda1047fba589e3a,hist_gradient_boosting,raw,mae,13.409978908049782,reconstructed,100,PENDING
C04,FD001,primary,73,C04_FD001_3bf92063fd99_seed_73,outputs/c04_final_hardened_3bf9206,3bf92063fd99e23b7cbdf6a439a2fc4344807710,6ddf10543ed9a7395595ca347ad4dd3d2abda80fbfe38523b434dd1738dead81,613fa44d33849f6b23715d72e4d09a88a67de273292866c9230aa77dc5588758,f701a1019e02448476409f9ecb8287c4ab5be7a0f14e3bddfda1047fba589e3a,hist_gradient_boosting,raw,signed_error,-0.8651339695805977,reconstructed,100,PENDING
C04,FD001,primary,73,C04_FD001_3bf92063fd99_seed_73,outputs/c04_final_hardened_3bf9206,3bf92063fd99e23b7cbdf6a439a2fc4344807710,6ddf10543ed9a7395595ca347ad4dd3d2abda80fbfe38523b434dd1738dead81,613fa44d33849f6b23715d72e4d09a88a67de273292866c9230aa77dc5588758,f701a1019e02448476409f9ecb8287c4ab5be7a0f14e3bddfda1047fba589e3a,hist_gradient_boosting,raw,nasa_score,485.2613587499263,reconstructed,100,PENDING
C04,FD001,primary,73,C04_FD001_3bf92063fd99_seed_73,outputs/c04_final_hardened_3bf9206,3bf92063fd99e23b7cbdf6a439a2fc4344807710,6ddf10543ed9a7395595ca347ad4dd3d2abda80fbfe38523b434dd1738dead81,613fa44d33849f6b23715d72e4d09a88a67de273292866c9230aa77dc5588758,f701a1019e02448476409f9ecb8287c4ab5be7a0f14e3bddfda1047fba589e3a,hist_gradient_boosting,clipped,rmse,16.311307907559797,reconstructed,100,PENDING
C04,FD001,primary,73,C04_FD001_3bf92063fd99_seed_73,outputs/c04_final_hardened_3bf9206,3bf92063fd99e23b7cbdf6a439a2fc4344807710,6ddf10543ed9a7395595ca347ad4dd3d2abda80fbfe38523b434dd1738dead81,613fa44d33849f6b23715d72e4d09a88a67de273292866c9230aa77dc5588758,f701a1019e02448476409f9ecb8287c4ab5be7a0f14e3bddfda1047fba589e3a,hist_gradient_boosting,clipped,mae,12.339978908049781,reconstructed,100,PENDING
C04,FD001,primary,73,C04_FD001_3bf92063fd99_seed_73,outputs/c04_final_hardened_3bf9206,3bf92063fd99e23b7cbdf6a439a2fc4344807710,6ddf10543ed9a7395595ca347ad4dd3d2abda80fbfe38523b434dd1738dead81,613fa44d33849f6b23715d72e4d09a88a67de273292866c9230aa77dc5588758,f701a1019e02448476409f9ecb8287c4ab5be7a0f14e3bddfda1047fba589e3a,hist_gradient_boosting,clipped,signed_error,0.20486603041940085,reconstructed,100,PENDING
C04,FD001,primary,73,C04_FD001_3bf92063fd99_seed_73,outputs/c04_final_hardened_3bf9206,3bf92063fd99e23b7cbdf6a439a2fc4344807710,6ddf10543ed9a7395595ca347ad4dd3d2abda80fbfe38523b434dd1738dead81,613fa44d33849f6b23715d72e4d09a88a67de273292866c9230aa77dc5588758,f701a1019e02448476409f9ecb8287c4ab5be7a0f14e3bddfda1047fba589e3a,hist_gradient_boosting,clipped,nasa_score,411.464582258393,reconstructed,100,PENDING
C04,FD001,primary,101,C04_FD001_3bf92063fd99_seed_101,outputs/c04_final_hardened_3bf9206,3bf92063fd99e23b7cbdf6a439a2fc4344807710,fe0fc1d46cd1e622e3ca117be6270d39fe4f4e4cac0da5eb33a184d5d435e5fc,4c2994db94e3c762fb7f0f07c795605798803e7af895e43e5418f10d0f758914,fcae4c5ac578f2ef505f00144ba3f266c2a458127cc6f5a90d1e81f20eb73404,mean,raw,rmse,43.042292675543905,reconstructed,100,PENDING
C04,FD001,primary,101,C04_FD001_3bf92063fd99_seed_101,outputs/c04_final_hardened_3bf9206,3bf92063fd99e23b7cbdf6a439a2fc4344807710,fe0fc1d46cd1e622e3ca117be6270d39fe4f4e4cac0da5eb33a184d5d435e5fc,4c2994db94e3c762fb7f0f07c795605798803e7af895e43e5418f10d0f758914,fcae4c5ac578f2ef505f00144ba3f266c2a458127cc6f5a90d1e81f20eb73404,mean,raw,mae,35.9,reconstructed,100,PENDING
C04,FD001,primary,101,C04_FD001_3bf92063fd99_seed_101,outputs/c04_final_hardened_3bf9206,3bf92063fd99e23b7cbdf6a439a2fc4344807710,fe0fc1d46cd1e622e3ca117be6270d39fe4f4e4cac0da5eb33a184d5d435e5fc,4c2994db94e3c762fb7f0f07c795605798803e7af895e43e5418f10d0f758914,fcae4c5ac578f2ef505f00144ba3f266c2a458127cc6f5a90d1e81f20eb73404,mean,raw,signed_error,11.214693877551053,reconstructed,100,PENDING
C04,FD001,primary,101,C04_FD001_3bf92063fd99_seed_101,outputs/c04_final_hardened_3bf9206,3bf92063fd99e23b7cbdf6a439a2fc4344807710,fe0fc1d46cd1e622e3ca117be6270d39fe4f4e4cac0da5eb33a184d5d435e5fc,4c2994db94e3c762fb7f0f07c795605798803e7af895e43e5418f10d0f758914,fcae4c5ac578f2ef505f00144ba3f266c2a458127cc6f5a90d1e81f20eb73404,mean,raw,nasa_score,33323.315941896195,reconstructed,100,PENDING
C04,FD001,primary,101,C04_FD001_3bf92063fd99_seed_101,outputs/c04_final_hardened_3bf9206,3bf92063fd99e23b7cbdf6a439a2fc4344807710,fe0fc1d46cd1e622e3ca117be6270d39fe4f4e4cac0da5eb33a184d5d435e5fc,4c2994db94e3c762fb7f0f07c795605798803e7af895e43e5418f10d0f758914,fcae4c5ac578f2ef505f00144ba3f266c2a458127cc6f5a90d1e81f20eb73404,mean,clipped,rmse,41.91397384721639,reconstructed,100,PENDING
C04,FD001,primary,101,C04_FD001_3bf92063fd99_seed_101,outputs/c04_final_hardened_3bf9206,3bf92063fd99e23b7cbdf6a439a2fc4344807710,fe0fc1d46cd1e622e3ca117be6270d39fe4f4e4cac0da5eb33a184d5d435e5fc,4c2994db94e3c762fb7f0f07c795605798803e7af895e43e5418f10d0f758914,fcae4c5ac578f2ef505f00144ba3f266c2a458127cc6f5a90d1e81f20eb73404,mean,clipped,mae,34.83,reconstructed,100,PENDING
C04,FD001,primary,101,C04_FD001_3bf92063fd99_seed_101,outputs/c04_final_hardened_3bf9206,3bf92063fd99e23b7cbdf6a439a2fc4344807710,fe0fc1d46cd1e622e3ca117be6270d39fe4f4e4cac0da5eb33a184d5d435e5fc,4c2994db94e3c762fb7f0f07c795605798803e7af895e43e5418f10d0f758914,fcae4c5ac578f2ef505f00144ba3f266c2a458127cc6f5a90d1e81f20eb73404,mean,clipped,signed_error,12.284693877551057,reconstructed,100,PENDING
C04,FD001,primary,101,C04_FD001_3bf92063fd99_seed_101,outputs/c04_final_hardened_3bf9206,3bf92063fd99e23b7cbdf6a439a2fc4344807710,fe0fc1d46cd1e622e3ca117be6270d39fe4f4e4cac0da5eb33a184d5d435e5fc,4c2994db94e3c762fb7f0f07c795605798803e7af895e43e5418f10d0f758914,fcae4c5ac578f2ef505f00144ba3f266c2a458127cc6f5a90d1e81f20eb73404,mean,clipped,nasa_score,33046.550574658584,reconstructed,100,PENDING
C04,FD001,primary,101,C04_FD001_3bf92063fd99_seed_101,outputs/c04_final_hardened_3bf9206,3bf92063fd99e23b7cbdf6a439a2fc4344807710,fe0fc1d46cd1e622e3ca117be6270d39fe4f4e4cac0da5eb33a184d5d435e5fc,4c2994db94e3c762fb7f0f07c795605798803e7af895e43e5418f10d0f758914,fcae4c5ac578f2ef505f00144ba3f266c2a458127cc6f5a90d1e81f20eb73404,ridge,raw,rmse,19.232441279894303,reconstructed,100,PENDING
C04,FD001,primary,101,C04_FD001_3bf92063fd99_seed_101,outputs/c04_final_hardened_3bf9206,3bf92063fd99e23b7cbdf6a439a2fc4344807710,fe0fc1d46cd1e622e3ca117be6270d39fe4f4e4cac0da5eb33a184d5d435e5fc,4c2994db94e3c762fb7f0f07c795605798803e7af895e43e5418f10d0f758914,fcae4c5ac578f2ef505f00144ba3f266c2a458127cc6f5a90d1e81f20eb73404,ridge,raw,mae,14.946996014897513,reconstructed,100,PENDING
C04,FD001,primary,101,C04_FD001_3bf92063fd99_seed_101,outputs/c04_final_hardened_3bf9206,3bf92063fd99e23b7cbdf6a439a2fc4344807710,fe0fc1d46cd1e622e3ca117be6270d39fe4f4e4cac0da5eb33a184d5d435e5fc,4c2994db94e3c762fb7f0f07c795605798803e7af895e43e5418f10d0f758914,fcae4c5ac578f2ef505f00144ba3f266c2a458127cc6f5a90d1e81f20eb73404,ridge,raw,signed_error,-0.3920299735144407,reconstructed,100,PENDING
C04,FD001,primary,101,C04_FD001_3bf92063fd99_seed_101,outputs/c04_final_hardened_3bf9206,3bf92063fd99e23b7cbdf6a439a2fc4344807710,fe0fc1d46cd1e622e3ca117be6270d39fe4f4e4cac0da5eb33a184d5d435e5fc,4c2994db94e3c762fb7f0f07c795605798803e7af895e43e5418f10d0f758914,fcae4c5ac578f2ef505f00144ba3f266c2a458127cc6f5a90d1e81f20eb73404,ridge,raw,nasa_score,621.4766848843976,reconstructed,100,PENDING
C04,FD001,primary,101,C04_FD001_3bf92063fd99_seed_101,outputs/c04_final_hardened_3bf9206,3bf92063fd99e23b7cbdf6a439a2fc4344807710,fe0fc1d46cd1e622e3ca117be6270d39fe4f4e4cac0da5eb33a184d5d435e5fc,4c2994db94e3c762fb7f0f07c795605798803e7af895e43e5418f10d0f758914,fcae4c5ac578f2ef505f00144ba3f266c2a458127cc6f5a90d1e81f20eb73404,ridge,clipped,rmse,17.98959072113871,reconstructed,100,PENDING
C04,FD001,primary,101,C04_FD001_3bf92063fd99_seed_101,outputs/c04_final_hardened_3bf9206,3bf92063fd99e23b7cbdf6a439a2fc4344807710,fe0fc1d46cd1e622e3ca117be6270d39fe4f4e4cac0da5eb33a184d5d435e5fc,4c2994db94e3c762fb7f0f07c795605798803e7af895e43e5418f10d0f758914,fcae4c5ac578f2ef505f00144ba3f266c2a458127cc6f5a90d1e81f20eb73404,ridge,clipped,mae,13.949546028006619,reconstructed,100,PENDING
C04,FD001,primary,101,C04_FD001_3bf92063fd99_seed_101,outputs/c04_final_hardened_3bf9206,3bf92063fd99e23b7cbdf6a439a2fc4344807710,fe0fc1d46cd1e622e3ca117be6270d39fe4f4e4cac0da5eb33a184d5d435e5fc,4c2994db94e3c762fb7f0f07c795605798803e7af895e43e5418f10d0f758914,fcae4c5ac578f2ef505f00144ba3f266c2a458127cc6f5a90d1e81f20eb73404,ridge,clipped,signed_error,0.6054200133764543,reconstructed,100,PENDING
C04,FD001,primary,101,C04_FD001_3bf92063fd99_seed_101,outputs/c04_final_hardened_3bf9206,3bf92063fd99e23b7cbdf6a439a2fc4344807710,fe0fc1d46cd1e622e3ca117be6270d39fe4f4e4cac0da5eb33a184d5d435e5fc,4c2994db94e3c762fb7f0f07c795605798803e7af895e43e5418f10d0f758914,fcae4c5ac578f2ef505f00144ba3f266c2a458127cc6f5a90d1e81f20eb73404,ridge,clipped,nasa_score,556.0055453668418,reconstructed,100,PENDING
C04,FD001,primary,101,C04_FD001_3bf92063fd99_seed_101,outputs/c04_final_hardened_3bf9206,3bf92063fd99e23b7cbdf6a439a2fc4344807710,fe0fc1d46cd1e622e3ca117be6270d39fe4f4e4cac0da5eb33a184d5d435e5fc,4c2994db94e3c762fb7f0f07c795605798803e7af895e43e5418f10d0f758914,fcae4c5ac578f2ef505f00144ba3f266c2a458127cc6f5a90d1e81f20eb73404,hist_gradient_boosting,raw,rmse,17.045336146807543,reconstructed,100,PENDING
C04,FD001,primary,101,C04_FD001_3bf92063fd99_seed_101,outputs/c04_final_hardened_3bf9206,3bf92063fd99e23b7cbdf6a439a2fc4344807710,fe0fc1d46cd1e622e3ca117be6270d39fe4f4e4cac0da5eb33a184d5d435e5fc,4c2994db94e3c762fb7f0f07c795605798803e7af895e43e5418f10d0f758914,fcae4c5ac578f2ef505f00144ba3f266c2a458127cc6f5a90d1e81f20eb73404,hist_gradient_boosting,raw,mae,13.51529337418203,reconstructed,100,PENDING
C04,FD001,primary,101,C04_FD001_3bf92063fd99_seed_101,outputs/c04_final_hardened_3bf9206,3bf92063fd99e23b7cbdf6a439a2fc4344807710,fe0fc1d46cd1e622e3ca117be6270d39fe4f4e4cac0da5eb33a184d5d435e5fc,4c2994db94e3c762fb7f0f07c795605798803e7af895e43e5418f10d0f758914,fcae4c5ac578f2ef505f00144ba3f266c2a458127cc6f5a90d1e81f20eb73404,hist_gradient_boosting,raw,signed_error,1.9275583929384397,reconstructed,100,PENDING
C04,FD001,primary,101,C04_FD001_3bf92063fd99_seed_101,outputs/c04_final_hardened_3bf9206,3bf92063fd99e23b7cbdf6a439a2fc4344807710,fe0fc1d46cd1e622e3ca117be6270d39fe4f4e4cac0da5eb33a184d5d435e5fc,4c2994db94e3c762fb7f0f07c795605798803e7af895e43e5418f10d0f758914,fcae4c5ac578f2ef505f00144ba3f266c2a458127cc6f5a90d1e81f20eb73404,hist_gradient_boosting,raw,nasa_score,448.1034569399057,reconstructed,100,PENDING
C04,FD001,primary,101,C04_FD001_3bf92063fd99_seed_101,outputs/c04_final_hardened_3bf9206,3bf92063fd99e23b7cbdf6a439a2fc4344807710,fe0fc1d46cd1e622e3ca117be6270d39fe4f4e4cac0da5eb33a184d5d435e5fc,4c2994db94e3c762fb7f0f07c795605798803e7af895e43e5418f10d0f758914,fcae4c5ac578f2ef505f00144ba3f266c2a458127cc6f5a90d1e81f20eb73404,hist_gradient_boosting,clipped,rmse,15.752643567410813,reconstructed,100,PENDING
C04,FD001,primary,101,C04_FD001_3bf92063fd99_seed_101,outputs/c04_final_hardened_3bf9206,3bf92063fd99e23b7cbdf6a439a2fc4344807710,fe0fc1d46cd1e622e3ca117be6270d39fe4f4e4cac0da5eb33a184d5d435e5fc,4c2994db94e3c762fb7f0f07c795605798803e7af895e43e5418f10d0f758914,fcae4c5ac578f2ef505f00144ba3f266c2a458127cc6f5a90d1e81f20eb73404,hist_gradient_boosting,clipped,mae,12.445293374182029,reconstructed,100,PENDING
C04,FD001,primary,101,C04_FD001_3bf92063fd99_seed_101,outputs/c04_final_hardened_3bf9206,3bf92063fd99e23b7cbdf6a439a2fc4344807710,fe0fc1d46cd1e622e3ca117be6270d39fe4f4e4cac0da5eb33a184d5d435e5fc,4c2994db94e3c762fb7f0f07c795605798803e7af895e43e5418f10d0f758914,fcae4c5ac578f2ef505f00144ba3f266c2a458127cc6f5a90d1e81f20eb73404,hist_gradient_boosting,clipped,signed_error,2.997558392938439,reconstructed,100,PENDING
C04,FD001,primary,101,C04_FD001_3bf92063fd99_seed_101,outputs/c04_final_hardened_3bf9206,3bf92063fd99e23b7cbdf6a439a2fc4344807710,fe0fc1d46cd1e622e3ca117be6270d39fe4f4e4cac0da5eb33a184d5d435e5fc,4c2994db94e3c762fb7f0f07c795605798803e7af895e43e5418f10d0f758914,fcae4c5ac578f2ef505f00144ba3f266c2a458127cc6f5a90d1e81f20eb73404,hist_gradient_boosting,clipped,nasa_score,397.0738471289633,reconstructed,100,PENDING
C04,FD001,primary,137,C04_FD001_3bf92063fd99_seed_137,outputs/c04_final_hardened_3bf9206,3bf92063fd99e23b7cbdf6a439a2fc4344807710,09e61c3b3615a061f475bd1b4e26fb48a0a7db4c04457628dc9a8352774cebeb,37046e2fcddc31f51289a10671417f20ac78af907fe31058677d67f023b6978a,4e36384a59d97d4c372d4f2fadea4dedd41c345467d6c61a4b060e1ef540ab7a,mean,raw,rmse,43.085192459398094,reconstructed,100,PENDING
C04,FD001,primary,137,C04_FD001_3bf92063fd99_seed_137,outputs/c04_final_hardened_3bf9206,3bf92063fd99e23b7cbdf6a439a2fc4344807710,09e61c3b3615a061f475bd1b4e26fb48a0a7db4c04457628dc9a8352774cebeb,37046e2fcddc31f51289a10671417f20ac78af907fe31058677d67f023b6978a,4e36384a59d97d4c372d4f2fadea4dedd41c345467d6c61a4b060e1ef540ab7a,mean,raw,mae,35.900000000000006,reconstructed,100,PENDING
C04,FD001,primary,137,C04_FD001_3bf92063fd99_seed_137,outputs/c04_final_hardened_3bf9206,3bf92063fd99e23b7cbdf6a439a2fc4344807710,09e61c3b3615a061f475bd1b4e26fb48a0a7db4c04457628dc9a8352774cebeb,37046e2fcddc31f51289a10671417f20ac78af907fe31058677d67f023b6978a,4e36384a59d97d4c372d4f2fadea4dedd41c345467d6c61a4b060e1ef540ab7a,mean,raw,signed_error,11.378234013386022,reconstructed,100,PENDING
C04,FD001,primary,137,C04_FD001_3bf92063fd99_seed_137,outputs/c04_final_hardened_3bf9206,3bf92063fd99e23b7cbdf6a439a2fc4344807710,09e61c3b3615a061f475bd1b4e26fb48a0a7db4c04457628dc9a8352774cebeb,37046e2fcddc31f51289a10671417f20ac78af907fe31058677d67f023b6978a,4e36384a59d97d4c372d4f2fadea4dedd41c345467d6c61a4b060e1ef540ab7a,mean,raw,nasa_score,33854.095080262014,reconstructed,100,PENDING
C04,FD001,primary,137,C04_FD001_3bf92063fd99_seed_137,outputs/c04_final_hardened_3bf9206,3bf92063fd99e23b7cbdf6a439a2fc4344807710,09e61c3b3615a061f475bd1b4e26fb48a0a7db4c04457628dc9a8352774cebeb,37046e2fcddc31f51289a10671417f20ac78af907fe31058677d67f023b6978a,4e36384a59d97d4c372d4f2fadea4dedd41c345467d6c61a4b060e1ef540ab7a,mean,clipped,rmse,41.96219763134457,reconstructed,100,PENDING
C04,FD001,primary,137,C04_FD001_3bf92063fd99_seed_137,outputs/c04_final_hardened_3bf9206,3bf92063fd99e23b7cbdf6a439a2fc4344807710,09e61c3b3615a061f475bd1b4e26fb48a0a7db4c04457628dc9a8352774cebeb,37046e2fcddc31f51289a10671417f20ac78af907fe31058677d67f023b6978a,4e36384a59d97d4c372d4f2fadea4dedd41c345467d6c61a4b060e1ef540ab7a,mean,clipped,mae,34.830000000000005,reconstructed,100,PENDING
C04,FD001,primary,137,C04_FD001_3bf92063fd99_seed_137,outputs/c04_final_hardened_3bf9206,3bf92063fd99e23b7cbdf6a439a2fc4344807710,09e61c3b3615a061f475bd1b4e26fb48a0a7db4c04457628dc9a8352774cebeb,37046e2fcddc31f51289a10671417f20ac78af907fe31058677d67f023b6978a,4e36384a59d97d4c372d4f2fadea4dedd41c345467d6c61a4b060e1ef540ab7a,mean,clipped,signed_error,12.448234013386019,reconstructed,100,PENDING
C04,FD001,primary,137,C04_FD001_3bf92063fd99_seed_137,outputs/c04_final_hardened_3bf9206,3bf92063fd99e23b7cbdf6a439a2fc4344807710,09e61c3b3615a061f475bd1b4e26fb48a0a7db4c04457628dc9a8352774cebeb,37046e2fcddc31f51289a10671417f20ac78af907fe31058677d67f023b6978a,4e36384a59d97d4c372d4f2fadea4dedd41c345467d6c61a4b060e1ef540ab7a,mean,clipped,nasa_score,33580.789615800306,reconstructed,100,PENDING
C04,FD001,primary,137,C04_FD001_3bf92063fd99_seed_137,outputs/c04_final_hardened_3bf9206,3bf92063fd99e23b7cbdf6a439a2fc4344807710,09e61c3b3615a061f475bd1b4e26fb48a0a7db4c04457628dc9a8352774cebeb,37046e2fcddc31f51289a10671417f20ac78af907fe31058677d67f023b6978a,4e36384a59d97d4c372d4f2fadea4dedd41c345467d6c61a4b060e1ef540ab7a,ridge,raw,rmse,18.624112896843656,reconstructed,100,PENDING
C04,FD001,primary,137,C04_FD001_3bf92063fd99_seed_137,outputs/c04_final_hardened_3bf9206,3bf92063fd99e23b7cbdf6a439a2fc4344807710,09e61c3b3615a061f475bd1b4e26fb48a0a7db4c04457628dc9a8352774cebeb,37046e2fcddc31f51289a10671417f20ac78af907fe31058677d67f023b6978a,4e36384a59d97d4c372d4f2fadea4dedd41c345467d6c61a4b060e1ef540ab7a,ridge,raw,mae,14.779721502533295,reconstructed,100,PENDING
C04,FD001,primary,137,C04_FD001_3bf92063fd99_seed_137,outputs/c04_final_hardened_3bf9206,3bf92063fd99e23b7cbdf6a439a2fc4344807710,09e61c3b3615a061f475bd1b4e26fb48a0a7db4c04457628dc9a8352774cebeb,37046e2fcddc31f51289a10671417f20ac78af907fe31058677d67f023b6978a,4e36384a59d97d4c372d4f2fadea4dedd41c345467d6c61a4b060e1ef540ab7a,ridge,raw,signed_error,0.6651357603147773,reconstructed,100,PENDING
C04,FD001,primary,137,C04_FD001_3bf92063fd99_seed_137,outputs/c04_final_hardened_3bf9206,3bf92063fd99e23b7cbdf6a439a2fc4344807710,09e61c3b3615a061f475bd1b4e26fb48a0a7db4c04457628dc9a8352774cebeb,37046e2fcddc31f51289a10671417f20ac78af907fe31058677d67f023b6978a,4e36384a59d97d4c372d4f2fadea4dedd41c345467d6c61a4b060e1ef540ab7a,ridge,raw,nasa_score,548.2030888670612,reconstructed,100,PENDING
C04,FD001,primary,137,C04_FD001_3bf92063fd99_seed_137,outputs/c04_final_hardened_3bf9206,3bf92063fd99e23b7cbdf6a439a2fc4344807710,09e61c3b3615a061f475bd1b4e26fb48a0a7db4c04457628dc9a8352774cebeb,37046e2fcddc31f51289a10671417f20ac78af907fe31058677d67f023b6978a,4e36384a59d97d4c372d4f2fadea4dedd41c345467d6c61a4b060e1ef540ab7a,ridge,clipped,rmse,17.3621103584765,reconstructed,100,PENDING
C04,FD001,primary,137,C04_FD001_3bf92063fd99_seed_137,outputs/c04_final_hardened_3bf9206,3bf92063fd99e23b7cbdf6a439a2fc4344807710,09e61c3b3615a061f475bd1b4e26fb48a0a7db4c04457628dc9a8352774cebeb,37046e2fcddc31f51289a10671417f20ac78af907fe31058677d67f023b6978a,4e36384a59d97d4c372d4f2fadea4dedd41c345467d6c61a4b060e1ef540ab7a,ridge,clipped,mae,13.66290070952892,reconstructed,100,PENDING
C04,FD001,primary,137,C04_FD001_3bf92063fd99_seed_137,outputs/c04_final_hardened_3bf9206,3bf92063fd99e23b7cbdf6a439a2fc4344807710,09e61c3b3615a061f475bd1b4e26fb48a0a7db4c04457628dc9a8352774cebeb,37046e2fcddc31f51289a10671417f20ac78af907fe31058677d67f023b6978a,4e36384a59d97d4c372d4f2fadea4dedd41c345467d6c61a4b060e1ef540ab7a,ridge,clipped,signed_error,1.742657529382232,reconstructed,100,PENDING
C04,FD001,primary,137,C04_FD001_3bf92063fd99_seed_137,outputs/c04_final_hardened_3bf9206,3bf92063fd99e23b7cbdf6a439a2fc4344807710,09e61c3b3615a061f475bd1b4e26fb48a0a7db4c04457628dc9a8352774cebeb,37046e2fcddc31f51289a10671417f20ac78af907fe31058677d67f023b6978a,4e36384a59d97d4c372d4f2fadea4dedd41c345467d6c61a4b060e1ef540ab7a,ridge,clipped,nasa_score,493.2130284026379,reconstructed,100,PENDING
C04,FD001,primary,137,C04_FD001_3bf92063fd99_seed_137,outputs/c04_final_hardened_3bf9206,3bf92063fd99e23b7cbdf6a439a2fc4344807710,09e61c3b3615a061f475bd1b4e26fb48a0a7db4c04457628dc9a8352774cebeb,37046e2fcddc31f51289a10671417f20ac78af907fe31058677d67f023b6978a,4e36384a59d97d4c372d4f2fadea4dedd41c345467d6c61a4b060e1ef540ab7a,hist_gradient_boosting,raw,rmse,16.770030228077772,reconstructed,100,PENDING
C04,FD001,primary,137,C04_FD001_3bf92063fd99_seed_137,outputs/c04_final_hardened_3bf9206,3bf92063fd99e23b7cbdf6a439a2fc4344807710,09e61c3b3615a061f475bd1b4e26fb48a0a7db4c04457628dc9a8352774cebeb,37046e2fcddc31f51289a10671417f20ac78af907fe31058677d67f023b6978a,4e36384a59d97d4c372d4f2fadea4dedd41c345467d6c61a4b060e1ef540ab7a,hist_gradient_boosting,raw,mae,13.383370795760062,reconstructed,100,PENDING
C04,FD001,primary,137,C04_FD001_3bf92063fd99_seed_137,outputs/c04_final_hardened_3bf9206,3bf92063fd99e23b7cbdf6a439a2fc4344807710,09e61c3b3615a061f475bd1b4e26fb48a0a7db4c04457628dc9a8352774cebeb,37046e2fcddc31f51289a10671417f20ac78af907fe31058677d67f023b6978a,4e36384a59d97d4c372d4f2fadea4dedd41c345467d6c61a4b060e1ef540ab7a,hist_gradient_boosting,raw,signed_error,2.166615638625143,reconstructed,100,PENDING
C04,FD001,primary,137,C04_FD001_3bf92063fd99_seed_137,outputs/c04_final_hardened_3bf9206,3bf92063fd99e23b7cbdf6a439a2fc4344807710,09e61c3b3615a061f475bd1b4e26fb48a0a7db4c04457628dc9a8352774cebeb,37046e2fcddc31f51289a10671417f20ac78af907fe31058677d67f023b6978a,4e36384a59d97d4c372d4f2fadea4dedd41c345467d6c61a4b060e1ef540ab7a,hist_gradient_boosting,raw,nasa_score,432.24297923018287,reconstructed,100,PENDING
C04,FD001,primary,137,C04_FD001_3bf92063fd99_seed_137,outputs/c04_final_hardened_3bf9206,3bf92063fd99e23b7cbdf6a439a2fc4344807710,09e61c3b3615a061f475bd1b4e26fb48a0a7db4c04457628dc9a8352774cebeb,37046e2fcddc31f51289a10671417f20ac78af907fe31058677d67f023b6978a,4e36384a59d97d4c372d4f2fadea4dedd41c345467d6c61a4b060e1ef540ab7a,hist_gradient_boosting,clipped,rmse,15.57096036136792,reconstructed,100,PENDING
C04,FD001,primary,137,C04_FD001_3bf92063fd99_seed_137,outputs/c04_final_hardened_3bf9206,3bf92063fd99e23b7cbdf6a439a2fc4344807710,09e61c3b3615a061f475bd1b4e26fb48a0a7db4c04457628dc9a8352774cebeb,37046e2fcddc31f51289a10671417f20ac78af907fe31058677d67f023b6978a,4e36384a59d97d4c372d4f2fadea4dedd41c345467d6c61a4b060e1ef540ab7a,hist_gradient_boosting,clipped,mae,12.313370795760061,reconstructed,100,PENDING
C04,FD001,primary,137,C04_FD001_3bf92063fd99_seed_137,outputs/c04_final_hardened_3bf9206,3bf92063fd99e23b7cbdf6a439a2fc4344807710,09e61c3b3615a061f475bd1b4e26fb48a0a7db4c04457628dc9a8352774cebeb,37046e2fcddc31f51289a10671417f20ac78af907fe31058677d67f023b6978a,4e36384a59d97d4c372d4f2fadea4dedd41c345467d6c61a4b060e1ef540ab7a,hist_gradient_boosting,clipped,signed_error,3.236615638625143,reconstructed,100,PENDING
C04,FD001,primary,137,C04_FD001_3bf92063fd99_seed_137,outputs/c04_final_hardened_3bf9206,3bf92063fd99e23b7cbdf6a439a2fc4344807710,09e61c3b3615a061f475bd1b4e26fb48a0a7db4c04457628dc9a8352774cebeb,37046e2fcddc31f51289a10671417f20ac78af907fe31058677d67f023b6978a,4e36384a59d97d4c372d4f2fadea4dedd41c345467d6c61a4b060e1ef540ab7a,hist_gradient_boosting,clipped,nasa_score,394.8346682141801,reconstructed,100,PENDING
C04,FD002,primary,13,C04_FD002_3bf92063fd99_seed_13,outputs/c04_final_hardened_3bf9206,3bf92063fd99e23b7cbdf6a439a2fc4344807710,a7637c768221f74000508d083c4f791d1b5b1ec95f2b1618129769251b727125,5440e39d72d3fe354ffe890f55eb3cc785d9311c8e37e8e80ac12ad59492c6e7,de2c8976b2da16a26f9636f6662bab669a4aa7ce65f15ce56b6d1cd7573c701f,mean,raw,rmse,53.93807491765073,reconstructed,259,PENDING
C04,FD002,primary,13,C04_FD002_3bf92063fd99_seed_13,outputs/c04_final_hardened_3bf9206,3bf92063fd99e23b7cbdf6a439a2fc4344807710,a7637c768221f74000508d083c4f791d1b5b1ec95f2b1618129769251b727125,5440e39d72d3fe354ffe890f55eb3cc785d9311c8e37e8e80ac12ad59492c6e7,de2c8976b2da16a26f9636f6662bab669a4aa7ce65f15ce56b6d1cd7573c701f,mean,raw,mae,45.486009939410444,reconstructed,259,PENDING
C04,FD002,primary,13,C04_FD002_3bf92063fd99_seed_13,outputs/c04_final_hardened_3bf9206,3bf92063fd99e23b7cbdf6a439a2fc4344807710,a7637c768221f74000508d083c4f791d1b5b1ec95f2b1618129769251b727125,5440e39d72d3fe354ffe890f55eb3cc785d9311c8e37e8e80ac12ad59492c6e7,de2c8976b2da16a26f9636f6662bab669a4aa7ce65f15ce56b6d1cd7573c701f,mean,raw,signed_error,4.142127734067332,reconstructed,259,PENDING
C04,FD002,primary,13,C04_FD002_3bf92063fd99_seed_13,outputs/c04_final_hardened_3bf9206,3bf92063fd99e23b7cbdf6a439a2fc4344807710,a7637c768221f74000508d083c4f791d1b5b1ec95f2b1618129769251b727125,5440e39d72d3fe354ffe890f55eb3cc785d9311c8e37e8e80ac12ad59492c6e7,de2c8976b2da16a26f9636f6662bab669a4aa7ce65f15ce56b6d1cd7573c701f,mean,raw,nasa_score,141510.47498401118,reconstructed,259,PENDING
C04,FD002,primary,13,C04_FD002_3bf92063fd99_seed_13,outputs/c04_final_hardened_3bf9206,3bf92063fd99e23b7cbdf6a439a2fc4344807710,a7637c768221f74000508d083c4f791d1b5b1ec95f2b1618129769251b727125,5440e39d72d3fe354ffe890f55eb3cc785d9311c8e37e8e80ac12ad59492c6e7,de2c8976b2da16a26f9636f6662bab669a4aa7ce65f15ce56b6d1cd7573c701f,mean,clipped,rmse,44.48803616309352,reconstructed,259,PENDING
C04,FD002,primary,13,C04_FD002_3bf92063fd99_seed_13,outputs/c04_final_hardened_3bf9206,3bf92063fd99e23b7cbdf6a439a2fc4344807710,a7637c768221f74000508d083c4f791d1b5b1ec95f2b1618129769251b727125,5440e39d72d3fe354ffe890f55eb3cc785d9311c8e37e8e80ac12ad59492c6e7,de2c8976b2da16a26f9636f6662bab669a4aa7ce65f15ce56b6d1cd7573c701f,mean,clipped,mae,37.99180144520195,reconstructed,259,PENDING
C04,FD002,primary,13,C04_FD002_3bf92063fd99_seed_13,outputs/c04_final_hardened_3bf9206,3bf92063fd99e23b7cbdf6a439a2fc4344807710,a7637c768221f74000508d083c4f791d1b5b1ec95f2b1618129769251b727125,5440e39d72d3fe354ffe890f55eb3cc785d9311c8e37e8e80ac12ad59492c6e7,de2c8976b2da16a26f9636f6662bab669a4aa7ce65f15ce56b6d1cd7573c701f,mean,clipped,signed_error,11.636336228275846,reconstructed,259,PENDING
C04,FD002,primary,13,C04_FD002_3bf92063fd99_seed_13,outputs/c04_final_hardened_3bf9206,3bf92063fd99e23b7cbdf6a439a2fc4344807710,a7637c768221f74000508d083c4f791d1b5b1ec95f2b1618129769251b727125,5440e39d72d3fe354ffe890f55eb3cc785d9311c8e37e8e80ac12ad59492c6e7,de2c8976b2da16a26f9636f6662bab669a4aa7ce65f15ce56b6d1cd7573c701f,mean,clipped,nasa_score,98987.53409841082,reconstructed,259,PENDING
C04,FD002,primary,13,C04_FD002_3bf92063fd99_seed_13,outputs/c04_final_hardened_3bf9206,3bf92063fd99e23b7cbdf6a439a2fc4344807710,a7637c768221f74000508d083c4f791d1b5b1ec95f2b1618129769251b727125,5440e39d72d3fe354ffe890f55eb3cc785d9311c8e37e8e80ac12ad59492c6e7,de2c8976b2da16a26f9636f6662bab669a4aa7ce65f15ce56b6d1cd7573c701f,ridge,raw,rmse,26992786736335.688,reconstructed,259,PENDING
C04,FD002,primary,13,C04_FD002_3bf92063fd99_seed_13,outputs/c04_final_hardened_3bf9206,3bf92063fd99e23b7cbdf6a439a2fc4344807710,a7637c768221f74000508d083c4f791d1b5b1ec95f2b1618129769251b727125,5440e39d72d3fe354ffe890f55eb3cc785d9311c8e37e8e80ac12ad59492c6e7,de2c8976b2da16a26f9636f6662bab669a4aa7ce65f15ce56b6d1cd7573c701f,ridge,raw,mae,21587000712094.555,reconstructed,259,PENDING
C04,FD002,primary,13,C04_FD002_3bf92063fd99_seed_13,outputs/c04_final_hardened_3bf9206,3bf92063fd99e23b7cbdf6a439a2fc4344807710,a7637c768221f74000508d083c4f791d1b5b1ec95f2b1618129769251b727125,5440e39d72d3fe354ffe890f55eb3cc785d9311c8e37e8e80ac12ad59492c6e7,de2c8976b2da16a26f9636f6662bab669a4aa7ce65f15ce56b6d1cd7573c701f,ridge,raw,signed_error,-49530845529.28472,reconstructed,259,PENDING
C04,FD002,primary,13,C04_FD002_3bf92063fd99_seed_13,outputs/c04_final_hardened_3bf9206,3bf92063fd99e23b7cbdf6a439a2fc4344807710,a7637c768221f74000508d083c4f791d1b5b1ec95f2b1618129769251b727125,5440e39d72d3fe354ffe890f55eb3cc785d9311c8e37e8e80ac12ad59492c6e7,de2c8976b2da16a26f9636f6662bab669a4aa7ce65f15ce56b6d1cd7573c701f,ridge,raw,nasa_score,PENDING,nonfinite_on_raw_support,259,PENDING
C04,FD002,primary,13,C04_FD002_3bf92063fd99_seed_13,outputs/c04_final_hardened_3bf9206,3bf92063fd99e23b7cbdf6a439a2fc4344807710,a7637c768221f74000508d083c4f791d1b5b1ec95f2b1618129769251b727125,5440e39d72d3fe354ffe890f55eb3cc785d9311c8e37e8e80ac12ad59492c6e7,de2c8976b2da16a26f9636f6662bab669a4aa7ce65f15ce56b6d1cd7573c701f,ridge,clipped,rmse,78.3118949825178,reconstructed,259,PENDING
C04,FD002,primary,13,C04_FD002_3bf92063fd99_seed_13,outputs/c04_final_hardened_3bf9206,3bf92063fd99e23b7cbdf6a439a2fc4344807710,a7637c768221f74000508d083c4f791d1b5b1ec95f2b1618129769251b727125,5440e39d72d3fe354ffe890f55eb3cc785d9311c8e37e8e80ac12ad59492c6e7,de2c8976b2da16a26f9636f6662bab669a4aa7ce65f15ce56b6d1cd7573c701f,ridge,clipped,mae,64.55984555984556,reconstructed,259,PENDING
C04,FD002,primary,13,C04_FD002_3bf92063fd99_seed_13,outputs/c04_final_hardened_3bf9206,3bf92063fd99e23b7cbdf6a439a2fc4344807710,a7637c768221f74000508d083c4f791d1b5b1ec95f2b1618129769251b727125,5440e39d72d3fe354ffe890f55eb3cc785d9311c8e37e8e80ac12ad59492c6e7,de2c8976b2da16a26f9636f6662bab669a4aa7ce65f15ce56b6d1cd7573c701f,ridge,clipped,signed_error,-9.501930501930502,reconstructed,259,PENDING
C04,FD002,primary,13,C04_FD002_3bf92063fd99_seed_13,outputs/c04_final_hardened_3bf9206,3bf92063fd99e23b7cbdf6a439a2fc4344807710,a7637c768221f74000508d083c4f791d1b5b1ec95f2b1618129769251b727125,5440e39d72d3fe354ffe890f55eb3cc785d9311c8e37e8e80ac12ad59492c6e7,de2c8976b2da16a26f9636f6662bab669a4aa7ce65f15ce56b6d1cd7573c701f,ridge,clipped,nasa_score,3429037.0036011087,reconstructed,259,PENDING
C04,FD002,primary,13,C04_FD002_3bf92063fd99_seed_13,outputs/c04_final_hardened_3bf9206,3bf92063fd99e23b7cbdf6a439a2fc4344807710,a7637c768221f74000508d083c4f791d1b5b1ec95f2b1618129769251b727125,5440e39d72d3fe354ffe890f55eb3cc785d9311c8e37e8e80ac12ad59492c6e7,de2c8976b2da16a26f9636f6662bab669a4aa7ce65f15ce56b6d1cd7573c701f,hist_gradient_boosting,raw,rmse,44.95501329910612,reconstructed,259,PENDING
C04,FD002,primary,13,C04_FD002_3bf92063fd99_seed_13,outputs/c04_final_hardened_3bf9206,3bf92063fd99e23b7cbdf6a439a2fc4344807710,a7637c768221f74000508d083c4f791d1b5b1ec95f2b1618129769251b727125,5440e39d72d3fe354ffe890f55eb3cc785d9311c8e37e8e80ac12ad59492c6e7,de2c8976b2da16a26f9636f6662bab669a4aa7ce65f15ce56b6d1cd7573c701f,hist_gradient_boosting,raw,mae,37.16490618987525,reconstructed,259,PENDING
C04,FD002,primary,13,C04_FD002_3bf92063fd99_seed_13,outputs/c04_final_hardened_3bf9206,3bf92063fd99e23b7cbdf6a439a2fc4344807710,a7637c768221f74000508d083c4f791d1b5b1ec95f2b1618129769251b727125,5440e39d72d3fe354ffe890f55eb3cc785d9311c8e37e8e80ac12ad59492c6e7,de2c8976b2da16a26f9636f6662bab669a4aa7ce65f15ce56b6d1cd7573c701f,hist_gradient_boosting,raw,signed_error,-10.833037925068398,reconstructed,259,PENDING
C04,FD002,primary,13,C04_FD002_3bf92063fd99_seed_13,outputs/c04_final_hardened_3bf9206,3bf92063fd99e23b7cbdf6a439a2fc4344807710,a7637c768221f74000508d083c4f791d1b5b1ec95f2b1618129769251b727125,5440e39d72d3fe354ffe890f55eb3cc785d9311c8e37e8e80ac12ad59492c6e7,de2c8976b2da16a26f9636f6662bab669a4aa7ce65f15ce56b6d1cd7573c701f,hist_gradient_boosting,raw,nasa_score,97726.17527520352,reconstructed,259,PENDING
C04,FD002,primary,13,C04_FD002_3bf92063fd99_seed_13,outputs/c04_final_hardened_3bf9206,3bf92063fd99e23b7cbdf6a439a2fc4344807710,a7637c768221f74000508d083c4f791d1b5b1ec95f2b1618129769251b727125,5440e39d72d3fe354ffe890f55eb3cc785d9311c8e37e8e80ac12ad59492c6e7,de2c8976b2da16a26f9636f6662bab669a4aa7ce65f15ce56b6d1cd7573c701f,hist_gradient_boosting,clipped,rmse,33.839400660773535,reconstructed,259,PENDING
C04,FD002,primary,13,C04_FD002_3bf92063fd99_seed_13,outputs/c04_final_hardened_3bf9206,3bf92063fd99e23b7cbdf6a439a2fc4344807710,a7637c768221f74000508d083c4f791d1b5b1ec95f2b1618129769251b727125,5440e39d72d3fe354ffe890f55eb3cc785d9311c8e37e8e80ac12ad59492c6e7,de2c8976b2da16a26f9636f6662bab669a4aa7ce65f15ce56b6d1cd7573c701f,hist_gradient_boosting,clipped,mae,29.67069769566676,reconstructed,259,PENDING
C04,FD002,primary,13,C04_FD002_3bf92063fd99_seed_13,outputs/c04_final_hardened_3bf9206,3bf92063fd99e23b7cbdf6a439a2fc4344807710,a7637c768221f74000508d083c4f791d1b5b1ec95f2b1618129769251b727125,5440e39d72d3fe354ffe890f55eb3cc785d9311c8e37e8e80ac12ad59492c6e7,de2c8976b2da16a26f9636f6662bab669a4aa7ce65f15ce56b6d1cd7573c701f,hist_gradient_boosting,clipped,signed_error,-3.338829430859903,reconstructed,259,PENDING
C04,FD002,primary,13,C04_FD002_3bf92063fd99_seed_13,outputs/c04_final_hardened_3bf9206,3bf92063fd99e23b7cbdf6a439a2fc4344807710,a7637c768221f74000508d083c4f791d1b5b1ec95f2b1618129769251b727125,5440e39d72d3fe354ffe890f55eb3cc785d9311c8e37e8e80ac12ad59492c6e7,de2c8976b2da16a26f9636f6662bab669a4aa7ce65f15ce56b6d1cd7573c701f,hist_gradient_boosting,clipped,nasa_score,9475.858523299894,reconstructed,259,PENDING
C04,FD002,primary,37,C04_FD002_3bf92063fd99_seed_37,outputs/c04_final_hardened_3bf9206,3bf92063fd99e23b7cbdf6a439a2fc4344807710,3a51502e3788ac64548cb37a111dcb7d5649affb6f64e7ec04a063de2eed88f6,19e4d60a096b6602bcb25ad925cc0a8042f316625f46aec6df340532f9cdef40,b067fa160acf45396b6b7ca3e0617d12a5b07b5169eb955e772cb4a8c180fab5,mean,raw,rmse,54.14617688746198,reconstructed,259,PENDING
C04,FD002,primary,37,C04_FD002_3bf92063fd99_seed_37,outputs/c04_final_hardened_3bf9206,3bf92063fd99e23b7cbdf6a439a2fc4344807710,3a51502e3788ac64548cb37a111dcb7d5649affb6f64e7ec04a063de2eed88f6,19e4d60a096b6602bcb25ad925cc0a8042f316625f46aec6df340532f9cdef40,b067fa160acf45396b6b7ca3e0617d12a5b07b5169eb955e772cb4a8c180fab5,mean,raw,mae,45.69877179977228,reconstructed,259,PENDING
C04,FD002,primary,37,C04_FD002_3bf92063fd99_seed_37,outputs/c04_final_hardened_3bf9206,3bf92063fd99e23b7cbdf6a439a2fc4344807710,3a51502e3788ac64548cb37a111dcb7d5649affb6f64e7ec04a063de2eed88f6,19e4d60a096b6602bcb25ad925cc0a8042f316625f46aec6df340532f9cdef40,b067fa160acf45396b6b7ca3e0617d12a5b07b5169eb955e772cb4a8c180fab5,mean,raw,signed_error,6.296806164362153,reconstructed,259,PENDING
C04,FD002,primary,37,C04_FD002_3bf92063fd99_seed_37,outputs/c04_final_hardened_3bf9206,3bf92063fd99e23b7cbdf6a439a2fc4344807710,3a51502e3788ac64548cb37a111dcb7d5649affb6f64e7ec04a063de2eed88f6,19e4d60a096b6602bcb25ad925cc0a8042f316625f46aec6df340532f9cdef40,b067fa160acf45396b6b7ca3e0617d12a5b07b5169eb955e772cb4a8c180fab5,mean,raw,nasa_score,158256.4094030522,reconstructed,259,PENDING
C04,FD002,primary,37,C04_FD002_3bf92063fd99_seed_37,outputs/c04_final_hardened_3bf9206,3bf92063fd99e23b7cbdf6a439a2fc4344807710,3a51502e3788ac64548cb37a111dcb7d5649affb6f64e7ec04a063de2eed88f6,19e4d60a096b6602bcb25ad925cc0a8042f316625f46aec6df340532f9cdef40,b067fa160acf45396b6b7ca3e0617d12a5b07b5169eb955e772cb4a8c180fab5,mean,clipped,rmse,45.09959119708452,reconstructed,259,PENDING
C04,FD002,primary,37,C04_FD002_3bf92063fd99_seed_37,outputs/c04_final_hardened_3bf9206,3bf92063fd99e23b7cbdf6a439a2fc4344807710,3a51502e3788ac64548cb37a111dcb7d5649affb6f64e7ec04a063de2eed88f6,19e4d60a096b6602bcb25ad925cc0a8042f316625f46aec6df340532f9cdef40,b067fa160acf45396b6b7ca3e0617d12a5b07b5169eb955e772cb4a8c180fab5,mean,clipped,mae,38.20456330556378,reconstructed,259,PENDING
C04,FD002,primary,37,C04_FD002_3bf92063fd99_seed_37,outputs/c04_final_hardened_3bf9206,3bf92063fd99e23b7cbdf6a439a2fc4344807710,3a51502e3788ac64548cb37a111dcb7d5649affb6f64e7ec04a063de2eed88f6,19e4d60a096b6602bcb25ad925cc0a8042f316625f46aec6df340532f9cdef40,b067fa160acf45396b6b7ca3e0617d12a5b07b5169eb955e772cb4a8c180fab5,mean,clipped,signed_error,13.791014658570518,reconstructed,259,PENDING
C04,FD002,primary,37,C04_FD002_3bf92063fd99_seed_37,outputs/c04_final_hardened_3bf9206,3bf92063fd99e23b7cbdf6a439a2fc4344807710,3a51502e3788ac64548cb37a111dcb7d5649affb6f64e7ec04a063de2eed88f6,19e4d60a096b6602bcb25ad925cc0a8042f316625f46aec6df340532f9cdef40,b067fa160acf45396b6b7ca3e0617d12a5b07b5169eb955e772cb4a8c180fab5,mean,clipped,nasa_score,122228.3082621349,reconstructed,259,PENDING
C04,FD002,primary,37,C04_FD002_3bf92063fd99_seed_37,outputs/c04_final_hardened_3bf9206,3bf92063fd99e23b7cbdf6a439a2fc4344807710,3a51502e3788ac64548cb37a111dcb7d5649affb6f64e7ec04a063de2eed88f6,19e4d60a096b6602bcb25ad925cc0a8042f316625f46aec6df340532f9cdef40,b067fa160acf45396b6b7ca3e0617d12a5b07b5169eb955e772cb4a8c180fab5,ridge,raw,rmse,17206683966295.57,reconstructed,259,PENDING
C04,FD002,primary,37,C04_FD002_3bf92063fd99_seed_37,outputs/c04_final_hardened_3bf9206,3bf92063fd99e23b7cbdf6a439a2fc4344807710,3a51502e3788ac64548cb37a111dcb7d5649affb6f64e7ec04a063de2eed88f6,19e4d60a096b6602bcb25ad925cc0a8042f316625f46aec6df340532f9cdef40,b067fa160acf45396b6b7ca3e0617d12a5b07b5169eb955e772cb4a8c180fab5,ridge,raw,mae,13694329199007.582,reconstructed,259,PENDING
C04,FD002,primary,37,C04_FD002_3bf92063fd99_seed_37,outputs/c04_final_hardened_3bf9206,3bf92063fd99e23b7cbdf6a439a2fc4344807710,3a51502e3788ac64548cb37a111dcb7d5649affb6f64e7ec04a063de2eed88f6,19e4d60a096b6602bcb25ad925cc0a8042f316625f46aec6df340532f9cdef40,b067fa160acf45396b6b7ca3e0617d12a5b07b5169eb955e772cb4a8c180fab5,ridge,raw,signed_error,-293983986630.04675,reconstructed,259,PENDING
C04,FD002,primary,37,C04_FD002_3bf92063fd99_seed_37,outputs/c04_final_hardened_3bf9206,3bf92063fd99e23b7cbdf6a439a2fc4344807710,3a51502e3788ac64548cb37a111dcb7d5649affb6f64e7ec04a063de2eed88f6,19e4d60a096b6602bcb25ad925cc0a8042f316625f46aec6df340532f9cdef40,b067fa160acf45396b6b7ca3e0617d12a5b07b5169eb955e772cb4a8c180fab5,ridge,raw,nasa_score,PENDING,nonfinite_on_raw_support,259,PENDING
C04,FD002,primary,37,C04_FD002_3bf92063fd99_seed_37,outputs/c04_final_hardened_3bf9206,3bf92063fd99e23b7cbdf6a439a2fc4344807710,3a51502e3788ac64548cb37a111dcb7d5649affb6f64e7ec04a063de2eed88f6,19e4d60a096b6602bcb25ad925cc0a8042f316625f46aec6df340532f9cdef40,b067fa160acf45396b6b7ca3e0617d12a5b07b5169eb955e772cb4a8c180fab5,ridge,clipped,rmse,79.97062684699401,reconstructed,259,PENDING
C04,FD002,primary,37,C04_FD002_3bf92063fd99_seed_37,outputs/c04_final_hardened_3bf9206,3bf92063fd99e23b7cbdf6a439a2fc4344807710,3a51502e3788ac64548cb37a111dcb7d5649affb6f64e7ec04a063de2eed88f6,19e4d60a096b6602bcb25ad925cc0a8042f316625f46aec6df340532f9cdef40,b067fa160acf45396b6b7ca3e0617d12a5b07b5169eb955e772cb4a8c180fab5,ridge,clipped,mae,66.66023166023166,reconstructed,259,PENDING
C04,FD002,primary,37,C04_FD002_3bf92063fd99_seed_37,outputs/c04_final_hardened_3bf9206,3bf92063fd99e23b7cbdf6a439a2fc4344807710,3a51502e3788ac64548cb37a111dcb7d5649affb6f64e7ec04a063de2eed88f6,19e4d60a096b6602bcb25ad925cc0a8042f316625f46aec6df340532f9cdef40,b067fa160acf45396b6b7ca3e0617d12a5b07b5169eb955e772cb4a8c180fab5,ridge,clipped,signed_error,-7.571428571428571,reconstructed,259,PENDING
C04,FD002,primary,37,C04_FD002_3bf92063fd99_seed_37,outputs/c04_final_hardened_3bf9206,3bf92063fd99e23b7cbdf6a439a2fc4344807710,3a51502e3788ac64548cb37a111dcb7d5649affb6f64e7ec04a063de2eed88f6,19e4d60a096b6602bcb25ad925cc0a8042f316625f46aec6df340532f9cdef40,b067fa160acf45396b6b7ca3e0617d12a5b07b5169eb955e772cb4a8c180fab5,ridge,clipped,nasa_score,3627781.157479643,reconstructed,259,PENDING
C04,FD002,primary,37,C04_FD002_3bf92063fd99_seed_37,outputs/c04_final_hardened_3bf9206,3bf92063fd99e23b7cbdf6a439a2fc4344807710,3a51502e3788ac64548cb37a111dcb7d5649affb6f64e7ec04a063de2eed88f6,19e4d60a096b6602bcb25ad925cc0a8042f316625f46aec6df340532f9cdef40,b067fa160acf45396b6b7ca3e0617d12a5b07b5169eb955e772cb4a8c180fab5,hist_gradient_boosting,raw,rmse,42.50213076650574,reconstructed,259,PENDING
C04,FD002,primary,37,C04_FD002_3bf92063fd99_seed_37,outputs/c04_final_hardened_3bf9206,3bf92063fd99e23b7cbdf6a439a2fc4344807710,3a51502e3788ac64548cb37a111dcb7d5649affb6f64e7ec04a063de2eed88f6,19e4d60a096b6602bcb25ad925cc0a8042f316625f46aec6df340532f9cdef40,b067fa160acf45396b6b7ca3e0617d12a5b07b5169eb955e772cb4a8c180fab5,hist_gradient_boosting,raw,mae,35.70321625538577,reconstructed,259,PENDING
C04,FD002,primary,37,C04_FD002_3bf92063fd99_seed_37,outputs/c04_final_hardened_3bf9206,3bf92063fd99e23b7cbdf6a439a2fc4344807710,3a51502e3788ac64548cb37a111dcb7d5649affb6f64e7ec04a063de2eed88f6,19e4d60a096b6602bcb25ad925cc0a8042f316625f46aec6df340532f9cdef40,b067fa160acf45396b6b7ca3e0617d12a5b07b5169eb955e772cb4a8c180fab5,hist_gradient_boosting,raw,signed_error,0.26803707034398033,reconstructed,259,PENDING
C04,FD002,primary,37,C04_FD002_3bf92063fd99_seed_37,outputs/c04_final_hardened_3bf9206,3bf92063fd99e23b7cbdf6a439a2fc4344807710,3a51502e3788ac64548cb37a111dcb7d5649affb6f64e7ec04a063de2eed88f6,19e4d60a096b6602bcb25ad925cc0a8042f316625f46aec6df340532f9cdef40,b067fa160acf45396b6b7ca3e0617d12a5b07b5169eb955e772cb4a8c180fab5,hist_gradient_boosting,raw,nasa_score,53089.04589165508,reconstructed,259,PENDING
C04,FD002,primary,37,C04_FD002_3bf92063fd99_seed_37,outputs/c04_final_hardened_3bf9206,3bf92063fd99e23b7cbdf6a439a2fc4344807710,3a51502e3788ac64548cb37a111dcb7d5649affb6f64e7ec04a063de2eed88f6,19e4d60a096b6602bcb25ad925cc0a8042f316625f46aec6df340532f9cdef40,b067fa160acf45396b6b7ca3e0617d12a5b07b5169eb955e772cb4a8c180fab5,hist_gradient_boosting,clipped,rmse,33.72468363238086,reconstructed,259,PENDING
C04,FD002,primary,37,C04_FD002_3bf92063fd99_seed_37,outputs/c04_final_hardened_3bf9206,3bf92063fd99e23b7cbdf6a439a2fc4344807710,3a51502e3788ac64548cb37a111dcb7d5649affb6f64e7ec04a063de2eed88f6,19e4d60a096b6602bcb25ad925cc0a8042f316625f46aec6df340532f9cdef40,b067fa160acf45396b6b7ca3e0617d12a5b07b5169eb955e772cb4a8c180fab5,hist_gradient_boosting,clipped,mae,28.209007761177276,reconstructed,259,PENDING
C04,FD002,primary,37,C04_FD002_3bf92063fd99_seed_37,outputs/c04_final_hardened_3bf9206,3bf92063fd99e23b7cbdf6a439a2fc4344807710,3a51502e3788ac64548cb37a111dcb7d5649affb6f64e7ec04a063de2eed88f6,19e4d60a096b6602bcb25ad925cc0a8042f316625f46aec6df340532f9cdef40,b067fa160acf45396b6b7ca3e0617d12a5b07b5169eb955e772cb4a8c180fab5,hist_gradient_boosting,clipped,signed_error,7.76224556455247,reconstructed,259,PENDING
C04,FD002,primary,37,C04_FD002_3bf92063fd99_seed_37,outputs/c04_final_hardened_3bf9206,3bf92063fd99e23b7cbdf6a439a2fc4344807710,3a51502e3788ac64548cb37a111dcb7d5649affb6f64e7ec04a063de2eed88f6,19e4d60a096b6602bcb25ad925cc0a8042f316625f46aec6df340532f9cdef40,b067fa160acf45396b6b7ca3e0617d12a5b07b5169eb955e772cb4a8c180fab5,hist_gradient_boosting,clipped,nasa_score,19404.759513201272,reconstructed,259,PENDING
C04,FD002,primary,73,C04_FD002_3bf92063fd99_seed_73,outputs/c04_final_hardened_3bf9206,3bf92063fd99e23b7cbdf6a439a2fc4344807710,39b3b9af814b55c77878f2ee1325a73d921f9b1de6c3b8708be443837358b92e,456ef0b3bf7c73444af6df8c76a7172f7682d3cd0783a972f32411f10a1f8765,bfbd08257ee89fbedac239e1b78b21030301d799502b306b724f454d32da5f99,mean,raw,rmse,54.04487271063763,reconstructed,259,PENDING
C04,FD002,primary,73,C04_FD002_3bf92063fd99_seed_73,outputs/c04_final_hardened_3bf9206,3bf92063fd99e23b7cbdf6a439a2fc4344807710,39b3b9af814b55c77878f2ee1325a73d921f9b1de6c3b8708be443837358b92e,456ef0b3bf7c73444af6df8c76a7172f7682d3cd0783a972f32411f10a1f8765,bfbd08257ee89fbedac239e1b78b21030301d799502b306b724f454d32da5f99,mean,raw,mae,45.59699994406164,reconstructed,259,PENDING
C04,FD002,primary,73,C04_FD002_3bf92063fd99_seed_73,outputs/c04_final_hardened_3bf9206,3bf92063fd99e23b7cbdf6a439a2fc4344807710,39b3b9af814b55c77878f2ee1325a73d921f9b1de6c3b8708be443837358b92e,456ef0b3bf7c73444af6df8c76a7172f7682d3cd0783a972f32411f10a1f8765,bfbd08257ee89fbedac239e1b78b21030301d799502b306b724f454d32da5f99,mean,raw,signed_error,5.3562638706705465,reconstructed,259,PENDING
C04,FD002,primary,73,C04_FD002_3bf92063fd99_seed_73,outputs/c04_final_hardened_3bf9206,3bf92063fd99e23b7cbdf6a439a2fc4344807710,39b3b9af814b55c77878f2ee1325a73d921f9b1de6c3b8708be443837358b92e,456ef0b3bf7c73444af6df8c76a7172f7682d3cd0783a972f32411f10a1f8765,bfbd08257ee89fbedac239e1b78b21030301d799502b306b724f454d32da5f99,mean,raw,nasa_score,150185.13935612503,reconstructed,259,PENDING
C04,FD002,primary,73,C04_FD002_3bf92063fd99_seed_73,outputs/c04_final_hardened_3bf9206,3bf92063fd99e23b7cbdf6a439a2fc4344807710,39b3b9af814b55c77878f2ee1325a73d921f9b1de6c3b8708be443837358b92e,456ef0b3bf7c73444af6df8c76a7172f7682d3cd0783a972f32411f10a1f8765,bfbd08257ee89fbedac239e1b78b21030301d799502b306b724f454d32da5f99,mean,clipped,rmse,44.820929049181395,reconstructed,259,PENDING
C04,FD002,primary,73,C04_FD002_3bf92063fd99_seed_73,outputs/c04_final_hardened_3bf9206,3bf92063fd99e23b7cbdf6a439a2fc4344807710,39b3b9af814b55c77878f2ee1325a73d921f9b1de6c3b8708be443837358b92e,456ef0b3bf7c73444af6df8c76a7172f7682d3cd0783a972f32411f10a1f8765,bfbd08257ee89fbedac239e1b78b21030301d799502b306b724f454d32da5f99,mean,clipped,mae,38.10279144985314,reconstructed,259,PENDING
C04,FD002,primary,73,C04_FD002_3bf92063fd99_seed_73,outputs/c04_final_hardened_3bf9206,3bf92063fd99e23b7cbdf6a439a2fc4344807710,39b3b9af814b55c77878f2ee1325a73d921f9b1de6c3b8708be443837358b92e,456ef0b3bf7c73444af6df8c76a7172f7682d3cd0783a972f32411f10a1f8765,bfbd08257ee89fbedac239e1b78b21030301d799502b306b724f454d32da5f99,mean,clipped,signed_error,12.85047236487894,reconstructed,259,PENDING
C04,FD002,primary,73,C04_FD002_3bf92063fd99_seed_73,outputs/c04_final_hardened_3bf9206,3bf92063fd99e23b7cbdf6a439a2fc4344807710,39b3b9af814b55c77878f2ee1325a73d921f9b1de6c3b8708be443837358b92e,456ef0b3bf7c73444af6df8c76a7172f7682d3cd0783a972f32411f10a1f8765,bfbd08257ee89fbedac239e1b78b21030301d799502b306b724f454d32da5f99,mean,clipped,nasa_score,111453.8172894873,reconstructed,259,PENDING
C04,FD002,primary,73,C04_FD002_3bf92063fd99_seed_73,outputs/c04_final_hardened_3bf9206,3bf92063fd99e23b7cbdf6a439a2fc4344807710,39b3b9af814b55c77878f2ee1325a73d921f9b1de6c3b8708be443837358b92e,456ef0b3bf7c73444af6df8c76a7172f7682d3cd0783a972f32411f10a1f8765,bfbd08257ee89fbedac239e1b78b21030301d799502b306b724f454d32da5f99,ridge,raw,rmse,27644461857094.008,reconstructed,259,PENDING
C04,FD002,primary,73,C04_FD002_3bf92063fd99_seed_73,outputs/c04_final_hardened_3bf9206,3bf92063fd99e23b7cbdf6a439a2fc4344807710,39b3b9af814b55c77878f2ee1325a73d921f9b1de6c3b8708be443837358b92e,456ef0b3bf7c73444af6df8c76a7172f7682d3cd0783a972f32411f10a1f8765,bfbd08257ee89fbedac239e1b78b21030301d799502b306b724f454d32da5f99,ridge,raw,mae,22010154539553.24,reconstructed,259,PENDING
C04,FD002,primary,73,C04_FD002_3bf92063fd99_seed_73,outputs/c04_final_hardened_3bf9206,3bf92063fd99e23b7cbdf6a439a2fc4344807710,39b3b9af814b55c77878f2ee1325a73d921f9b1de6c3b8708be443837358b92e,456ef0b3bf7c73444af6df8c76a7172f7682d3cd0783a972f32411f10a1f8765,bfbd08257ee89fbedac239e1b78b21030301d799502b306b724f454d32da5f99,ridge,raw,signed_error,-330032658401.69653,reconstructed,259,PENDING
C04,FD002,primary,73,C04_FD002_3bf92063fd99_seed_73,outputs/c04_final_hardened_3bf9206,3bf92063fd99e23b7cbdf6a439a2fc4344807710,39b3b9af814b55c77878f2ee1325a73d921f9b1de6c3b8708be443837358b92e,456ef0b3bf7c73444af6df8c76a7172f7682d3cd0783a972f32411f10a1f8765,bfbd08257ee89fbedac239e1b78b21030301d799502b306b724f454d32da5f99,ridge,raw,nasa_score,PENDING,nonfinite_on_raw_support,259,PENDING
C04,FD002,primary,73,C04_FD002_3bf92063fd99_seed_73,outputs/c04_final_hardened_3bf9206,3bf92063fd99e23b7cbdf6a439a2fc4344807710,39b3b9af814b55c77878f2ee1325a73d921f9b1de6c3b8708be443837358b92e,456ef0b3bf7c73444af6df8c76a7172f7682d3cd0783a972f32411f10a1f8765,bfbd08257ee89fbedac239e1b78b21030301d799502b306b724f454d32da5f99,ridge,clipped,rmse,79.18218570372083,reconstructed,259,PENDING
C04,FD002,primary,73,C04_FD002_3bf92063fd99_seed_73,outputs/c04_final_hardened_3bf9206,3bf92063fd99e23b7cbdf6a439a2fc4344807710,39b3b9af814b55c77878f2ee1325a73d921f9b1de6c3b8708be443837358b92e,456ef0b3bf7c73444af6df8c76a7172f7682d3cd0783a972f32411f10a1f8765,bfbd08257ee89fbedac239e1b78b21030301d799502b306b724f454d32da5f99,ridge,clipped,mae,65.65637065637065,reconstructed,259,PENDING
C04,FD002,primary,73,C04_FD002_3bf92063fd99_seed_73,outputs/c04_final_hardened_3bf9206,3bf92063fd99e23b7cbdf6a439a2fc4344807710,39b3b9af814b55c77878f2ee1325a73d921f9b1de6c3b8708be443837358b92e,456ef0b3bf7c73444af6df8c76a7172f7682d3cd0783a972f32411f10a1f8765,bfbd08257ee89fbedac239e1b78b21030301d799502b306b724f454d32da5f99,ridge,clipped,signed_error,-11.432432432432432,reconstructed,259,PENDING
C04,FD002,primary,73,C04_FD002_3bf92063fd99_seed_73,outputs/c04_final_hardened_3bf9206,3bf92063fd99e23b7cbdf6a439a2fc4344807710,39b3b9af814b55c77878f2ee1325a73d921f9b1de6c3b8708be443837358b92e,456ef0b3bf7c73444af6df8c76a7172f7682d3cd0783a972f32411f10a1f8765,bfbd08257ee89fbedac239e1b78b21030301d799502b306b724f454d32da5f99,ridge,clipped,nasa_score,3346904.5934386062,reconstructed,259,PENDING
C04,FD002,primary,73,C04_FD002_3bf92063fd99_seed_73,outputs/c04_final_hardened_3bf9206,3bf92063fd99e23b7cbdf6a439a2fc4344807710,39b3b9af814b55c77878f2ee1325a73d921f9b1de6c3b8708be443837358b92e,456ef0b3bf7c73444af6df8c76a7172f7682d3cd0783a972f32411f10a1f8765,bfbd08257ee89fbedac239e1b78b21030301d799502b306b724f454d32da5f99,hist_gradient_boosting,raw,rmse,48.17750822524849,reconstructed,259,PENDING
C04,FD002,primary,73,C04_FD002_3bf92063fd99_seed_73,outputs/c04_final_hardened_3bf9206,3bf92063fd99e23b7cbdf6a439a2fc4344807710,39b3b9af814b55c77878f2ee1325a73d921f9b1de6c3b8708be443837358b92e,456ef0b3bf7c73444af6df8c76a7172f7682d3cd0783a972f32411f10a1f8765,bfbd08257ee89fbedac239e1b78b21030301d799502b306b724f454d32da5f99,hist_gradient_boosting,raw,mae,39.87065397919919,reconstructed,259,PENDING
C04,FD002,primary,73,C04_FD002_3bf92063fd99_seed_73,outputs/c04_final_hardened_3bf9206,3bf92063fd99e23b7cbdf6a439a2fc4344807710,39b3b9af814b55c77878f2ee1325a73d921f9b1de6c3b8708be443837358b92e,456ef0b3bf7c73444af6df8c76a7172f7682d3cd0783a972f32411f10a1f8765,bfbd08257ee89fbedac239e1b78b21030301d799502b306b724f454d32da5f99,hist_gradient_boosting,raw,signed_error,-13.324844751474327,reconstructed,259,PENDING
C04,FD002,primary,73,C04_FD002_3bf92063fd99_seed_73,outputs/c04_final_hardened_3bf9206,3bf92063fd99e23b7cbdf6a439a2fc4344807710,39b3b9af814b55c77878f2ee1325a73d921f9b1de6c3b8708be443837358b92e,456ef0b3bf7c73444af6df8c76a7172f7682d3cd0783a972f32411f10a1f8765,bfbd08257ee89fbedac239e1b78b21030301d799502b306b724f454d32da5f99,hist_gradient_boosting,raw,nasa_score,103864.08602354275,reconstructed,259,PENDING
C04,FD002,primary,73,C04_FD002_3bf92063fd99_seed_73,outputs/c04_final_hardened_3bf9206,3bf92063fd99e23b7cbdf6a439a2fc4344807710,39b3b9af814b55c77878f2ee1325a73d921f9b1de6c3b8708be443837358b92e,456ef0b3bf7c73444af6df8c76a7172f7682d3cd0783a972f32411f10a1f8765,bfbd08257ee89fbedac239e1b78b21030301d799502b306b724f454d32da5f99,hist_gradient_boosting,clipped,rmse,36.403397829038404,reconstructed,259,PENDING
C04,FD002,primary,73,C04_FD002_3bf92063fd99_seed_73,outputs/c04_final_hardened_3bf9206,3bf92063fd99e23b7cbdf6a439a2fc4344807710,39b3b9af814b55c77878f2ee1325a73d921f9b1de6c3b8708be443837358b92e,456ef0b3bf7c73444af6df8c76a7172f7682d3cd0783a972f32411f10a1f8765,bfbd08257ee89fbedac239e1b78b21030301d799502b306b724f454d32da5f99,hist_gradient_boosting,clipped,mae,32.37644548499069,reconstructed,259,PENDING
C04,FD002,primary,73,C04_FD002_3bf92063fd99_seed_73,outputs/c04_final_hardened_3bf9206,3bf92063fd99e23b7cbdf6a439a2fc4344807710,39b3b9af814b55c77878f2ee1325a73d921f9b1de6c3b8708be443837358b92e,456ef0b3bf7c73444af6df8c76a7172f7682d3cd0783a972f32411f10a1f8765,bfbd08257ee89fbedac239e1b78b21030301d799502b306b724f454d32da5f99,hist_gradient_boosting,clipped,signed_error,-5.830636257265837,reconstructed,259,PENDING
C04,FD002,primary,73,C04_FD002_3bf92063fd99_seed_73,outputs/c04_final_hardened_3bf9206,3bf92063fd99e23b7cbdf6a439a2fc4344807710,39b3b9af814b55c77878f2ee1325a73d921f9b1de6c3b8708be443837358b92e,456ef0b3bf7c73444af6df8c76a7172f7682d3cd0783a972f32411f10a1f8765,bfbd08257ee89fbedac239e1b78b21030301d799502b306b724f454d32da5f99,hist_gradient_boosting,clipped,nasa_score,11548.458035824027,reconstructed,259,PENDING
C04,FD002,primary,101,C04_FD002_3bf92063fd99_seed_101,outputs/c04_final_hardened_3bf9206,3bf92063fd99e23b7cbdf6a439a2fc4344807710,4e34ac3a5e260b42aac866e476ceb167dea09c411672612dfc666bf34fcb9a63,83c511046fa8970eada1c44b85593ef26cb927e8ea82abeeaaceeeb94d4ef556,710c87c7fc2887a0c3c73f3c6faf6b174244bebd0b3b6ccb1197349d613cc239,mean,raw,rmse,54.06435205607104,reconstructed,259,PENDING
C04,FD002,primary,101,C04_FD002_3bf92063fd99_seed_101,outputs/c04_final_hardened_3bf9206,3bf92063fd99e23b7cbdf6a439a2fc4344807710,4e34ac3a5e260b42aac866e476ceb167dea09c411672612dfc666bf34fcb9a63,83c511046fa8970eada1c44b85593ef26cb927e8ea82abeeaaceeeb94d4ef556,710c87c7fc2887a0c3c73f3c6faf6b174244bebd0b3b6ccb1197349d613cc239,mean,raw,mae,45.61713024978331,reconstructed,259,PENDING
C04,FD002,primary,101,C04_FD002_3bf92063fd99_seed_101,outputs/c04_final_hardened_3bf9206,3bf92063fd99e23b7cbdf6a439a2fc4344807710,4e34ac3a5e260b42aac866e476ceb167dea09c411672612dfc666bf34fcb9a63,83c511046fa8970eada1c44b85593ef26cb927e8ea82abeeaaceeeb94d4ef556,710c87c7fc2887a0c3c73f3c6faf6b174244bebd0b3b6ccb1197349d613cc239,mean,raw,signed_error,5.549365692222888,reconstructed,259,PENDING
C04,FD002,primary,101,C04_FD002_3bf92063fd99_seed_101,outputs/c04_final_hardened_3bf9206,3bf92063fd99e23b7cbdf6a439a2fc4344807710,4e34ac3a5e260b42aac866e476ceb167dea09c411672612dfc666bf34fcb9a63,83c511046fa8970eada1c44b85593ef26cb927e8ea82abeeaaceeeb94d4ef556,710c87c7fc2887a0c3c73f3c6faf6b174244bebd0b3b6ccb1197349d613cc239,mean,raw,nasa_score,151742.90081366547,reconstructed,259,PENDING
C04,FD002,primary,101,C04_FD002_3bf92063fd99_seed_101,outputs/c04_final_hardened_3bf9206,3bf92063fd99e23b7cbdf6a439a2fc4344807710,4e34ac3a5e260b42aac866e476ceb167dea09c411672612dfc666bf34fcb9a63,83c511046fa8970eada1c44b85593ef26cb927e8ea82abeeaaceeeb94d4ef556,710c87c7fc2887a0c3c73f3c6faf6b174244bebd0b3b6ccb1197349d613cc239,mean,clipped,rmse,44.87667398981537,reconstructed,259,PENDING
C04,FD002,primary,101,C04_FD002_3bf92063fd99_seed_101,outputs/c04_final_hardened_3bf9206,3bf92063fd99e23b7cbdf6a439a2fc4344807710,4e34ac3a5e260b42aac866e476ceb167dea09c411672612dfc666bf34fcb9a63,83c511046fa8970eada1c44b85593ef26cb927e8ea82abeeaaceeeb94d4ef556,710c87c7fc2887a0c3c73f3c6faf6b174244bebd0b3b6ccb1197349d613cc239,mean,clipped,mae,38.122921755574815,reconstructed,259,PENDING
C04,FD002,primary,101,C04_FD002_3bf92063fd99_seed_101,outputs/c04_final_hardened_3bf9206,3bf92063fd99e23b7cbdf6a439a2fc4344807710,4e34ac3a5e260b42aac866e476ceb167dea09c411672612dfc666bf34fcb9a63,83c511046fa8970eada1c44b85593ef26cb927e8ea82abeeaaceeeb94d4ef556,710c87c7fc2887a0c3c73f3c6faf6b174244bebd0b3b6ccb1197349d613cc239,mean,clipped,signed_error,13.043574186431266,reconstructed,259,PENDING
C04,FD002,primary,101,C04_FD002_3bf92063fd99_seed_101,outputs/c04_final_hardened_3bf9206,3bf92063fd99e23b7cbdf6a439a2fc4344807710,4e34ac3a5e260b42aac866e476ceb167dea09c411672612dfc666bf34fcb9a63,83c511046fa8970eada1c44b85593ef26cb927e8ea82abeeaaceeeb94d4ef556,710c87c7fc2887a0c3c73f3c6faf6b174244bebd0b3b6ccb1197349d613cc239,mean,clipped,nasa_score,113582.64149430084,reconstructed,259,PENDING
C04,FD002,primary,101,C04_FD002_3bf92063fd99_seed_101,outputs/c04_final_hardened_3bf9206,3bf92063fd99e23b7cbdf6a439a2fc4344807710,4e34ac3a5e260b42aac866e476ceb167dea09c411672612dfc666bf34fcb9a63,83c511046fa8970eada1c44b85593ef26cb927e8ea82abeeaaceeeb94d4ef556,710c87c7fc2887a0c3c73f3c6faf6b174244bebd0b3b6ccb1197349d613cc239,ridge,raw,rmse,21132844375338.312,reconstructed,259,PENDING
C04,FD002,primary,101,C04_FD002_3bf92063fd99_seed_101,outputs/c04_final_hardened_3bf9206,3bf92063fd99e23b7cbdf6a439a2fc4344807710,4e34ac3a5e260b42aac866e476ceb167dea09c411672612dfc666bf34fcb9a63,83c511046fa8970eada1c44b85593ef26cb927e8ea82abeeaaceeeb94d4ef556,710c87c7fc2887a0c3c73f3c6faf6b174244bebd0b3b6ccb1197349d613cc239,ridge,raw,mae,16747252326193.1,reconstructed,259,PENDING
C04,FD002,primary,101,C04_FD002_3bf92063fd99_seed_101,outputs/c04_final_hardened_3bf9206,3bf92063fd99e23b7cbdf6a439a2fc4344807710,4e34ac3a5e260b42aac866e476ceb167dea09c411672612dfc666bf34fcb9a63,83c511046fa8970eada1c44b85593ef26cb927e8ea82abeeaaceeeb94d4ef556,710c87c7fc2887a0c3c73f3c6faf6b174244bebd0b3b6ccb1197349d613cc239,ridge,raw,signed_error,-1020415803524.0406,reconstructed,259,PENDING
C04,FD002,primary,101,C04_FD002_3bf92063fd99_seed_101,outputs/c04_final_hardened_3bf9206,3bf92063fd99e23b7cbdf6a439a2fc4344807710,4e34ac3a5e260b42aac866e476ceb167dea09c411672612dfc666bf34fcb9a63,83c511046fa8970eada1c44b85593ef26cb927e8ea82abeeaaceeeb94d4ef556,710c87c7fc2887a0c3c73f3c6faf6b174244bebd0b3b6ccb1197349d613cc239,ridge,raw,nasa_score,PENDING,nonfinite_on_raw_support,259,PENDING
C04,FD002,primary,101,C04_FD002_3bf92063fd99_seed_101,outputs/c04_final_hardened_3bf9206,3bf92063fd99e23b7cbdf6a439a2fc4344807710,4e34ac3a5e260b42aac866e476ceb167dea09c411672612dfc666bf34fcb9a63,83c511046fa8970eada1c44b85593ef26cb927e8ea82abeeaaceeeb94d4ef556,710c87c7fc2887a0c3c73f3c6faf6b174244bebd0b3b6ccb1197349d613cc239,ridge,clipped,rmse,80.13340710566932,reconstructed,259,PENDING
C04,FD002,primary,101,C04_FD002_3bf92063fd99_seed_101,outputs/c04_final_hardened_3bf9206,3bf92063fd99e23b7cbdf6a439a2fc4344807710,4e34ac3a5e260b42aac866e476ceb167dea09c411672612dfc666bf34fcb9a63,83c511046fa8970eada1c44b85593ef26cb927e8ea82abeeaaceeeb94d4ef556,710c87c7fc2887a0c3c73f3c6faf6b174244bebd0b3b6ccb1197349d613cc239,ridge,clipped,mae,66.86872586872587,reconstructed,259,PENDING
C04,FD002,primary,101,C04_FD002_3bf92063fd99_seed_101,outputs/c04_final_hardened_3bf9206,3bf92063fd99e23b7cbdf6a439a2fc4344807710,4e34ac3a5e260b42aac866e476ceb167dea09c411672612dfc666bf34fcb9a63,83c511046fa8970eada1c44b85593ef26cb927e8ea82abeeaaceeeb94d4ef556,710c87c7fc2887a0c3c73f3c6faf6b174244bebd0b3b6ccb1197349d613cc239,ridge,clipped,signed_error,-12.397683397683398,reconstructed,259,PENDING
C04,FD002,primary,101,C04_FD002_3bf92063fd99_seed_101,outputs/c04_final_hardened_3bf9206,3bf92063fd99e23b7cbdf6a439a2fc4344807710,4e34ac3a5e260b42aac866e476ceb167dea09c411672612dfc666bf34fcb9a63,83c511046fa8970eada1c44b85593ef26cb927e8ea82abeeaaceeeb94d4ef556,710c87c7fc2887a0c3c73f3c6faf6b174244bebd0b3b6ccb1197349d613cc239,ridge,clipped,nasa_score,3502235.8646291457,reconstructed,259,PENDING
C04,FD002,primary,101,C04_FD002_3bf92063fd99_seed_101,outputs/c04_final_hardened_3bf9206,3bf92063fd99e23b7cbdf6a439a2fc4344807710,4e34ac3a5e260b42aac866e476ceb167dea09c411672612dfc666bf34fcb9a63,83c511046fa8970eada1c44b85593ef26cb927e8ea82abeeaaceeeb94d4ef556,710c87c7fc2887a0c3c73f3c6faf6b174244bebd0b3b6ccb1197349d613cc239,hist_gradient_boosting,raw,rmse,47.29322946973636,reconstructed,259,PENDING
C04,FD002,primary,101,C04_FD002_3bf92063fd99_seed_101,outputs/c04_final_hardened_3bf9206,3bf92063fd99e23b7cbdf6a439a2fc4344807710,4e34ac3a5e260b42aac866e476ceb167dea09c411672612dfc666bf34fcb9a63,83c511046fa8970eada1c44b85593ef26cb927e8ea82abeeaaceeeb94d4ef556,710c87c7fc2887a0c3c73f3c6faf6b174244bebd0b3b6ccb1197349d613cc239,hist_gradient_boosting,raw,mae,39.77412108626223,reconstructed,259,PENDING
C04,FD002,primary,101,C04_FD002_3bf92063fd99_seed_101,outputs/c04_final_hardened_3bf9206,3bf92063fd99e23b7cbdf6a439a2fc4344807710,4e34ac3a5e260b42aac866e476ceb167dea09c411672612dfc666bf34fcb9a63,83c511046fa8970eada1c44b85593ef26cb927e8ea82abeeaaceeeb94d4ef556,710c87c7fc2887a0c3c73f3c6faf6b174244bebd0b3b6ccb1197349d613cc239,hist_gradient_boosting,raw,signed_error,6.939779523052984,reconstructed,259,PENDING
C04,FD002,primary,101,C04_FD002_3bf92063fd99_seed_101,outputs/c04_final_hardened_3bf9206,3bf92063fd99e23b7cbdf6a439a2fc4344807710,4e34ac3a5e260b42aac866e476ceb167dea09c411672612dfc666bf34fcb9a63,83c511046fa8970eada1c44b85593ef26cb927e8ea82abeeaaceeeb94d4ef556,710c87c7fc2887a0c3c73f3c6faf6b174244bebd0b3b6ccb1197349d613cc239,hist_gradient_boosting,raw,nasa_score,104516.82593870215,reconstructed,259,PENDING
C04,FD002,primary,101,C04_FD002_3bf92063fd99_seed_101,outputs/c04_final_hardened_3bf9206,3bf92063fd99e23b7cbdf6a439a2fc4344807710,4e34ac3a5e260b42aac866e476ceb167dea09c411672612dfc666bf34fcb9a63,83c511046fa8970eada1c44b85593ef26cb927e8ea82abeeaaceeeb94d4ef556,710c87c7fc2887a0c3c73f3c6faf6b174244bebd0b3b6ccb1197349d613cc239,hist_gradient_boosting,clipped,rmse,39.296290636833604,reconstructed,259,PENDING
C04,FD002,primary,101,C04_FD002_3bf92063fd99_seed_101,outputs/c04_final_hardened_3bf9206,3bf92063fd99e23b7cbdf6a439a2fc4344807710,4e34ac3a5e260b42aac866e476ceb167dea09c411672612dfc666bf34fcb9a63,83c511046fa8970eada1c44b85593ef26cb927e8ea82abeeaaceeeb94d4ef556,710c87c7fc2887a0c3c73f3c6faf6b174244bebd0b3b6ccb1197349d613cc239,hist_gradient_boosting,clipped,mae,32.27991259205373,reconstructed,259,PENDING
C04,FD002,primary,101,C04_FD002_3bf92063fd99_seed_101,outputs/c04_final_hardened_3bf9206,3bf92063fd99e23b7cbdf6a439a2fc4344807710,4e34ac3a5e260b42aac866e476ceb167dea09c411672612dfc666bf34fcb9a63,83c511046fa8970eada1c44b85593ef26cb927e8ea82abeeaaceeeb94d4ef556,710c87c7fc2887a0c3c73f3c6faf6b174244bebd0b3b6ccb1197349d613cc239,hist_gradient_boosting,clipped,signed_error,14.4339880172615,reconstructed,259,PENDING
C04,FD002,primary,101,C04_FD002_3bf92063fd99_seed_101,outputs/c04_final_hardened_3bf9206,3bf92063fd99e23b7cbdf6a439a2fc4344807710,4e34ac3a5e260b42aac866e476ceb167dea09c411672612dfc666bf34fcb9a63,83c511046fa8970eada1c44b85593ef26cb927e8ea82abeeaaceeeb94d4ef556,710c87c7fc2887a0c3c73f3c6faf6b174244bebd0b3b6ccb1197349d613cc239,hist_gradient_boosting,clipped,nasa_score,82234.78572918085,reconstructed,259,PENDING
C04,FD002,primary,137,C04_FD002_3bf92063fd99_seed_137,outputs/c04_final_hardened_3bf9206,3bf92063fd99e23b7cbdf6a439a2fc4344807710,e8d53874de3a9e6cee27ea4a366a05be6cfc5d832f3239ee0057100eedd595d8,cc4a3cc30f6d650947506e58ecac4d9092453206e15a4303fafc5e639a0b9f83,2ddf7b2703b6fe12d76a1ca1875d3f0ce10bd79e40d1e26ce1e6f010b96d0675,mean,raw,rmse,54.08138308750092,reconstructed,259,PENDING
C04,FD002,primary,137,C04_FD002_3bf92063fd99_seed_137,outputs/c04_final_hardened_3bf9206,3bf92063fd99e23b7cbdf6a439a2fc4344807710,e8d53874de3a9e6cee27ea4a366a05be6cfc5d832f3239ee0057100eedd595d8,cc4a3cc30f6d650947506e58ecac4d9092453206e15a4303fafc5e639a0b9f83,2ddf7b2703b6fe12d76a1ca1875d3f0ce10bd79e40d1e26ce1e6f010b96d0675,mean,raw,mae,45.63417883537229,reconstructed,259,PENDING
C04,FD002,primary,137,C04_FD002_3bf92063fd99_seed_137,outputs/c04_final_hardened_3bf9206,3bf92063fd99e23b7cbdf6a439a2fc4344807710,e8d53874de3a9e6cee27ea4a366a05be6cfc5d832f3239ee0057100eedd595d8,cc4a3cc30f6d650947506e58ecac4d9092453206e15a4303fafc5e639a0b9f83,2ddf7b2703b6fe12d76a1ca1875d3f0ce10bd79e40d1e26ce1e6f010b96d0675,mean,raw,signed_error,5.71290582805779,reconstructed,259,PENDING
C04,FD002,primary,137,C04_FD002_3bf92063fd99_seed_137,outputs/c04_final_hardened_3bf9206,3bf92063fd99e23b7cbdf6a439a2fc4344807710,e8d53874de3a9e6cee27ea4a366a05be6cfc5d832f3239ee0057100eedd595d8,cc4a3cc30f6d650947506e58ecac4d9092453206e15a4303fafc5e639a0b9f83,2ddf7b2703b6fe12d76a1ca1875d3f0ce10bd79e40d1e26ce1e6f010b96d0675,mean,raw,nasa_score,153101.77577692742,reconstructed,259,PENDING
C04,FD002,primary,137,C04_FD002_3bf92063fd99_seed_137,outputs/c04_final_hardened_3bf9206,3bf92063fd99e23b7cbdf6a439a2fc4344807710,e8d53874de3a9e6cee27ea4a366a05be6cfc5d832f3239ee0057100eedd595d8,cc4a3cc30f6d650947506e58ecac4d9092453206e15a4303fafc5e639a0b9f83,2ddf7b2703b6fe12d76a1ca1875d3f0ce10bd79e40d1e26ce1e6f010b96d0675,mean,clipped,rmse,44.92448006992008,reconstructed,259,PENDING
C04,FD002,primary,137,C04_FD002_3bf92063fd99_seed_137,outputs/c04_final_hardened_3bf9206,3bf92063fd99e23b7cbdf6a439a2fc4344807710,e8d53874de3a9e6cee27ea4a366a05be6cfc5d832f3239ee0057100eedd595d8,cc4a3cc30f6d650947506e58ecac4d9092453206e15a4303fafc5e639a0b9f83,2ddf7b2703b6fe12d76a1ca1875d3f0ce10bd79e40d1e26ce1e6f010b96d0675,mean,clipped,mae,38.139970341163796,reconstructed,259,PENDING
C04,FD002,primary,137,C04_FD002_3bf92063fd99_seed_137,outputs/c04_final_hardened_3bf9206,3bf92063fd99e23b7cbdf6a439a2fc4344807710,e8d53874de3a9e6cee27ea4a366a05be6cfc5d832f3239ee0057100eedd595d8,cc4a3cc30f6d650947506e58ecac4d9092453206e15a4303fafc5e639a0b9f83,2ddf7b2703b6fe12d76a1ca1875d3f0ce10bd79e40d1e26ce1e6f010b96d0675,mean,clipped,signed_error,13.2071143222664,reconstructed,259,PENDING
C04,FD002,primary,137,C04_FD002_3bf92063fd99_seed_137,outputs/c04_final_hardened_3bf9206,3bf92063fd99e23b7cbdf6a439a2fc4344807710,e8d53874de3a9e6cee27ea4a366a05be6cfc5d832f3239ee0057100eedd595d8,cc4a3cc30f6d650947506e58ecac4d9092453206e15a4303fafc5e639a0b9f83,2ddf7b2703b6fe12d76a1ca1875d3f0ce10bd79e40d1e26ce1e6f010b96d0675,mean,clipped,nasa_score,115418.56598318409,reconstructed,259,PENDING
C04,FD002,primary,137,C04_FD002_3bf92063fd99_seed_137,outputs/c04_final_hardened_3bf9206,3bf92063fd99e23b7cbdf6a439a2fc4344807710,e8d53874de3a9e6cee27ea4a366a05be6cfc5d832f3239ee0057100eedd595d8,cc4a3cc30f6d650947506e58ecac4d9092453206e15a4303fafc5e639a0b9f83,2ddf7b2703b6fe12d76a1ca1875d3f0ce10bd79e40d1e26ce1e6f010b96d0675,ridge,raw,rmse,11533786481163.914,reconstructed,259,PENDING
C04,FD002,primary,137,C04_FD002_3bf92063fd99_seed_137,outputs/c04_final_hardened_3bf9206,3bf92063fd99e23b7cbdf6a439a2fc4344807710,e8d53874de3a9e6cee27ea4a366a05be6cfc5d832f3239ee0057100eedd595d8,cc4a3cc30f6d650947506e58ecac4d9092453206e15a4303fafc5e639a0b9f83,2ddf7b2703b6fe12d76a1ca1875d3f0ce10bd79e40d1e26ce1e6f010b96d0675,ridge,raw,mae,9070716517083.24,reconstructed,259,PENDING
C04,FD002,primary,137,C04_FD002_3bf92063fd99_seed_137,outputs/c04_final_hardened_3bf9206,3bf92063fd99e23b7cbdf6a439a2fc4344807710,e8d53874de3a9e6cee27ea4a366a05be6cfc5d832f3239ee0057100eedd595d8,cc4a3cc30f6d650947506e58ecac4d9092453206e15a4303fafc5e639a0b9f83,2ddf7b2703b6fe12d76a1ca1875d3f0ce10bd79e40d1e26ce1e6f010b96d0675,ridge,raw,signed_error,-516671466052.55115,reconstructed,259,PENDING
C04,FD002,primary,137,C04_FD002_3bf92063fd99_seed_137,outputs/c04_final_hardened_3bf9206,3bf92063fd99e23b7cbdf6a439a2fc4344807710,e8d53874de3a9e6cee27ea4a366a05be6cfc5d832f3239ee0057100eedd595d8,cc4a3cc30f6d650947506e58ecac4d9092453206e15a4303fafc5e639a0b9f83,2ddf7b2703b6fe12d76a1ca1875d3f0ce10bd79e40d1e26ce1e6f010b96d0675,ridge,raw,nasa_score,PENDING,nonfinite_on_raw_support,259,PENDING
C04,FD002,primary,137,C04_FD002_3bf92063fd99_seed_137,outputs/c04_final_hardened_3bf9206,3bf92063fd99e23b7cbdf6a439a2fc4344807710,e8d53874de3a9e6cee27ea4a366a05be6cfc5d832f3239ee0057100eedd595d8,cc4a3cc30f6d650947506e58ecac4d9092453206e15a4303fafc5e639a0b9f83,2ddf7b2703b6fe12d76a1ca1875d3f0ce10bd79e40d1e26ce1e6f010b96d0675,ridge,clipped,rmse,78.73904900262536,reconstructed,259,PENDING
C04,FD002,primary,137,C04_FD002_3bf92063fd99_seed_137,outputs/c04_final_hardened_3bf9206,3bf92063fd99e23b7cbdf6a439a2fc4344807710,e8d53874de3a9e6cee27ea4a366a05be6cfc5d832f3239ee0057100eedd595d8,cc4a3cc30f6d650947506e58ecac4d9092453206e15a4303fafc5e639a0b9f83,2ddf7b2703b6fe12d76a1ca1875d3f0ce10bd79e40d1e26ce1e6f010b96d0675,ridge,clipped,mae,65.0965250965251,reconstructed,259,PENDING
C04,FD002,primary,137,C04_FD002_3bf92063fd99_seed_137,outputs/c04_final_hardened_3bf9206,3bf92063fd99e23b7cbdf6a439a2fc4344807710,e8d53874de3a9e6cee27ea4a366a05be6cfc5d832f3239ee0057100eedd595d8,cc4a3cc30f6d650947506e58ecac4d9092453206e15a4303fafc5e639a0b9f83,2ddf7b2703b6fe12d76a1ca1875d3f0ce10bd79e40d1e26ce1e6f010b96d0675,ridge,clipped,signed_error,-10.94980694980695,reconstructed,259,PENDING
C04,FD002,primary,137,C04_FD002_3bf92063fd99_seed_137,outputs/c04_final_hardened_3bf9206,3bf92063fd99e23b7cbdf6a439a2fc4344807710,e8d53874de3a9e6cee27ea4a366a05be6cfc5d832f3239ee0057100eedd595d8,cc4a3cc30f6d650947506e58ecac4d9092453206e15a4303fafc5e639a0b9f83,2ddf7b2703b6fe12d76a1ca1875d3f0ce10bd79e40d1e26ce1e6f010b96d0675,ridge,clipped,nasa_score,3289717.7701491015,reconstructed,259,PENDING
C04,FD002,primary,137,C04_FD002_3bf92063fd99_seed_137,outputs/c04_final_hardened_3bf9206,3bf92063fd99e23b7cbdf6a439a2fc4344807710,e8d53874de3a9e6cee27ea4a366a05be6cfc5d832f3239ee0057100eedd595d8,cc4a3cc30f6d650947506e58ecac4d9092453206e15a4303fafc5e639a0b9f83,2ddf7b2703b6fe12d76a1ca1875d3f0ce10bd79e40d1e26ce1e6f010b96d0675,hist_gradient_boosting,raw,rmse,47.159281812801005,reconstructed,259,PENDING
C04,FD002,primary,137,C04_FD002_3bf92063fd99_seed_137,outputs/c04_final_hardened_3bf9206,3bf92063fd99e23b7cbdf6a439a2fc4344807710,e8d53874de3a9e6cee27ea4a366a05be6cfc5d832f3239ee0057100eedd595d8,cc4a3cc30f6d650947506e58ecac4d9092453206e15a4303fafc5e639a0b9f83,2ddf7b2703b6fe12d76a1ca1875d3f0ce10bd79e40d1e26ce1e6f010b96d0675,hist_gradient_boosting,raw,mae,39.26460685257859,reconstructed,259,PENDING
C04,FD002,primary,137,C04_FD002_3bf92063fd99_seed_137,outputs/c04_final_hardened_3bf9206,3bf92063fd99e23b7cbdf6a439a2fc4344807710,e8d53874de3a9e6cee27ea4a366a05be6cfc5d832f3239ee0057100eedd595d8,cc4a3cc30f6d650947506e58ecac4d9092453206e15a4303fafc5e639a0b9f83,2ddf7b2703b6fe12d76a1ca1875d3f0ce10bd79e40d1e26ce1e6f010b96d0675,hist_gradient_boosting,raw,signed_error,-4.32370088584912,reconstructed,259,PENDING
C04,FD002,primary,137,C04_FD002_3bf92063fd99_seed_137,outputs/c04_final_hardened_3bf9206,3bf92063fd99e23b7cbdf6a439a2fc4344807710,e8d53874de3a9e6cee27ea4a366a05be6cfc5d832f3239ee0057100eedd595d8,cc4a3cc30f6d650947506e58ecac4d9092453206e15a4303fafc5e639a0b9f83,2ddf7b2703b6fe12d76a1ca1875d3f0ce10bd79e40d1e26ce1e6f010b96d0675,hist_gradient_boosting,raw,nasa_score,79002.11513059238,reconstructed,259,PENDING
C04,FD002,primary,137,C04_FD002_3bf92063fd99_seed_137,outputs/c04_final_hardened_3bf9206,3bf92063fd99e23b7cbdf6a439a2fc4344807710,e8d53874de3a9e6cee27ea4a366a05be6cfc5d832f3239ee0057100eedd595d8,cc4a3cc30f6d650947506e58ecac4d9092453206e15a4303fafc5e639a0b9f83,2ddf7b2703b6fe12d76a1ca1875d3f0ce10bd79e40d1e26ce1e6f010b96d0675,hist_gradient_boosting,clipped,rmse,36.67765607962547,reconstructed,259,PENDING
C04,FD002,primary,137,C04_FD002_3bf92063fd99_seed_137,outputs/c04_final_hardened_3bf9206,3bf92063fd99e23b7cbdf6a439a2fc4344807710,e8d53874de3a9e6cee27ea4a366a05be6cfc5d832f3239ee0057100eedd595d8,cc4a3cc30f6d650947506e58ecac4d9092453206e15a4303fafc5e639a0b9f83,2ddf7b2703b6fe12d76a1ca1875d3f0ce10bd79e40d1e26ce1e6f010b96d0675,hist_gradient_boosting,clipped,mae,31.770398358370095,reconstructed,259,PENDING
C04,FD002,primary,137,C04_FD002_3bf92063fd99_seed_137,outputs/c04_final_hardened_3bf9206,3bf92063fd99e23b7cbdf6a439a2fc4344807710,e8d53874de3a9e6cee27ea4a366a05be6cfc5d832f3239ee0057100eedd595d8,cc4a3cc30f6d650947506e58ecac4d9092453206e15a4303fafc5e639a0b9f83,2ddf7b2703b6fe12d76a1ca1875d3f0ce10bd79e40d1e26ce1e6f010b96d0675,hist_gradient_boosting,clipped,signed_error,3.170507608359375,reconstructed,259,PENDING
C04,FD002,primary,137,C04_FD002_3bf92063fd99_seed_137,outputs/c04_final_hardened_3bf9206,3bf92063fd99e23b7cbdf6a439a2fc4344807710,e8d53874de3a9e6cee27ea4a366a05be6cfc5d832f3239ee0057100eedd595d8,cc4a3cc30f6d650947506e58ecac4d9092453206e15a4303fafc5e639a0b9f83,2ddf7b2703b6fe12d76a1ca1875d3f0ce10bd79e40d1e26ce1e6f010b96d0675,hist_gradient_boosting,clipped,nasa_score,22581.796796049715,reconstructed,259,PENDING
C04,FD003,primary,13,C04_FD003_3bf92063fd99_seed_13,outputs/c04_final_hardened_3bf9206,3bf92063fd99e23b7cbdf6a439a2fc4344807710,d7d3e5652655a1c0d36eba5dc30edd8c2f893c02e7c6b5263f900f73c5851248,eda2a004a817c4a8371c7691ab01efb12de38ec4fc63b09319de3f7b05fc4ba9,d083da3a553ef3538ec922b91f5ef328f1fcf1f575e9997281ba2380b1e3d1b3,mean,raw,rmse,42.5881060153964,reconstructed,100,PENDING
C04,FD003,primary,13,C04_FD003_3bf92063fd99_seed_13,outputs/c04_final_hardened_3bf9206,3bf92063fd99e23b7cbdf6a439a2fc4344807710,d7d3e5652655a1c0d36eba5dc30edd8c2f893c02e7c6b5263f900f73c5851248,eda2a004a817c4a8371c7691ab01efb12de38ec4fc63b09319de3f7b05fc4ba9,d083da3a553ef3538ec922b91f5ef328f1fcf1f575e9997281ba2380b1e3d1b3,mean,raw,mae,36.272745591939554,reconstructed,100,PENDING
C04,FD003,primary,13,C04_FD003_3bf92063fd99_seed_13,outputs/c04_final_hardened_3bf9206,3bf92063fd99e23b7cbdf6a439a2fc4344807710,d7d3e5652655a1c0d36eba5dc30edd8c2f893c02e7c6b5263f900f73c5851248,eda2a004a817c4a8371c7691ab01efb12de38ec4fc63b09319de3f7b05fc4ba9,d083da3a553ef3538ec922b91f5ef328f1fcf1f575e9997281ba2380b1e3d1b3,mean,raw,signed_error,10.00745591939545,reconstructed,100,PENDING
C04,FD003,primary,13,C04_FD003_3bf92063fd99_seed_13,outputs/c04_final_hardened_3bf9206,3bf92063fd99e23b7cbdf6a439a2fc4344807710,d7d3e5652655a1c0d36eba5dc30edd8c2f893c02e7c6b5263f900f73c5851248,eda2a004a817c4a8371c7691ab01efb12de38ec4fc63b09319de3f7b05fc4ba9,d083da3a553ef3538ec922b91f5ef328f1fcf1f575e9997281ba2380b1e3d1b3,mean,raw,nasa_score,27207.95500862659,reconstructed,100,PENDING
C04,FD003,primary,13,C04_FD003_3bf92063fd99_seed_13,outputs/c04_final_hardened_3bf9206,3bf92063fd99e23b7cbdf6a439a2fc4344807710,d7d3e5652655a1c0d36eba5dc30edd8c2f893c02e7c6b5263f900f73c5851248,eda2a004a817c4a8371c7691ab01efb12de38ec4fc63b09319de3f7b05fc4ba9,d083da3a553ef3538ec922b91f5ef328f1fcf1f575e9997281ba2380b1e3d1b3,mean,clipped,rmse,40.83856555325073,reconstructed,100,PENDING
C04,FD003,primary,13,C04_FD003_3bf92063fd99_seed_13,outputs/c04_final_hardened_3bf9206,3bf92063fd99e23b7cbdf6a439a2fc4344807710,d7d3e5652655a1c0d36eba5dc30edd8c2f893c02e7c6b5263f900f73c5851248,eda2a004a817c4a8371c7691ab01efb12de38ec4fc63b09319de3f7b05fc4ba9,d083da3a553ef3538ec922b91f5ef328f1fcf1f575e9997281ba2380b1e3d1b3,mean,clipped,mae,34.71274559193955,reconstructed,100,PENDING
C04,FD003,primary,13,C04_FD003_3bf92063fd99_seed_13,outputs/c04_final_hardened_3bf9206,3bf92063fd99e23b7cbdf6a439a2fc4344807710,d7d3e5652655a1c0d36eba5dc30edd8c2f893c02e7c6b5263f900f73c5851248,eda2a004a817c4a8371c7691ab01efb12de38ec4fc63b09319de3f7b05fc4ba9,d083da3a553ef3538ec922b91f5ef328f1fcf1f575e9997281ba2380b1e3d1b3,mean,clipped,signed_error,11.567455919395455,reconstructed,100,PENDING
C04,FD003,primary,13,C04_FD003_3bf92063fd99_seed_13,outputs/c04_final_hardened_3bf9206,3bf92063fd99e23b7cbdf6a439a2fc4344807710,d7d3e5652655a1c0d36eba5dc30edd8c2f893c02e7c6b5263f900f73c5851248,eda2a004a817c4a8371c7691ab01efb12de38ec4fc63b09319de3f7b05fc4ba9,d083da3a553ef3538ec922b91f5ef328f1fcf1f575e9997281ba2380b1e3d1b3,mean,clipped,nasa_score,26728.67588791434,reconstructed,100,PENDING
C04,FD003,primary,13,C04_FD003_3bf92063fd99_seed_13,outputs/c04_final_hardened_3bf9206,3bf92063fd99e23b7cbdf6a439a2fc4344807710,d7d3e5652655a1c0d36eba5dc30edd8c2f893c02e7c6b5263f900f73c5851248,eda2a004a817c4a8371c7691ab01efb12de38ec4fc63b09319de3f7b05fc4ba9,d083da3a553ef3538ec922b91f5ef328f1fcf1f575e9997281ba2380b1e3d1b3,ridge,raw,rmse,81293841747.95866,reconstructed,100,PENDING
C04,FD003,primary,13,C04_FD003_3bf92063fd99_seed_13,outputs/c04_final_hardened_3bf9206,3bf92063fd99e23b7cbdf6a439a2fc4344807710,d7d3e5652655a1c0d36eba5dc30edd8c2f893c02e7c6b5263f900f73c5851248,eda2a004a817c4a8371c7691ab01efb12de38ec4fc63b09319de3f7b05fc4ba9,d083da3a553ef3538ec922b91f5ef328f1fcf1f575e9997281ba2380b1e3d1b3,ridge,raw,mae,21869022977.88733,reconstructed,100,PENDING
C04,FD003,primary,13,C04_FD003_3bf92063fd99_seed_13,outputs/c04_final_hardened_3bf9206,3bf92063fd99e23b7cbdf6a439a2fc4344807710,d7d3e5652655a1c0d36eba5dc30edd8c2f893c02e7c6b5263f900f73c5851248,eda2a004a817c4a8371c7691ab01efb12de38ec4fc63b09319de3f7b05fc4ba9,d083da3a553ef3538ec922b91f5ef328f1fcf1f575e9997281ba2380b1e3d1b3,ridge,raw,signed_error,-17080509143.380892,reconstructed,100,PENDING
C04,FD003,primary,13,C04_FD003_3bf92063fd99_seed_13,outputs/c04_final_hardened_3bf9206,3bf92063fd99e23b7cbdf6a439a2fc4344807710,d7d3e5652655a1c0d36eba5dc30edd8c2f893c02e7c6b5263f900f73c5851248,eda2a004a817c4a8371c7691ab01efb12de38ec4fc63b09319de3f7b05fc4ba9,d083da3a553ef3538ec922b91f5ef328f1fcf1f575e9997281ba2380b1e3d1b3,ridge,raw,nasa_score,PENDING,nonfinite_on_raw_support,100,PENDING
C04,FD003,primary,13,C04_FD003_3bf92063fd99_seed_13,outputs/c04_final_hardened_3bf9206,3bf92063fd99e23b7cbdf6a439a2fc4344807710,d7d3e5652655a1c0d36eba5dc30edd8c2f893c02e7c6b5263f900f73c5851248,eda2a004a817c4a8371c7691ab01efb12de38ec4fc63b09319de3f7b05fc4ba9,d083da3a553ef3538ec922b91f5ef328f1fcf1f575e9997281ba2380b1e3d1b3,ridge,clipped,rmse,46.43079390479501,reconstructed,100,PENDING
C04,FD003,primary,13,C04_FD003_3bf92063fd99_seed_13,outputs/c04_final_hardened_3bf9206,3bf92063fd99e23b7cbdf6a439a2fc4344807710,d7d3e5652655a1c0d36eba5dc30edd8c2f893c02e7c6b5263f900f73c5851248,eda2a004a817c4a8371c7691ab01efb12de38ec4fc63b09319de3f7b05fc4ba9,d083da3a553ef3538ec922b91f5ef328f1fcf1f575e9997281ba2380b1e3d1b3,ridge,clipped,mae,32.44127416083114,reconstructed,100,PENDING
C04,FD003,primary,13,C04_FD003_3bf92063fd99_seed_13,outputs/c04_final_hardened_3bf9206,3bf92063fd99e23b7cbdf6a439a2fc4344807710,d7d3e5652655a1c0d36eba5dc30edd8c2f893c02e7c6b5263f900f73c5851248,eda2a004a817c4a8371c7691ab01efb12de38ec4fc63b09319de3f7b05fc4ba9,d083da3a553ef3538ec922b91f5ef328f1fcf1f575e9997281ba2380b1e3d1b3,ridge,clipped,signed_error,5.877361243049471,reconstructed,100,PENDING
C04,FD003,primary,13,C04_FD003_3bf92063fd99_seed_13,outputs/c04_final_hardened_3bf9206,3bf92063fd99e23b7cbdf6a439a2fc4344807710,d7d3e5652655a1c0d36eba5dc30edd8c2f893c02e7c6b5263f900f73c5851248,eda2a004a817c4a8371c7691ab01efb12de38ec4fc63b09319de3f7b05fc4ba9,d083da3a553ef3538ec922b91f5ef328f1fcf1f575e9997281ba2380b1e3d1b3,ridge,clipped,nasa_score,868752.2778693407,reconstructed,100,PENDING
C04,FD003,primary,13,C04_FD003_3bf92063fd99_seed_13,outputs/c04_final_hardened_3bf9206,3bf92063fd99e23b7cbdf6a439a2fc4344807710,d7d3e5652655a1c0d36eba5dc30edd8c2f893c02e7c6b5263f900f73c5851248,eda2a004a817c4a8371c7691ab01efb12de38ec4fc63b09319de3f7b05fc4ba9,d083da3a553ef3538ec922b91f5ef328f1fcf1f575e9997281ba2380b1e3d1b3,hist_gradient_boosting,raw,rmse,24.00994369486756,reconstructed,100,PENDING
C04,FD003,primary,13,C04_FD003_3bf92063fd99_seed_13,outputs/c04_final_hardened_3bf9206,3bf92063fd99e23b7cbdf6a439a2fc4344807710,d7d3e5652655a1c0d36eba5dc30edd8c2f893c02e7c6b5263f900f73c5851248,eda2a004a817c4a8371c7691ab01efb12de38ec4fc63b09319de3f7b05fc4ba9,d083da3a553ef3538ec922b91f5ef328f1fcf1f575e9997281ba2380b1e3d1b3,hist_gradient_boosting,raw,mae,18.825898520119434,reconstructed,100,PENDING
C04,FD003,primary,13,C04_FD003_3bf92063fd99_seed_13,outputs/c04_final_hardened_3bf9206,3bf92063fd99e23b7cbdf6a439a2fc4344807710,d7d3e5652655a1c0d36eba5dc30edd8c2f893c02e7c6b5263f900f73c5851248,eda2a004a817c4a8371c7691ab01efb12de38ec4fc63b09319de3f7b05fc4ba9,d083da3a553ef3538ec922b91f5ef328f1fcf1f575e9997281ba2380b1e3d1b3,hist_gradient_boosting,raw,signed_error,7.3888736507115,reconstructed,100,PENDING
C04,FD003,primary,13,C04_FD003_3bf92063fd99_seed_13,outputs/c04_final_hardened_3bf9206,3bf92063fd99e23b7cbdf6a439a2fc4344807710,d7d3e5652655a1c0d36eba5dc30edd8c2f893c02e7c6b5263f900f73c5851248,eda2a004a817c4a8371c7691ab01efb12de38ec4fc63b09319de3f7b05fc4ba9,d083da3a553ef3538ec922b91f5ef328f1fcf1f575e9997281ba2380b1e3d1b3,hist_gradient_boosting,raw,nasa_score,1996.674127932777,reconstructed,100,PENDING
C04,FD003,primary,13,C04_FD003_3bf92063fd99_seed_13,outputs/c04_final_hardened_3bf9206,3bf92063fd99e23b7cbdf6a439a2fc4344807710,d7d3e5652655a1c0d36eba5dc30edd8c2f893c02e7c6b5263f900f73c5851248,eda2a004a817c4a8371c7691ab01efb12de38ec4fc63b09319de3f7b05fc4ba9,d083da3a553ef3538ec922b91f5ef328f1fcf1f575e9997281ba2380b1e3d1b3,hist_gradient_boosting,clipped,rmse,22.642123409235335,reconstructed,100,PENDING
C04,FD003,primary,13,C04_FD003_3bf92063fd99_seed_13,outputs/c04_final_hardened_3bf9206,3bf92063fd99e23b7cbdf6a439a2fc4344807710,d7d3e5652655a1c0d36eba5dc30edd8c2f893c02e7c6b5263f900f73c5851248,eda2a004a817c4a8371c7691ab01efb12de38ec4fc63b09319de3f7b05fc4ba9,d083da3a553ef3538ec922b91f5ef328f1fcf1f575e9997281ba2380b1e3d1b3,hist_gradient_boosting,clipped,mae,17.265898520119435,reconstructed,100,PENDING
C04,FD003,primary,13,C04_FD003_3bf92063fd99_seed_13,outputs/c04_final_hardened_3bf9206,3bf92063fd99e23b7cbdf6a439a2fc4344807710,d7d3e5652655a1c0d36eba5dc30edd8c2f893c02e7c6b5263f900f73c5851248,eda2a004a817c4a8371c7691ab01efb12de38ec4fc63b09319de3f7b05fc4ba9,d083da3a553ef3538ec922b91f5ef328f1fcf1f575e9997281ba2380b1e3d1b3,hist_gradient_boosting,clipped,signed_error,8.948873650711498,reconstructed,100,PENDING
C04,FD003,primary,13,C04_FD003_3bf92063fd99_seed_13,outputs/c04_final_hardened_3bf9206,3bf92063fd99e23b7cbdf6a439a2fc4344807710,d7d3e5652655a1c0d36eba5dc30edd8c2f893c02e7c6b5263f900f73c5851248,eda2a004a817c4a8371c7691ab01efb12de38ec4fc63b09319de3f7b05fc4ba9,d083da3a553ef3538ec922b91f5ef328f1fcf1f575e9997281ba2380b1e3d1b3,hist_gradient_boosting,clipped,nasa_score,1922.736005115495,reconstructed,100,PENDING
C04,FD003,primary,37,C04_FD003_3bf92063fd99_seed_37,outputs/c04_final_hardened_3bf9206,3bf92063fd99e23b7cbdf6a439a2fc4344807710,c52a53204a7de7c78a8448790722f53ec980c1e4e4fce78c47732a315ea0edc1,2b5c5235b6458f28f000f42263d71511eb065aeb2d3d2aca833f6ffeac40511c,c94992a374183d4462077ac486200913e237c834e76e6e651029b90ef9a94210,mean,raw,rmse,43.145279138509665,reconstructed,100,PENDING
C04,FD003,primary,37,C04_FD003_3bf92063fd99_seed_37,outputs/c04_final_hardened_3bf9206,3bf92063fd99e23b7cbdf6a439a2fc4344807710,c52a53204a7de7c78a8448790722f53ec980c1e4e4fce78c47732a315ea0edc1,2b5c5235b6458f28f000f42263d71511eb065aeb2d3d2aca833f6ffeac40511c,c94992a374183d4462077ac486200913e237c834e76e6e651029b90ef9a94210,mean,raw,mae,36.556426869938065,reconstructed,100,PENDING
C04,FD003,primary,37,C04_FD003_3bf92063fd99_seed_37,outputs/c04_final_hardened_3bf9206,3bf92063fd99e23b7cbdf6a439a2fc4344807710,c52a53204a7de7c78a8448790722f53ec980c1e4e4fce78c47732a315ea0edc1,2b5c5235b6458f28f000f42263d71511eb065aeb2d3d2aca833f6ffeac40511c,c94992a374183d4462077ac486200913e237c834e76e6e651029b90ef9a94210,mean,raw,signed_error,12.162134349690339,reconstructed,100,PENDING
C04,FD003,primary,37,C04_FD003_3bf92063fd99_seed_37,outputs/c04_final_hardened_3bf9206,3bf92063fd99e23b7cbdf6a439a2fc4344807710,c52a53204a7de7c78a8448790722f53ec980c1e4e4fce78c47732a315ea0edc1,2b5c5235b6458f28f000f42263d71511eb065aeb2d3d2aca833f6ffeac40511c,c94992a374183d4462077ac486200913e237c834e76e6e651029b90ef9a94210,mean,raw,nasa_score,33384.151333184076,reconstructed,100,PENDING
C04,FD003,primary,37,C04_FD003_3bf92063fd99_seed_37,outputs/c04_final_hardened_3bf9206,3bf92063fd99e23b7cbdf6a439a2fc4344807710,c52a53204a7de7c78a8448790722f53ec980c1e4e4fce78c47732a315ea0edc1,2b5c5235b6458f28f000f42263d71511eb065aeb2d3d2aca833f6ffeac40511c,c94992a374183d4462077ac486200913e237c834e76e6e651029b90ef9a94210,mean,clipped,rmse,41.50035386729794,reconstructed,100,PENDING
C04,FD003,primary,37,C04_FD003_3bf92063fd99_seed_37,outputs/c04_final_hardened_3bf9206,3bf92063fd99e23b7cbdf6a439a2fc4344807710,c52a53204a7de7c78a8448790722f53ec980c1e4e4fce78c47732a315ea0edc1,2b5c5235b6458f28f000f42263d71511eb065aeb2d3d2aca833f6ffeac40511c,c94992a374183d4462077ac486200913e237c834e76e6e651029b90ef9a94210,mean,clipped,mae,34.99642686993806,reconstructed,100,PENDING
C04,FD003,primary,37,C04_FD003_3bf92063fd99_seed_37,outputs/c04_final_hardened_3bf9206,3bf92063fd99e23b7cbdf6a439a2fc4344807710,c52a53204a7de7c78a8448790722f53ec980c1e4e4fce78c47732a315ea0edc1,2b5c5235b6458f28f000f42263d71511eb065aeb2d3d2aca833f6ffeac40511c,c94992a374183d4462077ac486200913e237c834e76e6e651029b90ef9a94210,mean,clipped,signed_error,13.72213434969034,reconstructed,100,PENDING
C04,FD003,primary,37,C04_FD003_3bf92063fd99_seed_37,outputs/c04_final_hardened_3bf9206,3bf92063fd99e23b7cbdf6a439a2fc4344807710,c52a53204a7de7c78a8448790722f53ec980c1e4e4fce78c47732a315ea0edc1,2b5c5235b6458f28f000f42263d71511eb065aeb2d3d2aca833f6ffeac40511c,c94992a374183d4462077ac486200913e237c834e76e6e651029b90ef9a94210,mean,clipped,nasa_score,32978.076017692474,reconstructed,100,PENDING
C04,FD003,primary,37,C04_FD003_3bf92063fd99_seed_37,outputs/c04_final_hardened_3bf9206,3bf92063fd99e23b7cbdf6a439a2fc4344807710,c52a53204a7de7c78a8448790722f53ec980c1e4e4fce78c47732a315ea0edc1,2b5c5235b6458f28f000f42263d71511eb065aeb2d3d2aca833f6ffeac40511c,c94992a374183d4462077ac486200913e237c834e76e6e651029b90ef9a94210,ridge,raw,rmse,99195816772.07375,reconstructed,100,PENDING
C04,FD003,primary,37,C04_FD003_3bf92063fd99_seed_37,outputs/c04_final_hardened_3bf9206,3bf92063fd99e23b7cbdf6a439a2fc4344807710,c52a53204a7de7c78a8448790722f53ec980c1e4e4fce78c47732a315ea0edc1,2b5c5235b6458f28f000f42263d71511eb065aeb2d3d2aca833f6ffeac40511c,c94992a374183d4462077ac486200913e237c834e76e6e651029b90ef9a94210,ridge,raw,mae,27377620897.530052,reconstructed,100,PENDING
C04,FD003,primary,37,C04_FD003_3bf92063fd99_seed_37,outputs/c04_final_hardened_3bf9206,3bf92063fd99e23b7cbdf6a439a2fc4344807710,c52a53204a7de7c78a8448790722f53ec980c1e4e4fce78c47732a315ea0edc1,2b5c5235b6458f28f000f42263d71511eb065aeb2d3d2aca833f6ffeac40511c,c94992a374183d4462077ac486200913e237c834e76e6e651029b90ef9a94210,ridge,raw,signed_error,-24626499632.472095,reconstructed,100,PENDING
C04,FD003,primary,37,C04_FD003_3bf92063fd99_seed_37,outputs/c04_final_hardened_3bf9206,3bf92063fd99e23b7cbdf6a439a2fc4344807710,c52a53204a7de7c78a8448790722f53ec980c1e4e4fce78c47732a315ea0edc1,2b5c5235b6458f28f000f42263d71511eb065aeb2d3d2aca833f6ffeac40511c,c94992a374183d4462077ac486200913e237c834e76e6e651029b90ef9a94210,ridge,raw,nasa_score,PENDING,nonfinite_on_raw_support,100,PENDING
C04,FD003,primary,37,C04_FD003_3bf92063fd99_seed_37,outputs/c04_final_hardened_3bf9206,3bf92063fd99e23b7cbdf6a439a2fc4344807710,c52a53204a7de7c78a8448790722f53ec980c1e4e4fce78c47732a315ea0edc1,2b5c5235b6458f28f000f42263d71511eb065aeb2d3d2aca833f6ffeac40511c,c94992a374183d4462077ac486200913e237c834e76e6e651029b90ef9a94210,ridge,clipped,rmse,47.505648243958966,reconstructed,100,PENDING
C04,FD003,primary,37,C04_FD003_3bf92063fd99_seed_37,outputs/c04_final_hardened_3bf9206,3bf92063fd99e23b7cbdf6a439a2fc4344807710,c52a53204a7de7c78a8448790722f53ec980c1e4e4fce78c47732a315ea0edc1,2b5c5235b6458f28f000f42263d71511eb065aeb2d3d2aca833f6ffeac40511c,c94992a374183d4462077ac486200913e237c834e76e6e651029b90ef9a94210,ridge,clipped,mae,33.113268509920374,reconstructed,100,PENDING
C04,FD003,primary,37,C04_FD003_3bf92063fd99_seed_37,outputs/c04_final_hardened_3bf9206,3bf92063fd99e23b7cbdf6a439a2fc4344807710,c52a53204a7de7c78a8448790722f53ec980c1e4e4fce78c47732a315ea0edc1,2b5c5235b6458f28f000f42263d71511eb065aeb2d3d2aca833f6ffeac40511c,c94992a374183d4462077ac486200913e237c834e76e6e651029b90ef9a94210,ridge,clipped,signed_error,8.398667377625456,reconstructed,100,PENDING
C04,FD003,primary,37,C04_FD003_3bf92063fd99_seed_37,outputs/c04_final_hardened_3bf9206,3bf92063fd99e23b7cbdf6a439a2fc4344807710,c52a53204a7de7c78a8448790722f53ec980c1e4e4fce78c47732a315ea0edc1,2b5c5235b6458f28f000f42263d71511eb065aeb2d3d2aca833f6ffeac40511c,c94992a374183d4462077ac486200913e237c834e76e6e651029b90ef9a94210,ridge,clipped,nasa_score,882484.4155347488,reconstructed,100,PENDING
C04,FD003,primary,37,C04_FD003_3bf92063fd99_seed_37,outputs/c04_final_hardened_3bf9206,3bf92063fd99e23b7cbdf6a439a2fc4344807710,c52a53204a7de7c78a8448790722f53ec980c1e4e4fce78c47732a315ea0edc1,2b5c5235b6458f28f000f42263d71511eb065aeb2d3d2aca833f6ffeac40511c,c94992a374183d4462077ac486200913e237c834e76e6e651029b90ef9a94210,hist_gradient_boosting,raw,rmse,23.406070765420864,reconstructed,100,PENDING
C04,FD003,primary,37,C04_FD003_3bf92063fd99_seed_37,outputs/c04_final_hardened_3bf9206,3bf92063fd99e23b7cbdf6a439a2fc4344807710,c52a53204a7de7c78a8448790722f53ec980c1e4e4fce78c47732a315ea0edc1,2b5c5235b6458f28f000f42263d71511eb065aeb2d3d2aca833f6ffeac40511c,c94992a374183d4462077ac486200913e237c834e76e6e651029b90ef9a94210,hist_gradient_boosting,raw,mae,18.883364582653158,reconstructed,100,PENDING
C04,FD003,primary,37,C04_FD003_3bf92063fd99_seed_37,outputs/c04_final_hardened_3bf9206,3bf92063fd99e23b7cbdf6a439a2fc4344807710,c52a53204a7de7c78a8448790722f53ec980c1e4e4fce78c47732a315ea0edc1,2b5c5235b6458f28f000f42263d71511eb065aeb2d3d2aca833f6ffeac40511c,c94992a374183d4462077ac486200913e237c834e76e6e651029b90ef9a94210,hist_gradient_boosting,raw,signed_error,10.210953862752168,reconstructed,100,PENDING
C04,FD003,primary,37,C04_FD003_3bf92063fd99_seed_37,outputs/c04_final_hardened_3bf9206,3bf92063fd99e23b7cbdf6a439a2fc4344807710,c52a53204a7de7c78a8448790722f53ec980c1e4e4fce78c47732a315ea0edc1,2b5c5235b6458f28f000f42263d71511eb065aeb2d3d2aca833f6ffeac40511c,c94992a374183d4462077ac486200913e237c834e76e6e651029b90ef9a94210,hist_gradient_boosting,raw,nasa_score,1621.2532812245938,reconstructed,100,PENDING
C04,FD003,primary,37,C04_FD003_3bf92063fd99_seed_37,outputs/c04_final_hardened_3bf9206,3bf92063fd99e23b7cbdf6a439a2fc4344807710,c52a53204a7de7c78a8448790722f53ec980c1e4e4fce78c47732a315ea0edc1,2b5c5235b6458f28f000f42263d71511eb065aeb2d3d2aca833f6ffeac40511c,c94992a374183d4462077ac486200913e237c834e76e6e651029b90ef9a94210,hist_gradient_boosting,clipped,rmse,22.28721846827504,reconstructed,100,PENDING
C04,FD003,primary,37,C04_FD003_3bf92063fd99_seed_37,outputs/c04_final_hardened_3bf9206,3bf92063fd99e23b7cbdf6a439a2fc4344807710,c52a53204a7de7c78a8448790722f53ec980c1e4e4fce78c47732a315ea0edc1,2b5c5235b6458f28f000f42263d71511eb065aeb2d3d2aca833f6ffeac40511c,c94992a374183d4462077ac486200913e237c834e76e6e651029b90ef9a94210,hist_gradient_boosting,clipped,mae,17.32336458265316,reconstructed,100,PENDING
C04,FD003,primary,37,C04_FD003_3bf92063fd99_seed_37,outputs/c04_final_hardened_3bf9206,3bf92063fd99e23b7cbdf6a439a2fc4344807710,c52a53204a7de7c78a8448790722f53ec980c1e4e4fce78c47732a315ea0edc1,2b5c5235b6458f28f000f42263d71511eb065aeb2d3d2aca833f6ffeac40511c,c94992a374183d4462077ac486200913e237c834e76e6e651029b90ef9a94210,hist_gradient_boosting,clipped,signed_error,11.770953862752162,reconstructed,100,PENDING
C04,FD003,primary,37,C04_FD003_3bf92063fd99_seed_37,outputs/c04_final_hardened_3bf9206,3bf92063fd99e23b7cbdf6a439a2fc4344807710,c52a53204a7de7c78a8448790722f53ec980c1e4e4fce78c47732a315ea0edc1,2b5c5235b6458f28f000f42263d71511eb065aeb2d3d2aca833f6ffeac40511c,c94992a374183d4462077ac486200913e237c834e76e6e651029b90ef9a94210,hist_gradient_boosting,clipped,nasa_score,1570.243276279877,reconstructed,100,PENDING
C04,FD003,primary,73,C04_FD003_3bf92063fd99_seed_73,outputs/c04_final_hardened_3bf9206,3bf92063fd99e23b7cbdf6a439a2fc4344807710,3f09d3d00b4955dc54138f3732d7535701d6d555398521e5c0eaee9557389313,6bde5d574d85f9c7fad6cae8b5a1db1fdc18a546cd023bc8540ae7a47b314560,37211b4a5991690139974d2a0cd8f491c5489e7644bb9836ffc9ddab558ee11d,mean,raw,rmse,42.8896459331533,reconstructed,100,PENDING
C04,FD003,primary,73,C04_FD003_3bf92063fd99_seed_73,outputs/c04_final_hardened_3bf9206,3bf92063fd99e23b7cbdf6a439a2fc4344807710,3f09d3d00b4955dc54138f3732d7535701d6d555398521e5c0eaee9557389313,6bde5d574d85f9c7fad6cae8b5a1db1fdc18a546cd023bc8540ae7a47b314560,37211b4a5991690139974d2a0cd8f491c5489e7644bb9836ffc9ddab558ee11d,mean,raw,mae,36.40499104671984,reconstructed,100,PENDING
C04,FD003,primary,73,C04_FD003_3bf92063fd99_seed_73,outputs/c04_final_hardened_3bf9206,3bf92063fd99e23b7cbdf6a439a2fc4344807710,3f09d3d00b4955dc54138f3732d7535701d6d555398521e5c0eaee9557389313,6bde5d574d85f9c7fad6cae8b5a1db1fdc18a546cd023bc8540ae7a47b314560,37211b4a5991690139974d2a0cd8f491c5489e7644bb9836ffc9ddab558ee11d,mean,raw,signed_error,11.221592055998691,reconstructed,100,PENDING
C04,FD003,primary,73,C04_FD003_3bf92063fd99_seed_73,outputs/c04_final_hardened_3bf9206,3bf92063fd99e23b7cbdf6a439a2fc4344807710,3f09d3d00b4955dc54138f3732d7535701d6d555398521e5c0eaee9557389313,6bde5d574d85f9c7fad6cae8b5a1db1fdc18a546cd023bc8540ae7a47b314560,37211b4a5991690139974d2a0cd8f491c5489e7644bb9836ffc9ddab558ee11d,mean,raw,nasa_score,30516.571875862144,reconstructed,100,PENDING
C04,FD003,primary,73,C04_FD003_3bf92063fd99_seed_73,outputs/c04_final_hardened_3bf9206,3bf92063fd99e23b7cbdf6a439a2fc4344807710,3f09d3d00b4955dc54138f3732d7535701d6d555398521e5c0eaee9557389313,6bde5d574d85f9c7fad6cae8b5a1db1fdc18a546cd023bc8540ae7a47b314560,37211b4a5991690139974d2a0cd8f491c5489e7644bb9836ffc9ddab558ee11d,mean,clipped,rmse,41.19892590209081,reconstructed,100,PENDING
C04,FD003,primary,73,C04_FD003_3bf92063fd99_seed_73,outputs/c04_final_hardened_3bf9206,3bf92063fd99e23b7cbdf6a439a2fc4344807710,3f09d3d00b4955dc54138f3732d7535701d6d555398521e5c0eaee9557389313,6bde5d574d85f9c7fad6cae8b5a1db1fdc18a546cd023bc8540ae7a47b314560,37211b4a5991690139974d2a0cd8f491c5489e7644bb9836ffc9ddab558ee11d,mean,clipped,mae,34.84499104671984,reconstructed,100,PENDING
C04,FD003,primary,73,C04_FD003_3bf92063fd99_seed_73,outputs/c04_final_hardened_3bf9206,3bf92063fd99e23b7cbdf6a439a2fc4344807710,3f09d3d00b4955dc54138f3732d7535701d6d555398521e5c0eaee9557389313,6bde5d574d85f9c7fad6cae8b5a1db1fdc18a546cd023bc8540ae7a47b314560,37211b4a5991690139974d2a0cd8f491c5489e7644bb9836ffc9ddab558ee11d,mean,clipped,signed_error,12.781592055998694,reconstructed,100,PENDING
C04,FD003,primary,73,C04_FD003_3bf92063fd99_seed_73,outputs/c04_final_hardened_3bf9206,3bf92063fd99e23b7cbdf6a439a2fc4344807710,3f09d3d00b4955dc54138f3732d7535701d6d555398521e5c0eaee9557389313,6bde5d574d85f9c7fad6cae8b5a1db1fdc18a546cd023bc8540ae7a47b314560,37211b4a5991690139974d2a0cd8f491c5489e7644bb9836ffc9ddab558ee11d,mean,clipped,nasa_score,30080.02836317186,reconstructed,100,PENDING
C04,FD003,primary,73,C04_FD003_3bf92063fd99_seed_73,outputs/c04_final_hardened_3bf9206,3bf92063fd99e23b7cbdf6a439a2fc4344807710,3f09d3d00b4955dc54138f3732d7535701d6d555398521e5c0eaee9557389313,6bde5d574d85f9c7fad6cae8b5a1db1fdc18a546cd023bc8540ae7a47b314560,37211b4a5991690139974d2a0cd8f491c5489e7644bb9836ffc9ddab558ee11d,ridge,raw,rmse,108113314314.06892,reconstructed,100,PENDING
C04,FD003,primary,73,C04_FD003_3bf92063fd99_seed_73,outputs/c04_final_hardened_3bf9206,3bf92063fd99e23b7cbdf6a439a2fc4344807710,3f09d3d00b4955dc54138f3732d7535701d6d555398521e5c0eaee9557389313,6bde5d574d85f9c7fad6cae8b5a1db1fdc18a546cd023bc8540ae7a47b314560,37211b4a5991690139974d2a0cd8f491c5489e7644bb9836ffc9ddab558ee11d,ridge,raw,mae,29988438398.67081,reconstructed,100,PENDING
C04,FD003,primary,73,C04_FD003_3bf92063fd99_seed_73,outputs/c04_final_hardened_3bf9206,3bf92063fd99e23b7cbdf6a439a2fc4344807710,3f09d3d00b4955dc54138f3732d7535701d6d555398521e5c0eaee9557389313,6bde5d574d85f9c7fad6cae8b5a1db1fdc18a546cd023bc8540ae7a47b314560,37211b4a5991690139974d2a0cd8f491c5489e7644bb9836ffc9ddab558ee11d,ridge,raw,signed_error,-26652108337.260387,reconstructed,100,PENDING
C04,FD003,primary,73,C04_FD003_3bf92063fd99_seed_73,outputs/c04_final_hardened_3bf9206,3bf92063fd99e23b7cbdf6a439a2fc4344807710,3f09d3d00b4955dc54138f3732d7535701d6d555398521e5c0eaee9557389313,6bde5d574d85f9c7fad6cae8b5a1db1fdc18a546cd023bc8540ae7a47b314560,37211b4a5991690139974d2a0cd8f491c5489e7644bb9836ffc9ddab558ee11d,ridge,raw,nasa_score,PENDING,nonfinite_on_raw_support,100,PENDING
C04,FD003,primary,73,C04_FD003_3bf92063fd99_seed_73,outputs/c04_final_hardened_3bf9206,3bf92063fd99e23b7cbdf6a439a2fc4344807710,3f09d3d00b4955dc54138f3732d7535701d6d555398521e5c0eaee9557389313,6bde5d574d85f9c7fad6cae8b5a1db1fdc18a546cd023bc8540ae7a47b314560,37211b4a5991690139974d2a0cd8f491c5489e7644bb9836ffc9ddab558ee11d,ridge,clipped,rmse,48.66807728437431,reconstructed,100,PENDING
C04,FD003,primary,73,C04_FD003_3bf92063fd99_seed_73,outputs/c04_final_hardened_3bf9206,3bf92063fd99e23b7cbdf6a439a2fc4344807710,3f09d3d00b4955dc54138f3732d7535701d6d555398521e5c0eaee9557389313,6bde5d574d85f9c7fad6cae8b5a1db1fdc18a546cd023bc8540ae7a47b314560,37211b4a5991690139974d2a0cd8f491c5489e7644bb9836ffc9ddab558ee11d,ridge,clipped,mae,33.64236145179868,reconstructed,100,PENDING
C04,FD003,primary,73,C04_FD003_3bf92063fd99_seed_73,outputs/c04_final_hardened_3bf9206,3bf92063fd99e23b7cbdf6a439a2fc4344807710,3f09d3d00b4955dc54138f3732d7535701d6d555398521e5c0eaee9557389313,6bde5d574d85f9c7fad6cae8b5a1db1fdc18a546cd023bc8540ae7a47b314560,37211b4a5991690139974d2a0cd8f491c5489e7644bb9836ffc9ddab558ee11d,ridge,clipped,signed_error,6.682213229494416,reconstructed,100,PENDING
C04,FD003,primary,73,C04_FD003_3bf92063fd99_seed_73,outputs/c04_final_hardened_3bf9206,3bf92063fd99e23b7cbdf6a439a2fc4344807710,3f09d3d00b4955dc54138f3732d7535701d6d555398521e5c0eaee9557389313,6bde5d574d85f9c7fad6cae8b5a1db1fdc18a546cd023bc8540ae7a47b314560,37211b4a5991690139974d2a0cd8f491c5489e7644bb9836ffc9ddab558ee11d,ridge,clipped,nasa_score,885380.4170491367,reconstructed,100,PENDING
C04,FD003,primary,73,C04_FD003_3bf92063fd99_seed_73,outputs/c04_final_hardened_3bf9206,3bf92063fd99e23b7cbdf6a439a2fc4344807710,3f09d3d00b4955dc54138f3732d7535701d6d555398521e5c0eaee9557389313,6bde5d574d85f9c7fad6cae8b5a1db1fdc18a546cd023bc8540ae7a47b314560,37211b4a5991690139974d2a0cd8f491c5489e7644bb9836ffc9ddab558ee11d,hist_gradient_boosting,raw,rmse,23.321075261944713,reconstructed,100,PENDING
C04,FD003,primary,73,C04_FD003_3bf92063fd99_seed_73,outputs/c04_final_hardened_3bf9206,3bf92063fd99e23b7cbdf6a439a2fc4344807710,3f09d3d00b4955dc54138f3732d7535701d6d555398521e5c0eaee9557389313,6bde5d574d85f9c7fad6cae8b5a1db1fdc18a546cd023bc8540ae7a47b314560,37211b4a5991690139974d2a0cd8f491c5489e7644bb9836ffc9ddab558ee11d,hist_gradient_boosting,raw,mae,18.888839266098714,reconstructed,100,PENDING
C04,FD003,primary,73,C04_FD003_3bf92063fd99_seed_73,outputs/c04_final_hardened_3bf9206,3bf92063fd99e23b7cbdf6a439a2fc4344807710,3f09d3d00b4955dc54138f3732d7535701d6d555398521e5c0eaee9557389313,6bde5d574d85f9c7fad6cae8b5a1db1fdc18a546cd023bc8540ae7a47b314560,37211b4a5991690139974d2a0cd8f491c5489e7644bb9836ffc9ddab558ee11d,hist_gradient_boosting,raw,signed_error,7.5767657834431335,reconstructed,100,PENDING
C04,FD003,primary,73,C04_FD003_3bf92063fd99_seed_73,outputs/c04_final_hardened_3bf9206,3bf92063fd99e23b7cbdf6a439a2fc4344807710,3f09d3d00b4955dc54138f3732d7535701d6d555398521e5c0eaee9557389313,6bde5d574d85f9c7fad6cae8b5a1db1fdc18a546cd023bc8540ae7a47b314560,37211b4a5991690139974d2a0cd8f491c5489e7644bb9836ffc9ddab558ee11d,hist_gradient_boosting,raw,nasa_score,1468.6736489656548,reconstructed,100,PENDING
C04,FD003,primary,73,C04_FD003_3bf92063fd99_seed_73,outputs/c04_final_hardened_3bf9206,3bf92063fd99e23b7cbdf6a439a2fc4344807710,3f09d3d00b4955dc54138f3732d7535701d6d555398521e5c0eaee9557389313,6bde5d574d85f9c7fad6cae8b5a1db1fdc18a546cd023bc8540ae7a47b314560,37211b4a5991690139974d2a0cd8f491c5489e7644bb9836ffc9ddab558ee11d,hist_gradient_boosting,clipped,rmse,21.982808581882498,reconstructed,100,PENDING
C04,FD003,primary,73,C04_FD003_3bf92063fd99_seed_73,outputs/c04_final_hardened_3bf9206,3bf92063fd99e23b7cbdf6a439a2fc4344807710,3f09d3d00b4955dc54138f3732d7535701d6d555398521e5c0eaee9557389313,6bde5d574d85f9c7fad6cae8b5a1db1fdc18a546cd023bc8540ae7a47b314560,37211b4a5991690139974d2a0cd8f491c5489e7644bb9836ffc9ddab558ee11d,hist_gradient_boosting,clipped,mae,17.32883926609871,reconstructed,100,PENDING
C04,FD003,primary,73,C04_FD003_3bf92063fd99_seed_73,outputs/c04_final_hardened_3bf9206,3bf92063fd99e23b7cbdf6a439a2fc4344807710,3f09d3d00b4955dc54138f3732d7535701d6d555398521e5c0eaee9557389313,6bde5d574d85f9c7fad6cae8b5a1db1fdc18a546cd023bc8540ae7a47b314560,37211b4a5991690139974d2a0cd8f491c5489e7644bb9836ffc9ddab558ee11d,hist_gradient_boosting,clipped,signed_error,9.136765783443133,reconstructed,100,PENDING
C04,FD003,primary,73,C04_FD003_3bf92063fd99_seed_73,outputs/c04_final_hardened_3bf9206,3bf92063fd99e23b7cbdf6a439a2fc4344807710,3f09d3d00b4955dc54138f3732d7535701d6d555398521e5c0eaee9557389313,6bde5d574d85f9c7fad6cae8b5a1db1fdc18a546cd023bc8540ae7a47b314560,37211b4a5991690139974d2a0cd8f491c5489e7644bb9836ffc9ddab558ee11d,hist_gradient_boosting,clipped,nasa_score,1392.945975780299,reconstructed,100,PENDING
C04,FD003,primary,101,C04_FD003_3bf92063fd99_seed_101,outputs/c04_final_hardened_3bf9206,3bf92063fd99e23b7cbdf6a439a2fc4344807710,a280b2375c32fd5e565408e82f529d5f5936d1822d8eebbb74a330fb5d20b0fc,2d5f60577c95db86f59ce6c0a7abdaa20af3e7a9a758ea06f434db730dedc6d4,f3e22720eca0168d56c8b6914d6b2c4655f85c9e5e06641fd8336a18ff9706de,mean,raw,rmse,42.94057331147549,reconstructed,100,PENDING
C04,FD003,primary,101,C04_FD003_3bf92063fd99_seed_101,outputs/c04_final_hardened_3bf9206,3bf92063fd99e23b7cbdf6a439a2fc4344807710,a280b2375c32fd5e565408e82f529d5f5936d1822d8eebbb74a330fb5d20b0fc,2d5f60577c95db86f59ce6c0a7abdaa20af3e7a9a758ea06f434db730dedc6d4,f3e22720eca0168d56c8b6914d6b2c4655f85c9e5e06641fd8336a18ff9706de,mean,raw,mae,36.42816326530612,reconstructed,100,PENDING
C04,FD003,primary,101,C04_FD003_3bf92063fd99_seed_101,outputs/c04_final_hardened_3bf9206,3bf92063fd99e23b7cbdf6a439a2fc4344807710,a280b2375c32fd5e565408e82f529d5f5936d1822d8eebbb74a330fb5d20b0fc,2d5f60577c95db86f59ce6c0a7abdaa20af3e7a9a758ea06f434db730dedc6d4,f3e22720eca0168d56c8b6914d6b2c4655f85c9e5e06641fd8336a18ff9706de,mean,raw,signed_error,11.414693877551038,reconstructed,100,PENDING
C04,FD003,primary,101,C04_FD003_3bf92063fd99_seed_101,outputs/c04_final_hardened_3bf9206,3bf92063fd99e23b7cbdf6a439a2fc4344807710,a280b2375c32fd5e565408e82f529d5f5936d1822d8eebbb74a330fb5d20b0fc,2d5f60577c95db86f59ce6c0a7abdaa20af3e7a9a758ea06f434db730dedc6d4,f3e22720eca0168d56c8b6914d6b2c4655f85c9e5e06641fd8336a18ff9706de,mean,raw,nasa_score,31082.593394644526,reconstructed,100,PENDING
C04,FD003,primary,101,C04_FD003_3bf92063fd99_seed_101,outputs/c04_final_hardened_3bf9206,3bf92063fd99e23b7cbdf6a439a2fc4344807710,a280b2375c32fd5e565408e82f529d5f5936d1822d8eebbb74a330fb5d20b0fc,2d5f60577c95db86f59ce6c0a7abdaa20af3e7a9a758ea06f434db730dedc6d4,f3e22720eca0168d56c8b6914d6b2c4655f85c9e5e06641fd8336a18ff9706de,mean,clipped,rmse,41.259242373269046,reconstructed,100,PENDING
C04,FD003,primary,101,C04_FD003_3bf92063fd99_seed_101,outputs/c04_final_hardened_3bf9206,3bf92063fd99e23b7cbdf6a439a2fc4344807710,a280b2375c32fd5e565408e82f529d5f5936d1822d8eebbb74a330fb5d20b0fc,2d5f60577c95db86f59ce6c0a7abdaa20af3e7a9a758ea06f434db730dedc6d4,f3e22720eca0168d56c8b6914d6b2c4655f85c9e5e06641fd8336a18ff9706de,mean,clipped,mae,34.86816326530612,reconstructed,100,PENDING
C04,FD003,primary,101,C04_FD003_3bf92063fd99_seed_101,outputs/c04_final_hardened_3bf9206,3bf92063fd99e23b7cbdf6a439a2fc4344807710,a280b2375c32fd5e565408e82f529d5f5936d1822d8eebbb74a330fb5d20b0fc,2d5f60577c95db86f59ce6c0a7abdaa20af3e7a9a758ea06f434db730dedc6d4,f3e22720eca0168d56c8b6914d6b2c4655f85c9e5e06641fd8336a18ff9706de,mean,clipped,signed_error,12.974693877551042,reconstructed,100,PENDING
C04,FD003,primary,101,C04_FD003_3bf92063fd99_seed_101,outputs/c04_final_hardened_3bf9206,3bf92063fd99e23b7cbdf6a439a2fc4344807710,a280b2375c32fd5e565408e82f529d5f5936d1822d8eebbb74a330fb5d20b0fc,2d5f60577c95db86f59ce6c0a7abdaa20af3e7a9a758ea06f434db730dedc6d4,f3e22720eca0168d56c8b6914d6b2c4655f85c9e5e06641fd8336a18ff9706de,mean,clipped,nasa_score,30652.486371192394,reconstructed,100,PENDING
C04,FD003,primary,101,C04_FD003_3bf92063fd99_seed_101,outputs/c04_final_hardened_3bf9206,3bf92063fd99e23b7cbdf6a439a2fc4344807710,a280b2375c32fd5e565408e82f529d5f5936d1822d8eebbb74a330fb5d20b0fc,2d5f60577c95db86f59ce6c0a7abdaa20af3e7a9a758ea06f434db730dedc6d4,f3e22720eca0168d56c8b6914d6b2c4655f85c9e5e06641fd8336a18ff9706de,ridge,raw,rmse,97779445069.64491,reconstructed,100,PENDING
C04,FD003,primary,101,C04_FD003_3bf92063fd99_seed_101,outputs/c04_final_hardened_3bf9206,3bf92063fd99e23b7cbdf6a439a2fc4344807710,a280b2375c32fd5e565408e82f529d5f5936d1822d8eebbb74a330fb5d20b0fc,2d5f60577c95db86f59ce6c0a7abdaa20af3e7a9a758ea06f434db730dedc6d4,f3e22720eca0168d56c8b6914d6b2c4655f85c9e5e06641fd8336a18ff9706de,ridge,raw,mae,27011705390.113995,reconstructed,100,PENDING
C04,FD003,primary,101,C04_FD003_3bf92063fd99_seed_101,outputs/c04_final_hardened_3bf9206,3bf92063fd99e23b7cbdf6a439a2fc4344807710,a280b2375c32fd5e565408e82f529d5f5936d1822d8eebbb74a330fb5d20b0fc,2d5f60577c95db86f59ce6c0a7abdaa20af3e7a9a758ea06f434db730dedc6d4,f3e22720eca0168d56c8b6914d6b2c4655f85c9e5e06641fd8336a18ff9706de,ridge,raw,signed_error,-24424720679.317616,reconstructed,100,PENDING
C04,FD003,primary,101,C04_FD003_3bf92063fd99_seed_101,outputs/c04_final_hardened_3bf9206,3bf92063fd99e23b7cbdf6a439a2fc4344807710,a280b2375c32fd5e565408e82f529d5f5936d1822d8eebbb74a330fb5d20b0fc,2d5f60577c95db86f59ce6c0a7abdaa20af3e7a9a758ea06f434db730dedc6d4,f3e22720eca0168d56c8b6914d6b2c4655f85c9e5e06641fd8336a18ff9706de,ridge,raw,nasa_score,PENDING,nonfinite_on_raw_support,100,PENDING
C04,FD003,primary,101,C04_FD003_3bf92063fd99_seed_101,outputs/c04_final_hardened_3bf9206,3bf92063fd99e23b7cbdf6a439a2fc4344807710,a280b2375c32fd5e565408e82f529d5f5936d1822d8eebbb74a330fb5d20b0fc,2d5f60577c95db86f59ce6c0a7abdaa20af3e7a9a758ea06f434db730dedc6d4,f3e22720eca0168d56c8b6914d6b2c4655f85c9e5e06641fd8336a18ff9706de,ridge,clipped,rmse,50.5289364926238,reconstructed,100,PENDING
C04,FD003,primary,101,C04_FD003_3bf92063fd99_seed_101,outputs/c04_final_hardened_3bf9206,3bf92063fd99e23b7cbdf6a439a2fc4344807710,a280b2375c32fd5e565408e82f529d5f5936d1822d8eebbb74a330fb5d20b0fc,2d5f60577c95db86f59ce6c0a7abdaa20af3e7a9a758ea06f434db730dedc6d4,f3e22720eca0168d56c8b6914d6b2c4655f85c9e5e06641fd8336a18ff9706de,ridge,clipped,mae,35.13979797900625,reconstructed,100,PENDING
C04,FD003,primary,101,C04_FD003_3bf92063fd99_seed_101,outputs/c04_final_hardened_3bf9206,3bf92063fd99e23b7cbdf6a439a2fc4344807710,a280b2375c32fd5e565408e82f529d5f5936d1822d8eebbb74a330fb5d20b0fc,2d5f60577c95db86f59ce6c0a7abdaa20af3e7a9a758ea06f434db730dedc6d4,f3e22720eca0168d56c8b6914d6b2c4655f85c9e5e06641fd8336a18ff9706de,ridge,clipped,signed_error,-1.5852751547131156,reconstructed,100,PENDING
C04,FD003,primary,101,C04_FD003_3bf92063fd99_seed_101,outputs/c04_final_hardened_3bf9206,3bf92063fd99e23b7cbdf6a439a2fc4344807710,a280b2375c32fd5e565408e82f529d5f5936d1822d8eebbb74a330fb5d20b0fc,2d5f60577c95db86f59ce6c0a7abdaa20af3e7a9a758ea06f434db730dedc6d4,f3e22720eca0168d56c8b6914d6b2c4655f85c9e5e06641fd8336a18ff9706de,ridge,clipped,nasa_score,749729.1982142796,reconstructed,100,PENDING
C04,FD003,primary,101,C04_FD003_3bf92063fd99_seed_101,outputs/c04_final_hardened_3bf9206,3bf92063fd99e23b7cbdf6a439a2fc4344807710,a280b2375c32fd5e565408e82f529d5f5936d1822d8eebbb74a330fb5d20b0fc,2d5f60577c95db86f59ce6c0a7abdaa20af3e7a9a758ea06f434db730dedc6d4,f3e22720eca0168d56c8b6914d6b2c4655f85c9e5e06641fd8336a18ff9706de,hist_gradient_boosting,raw,rmse,24.94444298529413,reconstructed,100,PENDING
C04,FD003,primary,101,C04_FD003_3bf92063fd99_seed_101,outputs/c04_final_hardened_3bf9206,3bf92063fd99e23b7cbdf6a439a2fc4344807710,a280b2375c32fd5e565408e82f529d5f5936d1822d8eebbb74a330fb5d20b0fc,2d5f60577c95db86f59ce6c0a7abdaa20af3e7a9a758ea06f434db730dedc6d4,f3e22720eca0168d56c8b6914d6b2c4655f85c9e5e06641fd8336a18ff9706de,hist_gradient_boosting,raw,mae,19.173389277931072,reconstructed,100,PENDING
C04,FD003,primary,101,C04_FD003_3bf92063fd99_seed_101,outputs/c04_final_hardened_3bf9206,3bf92063fd99e23b7cbdf6a439a2fc4344807710,a280b2375c32fd5e565408e82f529d5f5936d1822d8eebbb74a330fb5d20b0fc,2d5f60577c95db86f59ce6c0a7abdaa20af3e7a9a758ea06f434db730dedc6d4,f3e22720eca0168d56c8b6914d6b2c4655f85c9e5e06641fd8336a18ff9706de,hist_gradient_boosting,raw,signed_error,10.464589045849795,reconstructed,100,PENDING
C04,FD003,primary,101,C04_FD003_3bf92063fd99_seed_101,outputs/c04_final_hardened_3bf9206,3bf92063fd99e23b7cbdf6a439a2fc4344807710,a280b2375c32fd5e565408e82f529d5f5936d1822d8eebbb74a330fb5d20b0fc,2d5f60577c95db86f59ce6c0a7abdaa20af3e7a9a758ea06f434db730dedc6d4,f3e22720eca0168d56c8b6914d6b2c4655f85c9e5e06641fd8336a18ff9706de,hist_gradient_boosting,raw,nasa_score,3725.295273298767,reconstructed,100,PENDING
C04,FD003,primary,101,C04_FD003_3bf92063fd99_seed_101,outputs/c04_final_hardened_3bf9206,3bf92063fd99e23b7cbdf6a439a2fc4344807710,a280b2375c32fd5e565408e82f529d5f5936d1822d8eebbb74a330fb5d20b0fc,2d5f60577c95db86f59ce6c0a7abdaa20af3e7a9a758ea06f434db730dedc6d4,f3e22720eca0168d56c8b6914d6b2c4655f85c9e5e06641fd8336a18ff9706de,hist_gradient_boosting,clipped,rmse,23.804714272858117,reconstructed,100,PENDING
C04,FD003,primary,101,C04_FD003_3bf92063fd99_seed_101,outputs/c04_final_hardened_3bf9206,3bf92063fd99e23b7cbdf6a439a2fc4344807710,a280b2375c32fd5e565408e82f529d5f5936d1822d8eebbb74a330fb5d20b0fc,2d5f60577c95db86f59ce6c0a7abdaa20af3e7a9a758ea06f434db730dedc6d4,f3e22720eca0168d56c8b6914d6b2c4655f85c9e5e06641fd8336a18ff9706de,hist_gradient_boosting,clipped,mae,17.61338927793107,reconstructed,100,PENDING
C04,FD003,primary,101,C04_FD003_3bf92063fd99_seed_101,outputs/c04_final_hardened_3bf9206,3bf92063fd99e23b7cbdf6a439a2fc4344807710,a280b2375c32fd5e565408e82f529d5f5936d1822d8eebbb74a330fb5d20b0fc,2d5f60577c95db86f59ce6c0a7abdaa20af3e7a9a758ea06f434db730dedc6d4,f3e22720eca0168d56c8b6914d6b2c4655f85c9e5e06641fd8336a18ff9706de,hist_gradient_boosting,clipped,signed_error,12.024589045849794,reconstructed,100,PENDING
C04,FD003,primary,101,C04_FD003_3bf92063fd99_seed_101,outputs/c04_final_hardened_3bf9206,3bf92063fd99e23b7cbdf6a439a2fc4344807710,a280b2375c32fd5e565408e82f529d5f5936d1822d8eebbb74a330fb5d20b0fc,2d5f60577c95db86f59ce6c0a7abdaa20af3e7a9a758ea06f434db730dedc6d4,f3e22720eca0168d56c8b6914d6b2c4655f85c9e5e06641fd8336a18ff9706de,hist_gradient_boosting,clipped,nasa_score,3658.9358947277005,reconstructed,100,PENDING
C04,FD003,primary,137,C04_FD003_3bf92063fd99_seed_137,outputs/c04_final_hardened_3bf9206,3bf92063fd99e23b7cbdf6a439a2fc4344807710,4cacabac155ff181fe370d1d21b2002654d35ae4852ce36b7d60d51a5c5e6763,b72e0d8dd617fbaf08ebc1888083b935f8b3a3458a3ae33067e4e304878c5c22,8637e9f98b9091da48937bc8e295bfcf79f784c0ca8a6f36f5792e3f070c146c,mean,raw,rmse,42.984335552253555,reconstructed,100,PENDING
C04,FD003,primary,137,C04_FD003_3bf92063fd99_seed_137,outputs/c04_final_hardened_3bf9206,3bf92063fd99e23b7cbdf6a439a2fc4344807710,4cacabac155ff181fe370d1d21b2002654d35ae4852ce36b7d60d51a5c5e6763,b72e0d8dd617fbaf08ebc1888083b935f8b3a3458a3ae33067e4e304878c5c22,8637e9f98b9091da48937bc8e295bfcf79f784c0ca8a6f36f5792e3f070c146c,mean,raw,mae,36.44778808160632,reconstructed,100,PENDING
C04,FD003,primary,137,C04_FD003_3bf92063fd99_seed_137,outputs/c04_final_hardened_3bf9206,3bf92063fd99e23b7cbdf6a439a2fc4344807710,4cacabac155ff181fe370d1d21b2002654d35ae4852ce36b7d60d51a5c5e6763,b72e0d8dd617fbaf08ebc1888083b935f8b3a3458a3ae33067e4e304878c5c22,8637e9f98b9091da48937bc8e295bfcf79f784c0ca8a6f36f5792e3f070c146c,mean,raw,signed_error,11.578234013386016,reconstructed,100,PENDING
C04,FD003,primary,137,C04_FD003_3bf92063fd99_seed_137,outputs/c04_final_hardened_3bf9206,3bf92063fd99e23b7cbdf6a439a2fc4344807710,4cacabac155ff181fe370d1d21b2002654d35ae4852ce36b7d60d51a5c5e6763,b72e0d8dd617fbaf08ebc1888083b935f8b3a3458a3ae33067e4e304878c5c22,8637e9f98b9091da48937bc8e295bfcf79f784c0ca8a6f36f5792e3f070c146c,mean,raw,nasa_score,31570.94281409137,reconstructed,100,PENDING
C04,FD003,primary,137,C04_FD003_3bf92063fd99_seed_137,outputs/c04_final_hardened_3bf9206,3bf92063fd99e23b7cbdf6a439a2fc4344807710,4cacabac155ff181fe370d1d21b2002654d35ae4852ce36b7d60d51a5c5e6763,b72e0d8dd617fbaf08ebc1888083b935f8b3a3458a3ae33067e4e304878c5c22,8637e9f98b9091da48937bc8e295bfcf79f784c0ca8a6f36f5792e3f070c146c,mean,clipped,rmse,41.31096214070175,reconstructed,100,PENDING
C04,FD003,primary,137,C04_FD003_3bf92063fd99_seed_137,outputs/c04_final_hardened_3bf9206,3bf92063fd99e23b7cbdf6a439a2fc4344807710,4cacabac155ff181fe370d1d21b2002654d35ae4852ce36b7d60d51a5c5e6763,b72e0d8dd617fbaf08ebc1888083b935f8b3a3458a3ae33067e4e304878c5c22,8637e9f98b9091da48937bc8e295bfcf79f784c0ca8a6f36f5792e3f070c146c,mean,clipped,mae,34.887788081606324,reconstructed,100,PENDING
C04,FD003,primary,137,C04_FD003_3bf92063fd99_seed_137,outputs/c04_final_hardened_3bf9206,3bf92063fd99e23b7cbdf6a439a2fc4344807710,4cacabac155ff181fe370d1d21b2002654d35ae4852ce36b7d60d51a5c5e6763,b72e0d8dd617fbaf08ebc1888083b935f8b3a3458a3ae33067e4e304878c5c22,8637e9f98b9091da48937bc8e295bfcf79f784c0ca8a6f36f5792e3f070c146c,mean,clipped,signed_error,13.138234013386013,reconstructed,100,PENDING
C04,FD003,primary,137,C04_FD003_3bf92063fd99_seed_137,outputs/c04_final_hardened_3bf9206,3bf92063fd99e23b7cbdf6a439a2fc4344807710,4cacabac155ff181fe370d1d21b2002654d35ae4852ce36b7d60d51a5c5e6763,b72e0d8dd617fbaf08ebc1888083b935f8b3a3458a3ae33067e4e304878c5c22,8637e9f98b9091da48937bc8e295bfcf79f784c0ca8a6f36f5792e3f070c146c,mean,clipped,nasa_score,31146.212650104128,reconstructed,100,PENDING
C04,FD003,primary,137,C04_FD003_3bf92063fd99_seed_137,outputs/c04_final_hardened_3bf9206,3bf92063fd99e23b7cbdf6a439a2fc4344807710,4cacabac155ff181fe370d1d21b2002654d35ae4852ce36b7d60d51a5c5e6763,b72e0d8dd617fbaf08ebc1888083b935f8b3a3458a3ae33067e4e304878c5c22,8637e9f98b9091da48937bc8e295bfcf79f784c0ca8a6f36f5792e3f070c146c,ridge,raw,rmse,15832701046.632275,reconstructed,100,PENDING
C04,FD003,primary,137,C04_FD003_3bf92063fd99_seed_137,outputs/c04_final_hardened_3bf9206,3bf92063fd99e23b7cbdf6a439a2fc4344807710,4cacabac155ff181fe370d1d21b2002654d35ae4852ce36b7d60d51a5c5e6763,b72e0d8dd617fbaf08ebc1888083b935f8b3a3458a3ae33067e4e304878c5c22,8637e9f98b9091da48937bc8e295bfcf79f784c0ca8a6f36f5792e3f070c146c,ridge,raw,mae,4394165028.883185,reconstructed,100,PENDING
C04,FD003,primary,137,C04_FD003_3bf92063fd99_seed_137,outputs/c04_final_hardened_3bf9206,3bf92063fd99e23b7cbdf6a439a2fc4344807710,4cacabac155ff181fe370d1d21b2002654d35ae4852ce36b7d60d51a5c5e6763,b72e0d8dd617fbaf08ebc1888083b935f8b3a3458a3ae33067e4e304878c5c22,8637e9f98b9091da48937bc8e295bfcf79f784c0ca8a6f36f5792e3f070c146c,ridge,raw,signed_error,-2634940686.0140977,reconstructed,100,PENDING
C04,FD003,primary,137,C04_FD003_3bf92063fd99_seed_137,outputs/c04_final_hardened_3bf9206,3bf92063fd99e23b7cbdf6a439a2fc4344807710,4cacabac155ff181fe370d1d21b2002654d35ae4852ce36b7d60d51a5c5e6763,b72e0d8dd617fbaf08ebc1888083b935f8b3a3458a3ae33067e4e304878c5c22,8637e9f98b9091da48937bc8e295bfcf79f784c0ca8a6f36f5792e3f070c146c,ridge,raw,nasa_score,PENDING,nonfinite_on_raw_support,100,PENDING
C04,FD003,primary,137,C04_FD003_3bf92063fd99_seed_137,outputs/c04_final_hardened_3bf9206,3bf92063fd99e23b7cbdf6a439a2fc4344807710,4cacabac155ff181fe370d1d21b2002654d35ae4852ce36b7d60d51a5c5e6763,b72e0d8dd617fbaf08ebc1888083b935f8b3a3458a3ae33067e4e304878c5c22,8637e9f98b9091da48937bc8e295bfcf79f784c0ca8a6f36f5792e3f070c146c,ridge,clipped,rmse,47.878707619242725,reconstructed,100,PENDING
C04,FD003,primary,137,C04_FD003_3bf92063fd99_seed_137,outputs/c04_final_hardened_3bf9206,3bf92063fd99e23b7cbdf6a439a2fc4344807710,4cacabac155ff181fe370d1d21b2002654d35ae4852ce36b7d60d51a5c5e6763,b72e0d8dd617fbaf08ebc1888083b935f8b3a3458a3ae33067e4e304878c5c22,8637e9f98b9091da48937bc8e295bfcf79f784c0ca8a6f36f5792e3f070c146c,ridge,clipped,mae,32.91489387262052,reconstructed,100,PENDING
C04,FD003,primary,137,C04_FD003_3bf92063fd99_seed_137,outputs/c04_final_hardened_3bf9206,3bf92063fd99e23b7cbdf6a439a2fc4344807710,4cacabac155ff181fe370d1d21b2002654d35ae4852ce36b7d60d51a5c5e6763,b72e0d8dd617fbaf08ebc1888083b935f8b3a3458a3ae33067e4e304878c5c22,8637e9f98b9091da48937bc8e295bfcf79f784c0ca8a6f36f5792e3f070c146c,ridge,clipped,signed_error,9.219717996380645,reconstructed,100,PENDING
C04,FD003,primary,137,C04_FD003_3bf92063fd99_seed_137,outputs/c04_final_hardened_3bf9206,3bf92063fd99e23b7cbdf6a439a2fc4344807710,4cacabac155ff181fe370d1d21b2002654d35ae4852ce36b7d60d51a5c5e6763,b72e0d8dd617fbaf08ebc1888083b935f8b3a3458a3ae33067e4e304878c5c22,8637e9f98b9091da48937bc8e295bfcf79f784c0ca8a6f36f5792e3f070c146c,ridge,clipped,nasa_score,884906.5048521913,reconstructed,100,PENDING
C04,FD003,primary,137,C04_FD003_3bf92063fd99_seed_137,outputs/c04_final_hardened_3bf9206,3bf92063fd99e23b7cbdf6a439a2fc4344807710,4cacabac155ff181fe370d1d21b2002654d35ae4852ce36b7d60d51a5c5e6763,b72e0d8dd617fbaf08ebc1888083b935f8b3a3458a3ae33067e4e304878c5c22,8637e9f98b9091da48937bc8e295bfcf79f784c0ca8a6f36f5792e3f070c146c,hist_gradient_boosting,raw,rmse,25.63725699965351,reconstructed,100,PENDING
C04,FD003,primary,137,C04_FD003_3bf92063fd99_seed_137,outputs/c04_final_hardened_3bf9206,3bf92063fd99e23b7cbdf6a439a2fc4344807710,4cacabac155ff181fe370d1d21b2002654d35ae4852ce36b7d60d51a5c5e6763,b72e0d8dd617fbaf08ebc1888083b935f8b3a3458a3ae33067e4e304878c5c22,8637e9f98b9091da48937bc8e295bfcf79f784c0ca8a6f36f5792e3f070c146c,hist_gradient_boosting,raw,mae,20.398788342472574,reconstructed,100,PENDING
C04,FD003,primary,137,C04_FD003_3bf92063fd99_seed_137,outputs/c04_final_hardened_3bf9206,3bf92063fd99e23b7cbdf6a439a2fc4344807710,4cacabac155ff181fe370d1d21b2002654d35ae4852ce36b7d60d51a5c5e6763,b72e0d8dd617fbaf08ebc1888083b935f8b3a3458a3ae33067e4e304878c5c22,8637e9f98b9091da48937bc8e295bfcf79f784c0ca8a6f36f5792e3f070c146c,hist_gradient_boosting,raw,signed_error,11.115425708525864,reconstructed,100,PENDING
C04,FD003,primary,137,C04_FD003_3bf92063fd99_seed_137,outputs/c04_final_hardened_3bf9206,3bf92063fd99e23b7cbdf6a439a2fc4344807710,4cacabac155ff181fe370d1d21b2002654d35ae4852ce36b7d60d51a5c5e6763,b72e0d8dd617fbaf08ebc1888083b935f8b3a3458a3ae33067e4e304878c5c22,8637e9f98b9091da48937bc8e295bfcf79f784c0ca8a6f36f5792e3f070c146c,hist_gradient_boosting,raw,nasa_score,3200.315566154883,reconstructed,100,PENDING
C04,FD003,primary,137,C04_FD003_3bf92063fd99_seed_137,outputs/c04_final_hardened_3bf9206,3bf92063fd99e23b7cbdf6a439a2fc4344807710,4cacabac155ff181fe370d1d21b2002654d35ae4852ce36b7d60d51a5c5e6763,b72e0d8dd617fbaf08ebc1888083b935f8b3a3458a3ae33067e4e304878c5c22,8637e9f98b9091da48937bc8e295bfcf79f784c0ca8a6f36f5792e3f070c146c,hist_gradient_boosting,clipped,rmse,24.543161308118567,reconstructed,100,PENDING
C04,FD003,primary,137,C04_FD003_3bf92063fd99_seed_137,outputs/c04_final_hardened_3bf9206,3bf92063fd99e23b7cbdf6a439a2fc4344807710,4cacabac155ff181fe370d1d21b2002654d35ae4852ce36b7d60d51a5c5e6763,b72e0d8dd617fbaf08ebc1888083b935f8b3a3458a3ae33067e4e304878c5c22,8637e9f98b9091da48937bc8e295bfcf79f784c0ca8a6f36f5792e3f070c146c,hist_gradient_boosting,clipped,mae,18.83878834247258,reconstructed,100,PENDING
C04,FD003,primary,137,C04_FD003_3bf92063fd99_seed_137,outputs/c04_final_hardened_3bf9206,3bf92063fd99e23b7cbdf6a439a2fc4344807710,4cacabac155ff181fe370d1d21b2002654d35ae4852ce36b7d60d51a5c5e6763,b72e0d8dd617fbaf08ebc1888083b935f8b3a3458a3ae33067e4e304878c5c22,8637e9f98b9091da48937bc8e295bfcf79f784c0ca8a6f36f5792e3f070c146c,hist_gradient_boosting,clipped,signed_error,12.675425708525863,reconstructed,100,PENDING
C04,FD003,primary,137,C04_FD003_3bf92063fd99_seed_137,outputs/c04_final_hardened_3bf9206,3bf92063fd99e23b7cbdf6a439a2fc4344807710,4cacabac155ff181fe370d1d21b2002654d35ae4852ce36b7d60d51a5c5e6763,b72e0d8dd617fbaf08ebc1888083b935f8b3a3458a3ae33067e4e304878c5c22,8637e9f98b9091da48937bc8e295bfcf79f784c0ca8a6f36f5792e3f070c146c,hist_gradient_boosting,clipped,nasa_score,3147.4145435306646,reconstructed,100,PENDING
C04,FD004,primary,13,C04_FD004_3bf92063fd99_seed_13,outputs/c04_final_hardened_3bf9206,3bf92063fd99e23b7cbdf6a439a2fc4344807710,6a49609200cd54bad7502c1381d9721caeb4bfd298c5a7ac2a5effc5165dd643,f74dd1455e4168cb9d65b2aec3ba09090a9a12e4e52a242d90ad2b66ab36ed6a,d9ebc5e62f3a6f37340b41879c14324aeb5dadad83e63844777fbc3c8eea96e6,mean,raw,rmse,54.537551850288985,reconstructed,248,PENDING
C04,FD004,primary,13,C04_FD004_3bf92063fd99_seed_13,outputs/c04_final_hardened_3bf9206,3bf92063fd99e23b7cbdf6a439a2fc4344807710,6a49609200cd54bad7502c1381d9721caeb4bfd298c5a7ac2a5effc5165dd643,f74dd1455e4168cb9d65b2aec3ba09090a9a12e4e52a242d90ad2b66ab36ed6a,d9ebc5e62f3a6f37340b41879c14324aeb5dadad83e63844777fbc3c8eea96e6,mean,raw,mae,46.50695742260502,reconstructed,248,PENDING
C04,FD004,primary,13,C04_FD004_3bf92063fd99_seed_13,outputs/c04_final_hardened_3bf9206,3bf92063fd99e23b7cbdf6a439a2fc4344807710,6a49609200cd54bad7502c1381d9721caeb4bfd298c5a7ac2a5effc5165dd643,f74dd1455e4168cb9d65b2aec3ba09090a9a12e4e52a242d90ad2b66ab36ed6a,d9ebc5e62f3a6f37340b41879c14324aeb5dadad83e63844777fbc3c8eea96e6,mean,raw,signed_error,-1.224963435443253,reconstructed,248,PENDING
C04,FD004,primary,13,C04_FD004_3bf92063fd99_seed_13,outputs/c04_final_hardened_3bf9206,3bf92063fd99e23b7cbdf6a439a2fc4344807710,6a49609200cd54bad7502c1381d9721caeb4bfd298c5a7ac2a5effc5165dd643,f74dd1455e4168cb9d65b2aec3ba09090a9a12e4e52a242d90ad2b66ab36ed6a,d9ebc5e62f3a6f37340b41879c14324aeb5dadad83e63844777fbc3c8eea96e6,mean,raw,nasa_score,122812.4468002112,reconstructed,248,PENDING
C04,FD004,primary,13,C04_FD004_3bf92063fd99_seed_13,outputs/c04_final_hardened_3bf9206,3bf92063fd99e23b7cbdf6a439a2fc4344807710,6a49609200cd54bad7502c1381d9721caeb4bfd298c5a7ac2a5effc5165dd643,f74dd1455e4168cb9d65b2aec3ba09090a9a12e4e52a242d90ad2b66ab36ed6a,d9ebc5e62f3a6f37340b41879c14324aeb5dadad83e63844777fbc3c8eea96e6,mean,clipped,rmse,43.62521102899912,reconstructed,248,PENDING
C04,FD004,primary,13,C04_FD004_3bf92063fd99_seed_13,outputs/c04_final_hardened_3bf9206,3bf92063fd99e23b7cbdf6a439a2fc4344807710,6a49609200cd54bad7502c1381d9721caeb4bfd298c5a7ac2a5effc5165dd643,f74dd1455e4168cb9d65b2aec3ba09090a9a12e4e52a242d90ad2b66ab36ed6a,d9ebc5e62f3a6f37340b41879c14324aeb5dadad83e63844777fbc3c8eea96e6,mean,clipped,mae,37.81340903550825,reconstructed,248,PENDING
C04,FD004,primary,13,C04_FD004_3bf92063fd99_seed_13,outputs/c04_final_hardened_3bf9206,3bf92063fd99e23b7cbdf6a439a2fc4344807710,6a49609200cd54bad7502c1381d9721caeb4bfd298c5a7ac2a5effc5165dd643,f74dd1455e4168cb9d65b2aec3ba09090a9a12e4e52a242d90ad2b66ab36ed6a,d9ebc5e62f3a6f37340b41879c14324aeb5dadad83e63844777fbc3c8eea96e6,mean,clipped,signed_error,7.468584951653569,reconstructed,248,PENDING
C04,FD004,primary,13,C04_FD004_3bf92063fd99_seed_13,outputs/c04_final_hardened_3bf9206,3bf92063fd99e23b7cbdf6a439a2fc4344807710,6a49609200cd54bad7502c1381d9721caeb4bfd298c5a7ac2a5effc5165dd643,f74dd1455e4168cb9d65b2aec3ba09090a9a12e4e52a242d90ad2b66ab36ed6a,d9ebc5e62f3a6f37340b41879c14324aeb5dadad83e63844777fbc3c8eea96e6,mean,clipped,nasa_score,77751.45934099765,reconstructed,248,PENDING
C04,FD004,primary,13,C04_FD004_3bf92063fd99_seed_13,outputs/c04_final_hardened_3bf9206,3bf92063fd99e23b7cbdf6a439a2fc4344807710,6a49609200cd54bad7502c1381d9721caeb4bfd298c5a7ac2a5effc5165dd643,f74dd1455e4168cb9d65b2aec3ba09090a9a12e4e52a242d90ad2b66ab36ed6a,d9ebc5e62f3a6f37340b41879c14324aeb5dadad83e63844777fbc3c8eea96e6,ridge,raw,rmse,27099358378485.957,reconstructed,248,PENDING
C04,FD004,primary,13,C04_FD004_3bf92063fd99_seed_13,outputs/c04_final_hardened_3bf9206,3bf92063fd99e23b7cbdf6a439a2fc4344807710,6a49609200cd54bad7502c1381d9721caeb4bfd298c5a7ac2a5effc5165dd643,f74dd1455e4168cb9d65b2aec3ba09090a9a12e4e52a242d90ad2b66ab36ed6a,d9ebc5e62f3a6f37340b41879c14324aeb5dadad83e63844777fbc3c8eea96e6,ridge,raw,mae,21541060304385.816,reconstructed,248,PENDING
C04,FD004,primary,13,C04_FD004_3bf92063fd99_seed_13,outputs/c04_final_hardened_3bf9206,3bf92063fd99e23b7cbdf6a439a2fc4344807710,6a49609200cd54bad7502c1381d9721caeb4bfd298c5a7ac2a5effc5165dd643,f74dd1455e4168cb9d65b2aec3ba09090a9a12e4e52a242d90ad2b66ab36ed6a,d9ebc5e62f3a6f37340b41879c14324aeb5dadad83e63844777fbc3c8eea96e6,ridge,raw,signed_error,2113529002039.1301,reconstructed,248,PENDING
C04,FD004,primary,13,C04_FD004_3bf92063fd99_seed_13,outputs/c04_final_hardened_3bf9206,3bf92063fd99e23b7cbdf6a439a2fc4344807710,6a49609200cd54bad7502c1381d9721caeb4bfd298c5a7ac2a5effc5165dd643,f74dd1455e4168cb9d65b2aec3ba09090a9a12e4e52a242d90ad2b66ab36ed6a,d9ebc5e62f3a6f37340b41879c14324aeb5dadad83e63844777fbc3c8eea96e6,ridge,raw,nasa_score,PENDING,nonfinite_on_raw_support,248,PENDING
C04,FD004,primary,13,C04_FD004_3bf92063fd99_seed_13,outputs/c04_final_hardened_3bf9206,3bf92063fd99e23b7cbdf6a439a2fc4344807710,6a49609200cd54bad7502c1381d9721caeb4bfd298c5a7ac2a5effc5165dd643,f74dd1455e4168cb9d65b2aec3ba09090a9a12e4e52a242d90ad2b66ab36ed6a,d9ebc5e62f3a6f37340b41879c14324aeb5dadad83e63844777fbc3c8eea96e6,ridge,clipped,rmse,77.38875991570302,reconstructed,248,PENDING
C04,FD004,primary,13,C04_FD004_3bf92063fd99_seed_13,outputs/c04_final_hardened_3bf9206,3bf92063fd99e23b7cbdf6a439a2fc4344807710,6a49609200cd54bad7502c1381d9721caeb4bfd298c5a7ac2a5effc5165dd643,f74dd1455e4168cb9d65b2aec3ba09090a9a12e4e52a242d90ad2b66ab36ed6a,d9ebc5e62f3a6f37340b41879c14324aeb5dadad83e63844777fbc3c8eea96e6,ridge,clipped,mae,62.49596774193548,reconstructed,248,PENDING
C04,FD004,primary,13,C04_FD004_3bf92063fd99_seed_13,outputs/c04_final_hardened_3bf9206,3bf92063fd99e23b7cbdf6a439a2fc4344807710,6a49609200cd54bad7502c1381d9721caeb4bfd298c5a7ac2a5effc5165dd643,f74dd1455e4168cb9d65b2aec3ba09090a9a12e4e52a242d90ad2b66ab36ed6a,d9ebc5e62f3a6f37340b41879c14324aeb5dadad83e63844777fbc3c8eea96e6,ridge,clipped,signed_error,-13.34274193548387,reconstructed,248,PENDING
C04,FD004,primary,13,C04_FD004_3bf92063fd99_seed_13,outputs/c04_final_hardened_3bf9206,3bf92063fd99e23b7cbdf6a439a2fc4344807710,6a49609200cd54bad7502c1381d9721caeb4bfd298c5a7ac2a5effc5165dd643,f74dd1455e4168cb9d65b2aec3ba09090a9a12e4e52a242d90ad2b66ab36ed6a,d9ebc5e62f3a6f37340b41879c14324aeb5dadad83e63844777fbc3c8eea96e6,ridge,clipped,nasa_score,2615067.7839836227,reconstructed,248,PENDING
C04,FD004,primary,13,C04_FD004_3bf92063fd99_seed_13,outputs/c04_final_hardened_3bf9206,3bf92063fd99e23b7cbdf6a439a2fc4344807710,6a49609200cd54bad7502c1381d9721caeb4bfd298c5a7ac2a5effc5165dd643,f74dd1455e4168cb9d65b2aec3ba09090a9a12e4e52a242d90ad2b66ab36ed6a,d9ebc5e62f3a6f37340b41879c14324aeb5dadad83e63844777fbc3c8eea96e6,hist_gradient_boosting,raw,rmse,52.44519507127068,reconstructed,248,PENDING
C04,FD004,primary,13,C04_FD004_3bf92063fd99_seed_13,outputs/c04_final_hardened_3bf9206,3bf92063fd99e23b7cbdf6a439a2fc4344807710,6a49609200cd54bad7502c1381d9721caeb4bfd298c5a7ac2a5effc5165dd643,f74dd1455e4168cb9d65b2aec3ba09090a9a12e4e52a242d90ad2b66ab36ed6a,d9ebc5e62f3a6f37340b41879c14324aeb5dadad83e63844777fbc3c8eea96e6,hist_gradient_boosting,raw,mae,43.35904246604807,reconstructed,248,PENDING
C04,FD004,primary,13,C04_FD004_3bf92063fd99_seed_13,outputs/c04_final_hardened_3bf9206,3bf92063fd99e23b7cbdf6a439a2fc4344807710,6a49609200cd54bad7502c1381d9721caeb4bfd298c5a7ac2a5effc5165dd643,f74dd1455e4168cb9d65b2aec3ba09090a9a12e4e52a242d90ad2b66ab36ed6a,d9ebc5e62f3a6f37340b41879c14324aeb5dadad83e63844777fbc3c8eea96e6,hist_gradient_boosting,raw,signed_error,-20.262804290190857,reconstructed,248,PENDING
C04,FD004,primary,13,C04_FD004_3bf92063fd99_seed_13,outputs/c04_final_hardened_3bf9206,3bf92063fd99e23b7cbdf6a439a2fc4344807710,6a49609200cd54bad7502c1381d9721caeb4bfd298c5a7ac2a5effc5165dd643,f74dd1455e4168cb9d65b2aec3ba09090a9a12e4e52a242d90ad2b66ab36ed6a,d9ebc5e62f3a6f37340b41879c14324aeb5dadad83e63844777fbc3c8eea96e6,hist_gradient_boosting,raw,nasa_score,198209.21407755165,reconstructed,248,PENDING
C04,FD004,primary,13,C04_FD004_3bf92063fd99_seed_13,outputs/c04_final_hardened_3bf9206,3bf92063fd99e23b7cbdf6a439a2fc4344807710,6a49609200cd54bad7502c1381d9721caeb4bfd298c5a7ac2a5effc5165dd643,f74dd1455e4168cb9d65b2aec3ba09090a9a12e4e52a242d90ad2b66ab36ed6a,d9ebc5e62f3a6f37340b41879c14324aeb5dadad83e63844777fbc3c8eea96e6,hist_gradient_boosting,clipped,rmse,39.58763558577195,reconstructed,248,PENDING
C04,FD004,primary,13,C04_FD004_3bf92063fd99_seed_13,outputs/c04_final_hardened_3bf9206,3bf92063fd99e23b7cbdf6a439a2fc4344807710,6a49609200cd54bad7502c1381d9721caeb4bfd298c5a7ac2a5effc5165dd643,f74dd1455e4168cb9d65b2aec3ba09090a9a12e4e52a242d90ad2b66ab36ed6a,d9ebc5e62f3a6f37340b41879c14324aeb5dadad83e63844777fbc3c8eea96e6,hist_gradient_boosting,clipped,mae,34.6654940789513,reconstructed,248,PENDING
C04,FD004,primary,13,C04_FD004_3bf92063fd99_seed_13,outputs/c04_final_hardened_3bf9206,3bf92063fd99e23b7cbdf6a439a2fc4344807710,6a49609200cd54bad7502c1381d9721caeb4bfd298c5a7ac2a5effc5165dd643,f74dd1455e4168cb9d65b2aec3ba09090a9a12e4e52a242d90ad2b66ab36ed6a,d9ebc5e62f3a6f37340b41879c14324aeb5dadad83e63844777fbc3c8eea96e6,hist_gradient_boosting,clipped,signed_error,-11.56925590309408,reconstructed,248,PENDING
C04,FD004,primary,13,C04_FD004_3bf92063fd99_seed_13,outputs/c04_final_hardened_3bf9206,3bf92063fd99e23b7cbdf6a439a2fc4344807710,6a49609200cd54bad7502c1381d9721caeb4bfd298c5a7ac2a5effc5165dd643,f74dd1455e4168cb9d65b2aec3ba09090a9a12e4e52a242d90ad2b66ab36ed6a,d9ebc5e62f3a6f37340b41879c14324aeb5dadad83e63844777fbc3c8eea96e6,hist_gradient_boosting,clipped,nasa_score,12726.639824294762,reconstructed,248,PENDING
C04,FD004,primary,37,C04_FD004_3bf92063fd99_seed_37,outputs/c04_final_hardened_3bf9206,3bf92063fd99e23b7cbdf6a439a2fc4344807710,288229b7f42eaea4421ebce9b2ffa23fc9550f063e8a22a19ee4326ca1156103,3b06d7b8f396db226bbaeb937391face9ae550a767dbdc431c3ac5aa22335a15,6763f70f0c99047db04bbe0317695a2d0441bd46d28efaf07cbcb182d9a43a51,mean,raw,rmse,54.5317191767914,reconstructed,248,PENDING
C04,FD004,primary,37,C04_FD004_3bf92063fd99_seed_37,outputs/c04_final_hardened_3bf9206,3bf92063fd99e23b7cbdf6a439a2fc4344807710,288229b7f42eaea4421ebce9b2ffa23fc9550f063e8a22a19ee4326ca1156103,3b06d7b8f396db226bbaeb937391face9ae550a767dbdc431c3ac5aa22335a15,6763f70f0c99047db04bbe0317695a2d0441bd46d28efaf07cbcb182d9a43a51,mean,raw,mae,46.45982149717992,reconstructed,248,PENDING
C04,FD004,primary,37,C04_FD004_3bf92063fd99_seed_37,outputs/c04_final_hardened_3bf9206,3bf92063fd99e23b7cbdf6a439a2fc4344807710,288229b7f42eaea4421ebce9b2ffa23fc9550f063e8a22a19ee4326ca1156103,3b06d7b8f396db226bbaeb937391face9ae550a767dbdc431c3ac5aa22335a15,6763f70f0c99047db04bbe0317695a2d0441bd46d28efaf07cbcb182d9a43a51,mean,raw,signed_error,0.9297149948516258,reconstructed,248,PENDING
C04,FD004,primary,37,C04_FD004_3bf92063fd99_seed_37,outputs/c04_final_hardened_3bf9206,3bf92063fd99e23b7cbdf6a439a2fc4344807710,288229b7f42eaea4421ebce9b2ffa23fc9550f063e8a22a19ee4326ca1156103,3b06d7b8f396db226bbaeb937391face9ae550a767dbdc431c3ac5aa22335a15,6763f70f0c99047db04bbe0317695a2d0441bd46d28efaf07cbcb182d9a43a51,mean,raw,nasa_score,133986.74195133618,reconstructed,248,PENDING
C04,FD004,primary,37,C04_FD004_3bf92063fd99_seed_37,outputs/c04_final_hardened_3bf9206,3bf92063fd99e23b7cbdf6a439a2fc4344807710,288229b7f42eaea4421ebce9b2ffa23fc9550f063e8a22a19ee4326ca1156103,3b06d7b8f396db226bbaeb937391face9ae550a767dbdc431c3ac5aa22335a15,6763f70f0c99047db04bbe0317695a2d0441bd46d28efaf07cbcb182d9a43a51,mean,clipped,rmse,44.0452775478029,reconstructed,248,PENDING
C04,FD004,primary,37,C04_FD004_3bf92063fd99_seed_37,outputs/c04_final_hardened_3bf9206,3bf92063fd99e23b7cbdf6a439a2fc4344807710,288229b7f42eaea4421ebce9b2ffa23fc9550f063e8a22a19ee4326ca1156103,3b06d7b8f396db226bbaeb937391face9ae550a767dbdc431c3ac5aa22335a15,6763f70f0c99047db04bbe0317695a2d0441bd46d28efaf07cbcb182d9a43a51,mean,clipped,mae,37.76627311008314,reconstructed,248,PENDING
C04,FD004,primary,37,C04_FD004_3bf92063fd99_seed_37,outputs/c04_final_hardened_3bf9206,3bf92063fd99e23b7cbdf6a439a2fc4344807710,288229b7f42eaea4421ebce9b2ffa23fc9550f063e8a22a19ee4326ca1156103,3b06d7b8f396db226bbaeb937391face9ae550a767dbdc431c3ac5aa22335a15,6763f70f0c99047db04bbe0317695a2d0441bd46d28efaf07cbcb182d9a43a51,mean,clipped,signed_error,9.623263381948355,reconstructed,248,PENDING
C04,FD004,primary,37,C04_FD004_3bf92063fd99_seed_37,outputs/c04_final_hardened_3bf9206,3bf92063fd99e23b7cbdf6a439a2fc4344807710,288229b7f42eaea4421ebce9b2ffa23fc9550f063e8a22a19ee4326ca1156103,3b06d7b8f396db226bbaeb937391face9ae550a767dbdc431c3ac5aa22335a15,6763f70f0c99047db04bbe0317695a2d0441bd46d28efaf07cbcb182d9a43a51,mean,clipped,nasa_score,95808.24865150174,reconstructed,248,PENDING
C04,FD004,primary,37,C04_FD004_3bf92063fd99_seed_37,outputs/c04_final_hardened_3bf9206,3bf92063fd99e23b7cbdf6a439a2fc4344807710,288229b7f42eaea4421ebce9b2ffa23fc9550f063e8a22a19ee4326ca1156103,3b06d7b8f396db226bbaeb937391face9ae550a767dbdc431c3ac5aa22335a15,6763f70f0c99047db04bbe0317695a2d0441bd46d28efaf07cbcb182d9a43a51,ridge,raw,rmse,17117057986540.922,reconstructed,248,PENDING
C04,FD004,primary,37,C04_FD004_3bf92063fd99_seed_37,outputs/c04_final_hardened_3bf9206,3bf92063fd99e23b7cbdf6a439a2fc4344807710,288229b7f42eaea4421ebce9b2ffa23fc9550f063e8a22a19ee4326ca1156103,3b06d7b8f396db226bbaeb937391face9ae550a767dbdc431c3ac5aa22335a15,6763f70f0c99047db04bbe0317695a2d0441bd46d28efaf07cbcb182d9a43a51,ridge,raw,mae,13632518488595.59,reconstructed,248,PENDING
C04,FD004,primary,37,C04_FD004_3bf92063fd99_seed_37,outputs/c04_final_hardened_3bf9206,3bf92063fd99e23b7cbdf6a439a2fc4344807710,288229b7f42eaea4421ebce9b2ffa23fc9550f063e8a22a19ee4326ca1156103,3b06d7b8f396db226bbaeb937391face9ae550a767dbdc431c3ac5aa22335a15,6763f70f0c99047db04bbe0317695a2d0441bd46d28efaf07cbcb182d9a43a51,ridge,raw,signed_error,1001417785625.0728,reconstructed,248,PENDING
C04,FD004,primary,37,C04_FD004_3bf92063fd99_seed_37,outputs/c04_final_hardened_3bf9206,3bf92063fd99e23b7cbdf6a439a2fc4344807710,288229b7f42eaea4421ebce9b2ffa23fc9550f063e8a22a19ee4326ca1156103,3b06d7b8f396db226bbaeb937391face9ae550a767dbdc431c3ac5aa22335a15,6763f70f0c99047db04bbe0317695a2d0441bd46d28efaf07cbcb182d9a43a51,ridge,raw,nasa_score,PENDING,nonfinite_on_raw_support,248,PENDING
C04,FD004,primary,37,C04_FD004_3bf92063fd99_seed_37,outputs/c04_final_hardened_3bf9206,3bf92063fd99e23b7cbdf6a439a2fc4344807710,288229b7f42eaea4421ebce9b2ffa23fc9550f063e8a22a19ee4326ca1156103,3b06d7b8f396db226bbaeb937391face9ae550a767dbdc431c3ac5aa22335a15,6763f70f0c99047db04bbe0317695a2d0441bd46d28efaf07cbcb182d9a43a51,ridge,clipped,rmse,79.76533121924668,reconstructed,248,PENDING
C04,FD004,primary,37,C04_FD004_3bf92063fd99_seed_37,outputs/c04_final_hardened_3bf9206,3bf92063fd99e23b7cbdf6a439a2fc4344807710,288229b7f42eaea4421ebce9b2ffa23fc9550f063e8a22a19ee4326ca1156103,3b06d7b8f396db226bbaeb937391face9ae550a767dbdc431c3ac5aa22335a15,6763f70f0c99047db04bbe0317695a2d0441bd46d28efaf07cbcb182d9a43a51,ridge,clipped,mae,65.48387096774194,reconstructed,248,PENDING
C04,FD004,primary,37,C04_FD004_3bf92063fd99_seed_37,outputs/c04_final_hardened_3bf9206,3bf92063fd99e23b7cbdf6a439a2fc4344807710,288229b7f42eaea4421ebce9b2ffa23fc9550f063e8a22a19ee4326ca1156103,3b06d7b8f396db226bbaeb937391face9ae550a767dbdc431c3ac5aa22335a15,6763f70f0c99047db04bbe0317695a2d0441bd46d28efaf07cbcb182d9a43a51,ridge,clipped,signed_error,-14.85483870967742,reconstructed,248,PENDING
C04,FD004,primary,37,C04_FD004_3bf92063fd99_seed_37,outputs/c04_final_hardened_3bf9206,3bf92063fd99e23b7cbdf6a439a2fc4344807710,288229b7f42eaea4421ebce9b2ffa23fc9550f063e8a22a19ee4326ca1156103,3b06d7b8f396db226bbaeb937391face9ae550a767dbdc431c3ac5aa22335a15,6763f70f0c99047db04bbe0317695a2d0441bd46d28efaf07cbcb182d9a43a51,ridge,clipped,nasa_score,2749431.9878296815,reconstructed,248,PENDING
C04,FD004,primary,37,C04_FD004_3bf92063fd99_seed_37,outputs/c04_final_hardened_3bf9206,3bf92063fd99e23b7cbdf6a439a2fc4344807710,288229b7f42eaea4421ebce9b2ffa23fc9550f063e8a22a19ee4326ca1156103,3b06d7b8f396db226bbaeb937391face9ae550a767dbdc431c3ac5aa22335a15,6763f70f0c99047db04bbe0317695a2d0441bd46d28efaf07cbcb182d9a43a51,hist_gradient_boosting,raw,rmse,47.97694381080776,reconstructed,248,PENDING
C04,FD004,primary,37,C04_FD004_3bf92063fd99_seed_37,outputs/c04_final_hardened_3bf9206,3bf92063fd99e23b7cbdf6a439a2fc4344807710,288229b7f42eaea4421ebce9b2ffa23fc9550f063e8a22a19ee4326ca1156103,3b06d7b8f396db226bbaeb937391face9ae550a767dbdc431c3ac5aa22335a15,6763f70f0c99047db04bbe0317695a2d0441bd46d28efaf07cbcb182d9a43a51,hist_gradient_boosting,raw,mae,40.51130612128221,reconstructed,248,PENDING
C04,FD004,primary,37,C04_FD004_3bf92063fd99_seed_37,outputs/c04_final_hardened_3bf9206,3bf92063fd99e23b7cbdf6a439a2fc4344807710,288229b7f42eaea4421ebce9b2ffa23fc9550f063e8a22a19ee4326ca1156103,3b06d7b8f396db226bbaeb937391face9ae550a767dbdc431c3ac5aa22335a15,6763f70f0c99047db04bbe0317695a2d0441bd46d28efaf07cbcb182d9a43a51,hist_gradient_boosting,raw,signed_error,-9.58248757731672,reconstructed,248,PENDING
C04,FD004,primary,37,C04_FD004_3bf92063fd99_seed_37,outputs/c04_final_hardened_3bf9206,3bf92063fd99e23b7cbdf6a439a2fc4344807710,288229b7f42eaea4421ebce9b2ffa23fc9550f063e8a22a19ee4326ca1156103,3b06d7b8f396db226bbaeb937391face9ae550a767dbdc431c3ac5aa22335a15,6763f70f0c99047db04bbe0317695a2d0441bd46d28efaf07cbcb182d9a43a51,hist_gradient_boosting,raw,nasa_score,78394.25318536592,reconstructed,248,PENDING
C04,FD004,primary,37,C04_FD004_3bf92063fd99_seed_37,outputs/c04_final_hardened_3bf9206,3bf92063fd99e23b7cbdf6a439a2fc4344807710,288229b7f42eaea4421ebce9b2ffa23fc9550f063e8a22a19ee4326ca1156103,3b06d7b8f396db226bbaeb937391face9ae550a767dbdc431c3ac5aa22335a15,6763f70f0c99047db04bbe0317695a2d0441bd46d28efaf07cbcb182d9a43a51,hist_gradient_boosting,clipped,rmse,36.78711306444754,reconstructed,248,PENDING
C04,FD004,primary,37,C04_FD004_3bf92063fd99_seed_37,outputs/c04_final_hardened_3bf9206,3bf92063fd99e23b7cbdf6a439a2fc4344807710,288229b7f42eaea4421ebce9b2ffa23fc9550f063e8a22a19ee4326ca1156103,3b06d7b8f396db226bbaeb937391face9ae550a767dbdc431c3ac5aa22335a15,6763f70f0c99047db04bbe0317695a2d0441bd46d28efaf07cbcb182d9a43a51,hist_gradient_boosting,clipped,mae,31.81775773418544,reconstructed,248,PENDING
C04,FD004,primary,37,C04_FD004_3bf92063fd99_seed_37,outputs/c04_final_hardened_3bf9206,3bf92063fd99e23b7cbdf6a439a2fc4344807710,288229b7f42eaea4421ebce9b2ffa23fc9550f063e8a22a19ee4326ca1156103,3b06d7b8f396db226bbaeb937391face9ae550a767dbdc431c3ac5aa22335a15,6763f70f0c99047db04bbe0317695a2d0441bd46d28efaf07cbcb182d9a43a51,hist_gradient_boosting,clipped,signed_error,-0.8889391902199424,reconstructed,248,PENDING
C04,FD004,primary,37,C04_FD004_3bf92063fd99_seed_37,outputs/c04_final_hardened_3bf9206,3bf92063fd99e23b7cbdf6a439a2fc4344807710,288229b7f42eaea4421ebce9b2ffa23fc9550f063e8a22a19ee4326ca1156103,3b06d7b8f396db226bbaeb937391face9ae550a767dbdc431c3ac5aa22335a15,6763f70f0c99047db04bbe0317695a2d0441bd46d28efaf07cbcb182d9a43a51,hist_gradient_boosting,clipped,nasa_score,14892.384232490384,reconstructed,248,PENDING
C04,FD004,primary,73,C04_FD004_3bf92063fd99_seed_73,outputs/c04_final_hardened_3bf9206,3bf92063fd99e23b7cbdf6a439a2fc4344807710,8b2ff1aaee617177379692a16091dd8e45246fc2aabdfb843bc007d3c9ec7da9,e365b95e1213fe66b2343373d2900bde7841008999b803aa956422eeae2ed976,6f755be663b27d45ae7cba285979a3e6712f994bd34fc92de183e2ad80dceed0,mean,raw,rmse,54.52379428868819,reconstructed,248,PENDING
C04,FD004,primary,73,C04_FD004_3bf92063fd99_seed_73,outputs/c04_final_hardened_3bf9206,3bf92063fd99e23b7cbdf6a439a2fc4344807710,8b2ff1aaee617177379692a16091dd8e45246fc2aabdfb843bc007d3c9ec7da9,e365b95e1213fe66b2343373d2900bde7841008999b803aa956422eeae2ed976,6f755be663b27d45ae7cba285979a3e6712f994bd34fc92de183e2ad80dceed0,mean,raw,mae,46.4711033539355,reconstructed,248,PENDING
C04,FD004,primary,73,C04_FD004_3bf92063fd99_seed_73,outputs/c04_final_hardened_3bf9206,3bf92063fd99e23b7cbdf6a439a2fc4344807710,8b2ff1aaee617177379692a16091dd8e45246fc2aabdfb843bc007d3c9ec7da9,e365b95e1213fe66b2343373d2900bde7841008999b803aa956422eeae2ed976,6f755be663b27d45ae7cba285979a3e6712f994bd34fc92de183e2ad80dceed0,mean,raw,signed_error,-0.010827298840012413,reconstructed,248,PENDING
C04,FD004,primary,73,C04_FD004_3bf92063fd99_seed_73,outputs/c04_final_hardened_3bf9206,3bf92063fd99e23b7cbdf6a439a2fc4344807710,8b2ff1aaee617177379692a16091dd8e45246fc2aabdfb843bc007d3c9ec7da9,e365b95e1213fe66b2343373d2900bde7841008999b803aa956422eeae2ed976,6f755be663b27d45ae7cba285979a3e6712f994bd34fc92de183e2ad80dceed0,mean,raw,nasa_score,128476.18261481091,reconstructed,248,PENDING
C04,FD004,primary,73,C04_FD004_3bf92063fd99_seed_73,outputs/c04_final_hardened_3bf9206,3bf92063fd99e23b7cbdf6a439a2fc4344807710,8b2ff1aaee617177379692a16091dd8e45246fc2aabdfb843bc007d3c9ec7da9,e365b95e1213fe66b2343373d2900bde7841008999b803aa956422eeae2ed976,6f755be663b27d45ae7cba285979a3e6712f994bd34fc92de183e2ad80dceed0,mean,clipped,rmse,43.849389068048595,reconstructed,248,PENDING
C04,FD004,primary,73,C04_FD004_3bf92063fd99_seed_73,outputs/c04_final_hardened_3bf9206,3bf92063fd99e23b7cbdf6a439a2fc4344807710,8b2ff1aaee617177379692a16091dd8e45246fc2aabdfb843bc007d3c9ec7da9,e365b95e1213fe66b2343373d2900bde7841008999b803aa956422eeae2ed976,6f755be663b27d45ae7cba285979a3e6712f994bd34fc92de183e2ad80dceed0,mean,clipped,mae,37.777554966838736,reconstructed,248,PENDING
C04,FD004,primary,73,C04_FD004_3bf92063fd99_seed_73,outputs/c04_final_hardened_3bf9206,3bf92063fd99e23b7cbdf6a439a2fc4344807710,8b2ff1aaee617177379692a16091dd8e45246fc2aabdfb843bc007d3c9ec7da9,e365b95e1213fe66b2343373d2900bde7841008999b803aa956422eeae2ed976,6f755be663b27d45ae7cba285979a3e6712f994bd34fc92de183e2ad80dceed0,mean,clipped,signed_error,8.682721088256768,reconstructed,248,PENDING
C04,FD004,primary,73,C04_FD004_3bf92063fd99_seed_73,outputs/c04_final_hardened_3bf9206,3bf92063fd99e23b7cbdf6a439a2fc4344807710,8b2ff1aaee617177379692a16091dd8e45246fc2aabdfb843bc007d3c9ec7da9,e365b95e1213fe66b2343373d2900bde7841008999b803aa956422eeae2ed976,6f755be663b27d45ae7cba285979a3e6712f994bd34fc92de183e2ad80dceed0,mean,clipped,nasa_score,87433.12252593246,reconstructed,248,PENDING
C04,FD004,primary,73,C04_FD004_3bf92063fd99_seed_73,outputs/c04_final_hardened_3bf9206,3bf92063fd99e23b7cbdf6a439a2fc4344807710,8b2ff1aaee617177379692a16091dd8e45246fc2aabdfb843bc007d3c9ec7da9,e365b95e1213fe66b2343373d2900bde7841008999b803aa956422eeae2ed976,6f755be663b27d45ae7cba285979a3e6712f994bd34fc92de183e2ad80dceed0,ridge,raw,rmse,28559119390274.266,reconstructed,248,PENDING
C04,FD004,primary,73,C04_FD004_3bf92063fd99_seed_73,outputs/c04_final_hardened_3bf9206,3bf92063fd99e23b7cbdf6a439a2fc4344807710,8b2ff1aaee617177379692a16091dd8e45246fc2aabdfb843bc007d3c9ec7da9,e365b95e1213fe66b2343373d2900bde7841008999b803aa956422eeae2ed976,6f755be663b27d45ae7cba285979a3e6712f994bd34fc92de183e2ad80dceed0,ridge,raw,mae,22752971468432.97,reconstructed,248,PENDING
C04,FD004,primary,73,C04_FD004_3bf92063fd99_seed_73,outputs/c04_final_hardened_3bf9206,3bf92063fd99e23b7cbdf6a439a2fc4344807710,8b2ff1aaee617177379692a16091dd8e45246fc2aabdfb843bc007d3c9ec7da9,e365b95e1213fe66b2343373d2900bde7841008999b803aa956422eeae2ed976,6f755be663b27d45ae7cba285979a3e6712f994bd34fc92de183e2ad80dceed0,ridge,raw,signed_error,2130619695496.3213,reconstructed,248,PENDING
C04,FD004,primary,73,C04_FD004_3bf92063fd99_seed_73,outputs/c04_final_hardened_3bf9206,3bf92063fd99e23b7cbdf6a439a2fc4344807710,8b2ff1aaee617177379692a16091dd8e45246fc2aabdfb843bc007d3c9ec7da9,e365b95e1213fe66b2343373d2900bde7841008999b803aa956422eeae2ed976,6f755be663b27d45ae7cba285979a3e6712f994bd34fc92de183e2ad80dceed0,ridge,raw,nasa_score,PENDING,nonfinite_on_raw_support,248,PENDING
C04,FD004,primary,73,C04_FD004_3bf92063fd99_seed_73,outputs/c04_final_hardened_3bf9206,3bf92063fd99e23b7cbdf6a439a2fc4344807710,8b2ff1aaee617177379692a16091dd8e45246fc2aabdfb843bc007d3c9ec7da9,e365b95e1213fe66b2343373d2900bde7841008999b803aa956422eeae2ed976,6f755be663b27d45ae7cba285979a3e6712f994bd34fc92de183e2ad80dceed0,ridge,clipped,rmse,78.34353628359749,reconstructed,248,PENDING
C04,FD004,primary,73,C04_FD004_3bf92063fd99_seed_73,outputs/c04_final_hardened_3bf9206,3bf92063fd99e23b7cbdf6a439a2fc4344807710,8b2ff1aaee617177379692a16091dd8e45246fc2aabdfb843bc007d3c9ec7da9,e365b95e1213fe66b2343373d2900bde7841008999b803aa956422eeae2ed976,6f755be663b27d45ae7cba285979a3e6712f994bd34fc92de183e2ad80dceed0,ridge,clipped,mae,63.685483870967744,reconstructed,248,PENDING
C04,FD004,primary,73,C04_FD004_3bf92063fd99_seed_73,outputs/c04_final_hardened_3bf9206,3bf92063fd99e23b7cbdf6a439a2fc4344807710,8b2ff1aaee617177379692a16091dd8e45246fc2aabdfb843bc007d3c9ec7da9,e365b95e1213fe66b2343373d2900bde7841008999b803aa956422eeae2ed976,6f755be663b27d45ae7cba285979a3e6712f994bd34fc92de183e2ad80dceed0,ridge,clipped,signed_error,-13.846774193548388,reconstructed,248,PENDING
C04,FD004,primary,73,C04_FD004_3bf92063fd99_seed_73,outputs/c04_final_hardened_3bf9206,3bf92063fd99e23b7cbdf6a439a2fc4344807710,8b2ff1aaee617177379692a16091dd8e45246fc2aabdfb843bc007d3c9ec7da9,e365b95e1213fe66b2343373d2900bde7841008999b803aa956422eeae2ed976,6f755be663b27d45ae7cba285979a3e6712f994bd34fc92de183e2ad80dceed0,ridge,clipped,nasa_score,2649295.548764301,reconstructed,248,PENDING
C04,FD004,primary,73,C04_FD004_3bf92063fd99_seed_73,outputs/c04_final_hardened_3bf9206,3bf92063fd99e23b7cbdf6a439a2fc4344807710,8b2ff1aaee617177379692a16091dd8e45246fc2aabdfb843bc007d3c9ec7da9,e365b95e1213fe66b2343373d2900bde7841008999b803aa956422eeae2ed976,6f755be663b27d45ae7cba285979a3e6712f994bd34fc92de183e2ad80dceed0,hist_gradient_boosting,raw,rmse,53.80198139879846,reconstructed,248,PENDING
C04,FD004,primary,73,C04_FD004_3bf92063fd99_seed_73,outputs/c04_final_hardened_3bf9206,3bf92063fd99e23b7cbdf6a439a2fc4344807710,8b2ff1aaee617177379692a16091dd8e45246fc2aabdfb843bc007d3c9ec7da9,e365b95e1213fe66b2343373d2900bde7841008999b803aa956422eeae2ed976,6f755be663b27d45ae7cba285979a3e6712f994bd34fc92de183e2ad80dceed0,hist_gradient_boosting,raw,mae,44.94207561626698,reconstructed,248,PENDING
C04,FD004,primary,73,C04_FD004_3bf92063fd99_seed_73,outputs/c04_final_hardened_3bf9206,3bf92063fd99e23b7cbdf6a439a2fc4344807710,8b2ff1aaee617177379692a16091dd8e45246fc2aabdfb843bc007d3c9ec7da9,e365b95e1213fe66b2343373d2900bde7841008999b803aa956422eeae2ed976,6f755be663b27d45ae7cba285979a3e6712f994bd34fc92de183e2ad80dceed0,hist_gradient_boosting,raw,signed_error,-21.250679530348936,reconstructed,248,PENDING
C04,FD004,primary,73,C04_FD004_3bf92063fd99_seed_73,outputs/c04_final_hardened_3bf9206,3bf92063fd99e23b7cbdf6a439a2fc4344807710,8b2ff1aaee617177379692a16091dd8e45246fc2aabdfb843bc007d3c9ec7da9,e365b95e1213fe66b2343373d2900bde7841008999b803aa956422eeae2ed976,6f755be663b27d45ae7cba285979a3e6712f994bd34fc92de183e2ad80dceed0,hist_gradient_boosting,raw,nasa_score,176988.62516373734,reconstructed,248,PENDING
C04,FD004,primary,73,C04_FD004_3bf92063fd99_seed_73,outputs/c04_final_hardened_3bf9206,3bf92063fd99e23b7cbdf6a439a2fc4344807710,8b2ff1aaee617177379692a16091dd8e45246fc2aabdfb843bc007d3c9ec7da9,e365b95e1213fe66b2343373d2900bde7841008999b803aa956422eeae2ed976,6f755be663b27d45ae7cba285979a3e6712f994bd34fc92de183e2ad80dceed0,hist_gradient_boosting,clipped,rmse,40.49285242798836,reconstructed,248,PENDING
C04,FD004,primary,73,C04_FD004_3bf92063fd99_seed_73,outputs/c04_final_hardened_3bf9206,3bf92063fd99e23b7cbdf6a439a2fc4344807710,8b2ff1aaee617177379692a16091dd8e45246fc2aabdfb843bc007d3c9ec7da9,e365b95e1213fe66b2343373d2900bde7841008999b803aa956422eeae2ed976,6f755be663b27d45ae7cba285979a3e6712f994bd34fc92de183e2ad80dceed0,hist_gradient_boosting,clipped,mae,36.24852722917021,reconstructed,248,PENDING
C04,FD004,primary,73,C04_FD004_3bf92063fd99_seed_73,outputs/c04_final_hardened_3bf9206,3bf92063fd99e23b7cbdf6a439a2fc4344807710,8b2ff1aaee617177379692a16091dd8e45246fc2aabdfb843bc007d3c9ec7da9,e365b95e1213fe66b2343373d2900bde7841008999b803aa956422eeae2ed976,6f755be663b27d45ae7cba285979a3e6712f994bd34fc92de183e2ad80dceed0,hist_gradient_boosting,clipped,signed_error,-12.557131143252155,reconstructed,248,PENDING
C04,FD004,primary,73,C04_FD004_3bf92063fd99_seed_73,outputs/c04_final_hardened_3bf9206,3bf92063fd99e23b7cbdf6a439a2fc4344807710,8b2ff1aaee617177379692a16091dd8e45246fc2aabdfb843bc007d3c9ec7da9,e365b95e1213fe66b2343373d2900bde7841008999b803aa956422eeae2ed976,6f755be663b27d45ae7cba285979a3e6712f994bd34fc92de183e2ad80dceed0,hist_gradient_boosting,clipped,nasa_score,12714.146139297896,reconstructed,248,PENDING
C04,FD004,primary,101,C04_FD004_3bf92063fd99_seed_101,outputs/c04_final_hardened_3bf9206,3bf92063fd99e23b7cbdf6a439a2fc4344807710,1c08faede2582624803d4b9cfb0b1506c4b1b42083a2a1dea7a2959bc3121108,c2559a2d283a3e854b8df4c9859f40830b28288716ccdf551984ce04bab0f74b,25e52b7e59fac768337790bcc64197aa6b87fe9bffa164402870cb01edaa4262,mean,raw,rmse,54.524097887139924,reconstructed,248,PENDING
C04,FD004,primary,101,C04_FD004_3bf92063fd99_seed_101,outputs/c04_final_hardened_3bf9206,3bf92063fd99e23b7cbdf6a439a2fc4344807710,1c08faede2582624803d4b9cfb0b1506c4b1b42083a2a1dea7a2959bc3121108,c2559a2d283a3e854b8df4c9859f40830b28288716ccdf551984ce04bab0f74b,25e52b7e59fac768337790bcc64197aa6b87fe9bffa164402870cb01edaa4262,mean,raw,mae,46.4679888084266,reconstructed,248,PENDING
C04,FD004,primary,101,C04_FD004_3bf92063fd99_seed_101,outputs/c04_final_hardened_3bf9206,3bf92063fd99e23b7cbdf6a439a2fc4344807710,1c08faede2582624803d4b9cfb0b1506c4b1b42083a2a1dea7a2959bc3121108,c2559a2d283a3e854b8df4c9859f40830b28288716ccdf551984ce04bab0f74b,25e52b7e59fac768337790bcc64197aa6b87fe9bffa164402870cb01edaa4262,mean,raw,signed_error,0.18227452271231512,reconstructed,248,PENDING
C04,FD004,primary,101,C04_FD004_3bf92063fd99_seed_101,outputs/c04_final_hardened_3bf9206,3bf92063fd99e23b7cbdf6a439a2fc4344807710,1c08faede2582624803d4b9cfb0b1506c4b1b42083a2a1dea7a2959bc3121108,c2559a2d283a3e854b8df4c9859f40830b28288716ccdf551984ce04bab0f74b,25e52b7e59fac768337790bcc64197aa6b87fe9bffa164402870cb01edaa4262,mean,raw,nasa_score,129525.32078744032,reconstructed,248,PENDING
C04,FD004,primary,101,C04_FD004_3bf92063fd99_seed_101,outputs/c04_final_hardened_3bf9206,3bf92063fd99e23b7cbdf6a439a2fc4344807710,1c08faede2582624803d4b9cfb0b1506c4b1b42083a2a1dea7a2959bc3121108,c2559a2d283a3e854b8df4c9859f40830b28288716ccdf551984ce04bab0f74b,25e52b7e59fac768337790bcc64197aa6b87fe9bffa164402870cb01edaa4262,mean,clipped,rmse,43.88803377312469,reconstructed,248,PENDING
C04,FD004,primary,101,C04_FD004_3bf92063fd99_seed_101,outputs/c04_final_hardened_3bf9206,3bf92063fd99e23b7cbdf6a439a2fc4344807710,1c08faede2582624803d4b9cfb0b1506c4b1b42083a2a1dea7a2959bc3121108,c2559a2d283a3e854b8df4c9859f40830b28288716ccdf551984ce04bab0f74b,25e52b7e59fac768337790bcc64197aa6b87fe9bffa164402870cb01edaa4262,mean,clipped,mae,37.77444042132983,reconstructed,248,PENDING
C04,FD004,primary,101,C04_FD004_3bf92063fd99_seed_101,outputs/c04_final_hardened_3bf9206,3bf92063fd99e23b7cbdf6a439a2fc4344807710,1c08faede2582624803d4b9cfb0b1506c4b1b42083a2a1dea7a2959bc3121108,c2559a2d283a3e854b8df4c9859f40830b28288716ccdf551984ce04bab0f74b,25e52b7e59fac768337790bcc64197aa6b87fe9bffa164402870cb01edaa4262,mean,clipped,signed_error,8.8758229098091,reconstructed,248,PENDING
C04,FD004,primary,101,C04_FD004_3bf92063fd99_seed_101,outputs/c04_final_hardened_3bf9206,3bf92063fd99e23b7cbdf6a439a2fc4344807710,1c08faede2582624803d4b9cfb0b1506c4b1b42083a2a1dea7a2959bc3121108,c2559a2d283a3e854b8df4c9859f40830b28288716ccdf551984ce04bab0f74b,25e52b7e59fac768337790bcc64197aa6b87fe9bffa164402870cb01edaa4262,mean,clipped,nasa_score,89087.40819676843,reconstructed,248,PENDING
C04,FD004,primary,101,C04_FD004_3bf92063fd99_seed_101,outputs/c04_final_hardened_3bf9206,3bf92063fd99e23b7cbdf6a439a2fc4344807710,1c08faede2582624803d4b9cfb0b1506c4b1b42083a2a1dea7a2959bc3121108,c2559a2d283a3e854b8df4c9859f40830b28288716ccdf551984ce04bab0f74b,25e52b7e59fac768337790bcc64197aa6b87fe9bffa164402870cb01edaa4262,ridge,raw,rmse,21537722173728.02,reconstructed,248,PENDING
C04,FD004,primary,101,C04_FD004_3bf92063fd99_seed_101,outputs/c04_final_hardened_3bf9206,3bf92063fd99e23b7cbdf6a439a2fc4344807710,1c08faede2582624803d4b9cfb0b1506c4b1b42083a2a1dea7a2959bc3121108,c2559a2d283a3e854b8df4c9859f40830b28288716ccdf551984ce04bab0f74b,25e52b7e59fac768337790bcc64197aa6b87fe9bffa164402870cb01edaa4262,ridge,raw,mae,17322138503454.814,reconstructed,248,PENDING
C04,FD004,primary,101,C04_FD004_3bf92063fd99_seed_101,outputs/c04_final_hardened_3bf9206,3bf92063fd99e23b7cbdf6a439a2fc4344807710,1c08faede2582624803d4b9cfb0b1506c4b1b42083a2a1dea7a2959bc3121108,c2559a2d283a3e854b8df4c9859f40830b28288716ccdf551984ce04bab0f74b,25e52b7e59fac768337790bcc64197aa6b87fe9bffa164402870cb01edaa4262,ridge,raw,signed_error,1208386786762.634,reconstructed,248,PENDING
C04,FD004,primary,101,C04_FD004_3bf92063fd99_seed_101,outputs/c04_final_hardened_3bf9206,3bf92063fd99e23b7cbdf6a439a2fc4344807710,1c08faede2582624803d4b9cfb0b1506c4b1b42083a2a1dea7a2959bc3121108,c2559a2d283a3e854b8df4c9859f40830b28288716ccdf551984ce04bab0f74b,25e52b7e59fac768337790bcc64197aa6b87fe9bffa164402870cb01edaa4262,ridge,raw,nasa_score,PENDING,nonfinite_on_raw_support,248,PENDING
C04,FD004,primary,101,C04_FD004_3bf92063fd99_seed_101,outputs/c04_final_hardened_3bf9206,3bf92063fd99e23b7cbdf6a439a2fc4344807710,1c08faede2582624803d4b9cfb0b1506c4b1b42083a2a1dea7a2959bc3121108,c2559a2d283a3e854b8df4c9859f40830b28288716ccdf551984ce04bab0f74b,25e52b7e59fac768337790bcc64197aa6b87fe9bffa164402870cb01edaa4262,ridge,clipped,rmse,79.2899944873655,reconstructed,248,PENDING
C04,FD004,primary,101,C04_FD004_3bf92063fd99_seed_101,outputs/c04_final_hardened_3bf9206,3bf92063fd99e23b7cbdf6a439a2fc4344807710,1c08faede2582624803d4b9cfb0b1506c4b1b42083a2a1dea7a2959bc3121108,c2559a2d283a3e854b8df4c9859f40830b28288716ccdf551984ce04bab0f74b,25e52b7e59fac768337790bcc64197aa6b87fe9bffa164402870cb01edaa4262,ridge,clipped,mae,64.87903225806451,reconstructed,248,PENDING
C04,FD004,primary,101,C04_FD004_3bf92063fd99_seed_101,outputs/c04_final_hardened_3bf9206,3bf92063fd99e23b7cbdf6a439a2fc4344807710,1c08faede2582624803d4b9cfb0b1506c4b1b42083a2a1dea7a2959bc3121108,c2559a2d283a3e854b8df4c9859f40830b28288716ccdf551984ce04bab0f74b,25e52b7e59fac768337790bcc64197aa6b87fe9bffa164402870cb01edaa4262,ridge,clipped,signed_error,-16.870967741935484,reconstructed,248,PENDING
C04,FD004,primary,101,C04_FD004_3bf92063fd99_seed_101,outputs/c04_final_hardened_3bf9206,3bf92063fd99e23b7cbdf6a439a2fc4344807710,1c08faede2582624803d4b9cfb0b1506c4b1b42083a2a1dea7a2959bc3121108,c2559a2d283a3e854b8df4c9859f40830b28288716ccdf551984ce04bab0f74b,25e52b7e59fac768337790bcc64197aa6b87fe9bffa164402870cb01edaa4262,ridge,clipped,nasa_score,2560076.2125537465,reconstructed,248,PENDING
C04,FD004,primary,101,C04_FD004_3bf92063fd99_seed_101,outputs/c04_final_hardened_3bf9206,3bf92063fd99e23b7cbdf6a439a2fc4344807710,1c08faede2582624803d4b9cfb0b1506c4b1b42083a2a1dea7a2959bc3121108,c2559a2d283a3e854b8df4c9859f40830b28288716ccdf551984ce04bab0f74b,25e52b7e59fac768337790bcc64197aa6b87fe9bffa164402870cb01edaa4262,hist_gradient_boosting,raw,rmse,49.49935283910075,reconstructed,248,PENDING
C04,FD004,primary,101,C04_FD004_3bf92063fd99_seed_101,outputs/c04_final_hardened_3bf9206,3bf92063fd99e23b7cbdf6a439a2fc4344807710,1c08faede2582624803d4b9cfb0b1506c4b1b42083a2a1dea7a2959bc3121108,c2559a2d283a3e854b8df4c9859f40830b28288716ccdf551984ce04bab0f74b,25e52b7e59fac768337790bcc64197aa6b87fe9bffa164402870cb01edaa4262,hist_gradient_boosting,raw,mae,42.23022737178075,reconstructed,248,PENDING
C04,FD004,primary,101,C04_FD004_3bf92063fd99_seed_101,outputs/c04_final_hardened_3bf9206,3bf92063fd99e23b7cbdf6a439a2fc4344807710,1c08faede2582624803d4b9cfb0b1506c4b1b42083a2a1dea7a2959bc3121108,c2559a2d283a3e854b8df4c9859f40830b28288716ccdf551984ce04bab0f74b,25e52b7e59fac768337790bcc64197aa6b87fe9bffa164402870cb01edaa4262,hist_gradient_boosting,raw,signed_error,-0.4432546814179243,reconstructed,248,PENDING
C04,FD004,primary,101,C04_FD004_3bf92063fd99_seed_101,outputs/c04_final_hardened_3bf9206,3bf92063fd99e23b7cbdf6a439a2fc4344807710,1c08faede2582624803d4b9cfb0b1506c4b1b42083a2a1dea7a2959bc3121108,c2559a2d283a3e854b8df4c9859f40830b28288716ccdf551984ce04bab0f74b,25e52b7e59fac768337790bcc64197aa6b87fe9bffa164402870cb01edaa4262,hist_gradient_boosting,raw,nasa_score,88156.83897604707,reconstructed,248,PENDING
C04,FD004,primary,101,C04_FD004_3bf92063fd99_seed_101,outputs/c04_final_hardened_3bf9206,3bf92063fd99e23b7cbdf6a439a2fc4344807710,1c08faede2582624803d4b9cfb0b1506c4b1b42083a2a1dea7a2959bc3121108,c2559a2d283a3e854b8df4c9859f40830b28288716ccdf551984ce04bab0f74b,25e52b7e59fac768337790bcc64197aa6b87fe9bffa164402870cb01edaa4262,hist_gradient_boosting,clipped,rmse,39.64180838217113,reconstructed,248,PENDING
C04,FD004,primary,101,C04_FD004_3bf92063fd99_seed_101,outputs/c04_final_hardened_3bf9206,3bf92063fd99e23b7cbdf6a439a2fc4344807710,1c08faede2582624803d4b9cfb0b1506c4b1b42083a2a1dea7a2959bc3121108,c2559a2d283a3e854b8df4c9859f40830b28288716ccdf551984ce04bab0f74b,25e52b7e59fac768337790bcc64197aa6b87fe9bffa164402870cb01edaa4262,hist_gradient_boosting,clipped,mae,33.536678984683974,reconstructed,248,PENDING
C04,FD004,primary,101,C04_FD004_3bf92063fd99_seed_101,outputs/c04_final_hardened_3bf9206,3bf92063fd99e23b7cbdf6a439a2fc4344807710,1c08faede2582624803d4b9cfb0b1506c4b1b42083a2a1dea7a2959bc3121108,c2559a2d283a3e854b8df4c9859f40830b28288716ccdf551984ce04bab0f74b,25e52b7e59fac768337790bcc64197aa6b87fe9bffa164402870cb01edaa4262,hist_gradient_boosting,clipped,signed_error,8.25029370567884,reconstructed,248,PENDING
C04,FD004,primary,101,C04_FD004_3bf92063fd99_seed_101,outputs/c04_final_hardened_3bf9206,3bf92063fd99e23b7cbdf6a439a2fc4344807710,1c08faede2582624803d4b9cfb0b1506c4b1b42083a2a1dea7a2959bc3121108,c2559a2d283a3e854b8df4c9859f40830b28288716ccdf551984ce04bab0f74b,25e52b7e59fac768337790bcc64197aa6b87fe9bffa164402870cb01edaa4262,hist_gradient_boosting,clipped,nasa_score,54699.44752946971,reconstructed,248,PENDING
C04,FD004,primary,137,C04_FD004_3bf92063fd99_seed_137,outputs/c04_final_hardened_3bf9206,3bf92063fd99e23b7cbdf6a439a2fc4344807710,6e06015c4fcdc28c448dac7b3c1c59cace3949f642d1ef952b369d2f1ffeae31,715cb2dd1c6d315eb558896b18c90cb05b0ccdc1a55d55cbf54469c249061d5a,455bc6ef386362d3868191653d2efe8d9ea4c962a5bda0ff47859db255bfb355,mean,raw,rmse,54.52488985942891,reconstructed,248,PENDING
C04,FD004,primary,137,C04_FD004_3bf92063fd99_seed_137,outputs/c04_final_hardened_3bf9206,3bf92063fd99e23b7cbdf6a439a2fc4344807710,6e06015c4fcdc28c448dac7b3c1c59cace3949f642d1ef952b369d2f1ffeae31,715cb2dd1c6d315eb558896b18c90cb05b0ccdc1a55d55cbf54469c249061d5a,455bc6ef386362d3868191653d2efe8d9ea4c962a5bda0ff47859db255bfb355,mean,raw,mae,46.46535106430022,reconstructed,248,PENDING
C04,FD004,primary,137,C04_FD004_3bf92063fd99_seed_137,outputs/c04_final_hardened_3bf9206,3bf92063fd99e23b7cbdf6a439a2fc4344807710,6e06015c4fcdc28c448dac7b3c1c59cace3949f642d1ef952b369d2f1ffeae31,715cb2dd1c6d315eb558896b18c90cb05b0ccdc1a55d55cbf54469c249061d5a,455bc6ef386362d3868191653d2efe8d9ea4c962a5bda0ff47859db255bfb355,mean,raw,signed_error,0.34581465854730015,reconstructed,248,PENDING
C04,FD004,primary,137,C04_FD004_3bf92063fd99_seed_137,outputs/c04_final_hardened_3bf9206,3bf92063fd99e23b7cbdf6a439a2fc4344807710,6e06015c4fcdc28c448dac7b3c1c59cace3949f642d1ef952b369d2f1ffeae31,715cb2dd1c6d315eb558896b18c90cb05b0ccdc1a55d55cbf54469c249061d5a,455bc6ef386362d3868191653d2efe8d9ea4c962a5bda0ff47859db255bfb355,mean,raw,nasa_score,130446.67001811249,reconstructed,248,PENDING
C04,FD004,primary,137,C04_FD004_3bf92063fd99_seed_137,outputs/c04_final_hardened_3bf9206,3bf92063fd99e23b7cbdf6a439a2fc4344807710,6e06015c4fcdc28c448dac7b3c1c59cace3949f642d1ef952b369d2f1ffeae31,715cb2dd1c6d315eb558896b18c90cb05b0ccdc1a55d55cbf54469c249061d5a,455bc6ef386362d3868191653d2efe8d9ea4c962a5bda0ff47859db255bfb355,mean,clipped,rmse,43.921399800275005,reconstructed,248,PENDING
C04,FD004,primary,137,C04_FD004_3bf92063fd99_seed_137,outputs/c04_final_hardened_3bf9206,3bf92063fd99e23b7cbdf6a439a2fc4344807710,6e06015c4fcdc28c448dac7b3c1c59cace3949f642d1ef952b369d2f1ffeae31,715cb2dd1c6d315eb558896b18c90cb05b0ccdc1a55d55cbf54469c249061d5a,455bc6ef386362d3868191653d2efe8d9ea4c962a5bda0ff47859db255bfb355,mean,clipped,mae,37.771802677203446,reconstructed,248,PENDING
C04,FD004,primary,137,C04_FD004_3bf92063fd99_seed_137,outputs/c04_final_hardened_3bf9206,3bf92063fd99e23b7cbdf6a439a2fc4344807710,6e06015c4fcdc28c448dac7b3c1c59cace3949f642d1ef952b369d2f1ffeae31,715cb2dd1c6d315eb558896b18c90cb05b0ccdc1a55d55cbf54469c249061d5a,455bc6ef386362d3868191653d2efe8d9ea4c962a5bda0ff47859db255bfb355,mean,clipped,signed_error,9.039363045644082,reconstructed,248,PENDING
C04,FD004,primary,137,C04_FD004_3bf92063fd99_seed_137,outputs/c04_final_hardened_3bf9206,3bf92063fd99e23b7cbdf6a439a2fc4344807710,6e06015c4fcdc28c448dac7b3c1c59cace3949f642d1ef952b369d2f1ffeae31,715cb2dd1c6d315eb558896b18c90cb05b0ccdc1a55d55cbf54469c249061d5a,455bc6ef386362d3868191653d2efe8d9ea4c962a5bda0ff47859db255bfb355,mean,clipped,nasa_score,90514.28038149186,reconstructed,248,PENDING
C04,FD004,primary,137,C04_FD004_3bf92063fd99_seed_137,outputs/c04_final_hardened_3bf9206,3bf92063fd99e23b7cbdf6a439a2fc4344807710,6e06015c4fcdc28c448dac7b3c1c59cace3949f642d1ef952b369d2f1ffeae31,715cb2dd1c6d315eb558896b18c90cb05b0ccdc1a55d55cbf54469c249061d5a,455bc6ef386362d3868191653d2efe8d9ea4c962a5bda0ff47859db255bfb355,ridge,raw,rmse,11905855146183.656,reconstructed,248,PENDING
C04,FD004,primary,137,C04_FD004_3bf92063fd99_seed_137,outputs/c04_final_hardened_3bf9206,3bf92063fd99e23b7cbdf6a439a2fc4344807710,6e06015c4fcdc28c448dac7b3c1c59cace3949f642d1ef952b369d2f1ffeae31,715cb2dd1c6d315eb558896b18c90cb05b0ccdc1a55d55cbf54469c249061d5a,455bc6ef386362d3868191653d2efe8d9ea4c962a5bda0ff47859db255bfb355,ridge,raw,mae,9561534953693.299,reconstructed,248,PENDING
C04,FD004,primary,137,C04_FD004_3bf92063fd99_seed_137,outputs/c04_final_hardened_3bf9206,3bf92063fd99e23b7cbdf6a439a2fc4344807710,6e06015c4fcdc28c448dac7b3c1c59cace3949f642d1ef952b369d2f1ffeae31,715cb2dd1c6d315eb558896b18c90cb05b0ccdc1a55d55cbf54469c249061d5a,455bc6ef386362d3868191653d2efe8d9ea4c962a5bda0ff47859db255bfb355,ridge,raw,signed_error,871425731383.5537,reconstructed,248,PENDING
C04,FD004,primary,137,C04_FD004_3bf92063fd99_seed_137,outputs/c04_final_hardened_3bf9206,3bf92063fd99e23b7cbdf6a439a2fc4344807710,6e06015c4fcdc28c448dac7b3c1c59cace3949f642d1ef952b369d2f1ffeae31,715cb2dd1c6d315eb558896b18c90cb05b0ccdc1a55d55cbf54469c249061d5a,455bc6ef386362d3868191653d2efe8d9ea4c962a5bda0ff47859db255bfb355,ridge,raw,nasa_score,PENDING,nonfinite_on_raw_support,248,PENDING
C04,FD004,primary,137,C04_FD004_3bf92063fd99_seed_137,outputs/c04_final_hardened_3bf9206,3bf92063fd99e23b7cbdf6a439a2fc4344807710,6e06015c4fcdc28c448dac7b3c1c59cace3949f642d1ef952b369d2f1ffeae31,715cb2dd1c6d315eb558896b18c90cb05b0ccdc1a55d55cbf54469c249061d5a,455bc6ef386362d3868191653d2efe8d9ea4c962a5bda0ff47859db255bfb355,ridge,clipped,rmse,77.11472914828207,reconstructed,248,PENDING
C04,FD004,primary,137,C04_FD004_3bf92063fd99_seed_137,outputs/c04_final_hardened_3bf9206,3bf92063fd99e23b7cbdf6a439a2fc4344807710,6e06015c4fcdc28c448dac7b3c1c59cace3949f642d1ef952b369d2f1ffeae31,715cb2dd1c6d315eb558896b18c90cb05b0ccdc1a55d55cbf54469c249061d5a,455bc6ef386362d3868191653d2efe8d9ea4c962a5bda0ff47859db255bfb355,ridge,clipped,mae,62.15725806451613,reconstructed,248,PENDING
C04,FD004,primary,137,C04_FD004_3bf92063fd99_seed_137,outputs/c04_final_hardened_3bf9206,3bf92063fd99e23b7cbdf6a439a2fc4344807710,6e06015c4fcdc28c448dac7b3c1c59cace3949f642d1ef952b369d2f1ffeae31,715cb2dd1c6d315eb558896b18c90cb05b0ccdc1a55d55cbf54469c249061d5a,455bc6ef386362d3868191653d2efe8d9ea4c962a5bda0ff47859db255bfb355,ridge,clipped,signed_error,-14.350806451612904,reconstructed,248,PENDING
C04,FD004,primary,137,C04_FD004_3bf92063fd99_seed_137,outputs/c04_final_hardened_3bf9206,3bf92063fd99e23b7cbdf6a439a2fc4344807710,6e06015c4fcdc28c448dac7b3c1c59cace3949f642d1ef952b369d2f1ffeae31,715cb2dd1c6d315eb558896b18c90cb05b0ccdc1a55d55cbf54469c249061d5a,455bc6ef386362d3868191653d2efe8d9ea4c962a5bda0ff47859db255bfb355,ridge,clipped,nasa_score,2528519.0796902245,reconstructed,248,PENDING
C04,FD004,primary,137,C04_FD004_3bf92063fd99_seed_137,outputs/c04_final_hardened_3bf9206,3bf92063fd99e23b7cbdf6a439a2fc4344807710,6e06015c4fcdc28c448dac7b3c1c59cace3949f642d1ef952b369d2f1ffeae31,715cb2dd1c6d315eb558896b18c90cb05b0ccdc1a55d55cbf54469c249061d5a,455bc6ef386362d3868191653d2efe8d9ea4c962a5bda0ff47859db255bfb355,hist_gradient_boosting,raw,rmse,51.230059471220265,reconstructed,248,PENDING
C04,FD004,primary,137,C04_FD004_3bf92063fd99_seed_137,outputs/c04_final_hardened_3bf9206,3bf92063fd99e23b7cbdf6a439a2fc4344807710,6e06015c4fcdc28c448dac7b3c1c59cace3949f642d1ef952b369d2f1ffeae31,715cb2dd1c6d315eb558896b18c90cb05b0ccdc1a55d55cbf54469c249061d5a,455bc6ef386362d3868191653d2efe8d9ea4c962a5bda0ff47859db255bfb355,hist_gradient_boosting,raw,mae,43.30543135842276,reconstructed,248,PENDING
C04,FD004,primary,137,C04_FD004_3bf92063fd99_seed_137,outputs/c04_final_hardened_3bf9206,3bf92063fd99e23b7cbdf6a439a2fc4344807710,6e06015c4fcdc28c448dac7b3c1c59cace3949f642d1ef952b369d2f1ffeae31,715cb2dd1c6d315eb558896b18c90cb05b0ccdc1a55d55cbf54469c249061d5a,455bc6ef386362d3868191653d2efe8d9ea4c962a5bda0ff47859db255bfb355,hist_gradient_boosting,raw,signed_error,-12.127996761447314,reconstructed,248,PENDING
C04,FD004,primary,137,C04_FD004_3bf92063fd99_seed_137,outputs/c04_final_hardened_3bf9206,3bf92063fd99e23b7cbdf6a439a2fc4344807710,6e06015c4fcdc28c448dac7b3c1c59cace3949f642d1ef952b369d2f1ffeae31,715cb2dd1c6d315eb558896b18c90cb05b0ccdc1a55d55cbf54469c249061d5a,455bc6ef386362d3868191653d2efe8d9ea4c962a5bda0ff47859db255bfb355,hist_gradient_boosting,raw,nasa_score,98824.01046734881,reconstructed,248,PENDING
C04,FD004,primary,137,C04_FD004_3bf92063fd99_seed_137,outputs/c04_final_hardened_3bf9206,3bf92063fd99e23b7cbdf6a439a2fc4344807710,6e06015c4fcdc28c448dac7b3c1c59cace3949f642d1ef952b369d2f1ffeae31,715cb2dd1c6d315eb558896b18c90cb05b0ccdc1a55d55cbf54469c249061d5a,455bc6ef386362d3868191653d2efe8d9ea4c962a5bda0ff47859db255bfb355,hist_gradient_boosting,clipped,rmse,39.03867764125157,reconstructed,248,PENDING
C04,FD004,primary,137,C04_FD004_3bf92063fd99_seed_137,outputs/c04_final_hardened_3bf9206,3bf92063fd99e23b7cbdf6a439a2fc4344807710,6e06015c4fcdc28c448dac7b3c1c59cace3949f642d1ef952b369d2f1ffeae31,715cb2dd1c6d315eb558896b18c90cb05b0ccdc1a55d55cbf54469c249061d5a,455bc6ef386362d3868191653d2efe8d9ea4c962a5bda0ff47859db255bfb355,hist_gradient_boosting,clipped,mae,34.61188297132598,reconstructed,248,PENDING
C04,FD004,primary,137,C04_FD004_3bf92063fd99_seed_137,outputs/c04_final_hardened_3bf9206,3bf92063fd99e23b7cbdf6a439a2fc4344807710,6e06015c4fcdc28c448dac7b3c1c59cace3949f642d1ef952b369d2f1ffeae31,715cb2dd1c6d315eb558896b18c90cb05b0ccdc1a55d55cbf54469c249061d5a,455bc6ef386362d3868191653d2efe8d9ea4c962a5bda0ff47859db255bfb355,hist_gradient_boosting,clipped,signed_error,-3.4344483743505427,reconstructed,248,PENDING
C04,FD004,primary,137,C04_FD004_3bf92063fd99_seed_137,outputs/c04_final_hardened_3bf9206,3bf92063fd99e23b7cbdf6a439a2fc4344807710,6e06015c4fcdc28c448dac7b3c1c59cace3949f642d1ef952b369d2f1ffeae31,715cb2dd1c6d315eb558896b18c90cb05b0ccdc1a55d55cbf54469c249061d5a,455bc6ef386362d3868191653d2efe8d9ea4c962a5bda0ff47859db255bfb355,hist_gradient_boosting,clipped,nasa_score,18200.492964755107,reconstructed,248,PENDING
C05,FD002,primary,13,C05_FD002_0cfbe6357863_seed_13,outputs/c05_final_bounded_0cfbe63,0cfbe6357863e5bffcf4b3223823d1323fd86b0a,70d7be6bf67e11cf173126f71cafab59bc9610c729270ecc14bc6c9199780609,ecb443515925213a4b19422ae4c7716f4ee6bfde77c71692e2136e2105b55cd3,de2c8976b2da16a26f9636f6662bab669a4aa7ce65f15ce56b6d1cd7573c701f,mean,raw,rmse,53.93807491765073,reconstructed,259,PENDING
C05,FD002,primary,13,C05_FD002_0cfbe6357863_seed_13,outputs/c05_final_bounded_0cfbe63,0cfbe6357863e5bffcf4b3223823d1323fd86b0a,70d7be6bf67e11cf173126f71cafab59bc9610c729270ecc14bc6c9199780609,ecb443515925213a4b19422ae4c7716f4ee6bfde77c71692e2136e2105b55cd3,de2c8976b2da16a26f9636f6662bab669a4aa7ce65f15ce56b6d1cd7573c701f,mean,raw,mae,45.486009939410444,reconstructed,259,PENDING
C05,FD002,primary,13,C05_FD002_0cfbe6357863_seed_13,outputs/c05_final_bounded_0cfbe63,0cfbe6357863e5bffcf4b3223823d1323fd86b0a,70d7be6bf67e11cf173126f71cafab59bc9610c729270ecc14bc6c9199780609,ecb443515925213a4b19422ae4c7716f4ee6bfde77c71692e2136e2105b55cd3,de2c8976b2da16a26f9636f6662bab669a4aa7ce65f15ce56b6d1cd7573c701f,mean,raw,signed_error,4.142127734067332,reconstructed,259,PENDING
C05,FD002,primary,13,C05_FD002_0cfbe6357863_seed_13,outputs/c05_final_bounded_0cfbe63,0cfbe6357863e5bffcf4b3223823d1323fd86b0a,70d7be6bf67e11cf173126f71cafab59bc9610c729270ecc14bc6c9199780609,ecb443515925213a4b19422ae4c7716f4ee6bfde77c71692e2136e2105b55cd3,de2c8976b2da16a26f9636f6662bab669a4aa7ce65f15ce56b6d1cd7573c701f,mean,raw,nasa_score,141510.47498401118,reconstructed,259,PENDING
C05,FD002,primary,13,C05_FD002_0cfbe6357863_seed_13,outputs/c05_final_bounded_0cfbe63,0cfbe6357863e5bffcf4b3223823d1323fd86b0a,70d7be6bf67e11cf173126f71cafab59bc9610c729270ecc14bc6c9199780609,ecb443515925213a4b19422ae4c7716f4ee6bfde77c71692e2136e2105b55cd3,de2c8976b2da16a26f9636f6662bab669a4aa7ce65f15ce56b6d1cd7573c701f,mean,clipped,rmse,44.48803616309352,reconstructed,259,PENDING
C05,FD002,primary,13,C05_FD002_0cfbe6357863_seed_13,outputs/c05_final_bounded_0cfbe63,0cfbe6357863e5bffcf4b3223823d1323fd86b0a,70d7be6bf67e11cf173126f71cafab59bc9610c729270ecc14bc6c9199780609,ecb443515925213a4b19422ae4c7716f4ee6bfde77c71692e2136e2105b55cd3,de2c8976b2da16a26f9636f6662bab669a4aa7ce65f15ce56b6d1cd7573c701f,mean,clipped,mae,37.99180144520195,reconstructed,259,PENDING
C05,FD002,primary,13,C05_FD002_0cfbe6357863_seed_13,outputs/c05_final_bounded_0cfbe63,0cfbe6357863e5bffcf4b3223823d1323fd86b0a,70d7be6bf67e11cf173126f71cafab59bc9610c729270ecc14bc6c9199780609,ecb443515925213a4b19422ae4c7716f4ee6bfde77c71692e2136e2105b55cd3,de2c8976b2da16a26f9636f6662bab669a4aa7ce65f15ce56b6d1cd7573c701f,mean,clipped,signed_error,11.636336228275846,reconstructed,259,PENDING
C05,FD002,primary,13,C05_FD002_0cfbe6357863_seed_13,outputs/c05_final_bounded_0cfbe63,0cfbe6357863e5bffcf4b3223823d1323fd86b0a,70d7be6bf67e11cf173126f71cafab59bc9610c729270ecc14bc6c9199780609,ecb443515925213a4b19422ae4c7716f4ee6bfde77c71692e2136e2105b55cd3,de2c8976b2da16a26f9636f6662bab669a4aa7ce65f15ce56b6d1cd7573c701f,mean,clipped,nasa_score,98987.53409841082,reconstructed,259,PENDING
C05,FD002,primary,13,C05_FD002_0cfbe6357863_seed_13,outputs/c05_final_bounded_0cfbe63,0cfbe6357863e5bffcf4b3223823d1323fd86b0a,70d7be6bf67e11cf173126f71cafab59bc9610c729270ecc14bc6c9199780609,ecb443515925213a4b19422ae4c7716f4ee6bfde77c71692e2136e2105b55cd3,de2c8976b2da16a26f9636f6662bab669a4aa7ce65f15ce56b6d1cd7573c701f,ridge,raw,rmse,26992786736335.688,reconstructed,259,PENDING
C05,FD002,primary,13,C05_FD002_0cfbe6357863_seed_13,outputs/c05_final_bounded_0cfbe63,0cfbe6357863e5bffcf4b3223823d1323fd86b0a,70d7be6bf67e11cf173126f71cafab59bc9610c729270ecc14bc6c9199780609,ecb443515925213a4b19422ae4c7716f4ee6bfde77c71692e2136e2105b55cd3,de2c8976b2da16a26f9636f6662bab669a4aa7ce65f15ce56b6d1cd7573c701f,ridge,raw,mae,21587000712094.555,reconstructed,259,PENDING
C05,FD002,primary,13,C05_FD002_0cfbe6357863_seed_13,outputs/c05_final_bounded_0cfbe63,0cfbe6357863e5bffcf4b3223823d1323fd86b0a,70d7be6bf67e11cf173126f71cafab59bc9610c729270ecc14bc6c9199780609,ecb443515925213a4b19422ae4c7716f4ee6bfde77c71692e2136e2105b55cd3,de2c8976b2da16a26f9636f6662bab669a4aa7ce65f15ce56b6d1cd7573c701f,ridge,raw,signed_error,-49530845529.28472,reconstructed,259,PENDING
C05,FD002,primary,13,C05_FD002_0cfbe6357863_seed_13,outputs/c05_final_bounded_0cfbe63,0cfbe6357863e5bffcf4b3223823d1323fd86b0a,70d7be6bf67e11cf173126f71cafab59bc9610c729270ecc14bc6c9199780609,ecb443515925213a4b19422ae4c7716f4ee6bfde77c71692e2136e2105b55cd3,de2c8976b2da16a26f9636f6662bab669a4aa7ce65f15ce56b6d1cd7573c701f,ridge,raw,nasa_score,PENDING,nonfinite_on_raw_support,259,PENDING
C05,FD002,primary,13,C05_FD002_0cfbe6357863_seed_13,outputs/c05_final_bounded_0cfbe63,0cfbe6357863e5bffcf4b3223823d1323fd86b0a,70d7be6bf67e11cf173126f71cafab59bc9610c729270ecc14bc6c9199780609,ecb443515925213a4b19422ae4c7716f4ee6bfde77c71692e2136e2105b55cd3,de2c8976b2da16a26f9636f6662bab669a4aa7ce65f15ce56b6d1cd7573c701f,ridge,clipped,rmse,78.3118949825178,reconstructed,259,PENDING
C05,FD002,primary,13,C05_FD002_0cfbe6357863_seed_13,outputs/c05_final_bounded_0cfbe63,0cfbe6357863e5bffcf4b3223823d1323fd86b0a,70d7be6bf67e11cf173126f71cafab59bc9610c729270ecc14bc6c9199780609,ecb443515925213a4b19422ae4c7716f4ee6bfde77c71692e2136e2105b55cd3,de2c8976b2da16a26f9636f6662bab669a4aa7ce65f15ce56b6d1cd7573c701f,ridge,clipped,mae,64.55984555984556,reconstructed,259,PENDING
C05,FD002,primary,13,C05_FD002_0cfbe6357863_seed_13,outputs/c05_final_bounded_0cfbe63,0cfbe6357863e5bffcf4b3223823d1323fd86b0a,70d7be6bf67e11cf173126f71cafab59bc9610c729270ecc14bc6c9199780609,ecb443515925213a4b19422ae4c7716f4ee6bfde77c71692e2136e2105b55cd3,de2c8976b2da16a26f9636f6662bab669a4aa7ce65f15ce56b6d1cd7573c701f,ridge,clipped,signed_error,-9.501930501930502,reconstructed,259,PENDING
C05,FD002,primary,13,C05_FD002_0cfbe6357863_seed_13,outputs/c05_final_bounded_0cfbe63,0cfbe6357863e5bffcf4b3223823d1323fd86b0a,70d7be6bf67e11cf173126f71cafab59bc9610c729270ecc14bc6c9199780609,ecb443515925213a4b19422ae4c7716f4ee6bfde77c71692e2136e2105b55cd3,de2c8976b2da16a26f9636f6662bab669a4aa7ce65f15ce56b6d1cd7573c701f,ridge,clipped,nasa_score,3429037.0036011087,reconstructed,259,PENDING
C05,FD002,primary,13,C05_FD002_0cfbe6357863_seed_13,outputs/c05_final_bounded_0cfbe63,0cfbe6357863e5bffcf4b3223823d1323fd86b0a,70d7be6bf67e11cf173126f71cafab59bc9610c729270ecc14bc6c9199780609,ecb443515925213a4b19422ae4c7716f4ee6bfde77c71692e2136e2105b55cd3,de2c8976b2da16a26f9636f6662bab669a4aa7ce65f15ce56b6d1cd7573c701f,hist_gradient_boosting,raw,rmse,44.95501329910612,reconstructed,259,PENDING
C05,FD002,primary,13,C05_FD002_0cfbe6357863_seed_13,outputs/c05_final_bounded_0cfbe63,0cfbe6357863e5bffcf4b3223823d1323fd86b0a,70d7be6bf67e11cf173126f71cafab59bc9610c729270ecc14bc6c9199780609,ecb443515925213a4b19422ae4c7716f4ee6bfde77c71692e2136e2105b55cd3,de2c8976b2da16a26f9636f6662bab669a4aa7ce65f15ce56b6d1cd7573c701f,hist_gradient_boosting,raw,mae,37.16490618987525,reconstructed,259,PENDING
C05,FD002,primary,13,C05_FD002_0cfbe6357863_seed_13,outputs/c05_final_bounded_0cfbe63,0cfbe6357863e5bffcf4b3223823d1323fd86b0a,70d7be6bf67e11cf173126f71cafab59bc9610c729270ecc14bc6c9199780609,ecb443515925213a4b19422ae4c7716f4ee6bfde77c71692e2136e2105b55cd3,de2c8976b2da16a26f9636f6662bab669a4aa7ce65f15ce56b6d1cd7573c701f,hist_gradient_boosting,raw,signed_error,-10.833037925068398,reconstructed,259,PENDING
C05,FD002,primary,13,C05_FD002_0cfbe6357863_seed_13,outputs/c05_final_bounded_0cfbe63,0cfbe6357863e5bffcf4b3223823d1323fd86b0a,70d7be6bf67e11cf173126f71cafab59bc9610c729270ecc14bc6c9199780609,ecb443515925213a4b19422ae4c7716f4ee6bfde77c71692e2136e2105b55cd3,de2c8976b2da16a26f9636f6662bab669a4aa7ce65f15ce56b6d1cd7573c701f,hist_gradient_boosting,raw,nasa_score,97726.17527520352,reconstructed,259,PENDING
C05,FD002,primary,13,C05_FD002_0cfbe6357863_seed_13,outputs/c05_final_bounded_0cfbe63,0cfbe6357863e5bffcf4b3223823d1323fd86b0a,70d7be6bf67e11cf173126f71cafab59bc9610c729270ecc14bc6c9199780609,ecb443515925213a4b19422ae4c7716f4ee6bfde77c71692e2136e2105b55cd3,de2c8976b2da16a26f9636f6662bab669a4aa7ce65f15ce56b6d1cd7573c701f,hist_gradient_boosting,clipped,rmse,33.839400660773535,reconstructed,259,PENDING
C05,FD002,primary,13,C05_FD002_0cfbe6357863_seed_13,outputs/c05_final_bounded_0cfbe63,0cfbe6357863e5bffcf4b3223823d1323fd86b0a,70d7be6bf67e11cf173126f71cafab59bc9610c729270ecc14bc6c9199780609,ecb443515925213a4b19422ae4c7716f4ee6bfde77c71692e2136e2105b55cd3,de2c8976b2da16a26f9636f6662bab669a4aa7ce65f15ce56b6d1cd7573c701f,hist_gradient_boosting,clipped,mae,29.67069769566676,reconstructed,259,PENDING
C05,FD002,primary,13,C05_FD002_0cfbe6357863_seed_13,outputs/c05_final_bounded_0cfbe63,0cfbe6357863e5bffcf4b3223823d1323fd86b0a,70d7be6bf67e11cf173126f71cafab59bc9610c729270ecc14bc6c9199780609,ecb443515925213a4b19422ae4c7716f4ee6bfde77c71692e2136e2105b55cd3,de2c8976b2da16a26f9636f6662bab669a4aa7ce65f15ce56b6d1cd7573c701f,hist_gradient_boosting,clipped,signed_error,-3.338829430859903,reconstructed,259,PENDING
C05,FD002,primary,13,C05_FD002_0cfbe6357863_seed_13,outputs/c05_final_bounded_0cfbe63,0cfbe6357863e5bffcf4b3223823d1323fd86b0a,70d7be6bf67e11cf173126f71cafab59bc9610c729270ecc14bc6c9199780609,ecb443515925213a4b19422ae4c7716f4ee6bfde77c71692e2136e2105b55cd3,de2c8976b2da16a26f9636f6662bab669a4aa7ce65f15ce56b6d1cd7573c701f,hist_gradient_boosting,clipped,nasa_score,9475.858523299894,reconstructed,259,PENDING
C05,FD002,primary,37,C05_FD002_0cfbe6357863_seed_37,outputs/c05_final_bounded_0cfbe63,0cfbe6357863e5bffcf4b3223823d1323fd86b0a,ff59ec61b276ad590c54f60902a1c198b9e920da5130c6a0e9f543191c012847,fa60ffd628f5ffa273d934d6ba4800f7d039a1d622e9c8c4b2e418a1a6ee531e,b067fa160acf45396b6b7ca3e0617d12a5b07b5169eb955e772cb4a8c180fab5,mean,raw,rmse,54.14617688746198,reconstructed,259,PENDING
C05,FD002,primary,37,C05_FD002_0cfbe6357863_seed_37,outputs/c05_final_bounded_0cfbe63,0cfbe6357863e5bffcf4b3223823d1323fd86b0a,ff59ec61b276ad590c54f60902a1c198b9e920da5130c6a0e9f543191c012847,fa60ffd628f5ffa273d934d6ba4800f7d039a1d622e9c8c4b2e418a1a6ee531e,b067fa160acf45396b6b7ca3e0617d12a5b07b5169eb955e772cb4a8c180fab5,mean,raw,mae,45.69877179977228,reconstructed,259,PENDING
C05,FD002,primary,37,C05_FD002_0cfbe6357863_seed_37,outputs/c05_final_bounded_0cfbe63,0cfbe6357863e5bffcf4b3223823d1323fd86b0a,ff59ec61b276ad590c54f60902a1c198b9e920da5130c6a0e9f543191c012847,fa60ffd628f5ffa273d934d6ba4800f7d039a1d622e9c8c4b2e418a1a6ee531e,b067fa160acf45396b6b7ca3e0617d12a5b07b5169eb955e772cb4a8c180fab5,mean,raw,signed_error,6.296806164362153,reconstructed,259,PENDING
C05,FD002,primary,37,C05_FD002_0cfbe6357863_seed_37,outputs/c05_final_bounded_0cfbe63,0cfbe6357863e5bffcf4b3223823d1323fd86b0a,ff59ec61b276ad590c54f60902a1c198b9e920da5130c6a0e9f543191c012847,fa60ffd628f5ffa273d934d6ba4800f7d039a1d622e9c8c4b2e418a1a6ee531e,b067fa160acf45396b6b7ca3e0617d12a5b07b5169eb955e772cb4a8c180fab5,mean,raw,nasa_score,158256.4094030522,reconstructed,259,PENDING
C05,FD002,primary,37,C05_FD002_0cfbe6357863_seed_37,outputs/c05_final_bounded_0cfbe63,0cfbe6357863e5bffcf4b3223823d1323fd86b0a,ff59ec61b276ad590c54f60902a1c198b9e920da5130c6a0e9f543191c012847,fa60ffd628f5ffa273d934d6ba4800f7d039a1d622e9c8c4b2e418a1a6ee531e,b067fa160acf45396b6b7ca3e0617d12a5b07b5169eb955e772cb4a8c180fab5,mean,clipped,rmse,45.09959119708452,reconstructed,259,PENDING
C05,FD002,primary,37,C05_FD002_0cfbe6357863_seed_37,outputs/c05_final_bounded_0cfbe63,0cfbe6357863e5bffcf4b3223823d1323fd86b0a,ff59ec61b276ad590c54f60902a1c198b9e920da5130c6a0e9f543191c012847,fa60ffd628f5ffa273d934d6ba4800f7d039a1d622e9c8c4b2e418a1a6ee531e,b067fa160acf45396b6b7ca3e0617d12a5b07b5169eb955e772cb4a8c180fab5,mean,clipped,mae,38.20456330556378,reconstructed,259,PENDING
C05,FD002,primary,37,C05_FD002_0cfbe6357863_seed_37,outputs/c05_final_bounded_0cfbe63,0cfbe6357863e5bffcf4b3223823d1323fd86b0a,ff59ec61b276ad590c54f60902a1c198b9e920da5130c6a0e9f543191c012847,fa60ffd628f5ffa273d934d6ba4800f7d039a1d622e9c8c4b2e418a1a6ee531e,b067fa160acf45396b6b7ca3e0617d12a5b07b5169eb955e772cb4a8c180fab5,mean,clipped,signed_error,13.791014658570518,reconstructed,259,PENDING
C05,FD002,primary,37,C05_FD002_0cfbe6357863_seed_37,outputs/c05_final_bounded_0cfbe63,0cfbe6357863e5bffcf4b3223823d1323fd86b0a,ff59ec61b276ad590c54f60902a1c198b9e920da5130c6a0e9f543191c012847,fa60ffd628f5ffa273d934d6ba4800f7d039a1d622e9c8c4b2e418a1a6ee531e,b067fa160acf45396b6b7ca3e0617d12a5b07b5169eb955e772cb4a8c180fab5,mean,clipped,nasa_score,122228.3082621349,reconstructed,259,PENDING
C05,FD002,primary,37,C05_FD002_0cfbe6357863_seed_37,outputs/c05_final_bounded_0cfbe63,0cfbe6357863e5bffcf4b3223823d1323fd86b0a,ff59ec61b276ad590c54f60902a1c198b9e920da5130c6a0e9f543191c012847,fa60ffd628f5ffa273d934d6ba4800f7d039a1d622e9c8c4b2e418a1a6ee531e,b067fa160acf45396b6b7ca3e0617d12a5b07b5169eb955e772cb4a8c180fab5,ridge,raw,rmse,17206683966295.57,reconstructed,259,PENDING
C05,FD002,primary,37,C05_FD002_0cfbe6357863_seed_37,outputs/c05_final_bounded_0cfbe63,0cfbe6357863e5bffcf4b3223823d1323fd86b0a,ff59ec61b276ad590c54f60902a1c198b9e920da5130c6a0e9f543191c012847,fa60ffd628f5ffa273d934d6ba4800f7d039a1d622e9c8c4b2e418a1a6ee531e,b067fa160acf45396b6b7ca3e0617d12a5b07b5169eb955e772cb4a8c180fab5,ridge,raw,mae,13694329199007.582,reconstructed,259,PENDING
C05,FD002,primary,37,C05_FD002_0cfbe6357863_seed_37,outputs/c05_final_bounded_0cfbe63,0cfbe6357863e5bffcf4b3223823d1323fd86b0a,ff59ec61b276ad590c54f60902a1c198b9e920da5130c6a0e9f543191c012847,fa60ffd628f5ffa273d934d6ba4800f7d039a1d622e9c8c4b2e418a1a6ee531e,b067fa160acf45396b6b7ca3e0617d12a5b07b5169eb955e772cb4a8c180fab5,ridge,raw,signed_error,-293983986630.04675,reconstructed,259,PENDING
C05,FD002,primary,37,C05_FD002_0cfbe6357863_seed_37,outputs/c05_final_bounded_0cfbe63,0cfbe6357863e5bffcf4b3223823d1323fd86b0a,ff59ec61b276ad590c54f60902a1c198b9e920da5130c6a0e9f543191c012847,fa60ffd628f5ffa273d934d6ba4800f7d039a1d622e9c8c4b2e418a1a6ee531e,b067fa160acf45396b6b7ca3e0617d12a5b07b5169eb955e772cb4a8c180fab5,ridge,raw,nasa_score,PENDING,nonfinite_on_raw_support,259,PENDING
C05,FD002,primary,37,C05_FD002_0cfbe6357863_seed_37,outputs/c05_final_bounded_0cfbe63,0cfbe6357863e5bffcf4b3223823d1323fd86b0a,ff59ec61b276ad590c54f60902a1c198b9e920da5130c6a0e9f543191c012847,fa60ffd628f5ffa273d934d6ba4800f7d039a1d622e9c8c4b2e418a1a6ee531e,b067fa160acf45396b6b7ca3e0617d12a5b07b5169eb955e772cb4a8c180fab5,ridge,clipped,rmse,79.97062684699401,reconstructed,259,PENDING
C05,FD002,primary,37,C05_FD002_0cfbe6357863_seed_37,outputs/c05_final_bounded_0cfbe63,0cfbe6357863e5bffcf4b3223823d1323fd86b0a,ff59ec61b276ad590c54f60902a1c198b9e920da5130c6a0e9f543191c012847,fa60ffd628f5ffa273d934d6ba4800f7d039a1d622e9c8c4b2e418a1a6ee531e,b067fa160acf45396b6b7ca3e0617d12a5b07b5169eb955e772cb4a8c180fab5,ridge,clipped,mae,66.66023166023166,reconstructed,259,PENDING
C05,FD002,primary,37,C05_FD002_0cfbe6357863_seed_37,outputs/c05_final_bounded_0cfbe63,0cfbe6357863e5bffcf4b3223823d1323fd86b0a,ff59ec61b276ad590c54f60902a1c198b9e920da5130c6a0e9f543191c012847,fa60ffd628f5ffa273d934d6ba4800f7d039a1d622e9c8c4b2e418a1a6ee531e,b067fa160acf45396b6b7ca3e0617d12a5b07b5169eb955e772cb4a8c180fab5,ridge,clipped,signed_error,-7.571428571428571,reconstructed,259,PENDING
C05,FD002,primary,37,C05_FD002_0cfbe6357863_seed_37,outputs/c05_final_bounded_0cfbe63,0cfbe6357863e5bffcf4b3223823d1323fd86b0a,ff59ec61b276ad590c54f60902a1c198b9e920da5130c6a0e9f543191c012847,fa60ffd628f5ffa273d934d6ba4800f7d039a1d622e9c8c4b2e418a1a6ee531e,b067fa160acf45396b6b7ca3e0617d12a5b07b5169eb955e772cb4a8c180fab5,ridge,clipped,nasa_score,3627781.157479643,reconstructed,259,PENDING
C05,FD002,primary,37,C05_FD002_0cfbe6357863_seed_37,outputs/c05_final_bounded_0cfbe63,0cfbe6357863e5bffcf4b3223823d1323fd86b0a,ff59ec61b276ad590c54f60902a1c198b9e920da5130c6a0e9f543191c012847,fa60ffd628f5ffa273d934d6ba4800f7d039a1d622e9c8c4b2e418a1a6ee531e,b067fa160acf45396b6b7ca3e0617d12a5b07b5169eb955e772cb4a8c180fab5,hist_gradient_boosting,raw,rmse,42.50213076650574,reconstructed,259,PENDING
C05,FD002,primary,37,C05_FD002_0cfbe6357863_seed_37,outputs/c05_final_bounded_0cfbe63,0cfbe6357863e5bffcf4b3223823d1323fd86b0a,ff59ec61b276ad590c54f60902a1c198b9e920da5130c6a0e9f543191c012847,fa60ffd628f5ffa273d934d6ba4800f7d039a1d622e9c8c4b2e418a1a6ee531e,b067fa160acf45396b6b7ca3e0617d12a5b07b5169eb955e772cb4a8c180fab5,hist_gradient_boosting,raw,mae,35.70321625538577,reconstructed,259,PENDING
C05,FD002,primary,37,C05_FD002_0cfbe6357863_seed_37,outputs/c05_final_bounded_0cfbe63,0cfbe6357863e5bffcf4b3223823d1323fd86b0a,ff59ec61b276ad590c54f60902a1c198b9e920da5130c6a0e9f543191c012847,fa60ffd628f5ffa273d934d6ba4800f7d039a1d622e9c8c4b2e418a1a6ee531e,b067fa160acf45396b6b7ca3e0617d12a5b07b5169eb955e772cb4a8c180fab5,hist_gradient_boosting,raw,signed_error,0.26803707034398033,reconstructed,259,PENDING
C05,FD002,primary,37,C05_FD002_0cfbe6357863_seed_37,outputs/c05_final_bounded_0cfbe63,0cfbe6357863e5bffcf4b3223823d1323fd86b0a,ff59ec61b276ad590c54f60902a1c198b9e920da5130c6a0e9f543191c012847,fa60ffd628f5ffa273d934d6ba4800f7d039a1d622e9c8c4b2e418a1a6ee531e,b067fa160acf45396b6b7ca3e0617d12a5b07b5169eb955e772cb4a8c180fab5,hist_gradient_boosting,raw,nasa_score,53089.04589165508,reconstructed,259,PENDING
C05,FD002,primary,37,C05_FD002_0cfbe6357863_seed_37,outputs/c05_final_bounded_0cfbe63,0cfbe6357863e5bffcf4b3223823d1323fd86b0a,ff59ec61b276ad590c54f60902a1c198b9e920da5130c6a0e9f543191c012847,fa60ffd628f5ffa273d934d6ba4800f7d039a1d622e9c8c4b2e418a1a6ee531e,b067fa160acf45396b6b7ca3e0617d12a5b07b5169eb955e772cb4a8c180fab5,hist_gradient_boosting,clipped,rmse,33.72468363238086,reconstructed,259,PENDING
C05,FD002,primary,37,C05_FD002_0cfbe6357863_seed_37,outputs/c05_final_bounded_0cfbe63,0cfbe6357863e5bffcf4b3223823d1323fd86b0a,ff59ec61b276ad590c54f60902a1c198b9e920da5130c6a0e9f543191c012847,fa60ffd628f5ffa273d934d6ba4800f7d039a1d622e9c8c4b2e418a1a6ee531e,b067fa160acf45396b6b7ca3e0617d12a5b07b5169eb955e772cb4a8c180fab5,hist_gradient_boosting,clipped,mae,28.209007761177276,reconstructed,259,PENDING
C05,FD002,primary,37,C05_FD002_0cfbe6357863_seed_37,outputs/c05_final_bounded_0cfbe63,0cfbe6357863e5bffcf4b3223823d1323fd86b0a,ff59ec61b276ad590c54f60902a1c198b9e920da5130c6a0e9f543191c012847,fa60ffd628f5ffa273d934d6ba4800f7d039a1d622e9c8c4b2e418a1a6ee531e,b067fa160acf45396b6b7ca3e0617d12a5b07b5169eb955e772cb4a8c180fab5,hist_gradient_boosting,clipped,signed_error,7.76224556455247,reconstructed,259,PENDING
C05,FD002,primary,37,C05_FD002_0cfbe6357863_seed_37,outputs/c05_final_bounded_0cfbe63,0cfbe6357863e5bffcf4b3223823d1323fd86b0a,ff59ec61b276ad590c54f60902a1c198b9e920da5130c6a0e9f543191c012847,fa60ffd628f5ffa273d934d6ba4800f7d039a1d622e9c8c4b2e418a1a6ee531e,b067fa160acf45396b6b7ca3e0617d12a5b07b5169eb955e772cb4a8c180fab5,hist_gradient_boosting,clipped,nasa_score,19404.759513201272,reconstructed,259,PENDING
C05,FD002,primary,73,C05_FD002_0cfbe6357863_seed_73,outputs/c05_final_bounded_0cfbe63,0cfbe6357863e5bffcf4b3223823d1323fd86b0a,1e95a13993dad8fb4c5db1d71a8ec149792edbaad0e4a83cf95ad506a3aa4b1c,998ed05861d2fe39a6c66730aa617ea846591bf93b77d9b52ba1739fd198ab4b,bfbd08257ee89fbedac239e1b78b21030301d799502b306b724f454d32da5f99,mean,raw,rmse,54.04487271063763,reconstructed,259,PENDING
C05,FD002,primary,73,C05_FD002_0cfbe6357863_seed_73,outputs/c05_final_bounded_0cfbe63,0cfbe6357863e5bffcf4b3223823d1323fd86b0a,1e95a13993dad8fb4c5db1d71a8ec149792edbaad0e4a83cf95ad506a3aa4b1c,998ed05861d2fe39a6c66730aa617ea846591bf93b77d9b52ba1739fd198ab4b,bfbd08257ee89fbedac239e1b78b21030301d799502b306b724f454d32da5f99,mean,raw,mae,45.59699994406164,reconstructed,259,PENDING
C05,FD002,primary,73,C05_FD002_0cfbe6357863_seed_73,outputs/c05_final_bounded_0cfbe63,0cfbe6357863e5bffcf4b3223823d1323fd86b0a,1e95a13993dad8fb4c5db1d71a8ec149792edbaad0e4a83cf95ad506a3aa4b1c,998ed05861d2fe39a6c66730aa617ea846591bf93b77d9b52ba1739fd198ab4b,bfbd08257ee89fbedac239e1b78b21030301d799502b306b724f454d32da5f99,mean,raw,signed_error,5.3562638706705465,reconstructed,259,PENDING
C05,FD002,primary,73,C05_FD002_0cfbe6357863_seed_73,outputs/c05_final_bounded_0cfbe63,0cfbe6357863e5bffcf4b3223823d1323fd86b0a,1e95a13993dad8fb4c5db1d71a8ec149792edbaad0e4a83cf95ad506a3aa4b1c,998ed05861d2fe39a6c66730aa617ea846591bf93b77d9b52ba1739fd198ab4b,bfbd08257ee89fbedac239e1b78b21030301d799502b306b724f454d32da5f99,mean,raw,nasa_score,150185.13935612503,reconstructed,259,PENDING
C05,FD002,primary,73,C05_FD002_0cfbe6357863_seed_73,outputs/c05_final_bounded_0cfbe63,0cfbe6357863e5bffcf4b3223823d1323fd86b0a,1e95a13993dad8fb4c5db1d71a8ec149792edbaad0e4a83cf95ad506a3aa4b1c,998ed05861d2fe39a6c66730aa617ea846591bf93b77d9b52ba1739fd198ab4b,bfbd08257ee89fbedac239e1b78b21030301d799502b306b724f454d32da5f99,mean,clipped,rmse,44.820929049181395,reconstructed,259,PENDING
C05,FD002,primary,73,C05_FD002_0cfbe6357863_seed_73,outputs/c05_final_bounded_0cfbe63,0cfbe6357863e5bffcf4b3223823d1323fd86b0a,1e95a13993dad8fb4c5db1d71a8ec149792edbaad0e4a83cf95ad506a3aa4b1c,998ed05861d2fe39a6c66730aa617ea846591bf93b77d9b52ba1739fd198ab4b,bfbd08257ee89fbedac239e1b78b21030301d799502b306b724f454d32da5f99,mean,clipped,mae,38.10279144985314,reconstructed,259,PENDING
C05,FD002,primary,73,C05_FD002_0cfbe6357863_seed_73,outputs/c05_final_bounded_0cfbe63,0cfbe6357863e5bffcf4b3223823d1323fd86b0a,1e95a13993dad8fb4c5db1d71a8ec149792edbaad0e4a83cf95ad506a3aa4b1c,998ed05861d2fe39a6c66730aa617ea846591bf93b77d9b52ba1739fd198ab4b,bfbd08257ee89fbedac239e1b78b21030301d799502b306b724f454d32da5f99,mean,clipped,signed_error,12.85047236487894,reconstructed,259,PENDING
C05,FD002,primary,73,C05_FD002_0cfbe6357863_seed_73,outputs/c05_final_bounded_0cfbe63,0cfbe6357863e5bffcf4b3223823d1323fd86b0a,1e95a13993dad8fb4c5db1d71a8ec149792edbaad0e4a83cf95ad506a3aa4b1c,998ed05861d2fe39a6c66730aa617ea846591bf93b77d9b52ba1739fd198ab4b,bfbd08257ee89fbedac239e1b78b21030301d799502b306b724f454d32da5f99,mean,clipped,nasa_score,111453.8172894873,reconstructed,259,PENDING
C05,FD002,primary,73,C05_FD002_0cfbe6357863_seed_73,outputs/c05_final_bounded_0cfbe63,0cfbe6357863e5bffcf4b3223823d1323fd86b0a,1e95a13993dad8fb4c5db1d71a8ec149792edbaad0e4a83cf95ad506a3aa4b1c,998ed05861d2fe39a6c66730aa617ea846591bf93b77d9b52ba1739fd198ab4b,bfbd08257ee89fbedac239e1b78b21030301d799502b306b724f454d32da5f99,ridge,raw,rmse,27644461857094.008,reconstructed,259,PENDING
C05,FD002,primary,73,C05_FD002_0cfbe6357863_seed_73,outputs/c05_final_bounded_0cfbe63,0cfbe6357863e5bffcf4b3223823d1323fd86b0a,1e95a13993dad8fb4c5db1d71a8ec149792edbaad0e4a83cf95ad506a3aa4b1c,998ed05861d2fe39a6c66730aa617ea846591bf93b77d9b52ba1739fd198ab4b,bfbd08257ee89fbedac239e1b78b21030301d799502b306b724f454d32da5f99,ridge,raw,mae,22010154539553.24,reconstructed,259,PENDING
C05,FD002,primary,73,C05_FD002_0cfbe6357863_seed_73,outputs/c05_final_bounded_0cfbe63,0cfbe6357863e5bffcf4b3223823d1323fd86b0a,1e95a13993dad8fb4c5db1d71a8ec149792edbaad0e4a83cf95ad506a3aa4b1c,998ed05861d2fe39a6c66730aa617ea846591bf93b77d9b52ba1739fd198ab4b,bfbd08257ee89fbedac239e1b78b21030301d799502b306b724f454d32da5f99,ridge,raw,signed_error,-330032658401.69653,reconstructed,259,PENDING
C05,FD002,primary,73,C05_FD002_0cfbe6357863_seed_73,outputs/c05_final_bounded_0cfbe63,0cfbe6357863e5bffcf4b3223823d1323fd86b0a,1e95a13993dad8fb4c5db1d71a8ec149792edbaad0e4a83cf95ad506a3aa4b1c,998ed05861d2fe39a6c66730aa617ea846591bf93b77d9b52ba1739fd198ab4b,bfbd08257ee89fbedac239e1b78b21030301d799502b306b724f454d32da5f99,ridge,raw,nasa_score,PENDING,nonfinite_on_raw_support,259,PENDING
C05,FD002,primary,73,C05_FD002_0cfbe6357863_seed_73,outputs/c05_final_bounded_0cfbe63,0cfbe6357863e5bffcf4b3223823d1323fd86b0a,1e95a13993dad8fb4c5db1d71a8ec149792edbaad0e4a83cf95ad506a3aa4b1c,998ed05861d2fe39a6c66730aa617ea846591bf93b77d9b52ba1739fd198ab4b,bfbd08257ee89fbedac239e1b78b21030301d799502b306b724f454d32da5f99,ridge,clipped,rmse,79.18218570372083,reconstructed,259,PENDING
C05,FD002,primary,73,C05_FD002_0cfbe6357863_seed_73,outputs/c05_final_bounded_0cfbe63,0cfbe6357863e5bffcf4b3223823d1323fd86b0a,1e95a13993dad8fb4c5db1d71a8ec149792edbaad0e4a83cf95ad506a3aa4b1c,998ed05861d2fe39a6c66730aa617ea846591bf93b77d9b52ba1739fd198ab4b,bfbd08257ee89fbedac239e1b78b21030301d799502b306b724f454d32da5f99,ridge,clipped,mae,65.65637065637065,reconstructed,259,PENDING
C05,FD002,primary,73,C05_FD002_0cfbe6357863_seed_73,outputs/c05_final_bounded_0cfbe63,0cfbe6357863e5bffcf4b3223823d1323fd86b0a,1e95a13993dad8fb4c5db1d71a8ec149792edbaad0e4a83cf95ad506a3aa4b1c,998ed05861d2fe39a6c66730aa617ea846591bf93b77d9b52ba1739fd198ab4b,bfbd08257ee89fbedac239e1b78b21030301d799502b306b724f454d32da5f99,ridge,clipped,signed_error,-11.432432432432432,reconstructed,259,PENDING
C05,FD002,primary,73,C05_FD002_0cfbe6357863_seed_73,outputs/c05_final_bounded_0cfbe63,0cfbe6357863e5bffcf4b3223823d1323fd86b0a,1e95a13993dad8fb4c5db1d71a8ec149792edbaad0e4a83cf95ad506a3aa4b1c,998ed05861d2fe39a6c66730aa617ea846591bf93b77d9b52ba1739fd198ab4b,bfbd08257ee89fbedac239e1b78b21030301d799502b306b724f454d32da5f99,ridge,clipped,nasa_score,3346904.5934386062,reconstructed,259,PENDING
C05,FD002,primary,73,C05_FD002_0cfbe6357863_seed_73,outputs/c05_final_bounded_0cfbe63,0cfbe6357863e5bffcf4b3223823d1323fd86b0a,1e95a13993dad8fb4c5db1d71a8ec149792edbaad0e4a83cf95ad506a3aa4b1c,998ed05861d2fe39a6c66730aa617ea846591bf93b77d9b52ba1739fd198ab4b,bfbd08257ee89fbedac239e1b78b21030301d799502b306b724f454d32da5f99,hist_gradient_boosting,raw,rmse,48.17750822524849,reconstructed,259,PENDING
C05,FD002,primary,73,C05_FD002_0cfbe6357863_seed_73,outputs/c05_final_bounded_0cfbe63,0cfbe6357863e5bffcf4b3223823d1323fd86b0a,1e95a13993dad8fb4c5db1d71a8ec149792edbaad0e4a83cf95ad506a3aa4b1c,998ed05861d2fe39a6c66730aa617ea846591bf93b77d9b52ba1739fd198ab4b,bfbd08257ee89fbedac239e1b78b21030301d799502b306b724f454d32da5f99,hist_gradient_boosting,raw,mae,39.87065397919919,reconstructed,259,PENDING
C05,FD002,primary,73,C05_FD002_0cfbe6357863_seed_73,outputs/c05_final_bounded_0cfbe63,0cfbe6357863e5bffcf4b3223823d1323fd86b0a,1e95a13993dad8fb4c5db1d71a8ec149792edbaad0e4a83cf95ad506a3aa4b1c,998ed05861d2fe39a6c66730aa617ea846591bf93b77d9b52ba1739fd198ab4b,bfbd08257ee89fbedac239e1b78b21030301d799502b306b724f454d32da5f99,hist_gradient_boosting,raw,signed_error,-13.324844751474327,reconstructed,259,PENDING
C05,FD002,primary,73,C05_FD002_0cfbe6357863_seed_73,outputs/c05_final_bounded_0cfbe63,0cfbe6357863e5bffcf4b3223823d1323fd86b0a,1e95a13993dad8fb4c5db1d71a8ec149792edbaad0e4a83cf95ad506a3aa4b1c,998ed05861d2fe39a6c66730aa617ea846591bf93b77d9b52ba1739fd198ab4b,bfbd08257ee89fbedac239e1b78b21030301d799502b306b724f454d32da5f99,hist_gradient_boosting,raw,nasa_score,103864.08602354275,reconstructed,259,PENDING
C05,FD002,primary,73,C05_FD002_0cfbe6357863_seed_73,outputs/c05_final_bounded_0cfbe63,0cfbe6357863e5bffcf4b3223823d1323fd86b0a,1e95a13993dad8fb4c5db1d71a8ec149792edbaad0e4a83cf95ad506a3aa4b1c,998ed05861d2fe39a6c66730aa617ea846591bf93b77d9b52ba1739fd198ab4b,bfbd08257ee89fbedac239e1b78b21030301d799502b306b724f454d32da5f99,hist_gradient_boosting,clipped,rmse,36.403397829038404,reconstructed,259,PENDING
C05,FD002,primary,73,C05_FD002_0cfbe6357863_seed_73,outputs/c05_final_bounded_0cfbe63,0cfbe6357863e5bffcf4b3223823d1323fd86b0a,1e95a13993dad8fb4c5db1d71a8ec149792edbaad0e4a83cf95ad506a3aa4b1c,998ed05861d2fe39a6c66730aa617ea846591bf93b77d9b52ba1739fd198ab4b,bfbd08257ee89fbedac239e1b78b21030301d799502b306b724f454d32da5f99,hist_gradient_boosting,clipped,mae,32.37644548499069,reconstructed,259,PENDING
C05,FD002,primary,73,C05_FD002_0cfbe6357863_seed_73,outputs/c05_final_bounded_0cfbe63,0cfbe6357863e5bffcf4b3223823d1323fd86b0a,1e95a13993dad8fb4c5db1d71a8ec149792edbaad0e4a83cf95ad506a3aa4b1c,998ed05861d2fe39a6c66730aa617ea846591bf93b77d9b52ba1739fd198ab4b,bfbd08257ee89fbedac239e1b78b21030301d799502b306b724f454d32da5f99,hist_gradient_boosting,clipped,signed_error,-5.830636257265837,reconstructed,259,PENDING
C05,FD002,primary,73,C05_FD002_0cfbe6357863_seed_73,outputs/c05_final_bounded_0cfbe63,0cfbe6357863e5bffcf4b3223823d1323fd86b0a,1e95a13993dad8fb4c5db1d71a8ec149792edbaad0e4a83cf95ad506a3aa4b1c,998ed05861d2fe39a6c66730aa617ea846591bf93b77d9b52ba1739fd198ab4b,bfbd08257ee89fbedac239e1b78b21030301d799502b306b724f454d32da5f99,hist_gradient_boosting,clipped,nasa_score,11548.458035824027,reconstructed,259,PENDING
C05,FD002,primary,101,C05_FD002_0cfbe6357863_seed_101,outputs/c05_final_bounded_0cfbe63,0cfbe6357863e5bffcf4b3223823d1323fd86b0a,3a4301dbf785b66065f41e6606400b7adda5445c868f9692a2d2af904fe2616a,3eafddf0ed39bf625808ac53fed201c3074c297032207b17b973733e27940078,710c87c7fc2887a0c3c73f3c6faf6b174244bebd0b3b6ccb1197349d613cc239,mean,raw,rmse,54.06435205607104,reconstructed,259,PENDING
C05,FD002,primary,101,C05_FD002_0cfbe6357863_seed_101,outputs/c05_final_bounded_0cfbe63,0cfbe6357863e5bffcf4b3223823d1323fd86b0a,3a4301dbf785b66065f41e6606400b7adda5445c868f9692a2d2af904fe2616a,3eafddf0ed39bf625808ac53fed201c3074c297032207b17b973733e27940078,710c87c7fc2887a0c3c73f3c6faf6b174244bebd0b3b6ccb1197349d613cc239,mean,raw,mae,45.61713024978331,reconstructed,259,PENDING
C05,FD002,primary,101,C05_FD002_0cfbe6357863_seed_101,outputs/c05_final_bounded_0cfbe63,0cfbe6357863e5bffcf4b3223823d1323fd86b0a,3a4301dbf785b66065f41e6606400b7adda5445c868f9692a2d2af904fe2616a,3eafddf0ed39bf625808ac53fed201c3074c297032207b17b973733e27940078,710c87c7fc2887a0c3c73f3c6faf6b174244bebd0b3b6ccb1197349d613cc239,mean,raw,signed_error,5.549365692222888,reconstructed,259,PENDING
C05,FD002,primary,101,C05_FD002_0cfbe6357863_seed_101,outputs/c05_final_bounded_0cfbe63,0cfbe6357863e5bffcf4b3223823d1323fd86b0a,3a4301dbf785b66065f41e6606400b7adda5445c868f9692a2d2af904fe2616a,3eafddf0ed39bf625808ac53fed201c3074c297032207b17b973733e27940078,710c87c7fc2887a0c3c73f3c6faf6b174244bebd0b3b6ccb1197349d613cc239,mean,raw,nasa_score,151742.90081366547,reconstructed,259,PENDING
C05,FD002,primary,101,C05_FD002_0cfbe6357863_seed_101,outputs/c05_final_bounded_0cfbe63,0cfbe6357863e5bffcf4b3223823d1323fd86b0a,3a4301dbf785b66065f41e6606400b7adda5445c868f9692a2d2af904fe2616a,3eafddf0ed39bf625808ac53fed201c3074c297032207b17b973733e27940078,710c87c7fc2887a0c3c73f3c6faf6b174244bebd0b3b6ccb1197349d613cc239,mean,clipped,rmse,44.87667398981537,reconstructed,259,PENDING
C05,FD002,primary,101,C05_FD002_0cfbe6357863_seed_101,outputs/c05_final_bounded_0cfbe63,0cfbe6357863e5bffcf4b3223823d1323fd86b0a,3a4301dbf785b66065f41e6606400b7adda5445c868f9692a2d2af904fe2616a,3eafddf0ed39bf625808ac53fed201c3074c297032207b17b973733e27940078,710c87c7fc2887a0c3c73f3c6faf6b174244bebd0b3b6ccb1197349d613cc239,mean,clipped,mae,38.122921755574815,reconstructed,259,PENDING
C05,FD002,primary,101,C05_FD002_0cfbe6357863_seed_101,outputs/c05_final_bounded_0cfbe63,0cfbe6357863e5bffcf4b3223823d1323fd86b0a,3a4301dbf785b66065f41e6606400b7adda5445c868f9692a2d2af904fe2616a,3eafddf0ed39bf625808ac53fed201c3074c297032207b17b973733e27940078,710c87c7fc2887a0c3c73f3c6faf6b174244bebd0b3b6ccb1197349d613cc239,mean,clipped,signed_error,13.043574186431266,reconstructed,259,PENDING
C05,FD002,primary,101,C05_FD002_0cfbe6357863_seed_101,outputs/c05_final_bounded_0cfbe63,0cfbe6357863e5bffcf4b3223823d1323fd86b0a,3a4301dbf785b66065f41e6606400b7adda5445c868f9692a2d2af904fe2616a,3eafddf0ed39bf625808ac53fed201c3074c297032207b17b973733e27940078,710c87c7fc2887a0c3c73f3c6faf6b174244bebd0b3b6ccb1197349d613cc239,mean,clipped,nasa_score,113582.64149430084,reconstructed,259,PENDING
C05,FD002,primary,101,C05_FD002_0cfbe6357863_seed_101,outputs/c05_final_bounded_0cfbe63,0cfbe6357863e5bffcf4b3223823d1323fd86b0a,3a4301dbf785b66065f41e6606400b7adda5445c868f9692a2d2af904fe2616a,3eafddf0ed39bf625808ac53fed201c3074c297032207b17b973733e27940078,710c87c7fc2887a0c3c73f3c6faf6b174244bebd0b3b6ccb1197349d613cc239,ridge,raw,rmse,21132844375338.312,reconstructed,259,PENDING
C05,FD002,primary,101,C05_FD002_0cfbe6357863_seed_101,outputs/c05_final_bounded_0cfbe63,0cfbe6357863e5bffcf4b3223823d1323fd86b0a,3a4301dbf785b66065f41e6606400b7adda5445c868f9692a2d2af904fe2616a,3eafddf0ed39bf625808ac53fed201c3074c297032207b17b973733e27940078,710c87c7fc2887a0c3c73f3c6faf6b174244bebd0b3b6ccb1197349d613cc239,ridge,raw,mae,16747252326193.1,reconstructed,259,PENDING
C05,FD002,primary,101,C05_FD002_0cfbe6357863_seed_101,outputs/c05_final_bounded_0cfbe63,0cfbe6357863e5bffcf4b3223823d1323fd86b0a,3a4301dbf785b66065f41e6606400b7adda5445c868f9692a2d2af904fe2616a,3eafddf0ed39bf625808ac53fed201c3074c297032207b17b973733e27940078,710c87c7fc2887a0c3c73f3c6faf6b174244bebd0b3b6ccb1197349d613cc239,ridge,raw,signed_error,-1020415803524.0406,reconstructed,259,PENDING
C05,FD002,primary,101,C05_FD002_0cfbe6357863_seed_101,outputs/c05_final_bounded_0cfbe63,0cfbe6357863e5bffcf4b3223823d1323fd86b0a,3a4301dbf785b66065f41e6606400b7adda5445c868f9692a2d2af904fe2616a,3eafddf0ed39bf625808ac53fed201c3074c297032207b17b973733e27940078,710c87c7fc2887a0c3c73f3c6faf6b174244bebd0b3b6ccb1197349d613cc239,ridge,raw,nasa_score,PENDING,nonfinite_on_raw_support,259,PENDING
C05,FD002,primary,101,C05_FD002_0cfbe6357863_seed_101,outputs/c05_final_bounded_0cfbe63,0cfbe6357863e5bffcf4b3223823d1323fd86b0a,3a4301dbf785b66065f41e6606400b7adda5445c868f9692a2d2af904fe2616a,3eafddf0ed39bf625808ac53fed201c3074c297032207b17b973733e27940078,710c87c7fc2887a0c3c73f3c6faf6b174244bebd0b3b6ccb1197349d613cc239,ridge,clipped,rmse,80.13340710566932,reconstructed,259,PENDING
C05,FD002,primary,101,C05_FD002_0cfbe6357863_seed_101,outputs/c05_final_bounded_0cfbe63,0cfbe6357863e5bffcf4b3223823d1323fd86b0a,3a4301dbf785b66065f41e6606400b7adda5445c868f9692a2d2af904fe2616a,3eafddf0ed39bf625808ac53fed201c3074c297032207b17b973733e27940078,710c87c7fc2887a0c3c73f3c6faf6b174244bebd0b3b6ccb1197349d613cc239,ridge,clipped,mae,66.86872586872587,reconstructed,259,PENDING
C05,FD002,primary,101,C05_FD002_0cfbe6357863_seed_101,outputs/c05_final_bounded_0cfbe63,0cfbe6357863e5bffcf4b3223823d1323fd86b0a,3a4301dbf785b66065f41e6606400b7adda5445c868f9692a2d2af904fe2616a,3eafddf0ed39bf625808ac53fed201c3074c297032207b17b973733e27940078,710c87c7fc2887a0c3c73f3c6faf6b174244bebd0b3b6ccb1197349d613cc239,ridge,clipped,signed_error,-12.397683397683398,reconstructed,259,PENDING
C05,FD002,primary,101,C05_FD002_0cfbe6357863_seed_101,outputs/c05_final_bounded_0cfbe63,0cfbe6357863e5bffcf4b3223823d1323fd86b0a,3a4301dbf785b66065f41e6606400b7adda5445c868f9692a2d2af904fe2616a,3eafddf0ed39bf625808ac53fed201c3074c297032207b17b973733e27940078,710c87c7fc2887a0c3c73f3c6faf6b174244bebd0b3b6ccb1197349d613cc239,ridge,clipped,nasa_score,3502235.8646291457,reconstructed,259,PENDING
C05,FD002,primary,101,C05_FD002_0cfbe6357863_seed_101,outputs/c05_final_bounded_0cfbe63,0cfbe6357863e5bffcf4b3223823d1323fd86b0a,3a4301dbf785b66065f41e6606400b7adda5445c868f9692a2d2af904fe2616a,3eafddf0ed39bf625808ac53fed201c3074c297032207b17b973733e27940078,710c87c7fc2887a0c3c73f3c6faf6b174244bebd0b3b6ccb1197349d613cc239,hist_gradient_boosting,raw,rmse,47.29322946973636,reconstructed,259,PENDING
C05,FD002,primary,101,C05_FD002_0cfbe6357863_seed_101,outputs/c05_final_bounded_0cfbe63,0cfbe6357863e5bffcf4b3223823d1323fd86b0a,3a4301dbf785b66065f41e6606400b7adda5445c868f9692a2d2af904fe2616a,3eafddf0ed39bf625808ac53fed201c3074c297032207b17b973733e27940078,710c87c7fc2887a0c3c73f3c6faf6b174244bebd0b3b6ccb1197349d613cc239,hist_gradient_boosting,raw,mae,39.77412108626223,reconstructed,259,PENDING
C05,FD002,primary,101,C05_FD002_0cfbe6357863_seed_101,outputs/c05_final_bounded_0cfbe63,0cfbe6357863e5bffcf4b3223823d1323fd86b0a,3a4301dbf785b66065f41e6606400b7adda5445c868f9692a2d2af904fe2616a,3eafddf0ed39bf625808ac53fed201c3074c297032207b17b973733e27940078,710c87c7fc2887a0c3c73f3c6faf6b174244bebd0b3b6ccb1197349d613cc239,hist_gradient_boosting,raw,signed_error,6.939779523052984,reconstructed,259,PENDING
C05,FD002,primary,101,C05_FD002_0cfbe6357863_seed_101,outputs/c05_final_bounded_0cfbe63,0cfbe6357863e5bffcf4b3223823d1323fd86b0a,3a4301dbf785b66065f41e6606400b7adda5445c868f9692a2d2af904fe2616a,3eafddf0ed39bf625808ac53fed201c3074c297032207b17b973733e27940078,710c87c7fc2887a0c3c73f3c6faf6b174244bebd0b3b6ccb1197349d613cc239,hist_gradient_boosting,raw,nasa_score,104516.82593870215,reconstructed,259,PENDING
C05,FD002,primary,101,C05_FD002_0cfbe6357863_seed_101,outputs/c05_final_bounded_0cfbe63,0cfbe6357863e5bffcf4b3223823d1323fd86b0a,3a4301dbf785b66065f41e6606400b7adda5445c868f9692a2d2af904fe2616a,3eafddf0ed39bf625808ac53fed201c3074c297032207b17b973733e27940078,710c87c7fc2887a0c3c73f3c6faf6b174244bebd0b3b6ccb1197349d613cc239,hist_gradient_boosting,clipped,rmse,39.296290636833604,reconstructed,259,PENDING
C05,FD002,primary,101,C05_FD002_0cfbe6357863_seed_101,outputs/c05_final_bounded_0cfbe63,0cfbe6357863e5bffcf4b3223823d1323fd86b0a,3a4301dbf785b66065f41e6606400b7adda5445c868f9692a2d2af904fe2616a,3eafddf0ed39bf625808ac53fed201c3074c297032207b17b973733e27940078,710c87c7fc2887a0c3c73f3c6faf6b174244bebd0b3b6ccb1197349d613cc239,hist_gradient_boosting,clipped,mae,32.27991259205373,reconstructed,259,PENDING
C05,FD002,primary,101,C05_FD002_0cfbe6357863_seed_101,outputs/c05_final_bounded_0cfbe63,0cfbe6357863e5bffcf4b3223823d1323fd86b0a,3a4301dbf785b66065f41e6606400b7adda5445c868f9692a2d2af904fe2616a,3eafddf0ed39bf625808ac53fed201c3074c297032207b17b973733e27940078,710c87c7fc2887a0c3c73f3c6faf6b174244bebd0b3b6ccb1197349d613cc239,hist_gradient_boosting,clipped,signed_error,14.4339880172615,reconstructed,259,PENDING
C05,FD002,primary,101,C05_FD002_0cfbe6357863_seed_101,outputs/c05_final_bounded_0cfbe63,0cfbe6357863e5bffcf4b3223823d1323fd86b0a,3a4301dbf785b66065f41e6606400b7adda5445c868f9692a2d2af904fe2616a,3eafddf0ed39bf625808ac53fed201c3074c297032207b17b973733e27940078,710c87c7fc2887a0c3c73f3c6faf6b174244bebd0b3b6ccb1197349d613cc239,hist_gradient_boosting,clipped,nasa_score,82234.78572918085,reconstructed,259,PENDING
C05,FD002,primary,137,C05_FD002_0cfbe6357863_seed_137,outputs/c05_final_bounded_0cfbe63,0cfbe6357863e5bffcf4b3223823d1323fd86b0a,99352554768cf7505302650644f9471ae66c5ae7a06713d578b73209ca6bc14b,c418d678298ab208c4b757a484812f4f3ed5f07c64c319278007693c4f51ed17,2ddf7b2703b6fe12d76a1ca1875d3f0ce10bd79e40d1e26ce1e6f010b96d0675,mean,raw,rmse,54.08138308750092,reconstructed,259,PENDING
C05,FD002,primary,137,C05_FD002_0cfbe6357863_seed_137,outputs/c05_final_bounded_0cfbe63,0cfbe6357863e5bffcf4b3223823d1323fd86b0a,99352554768cf7505302650644f9471ae66c5ae7a06713d578b73209ca6bc14b,c418d678298ab208c4b757a484812f4f3ed5f07c64c319278007693c4f51ed17,2ddf7b2703b6fe12d76a1ca1875d3f0ce10bd79e40d1e26ce1e6f010b96d0675,mean,raw,mae,45.63417883537229,reconstructed,259,PENDING
C05,FD002,primary,137,C05_FD002_0cfbe6357863_seed_137,outputs/c05_final_bounded_0cfbe63,0cfbe6357863e5bffcf4b3223823d1323fd86b0a,99352554768cf7505302650644f9471ae66c5ae7a06713d578b73209ca6bc14b,c418d678298ab208c4b757a484812f4f3ed5f07c64c319278007693c4f51ed17,2ddf7b2703b6fe12d76a1ca1875d3f0ce10bd79e40d1e26ce1e6f010b96d0675,mean,raw,signed_error,5.71290582805779,reconstructed,259,PENDING
C05,FD002,primary,137,C05_FD002_0cfbe6357863_seed_137,outputs/c05_final_bounded_0cfbe63,0cfbe6357863e5bffcf4b3223823d1323fd86b0a,99352554768cf7505302650644f9471ae66c5ae7a06713d578b73209ca6bc14b,c418d678298ab208c4b757a484812f4f3ed5f07c64c319278007693c4f51ed17,2ddf7b2703b6fe12d76a1ca1875d3f0ce10bd79e40d1e26ce1e6f010b96d0675,mean,raw,nasa_score,153101.77577692742,reconstructed,259,PENDING
C05,FD002,primary,137,C05_FD002_0cfbe6357863_seed_137,outputs/c05_final_bounded_0cfbe63,0cfbe6357863e5bffcf4b3223823d1323fd86b0a,99352554768cf7505302650644f9471ae66c5ae7a06713d578b73209ca6bc14b,c418d678298ab208c4b757a484812f4f3ed5f07c64c319278007693c4f51ed17,2ddf7b2703b6fe12d76a1ca1875d3f0ce10bd79e40d1e26ce1e6f010b96d0675,mean,clipped,rmse,44.92448006992008,reconstructed,259,PENDING
C05,FD002,primary,137,C05_FD002_0cfbe6357863_seed_137,outputs/c05_final_bounded_0cfbe63,0cfbe6357863e5bffcf4b3223823d1323fd86b0a,99352554768cf7505302650644f9471ae66c5ae7a06713d578b73209ca6bc14b,c418d678298ab208c4b757a484812f4f3ed5f07c64c319278007693c4f51ed17,2ddf7b2703b6fe12d76a1ca1875d3f0ce10bd79e40d1e26ce1e6f010b96d0675,mean,clipped,mae,38.139970341163796,reconstructed,259,PENDING
C05,FD002,primary,137,C05_FD002_0cfbe6357863_seed_137,outputs/c05_final_bounded_0cfbe63,0cfbe6357863e5bffcf4b3223823d1323fd86b0a,99352554768cf7505302650644f9471ae66c5ae7a06713d578b73209ca6bc14b,c418d678298ab208c4b757a484812f4f3ed5f07c64c319278007693c4f51ed17,2ddf7b2703b6fe12d76a1ca1875d3f0ce10bd79e40d1e26ce1e6f010b96d0675,mean,clipped,signed_error,13.2071143222664,reconstructed,259,PENDING
C05,FD002,primary,137,C05_FD002_0cfbe6357863_seed_137,outputs/c05_final_bounded_0cfbe63,0cfbe6357863e5bffcf4b3223823d1323fd86b0a,99352554768cf7505302650644f9471ae66c5ae7a06713d578b73209ca6bc14b,c418d678298ab208c4b757a484812f4f3ed5f07c64c319278007693c4f51ed17,2ddf7b2703b6fe12d76a1ca1875d3f0ce10bd79e40d1e26ce1e6f010b96d0675,mean,clipped,nasa_score,115418.56598318409,reconstructed,259,PENDING
C05,FD002,primary,137,C05_FD002_0cfbe6357863_seed_137,outputs/c05_final_bounded_0cfbe63,0cfbe6357863e5bffcf4b3223823d1323fd86b0a,99352554768cf7505302650644f9471ae66c5ae7a06713d578b73209ca6bc14b,c418d678298ab208c4b757a484812f4f3ed5f07c64c319278007693c4f51ed17,2ddf7b2703b6fe12d76a1ca1875d3f0ce10bd79e40d1e26ce1e6f010b96d0675,ridge,raw,rmse,11533786481163.914,reconstructed,259,PENDING
C05,FD002,primary,137,C05_FD002_0cfbe6357863_seed_137,outputs/c05_final_bounded_0cfbe63,0cfbe6357863e5bffcf4b3223823d1323fd86b0a,99352554768cf7505302650644f9471ae66c5ae7a06713d578b73209ca6bc14b,c418d678298ab208c4b757a484812f4f3ed5f07c64c319278007693c4f51ed17,2ddf7b2703b6fe12d76a1ca1875d3f0ce10bd79e40d1e26ce1e6f010b96d0675,ridge,raw,mae,9070716517083.24,reconstructed,259,PENDING
C05,FD002,primary,137,C05_FD002_0cfbe6357863_seed_137,outputs/c05_final_bounded_0cfbe63,0cfbe6357863e5bffcf4b3223823d1323fd86b0a,99352554768cf7505302650644f9471ae66c5ae7a06713d578b73209ca6bc14b,c418d678298ab208c4b757a484812f4f3ed5f07c64c319278007693c4f51ed17,2ddf7b2703b6fe12d76a1ca1875d3f0ce10bd79e40d1e26ce1e6f010b96d0675,ridge,raw,signed_error,-516671466052.55115,reconstructed,259,PENDING
C05,FD002,primary,137,C05_FD002_0cfbe6357863_seed_137,outputs/c05_final_bounded_0cfbe63,0cfbe6357863e5bffcf4b3223823d1323fd86b0a,99352554768cf7505302650644f9471ae66c5ae7a06713d578b73209ca6bc14b,c418d678298ab208c4b757a484812f4f3ed5f07c64c319278007693c4f51ed17,2ddf7b2703b6fe12d76a1ca1875d3f0ce10bd79e40d1e26ce1e6f010b96d0675,ridge,raw,nasa_score,PENDING,nonfinite_on_raw_support,259,PENDING
C05,FD002,primary,137,C05_FD002_0cfbe6357863_seed_137,outputs/c05_final_bounded_0cfbe63,0cfbe6357863e5bffcf4b3223823d1323fd86b0a,99352554768cf7505302650644f9471ae66c5ae7a06713d578b73209ca6bc14b,c418d678298ab208c4b757a484812f4f3ed5f07c64c319278007693c4f51ed17,2ddf7b2703b6fe12d76a1ca1875d3f0ce10bd79e40d1e26ce1e6f010b96d0675,ridge,clipped,rmse,78.73904900262536,reconstructed,259,PENDING
C05,FD002,primary,137,C05_FD002_0cfbe6357863_seed_137,outputs/c05_final_bounded_0cfbe63,0cfbe6357863e5bffcf4b3223823d1323fd86b0a,99352554768cf7505302650644f9471ae66c5ae7a06713d578b73209ca6bc14b,c418d678298ab208c4b757a484812f4f3ed5f07c64c319278007693c4f51ed17,2ddf7b2703b6fe12d76a1ca1875d3f0ce10bd79e40d1e26ce1e6f010b96d0675,ridge,clipped,mae,65.0965250965251,reconstructed,259,PENDING
C05,FD002,primary,137,C05_FD002_0cfbe6357863_seed_137,outputs/c05_final_bounded_0cfbe63,0cfbe6357863e5bffcf4b3223823d1323fd86b0a,99352554768cf7505302650644f9471ae66c5ae7a06713d578b73209ca6bc14b,c418d678298ab208c4b757a484812f4f3ed5f07c64c319278007693c4f51ed17,2ddf7b2703b6fe12d76a1ca1875d3f0ce10bd79e40d1e26ce1e6f010b96d0675,ridge,clipped,signed_error,-10.94980694980695,reconstructed,259,PENDING
C05,FD002,primary,137,C05_FD002_0cfbe6357863_seed_137,outputs/c05_final_bounded_0cfbe63,0cfbe6357863e5bffcf4b3223823d1323fd86b0a,99352554768cf7505302650644f9471ae66c5ae7a06713d578b73209ca6bc14b,c418d678298ab208c4b757a484812f4f3ed5f07c64c319278007693c4f51ed17,2ddf7b2703b6fe12d76a1ca1875d3f0ce10bd79e40d1e26ce1e6f010b96d0675,ridge,clipped,nasa_score,3289717.7701491015,reconstructed,259,PENDING
C05,FD002,primary,137,C05_FD002_0cfbe6357863_seed_137,outputs/c05_final_bounded_0cfbe63,0cfbe6357863e5bffcf4b3223823d1323fd86b0a,99352554768cf7505302650644f9471ae66c5ae7a06713d578b73209ca6bc14b,c418d678298ab208c4b757a484812f4f3ed5f07c64c319278007693c4f51ed17,2ddf7b2703b6fe12d76a1ca1875d3f0ce10bd79e40d1e26ce1e6f010b96d0675,hist_gradient_boosting,raw,rmse,47.159281812801005,reconstructed,259,PENDING
C05,FD002,primary,137,C05_FD002_0cfbe6357863_seed_137,outputs/c05_final_bounded_0cfbe63,0cfbe6357863e5bffcf4b3223823d1323fd86b0a,99352554768cf7505302650644f9471ae66c5ae7a06713d578b73209ca6bc14b,c418d678298ab208c4b757a484812f4f3ed5f07c64c319278007693c4f51ed17,2ddf7b2703b6fe12d76a1ca1875d3f0ce10bd79e40d1e26ce1e6f010b96d0675,hist_gradient_boosting,raw,mae,39.26460685257859,reconstructed,259,PENDING
C05,FD002,primary,137,C05_FD002_0cfbe6357863_seed_137,outputs/c05_final_bounded_0cfbe63,0cfbe6357863e5bffcf4b3223823d1323fd86b0a,99352554768cf7505302650644f9471ae66c5ae7a06713d578b73209ca6bc14b,c418d678298ab208c4b757a484812f4f3ed5f07c64c319278007693c4f51ed17,2ddf7b2703b6fe12d76a1ca1875d3f0ce10bd79e40d1e26ce1e6f010b96d0675,hist_gradient_boosting,raw,signed_error,-4.32370088584912,reconstructed,259,PENDING
C05,FD002,primary,137,C05_FD002_0cfbe6357863_seed_137,outputs/c05_final_bounded_0cfbe63,0cfbe6357863e5bffcf4b3223823d1323fd86b0a,99352554768cf7505302650644f9471ae66c5ae7a06713d578b73209ca6bc14b,c418d678298ab208c4b757a484812f4f3ed5f07c64c319278007693c4f51ed17,2ddf7b2703b6fe12d76a1ca1875d3f0ce10bd79e40d1e26ce1e6f010b96d0675,hist_gradient_boosting,raw,nasa_score,79002.11513059238,reconstructed,259,PENDING
C05,FD002,primary,137,C05_FD002_0cfbe6357863_seed_137,outputs/c05_final_bounded_0cfbe63,0cfbe6357863e5bffcf4b3223823d1323fd86b0a,99352554768cf7505302650644f9471ae66c5ae7a06713d578b73209ca6bc14b,c418d678298ab208c4b757a484812f4f3ed5f07c64c319278007693c4f51ed17,2ddf7b2703b6fe12d76a1ca1875d3f0ce10bd79e40d1e26ce1e6f010b96d0675,hist_gradient_boosting,clipped,rmse,36.67765607962547,reconstructed,259,PENDING
C05,FD002,primary,137,C05_FD002_0cfbe6357863_seed_137,outputs/c05_final_bounded_0cfbe63,0cfbe6357863e5bffcf4b3223823d1323fd86b0a,99352554768cf7505302650644f9471ae66c5ae7a06713d578b73209ca6bc14b,c418d678298ab208c4b757a484812f4f3ed5f07c64c319278007693c4f51ed17,2ddf7b2703b6fe12d76a1ca1875d3f0ce10bd79e40d1e26ce1e6f010b96d0675,hist_gradient_boosting,clipped,mae,31.770398358370095,reconstructed,259,PENDING
C05,FD002,primary,137,C05_FD002_0cfbe6357863_seed_137,outputs/c05_final_bounded_0cfbe63,0cfbe6357863e5bffcf4b3223823d1323fd86b0a,99352554768cf7505302650644f9471ae66c5ae7a06713d578b73209ca6bc14b,c418d678298ab208c4b757a484812f4f3ed5f07c64c319278007693c4f51ed17,2ddf7b2703b6fe12d76a1ca1875d3f0ce10bd79e40d1e26ce1e6f010b96d0675,hist_gradient_boosting,clipped,signed_error,3.170507608359375,reconstructed,259,PENDING
C05,FD002,primary,137,C05_FD002_0cfbe6357863_seed_137,outputs/c05_final_bounded_0cfbe63,0cfbe6357863e5bffcf4b3223823d1323fd86b0a,99352554768cf7505302650644f9471ae66c5ae7a06713d578b73209ca6bc14b,c418d678298ab208c4b757a484812f4f3ed5f07c64c319278007693c4f51ed17,2ddf7b2703b6fe12d76a1ca1875d3f0ce10bd79e40d1e26ce1e6f010b96d0675,hist_gradient_boosting,clipped,nasa_score,22581.796796049715,reconstructed,259,PENDING
C05,FD003,primary,13,C05_FD003_0cfbe6357863_seed_13,outputs/c05_final_bounded_0cfbe63,0cfbe6357863e5bffcf4b3223823d1323fd86b0a,9c1d792e662e378d8c99795993e7d7ecaffcaa1bbe21d144f6cc2849ce1ef497,19bacf049b035f3fd6cd97fce331fe7e92777d105dca931cb4b9edd3da68a1f9,2a4cdd5abacb272f8192cf69af16b20118301850945a97d7f8950ea7a9fbc222,mean,raw,rmse,42.5881060153964,reconstructed,100,PENDING
C05,FD003,primary,13,C05_FD003_0cfbe6357863_seed_13,outputs/c05_final_bounded_0cfbe63,0cfbe6357863e5bffcf4b3223823d1323fd86b0a,9c1d792e662e378d8c99795993e7d7ecaffcaa1bbe21d144f6cc2849ce1ef497,19bacf049b035f3fd6cd97fce331fe7e92777d105dca931cb4b9edd3da68a1f9,2a4cdd5abacb272f8192cf69af16b20118301850945a97d7f8950ea7a9fbc222,mean,raw,mae,36.272745591939554,reconstructed,100,PENDING
C05,FD003,primary,13,C05_FD003_0cfbe6357863_seed_13,outputs/c05_final_bounded_0cfbe63,0cfbe6357863e5bffcf4b3223823d1323fd86b0a,9c1d792e662e378d8c99795993e7d7ecaffcaa1bbe21d144f6cc2849ce1ef497,19bacf049b035f3fd6cd97fce331fe7e92777d105dca931cb4b9edd3da68a1f9,2a4cdd5abacb272f8192cf69af16b20118301850945a97d7f8950ea7a9fbc222,mean,raw,signed_error,10.00745591939545,reconstructed,100,PENDING
C05,FD003,primary,13,C05_FD003_0cfbe6357863_seed_13,outputs/c05_final_bounded_0cfbe63,0cfbe6357863e5bffcf4b3223823d1323fd86b0a,9c1d792e662e378d8c99795993e7d7ecaffcaa1bbe21d144f6cc2849ce1ef497,19bacf049b035f3fd6cd97fce331fe7e92777d105dca931cb4b9edd3da68a1f9,2a4cdd5abacb272f8192cf69af16b20118301850945a97d7f8950ea7a9fbc222,mean,raw,nasa_score,27207.95500862659,reconstructed,100,PENDING
C05,FD003,primary,13,C05_FD003_0cfbe6357863_seed_13,outputs/c05_final_bounded_0cfbe63,0cfbe6357863e5bffcf4b3223823d1323fd86b0a,9c1d792e662e378d8c99795993e7d7ecaffcaa1bbe21d144f6cc2849ce1ef497,19bacf049b035f3fd6cd97fce331fe7e92777d105dca931cb4b9edd3da68a1f9,2a4cdd5abacb272f8192cf69af16b20118301850945a97d7f8950ea7a9fbc222,mean,clipped,rmse,40.83856555325073,reconstructed,100,PENDING
C05,FD003,primary,13,C05_FD003_0cfbe6357863_seed_13,outputs/c05_final_bounded_0cfbe63,0cfbe6357863e5bffcf4b3223823d1323fd86b0a,9c1d792e662e378d8c99795993e7d7ecaffcaa1bbe21d144f6cc2849ce1ef497,19bacf049b035f3fd6cd97fce331fe7e92777d105dca931cb4b9edd3da68a1f9,2a4cdd5abacb272f8192cf69af16b20118301850945a97d7f8950ea7a9fbc222,mean,clipped,mae,34.71274559193955,reconstructed,100,PENDING
C05,FD003,primary,13,C05_FD003_0cfbe6357863_seed_13,outputs/c05_final_bounded_0cfbe63,0cfbe6357863e5bffcf4b3223823d1323fd86b0a,9c1d792e662e378d8c99795993e7d7ecaffcaa1bbe21d144f6cc2849ce1ef497,19bacf049b035f3fd6cd97fce331fe7e92777d105dca931cb4b9edd3da68a1f9,2a4cdd5abacb272f8192cf69af16b20118301850945a97d7f8950ea7a9fbc222,mean,clipped,signed_error,11.567455919395455,reconstructed,100,PENDING
C05,FD003,primary,13,C05_FD003_0cfbe6357863_seed_13,outputs/c05_final_bounded_0cfbe63,0cfbe6357863e5bffcf4b3223823d1323fd86b0a,9c1d792e662e378d8c99795993e7d7ecaffcaa1bbe21d144f6cc2849ce1ef497,19bacf049b035f3fd6cd97fce331fe7e92777d105dca931cb4b9edd3da68a1f9,2a4cdd5abacb272f8192cf69af16b20118301850945a97d7f8950ea7a9fbc222,mean,clipped,nasa_score,26728.67588791434,reconstructed,100,PENDING
C05,FD003,primary,13,C05_FD003_0cfbe6357863_seed_13,outputs/c05_final_bounded_0cfbe63,0cfbe6357863e5bffcf4b3223823d1323fd86b0a,9c1d792e662e378d8c99795993e7d7ecaffcaa1bbe21d144f6cc2849ce1ef497,19bacf049b035f3fd6cd97fce331fe7e92777d105dca931cb4b9edd3da68a1f9,2a4cdd5abacb272f8192cf69af16b20118301850945a97d7f8950ea7a9fbc222,ridge,raw,rmse,81293841747.95866,reconstructed,100,PENDING
C05,FD003,primary,13,C05_FD003_0cfbe6357863_seed_13,outputs/c05_final_bounded_0cfbe63,0cfbe6357863e5bffcf4b3223823d1323fd86b0a,9c1d792e662e378d8c99795993e7d7ecaffcaa1bbe21d144f6cc2849ce1ef497,19bacf049b035f3fd6cd97fce331fe7e92777d105dca931cb4b9edd3da68a1f9,2a4cdd5abacb272f8192cf69af16b20118301850945a97d7f8950ea7a9fbc222,ridge,raw,mae,21869022977.88733,reconstructed,100,PENDING
C05,FD003,primary,13,C05_FD003_0cfbe6357863_seed_13,outputs/c05_final_bounded_0cfbe63,0cfbe6357863e5bffcf4b3223823d1323fd86b0a,9c1d792e662e378d8c99795993e7d7ecaffcaa1bbe21d144f6cc2849ce1ef497,19bacf049b035f3fd6cd97fce331fe7e92777d105dca931cb4b9edd3da68a1f9,2a4cdd5abacb272f8192cf69af16b20118301850945a97d7f8950ea7a9fbc222,ridge,raw,signed_error,-17080509143.380892,reconstructed,100,PENDING
C05,FD003,primary,13,C05_FD003_0cfbe6357863_seed_13,outputs/c05_final_bounded_0cfbe63,0cfbe6357863e5bffcf4b3223823d1323fd86b0a,9c1d792e662e378d8c99795993e7d7ecaffcaa1bbe21d144f6cc2849ce1ef497,19bacf049b035f3fd6cd97fce331fe7e92777d105dca931cb4b9edd3da68a1f9,2a4cdd5abacb272f8192cf69af16b20118301850945a97d7f8950ea7a9fbc222,ridge,raw,nasa_score,PENDING,nonfinite_on_raw_support,100,PENDING
C05,FD003,primary,13,C05_FD003_0cfbe6357863_seed_13,outputs/c05_final_bounded_0cfbe63,0cfbe6357863e5bffcf4b3223823d1323fd86b0a,9c1d792e662e378d8c99795993e7d7ecaffcaa1bbe21d144f6cc2849ce1ef497,19bacf049b035f3fd6cd97fce331fe7e92777d105dca931cb4b9edd3da68a1f9,2a4cdd5abacb272f8192cf69af16b20118301850945a97d7f8950ea7a9fbc222,ridge,clipped,rmse,46.43079390479501,reconstructed,100,PENDING
C05,FD003,primary,13,C05_FD003_0cfbe6357863_seed_13,outputs/c05_final_bounded_0cfbe63,0cfbe6357863e5bffcf4b3223823d1323fd86b0a,9c1d792e662e378d8c99795993e7d7ecaffcaa1bbe21d144f6cc2849ce1ef497,19bacf049b035f3fd6cd97fce331fe7e92777d105dca931cb4b9edd3da68a1f9,2a4cdd5abacb272f8192cf69af16b20118301850945a97d7f8950ea7a9fbc222,ridge,clipped,mae,32.44127416083114,reconstructed,100,PENDING
C05,FD003,primary,13,C05_FD003_0cfbe6357863_seed_13,outputs/c05_final_bounded_0cfbe63,0cfbe6357863e5bffcf4b3223823d1323fd86b0a,9c1d792e662e378d8c99795993e7d7ecaffcaa1bbe21d144f6cc2849ce1ef497,19bacf049b035f3fd6cd97fce331fe7e92777d105dca931cb4b9edd3da68a1f9,2a4cdd5abacb272f8192cf69af16b20118301850945a97d7f8950ea7a9fbc222,ridge,clipped,signed_error,5.877361243049471,reconstructed,100,PENDING
C05,FD003,primary,13,C05_FD003_0cfbe6357863_seed_13,outputs/c05_final_bounded_0cfbe63,0cfbe6357863e5bffcf4b3223823d1323fd86b0a,9c1d792e662e378d8c99795993e7d7ecaffcaa1bbe21d144f6cc2849ce1ef497,19bacf049b035f3fd6cd97fce331fe7e92777d105dca931cb4b9edd3da68a1f9,2a4cdd5abacb272f8192cf69af16b20118301850945a97d7f8950ea7a9fbc222,ridge,clipped,nasa_score,868752.2778693407,reconstructed,100,PENDING
C05,FD003,primary,13,C05_FD003_0cfbe6357863_seed_13,outputs/c05_final_bounded_0cfbe63,0cfbe6357863e5bffcf4b3223823d1323fd86b0a,9c1d792e662e378d8c99795993e7d7ecaffcaa1bbe21d144f6cc2849ce1ef497,19bacf049b035f3fd6cd97fce331fe7e92777d105dca931cb4b9edd3da68a1f9,2a4cdd5abacb272f8192cf69af16b20118301850945a97d7f8950ea7a9fbc222,hist_gradient_boosting,raw,rmse,24.00994369486756,reconstructed,100,PENDING
C05,FD003,primary,13,C05_FD003_0cfbe6357863_seed_13,outputs/c05_final_bounded_0cfbe63,0cfbe6357863e5bffcf4b3223823d1323fd86b0a,9c1d792e662e378d8c99795993e7d7ecaffcaa1bbe21d144f6cc2849ce1ef497,19bacf049b035f3fd6cd97fce331fe7e92777d105dca931cb4b9edd3da68a1f9,2a4cdd5abacb272f8192cf69af16b20118301850945a97d7f8950ea7a9fbc222,hist_gradient_boosting,raw,mae,18.825898520119434,reconstructed,100,PENDING
C05,FD003,primary,13,C05_FD003_0cfbe6357863_seed_13,outputs/c05_final_bounded_0cfbe63,0cfbe6357863e5bffcf4b3223823d1323fd86b0a,9c1d792e662e378d8c99795993e7d7ecaffcaa1bbe21d144f6cc2849ce1ef497,19bacf049b035f3fd6cd97fce331fe7e92777d105dca931cb4b9edd3da68a1f9,2a4cdd5abacb272f8192cf69af16b20118301850945a97d7f8950ea7a9fbc222,hist_gradient_boosting,raw,signed_error,7.3888736507115,reconstructed,100,PENDING
C05,FD003,primary,13,C05_FD003_0cfbe6357863_seed_13,outputs/c05_final_bounded_0cfbe63,0cfbe6357863e5bffcf4b3223823d1323fd86b0a,9c1d792e662e378d8c99795993e7d7ecaffcaa1bbe21d144f6cc2849ce1ef497,19bacf049b035f3fd6cd97fce331fe7e92777d105dca931cb4b9edd3da68a1f9,2a4cdd5abacb272f8192cf69af16b20118301850945a97d7f8950ea7a9fbc222,hist_gradient_boosting,raw,nasa_score,1996.674127932777,reconstructed,100,PENDING
C05,FD003,primary,13,C05_FD003_0cfbe6357863_seed_13,outputs/c05_final_bounded_0cfbe63,0cfbe6357863e5bffcf4b3223823d1323fd86b0a,9c1d792e662e378d8c99795993e7d7ecaffcaa1bbe21d144f6cc2849ce1ef497,19bacf049b035f3fd6cd97fce331fe7e92777d105dca931cb4b9edd3da68a1f9,2a4cdd5abacb272f8192cf69af16b20118301850945a97d7f8950ea7a9fbc222,hist_gradient_boosting,clipped,rmse,22.642123409235335,reconstructed,100,PENDING
C05,FD003,primary,13,C05_FD003_0cfbe6357863_seed_13,outputs/c05_final_bounded_0cfbe63,0cfbe6357863e5bffcf4b3223823d1323fd86b0a,9c1d792e662e378d8c99795993e7d7ecaffcaa1bbe21d144f6cc2849ce1ef497,19bacf049b035f3fd6cd97fce331fe7e92777d105dca931cb4b9edd3da68a1f9,2a4cdd5abacb272f8192cf69af16b20118301850945a97d7f8950ea7a9fbc222,hist_gradient_boosting,clipped,mae,17.265898520119435,reconstructed,100,PENDING
C05,FD003,primary,13,C05_FD003_0cfbe6357863_seed_13,outputs/c05_final_bounded_0cfbe63,0cfbe6357863e5bffcf4b3223823d1323fd86b0a,9c1d792e662e378d8c99795993e7d7ecaffcaa1bbe21d144f6cc2849ce1ef497,19bacf049b035f3fd6cd97fce331fe7e92777d105dca931cb4b9edd3da68a1f9,2a4cdd5abacb272f8192cf69af16b20118301850945a97d7f8950ea7a9fbc222,hist_gradient_boosting,clipped,signed_error,8.948873650711498,reconstructed,100,PENDING
C05,FD003,primary,13,C05_FD003_0cfbe6357863_seed_13,outputs/c05_final_bounded_0cfbe63,0cfbe6357863e5bffcf4b3223823d1323fd86b0a,9c1d792e662e378d8c99795993e7d7ecaffcaa1bbe21d144f6cc2849ce1ef497,19bacf049b035f3fd6cd97fce331fe7e92777d105dca931cb4b9edd3da68a1f9,2a4cdd5abacb272f8192cf69af16b20118301850945a97d7f8950ea7a9fbc222,hist_gradient_boosting,clipped,nasa_score,1922.736005115495,reconstructed,100,PENDING
C05,FD003,primary,37,C05_FD003_0cfbe6357863_seed_37,outputs/c05_final_bounded_0cfbe63,0cfbe6357863e5bffcf4b3223823d1323fd86b0a,60882fe97a3f29d6b2a2067e4ebbaa3ff993a5bb00b5d52872a73d2045c22fce,ce44c11ad7ccb955efc04f28bff1939702494f687e3c7ca2b5e31cc588ee2a81,c94992a374183d4462077ac486200913e237c834e76e6e651029b90ef9a94210,mean,raw,rmse,43.145279138509665,reconstructed,100,PENDING
C05,FD003,primary,37,C05_FD003_0cfbe6357863_seed_37,outputs/c05_final_bounded_0cfbe63,0cfbe6357863e5bffcf4b3223823d1323fd86b0a,60882fe97a3f29d6b2a2067e4ebbaa3ff993a5bb00b5d52872a73d2045c22fce,ce44c11ad7ccb955efc04f28bff1939702494f687e3c7ca2b5e31cc588ee2a81,c94992a374183d4462077ac486200913e237c834e76e6e651029b90ef9a94210,mean,raw,mae,36.556426869938065,reconstructed,100,PENDING
C05,FD003,primary,37,C05_FD003_0cfbe6357863_seed_37,outputs/c05_final_bounded_0cfbe63,0cfbe6357863e5bffcf4b3223823d1323fd86b0a,60882fe97a3f29d6b2a2067e4ebbaa3ff993a5bb00b5d52872a73d2045c22fce,ce44c11ad7ccb955efc04f28bff1939702494f687e3c7ca2b5e31cc588ee2a81,c94992a374183d4462077ac486200913e237c834e76e6e651029b90ef9a94210,mean,raw,signed_error,12.162134349690339,reconstructed,100,PENDING
C05,FD003,primary,37,C05_FD003_0cfbe6357863_seed_37,outputs/c05_final_bounded_0cfbe63,0cfbe6357863e5bffcf4b3223823d1323fd86b0a,60882fe97a3f29d6b2a2067e4ebbaa3ff993a5bb00b5d52872a73d2045c22fce,ce44c11ad7ccb955efc04f28bff1939702494f687e3c7ca2b5e31cc588ee2a81,c94992a374183d4462077ac486200913e237c834e76e6e651029b90ef9a94210,mean,raw,nasa_score,33384.151333184076,reconstructed,100,PENDING
C05,FD003,primary,37,C05_FD003_0cfbe6357863_seed_37,outputs/c05_final_bounded_0cfbe63,0cfbe6357863e5bffcf4b3223823d1323fd86b0a,60882fe97a3f29d6b2a2067e4ebbaa3ff993a5bb00b5d52872a73d2045c22fce,ce44c11ad7ccb955efc04f28bff1939702494f687e3c7ca2b5e31cc588ee2a81,c94992a374183d4462077ac486200913e237c834e76e6e651029b90ef9a94210,mean,clipped,rmse,41.50035386729794,reconstructed,100,PENDING
C05,FD003,primary,37,C05_FD003_0cfbe6357863_seed_37,outputs/c05_final_bounded_0cfbe63,0cfbe6357863e5bffcf4b3223823d1323fd86b0a,60882fe97a3f29d6b2a2067e4ebbaa3ff993a5bb00b5d52872a73d2045c22fce,ce44c11ad7ccb955efc04f28bff1939702494f687e3c7ca2b5e31cc588ee2a81,c94992a374183d4462077ac486200913e237c834e76e6e651029b90ef9a94210,mean,clipped,mae,34.99642686993806,reconstructed,100,PENDING
C05,FD003,primary,37,C05_FD003_0cfbe6357863_seed_37,outputs/c05_final_bounded_0cfbe63,0cfbe6357863e5bffcf4b3223823d1323fd86b0a,60882fe97a3f29d6b2a2067e4ebbaa3ff993a5bb00b5d52872a73d2045c22fce,ce44c11ad7ccb955efc04f28bff1939702494f687e3c7ca2b5e31cc588ee2a81,c94992a374183d4462077ac486200913e237c834e76e6e651029b90ef9a94210,mean,clipped,signed_error,13.72213434969034,reconstructed,100,PENDING
C05,FD003,primary,37,C05_FD003_0cfbe6357863_seed_37,outputs/c05_final_bounded_0cfbe63,0cfbe6357863e5bffcf4b3223823d1323fd86b0a,60882fe97a3f29d6b2a2067e4ebbaa3ff993a5bb00b5d52872a73d2045c22fce,ce44c11ad7ccb955efc04f28bff1939702494f687e3c7ca2b5e31cc588ee2a81,c94992a374183d4462077ac486200913e237c834e76e6e651029b90ef9a94210,mean,clipped,nasa_score,32978.076017692474,reconstructed,100,PENDING
C05,FD003,primary,37,C05_FD003_0cfbe6357863_seed_37,outputs/c05_final_bounded_0cfbe63,0cfbe6357863e5bffcf4b3223823d1323fd86b0a,60882fe97a3f29d6b2a2067e4ebbaa3ff993a5bb00b5d52872a73d2045c22fce,ce44c11ad7ccb955efc04f28bff1939702494f687e3c7ca2b5e31cc588ee2a81,c94992a374183d4462077ac486200913e237c834e76e6e651029b90ef9a94210,ridge,raw,rmse,99195816772.07375,reconstructed,100,PENDING
C05,FD003,primary,37,C05_FD003_0cfbe6357863_seed_37,outputs/c05_final_bounded_0cfbe63,0cfbe6357863e5bffcf4b3223823d1323fd86b0a,60882fe97a3f29d6b2a2067e4ebbaa3ff993a5bb00b5d52872a73d2045c22fce,ce44c11ad7ccb955efc04f28bff1939702494f687e3c7ca2b5e31cc588ee2a81,c94992a374183d4462077ac486200913e237c834e76e6e651029b90ef9a94210,ridge,raw,mae,27377620897.530052,reconstructed,100,PENDING
C05,FD003,primary,37,C05_FD003_0cfbe6357863_seed_37,outputs/c05_final_bounded_0cfbe63,0cfbe6357863e5bffcf4b3223823d1323fd86b0a,60882fe97a3f29d6b2a2067e4ebbaa3ff993a5bb00b5d52872a73d2045c22fce,ce44c11ad7ccb955efc04f28bff1939702494f687e3c7ca2b5e31cc588ee2a81,c94992a374183d4462077ac486200913e237c834e76e6e651029b90ef9a94210,ridge,raw,signed_error,-24626499632.472095,reconstructed,100,PENDING
C05,FD003,primary,37,C05_FD003_0cfbe6357863_seed_37,outputs/c05_final_bounded_0cfbe63,0cfbe6357863e5bffcf4b3223823d1323fd86b0a,60882fe97a3f29d6b2a2067e4ebbaa3ff993a5bb00b5d52872a73d2045c22fce,ce44c11ad7ccb955efc04f28bff1939702494f687e3c7ca2b5e31cc588ee2a81,c94992a374183d4462077ac486200913e237c834e76e6e651029b90ef9a94210,ridge,raw,nasa_score,PENDING,nonfinite_on_raw_support,100,PENDING
C05,FD003,primary,37,C05_FD003_0cfbe6357863_seed_37,outputs/c05_final_bounded_0cfbe63,0cfbe6357863e5bffcf4b3223823d1323fd86b0a,60882fe97a3f29d6b2a2067e4ebbaa3ff993a5bb00b5d52872a73d2045c22fce,ce44c11ad7ccb955efc04f28bff1939702494f687e3c7ca2b5e31cc588ee2a81,c94992a374183d4462077ac486200913e237c834e76e6e651029b90ef9a94210,ridge,clipped,rmse,47.505648243958966,reconstructed,100,PENDING
C05,FD003,primary,37,C05_FD003_0cfbe6357863_seed_37,outputs/c05_final_bounded_0cfbe63,0cfbe6357863e5bffcf4b3223823d1323fd86b0a,60882fe97a3f29d6b2a2067e4ebbaa3ff993a5bb00b5d52872a73d2045c22fce,ce44c11ad7ccb955efc04f28bff1939702494f687e3c7ca2b5e31cc588ee2a81,c94992a374183d4462077ac486200913e237c834e76e6e651029b90ef9a94210,ridge,clipped,mae,33.113268509920374,reconstructed,100,PENDING
C05,FD003,primary,37,C05_FD003_0cfbe6357863_seed_37,outputs/c05_final_bounded_0cfbe63,0cfbe6357863e5bffcf4b3223823d1323fd86b0a,60882fe97a3f29d6b2a2067e4ebbaa3ff993a5bb00b5d52872a73d2045c22fce,ce44c11ad7ccb955efc04f28bff1939702494f687e3c7ca2b5e31cc588ee2a81,c94992a374183d4462077ac486200913e237c834e76e6e651029b90ef9a94210,ridge,clipped,signed_error,8.398667377625456,reconstructed,100,PENDING
C05,FD003,primary,37,C05_FD003_0cfbe6357863_seed_37,outputs/c05_final_bounded_0cfbe63,0cfbe6357863e5bffcf4b3223823d1323fd86b0a,60882fe97a3f29d6b2a2067e4ebbaa3ff993a5bb00b5d52872a73d2045c22fce,ce44c11ad7ccb955efc04f28bff1939702494f687e3c7ca2b5e31cc588ee2a81,c94992a374183d4462077ac486200913e237c834e76e6e651029b90ef9a94210,ridge,clipped,nasa_score,882484.4155347488,reconstructed,100,PENDING
C05,FD003,primary,37,C05_FD003_0cfbe6357863_seed_37,outputs/c05_final_bounded_0cfbe63,0cfbe6357863e5bffcf4b3223823d1323fd86b0a,60882fe97a3f29d6b2a2067e4ebbaa3ff993a5bb00b5d52872a73d2045c22fce,ce44c11ad7ccb955efc04f28bff1939702494f687e3c7ca2b5e31cc588ee2a81,c94992a374183d4462077ac486200913e237c834e76e6e651029b90ef9a94210,hist_gradient_boosting,raw,rmse,23.406070765420864,reconstructed,100,PENDING
C05,FD003,primary,37,C05_FD003_0cfbe6357863_seed_37,outputs/c05_final_bounded_0cfbe63,0cfbe6357863e5bffcf4b3223823d1323fd86b0a,60882fe97a3f29d6b2a2067e4ebbaa3ff993a5bb00b5d52872a73d2045c22fce,ce44c11ad7ccb955efc04f28bff1939702494f687e3c7ca2b5e31cc588ee2a81,c94992a374183d4462077ac486200913e237c834e76e6e651029b90ef9a94210,hist_gradient_boosting,raw,mae,18.883364582653158,reconstructed,100,PENDING
C05,FD003,primary,37,C05_FD003_0cfbe6357863_seed_37,outputs/c05_final_bounded_0cfbe63,0cfbe6357863e5bffcf4b3223823d1323fd86b0a,60882fe97a3f29d6b2a2067e4ebbaa3ff993a5bb00b5d52872a73d2045c22fce,ce44c11ad7ccb955efc04f28bff1939702494f687e3c7ca2b5e31cc588ee2a81,c94992a374183d4462077ac486200913e237c834e76e6e651029b90ef9a94210,hist_gradient_boosting,raw,signed_error,10.210953862752168,reconstructed,100,PENDING
C05,FD003,primary,37,C05_FD003_0cfbe6357863_seed_37,outputs/c05_final_bounded_0cfbe63,0cfbe6357863e5bffcf4b3223823d1323fd86b0a,60882fe97a3f29d6b2a2067e4ebbaa3ff993a5bb00b5d52872a73d2045c22fce,ce44c11ad7ccb955efc04f28bff1939702494f687e3c7ca2b5e31cc588ee2a81,c94992a374183d4462077ac486200913e237c834e76e6e651029b90ef9a94210,hist_gradient_boosting,raw,nasa_score,1621.2532812245938,reconstructed,100,PENDING
C05,FD003,primary,37,C05_FD003_0cfbe6357863_seed_37,outputs/c05_final_bounded_0cfbe63,0cfbe6357863e5bffcf4b3223823d1323fd86b0a,60882fe97a3f29d6b2a2067e4ebbaa3ff993a5bb00b5d52872a73d2045c22fce,ce44c11ad7ccb955efc04f28bff1939702494f687e3c7ca2b5e31cc588ee2a81,c94992a374183d4462077ac486200913e237c834e76e6e651029b90ef9a94210,hist_gradient_boosting,clipped,rmse,22.28721846827504,reconstructed,100,PENDING
C05,FD003,primary,37,C05_FD003_0cfbe6357863_seed_37,outputs/c05_final_bounded_0cfbe63,0cfbe6357863e5bffcf4b3223823d1323fd86b0a,60882fe97a3f29d6b2a2067e4ebbaa3ff993a5bb00b5d52872a73d2045c22fce,ce44c11ad7ccb955efc04f28bff1939702494f687e3c7ca2b5e31cc588ee2a81,c94992a374183d4462077ac486200913e237c834e76e6e651029b90ef9a94210,hist_gradient_boosting,clipped,mae,17.32336458265316,reconstructed,100,PENDING
C05,FD003,primary,37,C05_FD003_0cfbe6357863_seed_37,outputs/c05_final_bounded_0cfbe63,0cfbe6357863e5bffcf4b3223823d1323fd86b0a,60882fe97a3f29d6b2a2067e4ebbaa3ff993a5bb00b5d52872a73d2045c22fce,ce44c11ad7ccb955efc04f28bff1939702494f687e3c7ca2b5e31cc588ee2a81,c94992a374183d4462077ac486200913e237c834e76e6e651029b90ef9a94210,hist_gradient_boosting,clipped,signed_error,11.770953862752162,reconstructed,100,PENDING
C05,FD003,primary,37,C05_FD003_0cfbe6357863_seed_37,outputs/c05_final_bounded_0cfbe63,0cfbe6357863e5bffcf4b3223823d1323fd86b0a,60882fe97a3f29d6b2a2067e4ebbaa3ff993a5bb00b5d52872a73d2045c22fce,ce44c11ad7ccb955efc04f28bff1939702494f687e3c7ca2b5e31cc588ee2a81,c94992a374183d4462077ac486200913e237c834e76e6e651029b90ef9a94210,hist_gradient_boosting,clipped,nasa_score,1570.243276279877,reconstructed,100,PENDING
C05,FD003,primary,73,C05_FD003_0cfbe6357863_seed_73,outputs/c05_final_bounded_0cfbe63,0cfbe6357863e5bffcf4b3223823d1323fd86b0a,2e997dcc66a0d456dfc1ac9131ab7917bf2a897f53d564aba60576512fb35537,350d97ece8c8da163930588f72a93373d6cf04b9860844e2da57f485b0c0d647,37211b4a5991690139974d2a0cd8f491c5489e7644bb9836ffc9ddab558ee11d,mean,raw,rmse,42.8896459331533,reconstructed,100,PENDING
C05,FD003,primary,73,C05_FD003_0cfbe6357863_seed_73,outputs/c05_final_bounded_0cfbe63,0cfbe6357863e5bffcf4b3223823d1323fd86b0a,2e997dcc66a0d456dfc1ac9131ab7917bf2a897f53d564aba60576512fb35537,350d97ece8c8da163930588f72a93373d6cf04b9860844e2da57f485b0c0d647,37211b4a5991690139974d2a0cd8f491c5489e7644bb9836ffc9ddab558ee11d,mean,raw,mae,36.40499104671984,reconstructed,100,PENDING
C05,FD003,primary,73,C05_FD003_0cfbe6357863_seed_73,outputs/c05_final_bounded_0cfbe63,0cfbe6357863e5bffcf4b3223823d1323fd86b0a,2e997dcc66a0d456dfc1ac9131ab7917bf2a897f53d564aba60576512fb35537,350d97ece8c8da163930588f72a93373d6cf04b9860844e2da57f485b0c0d647,37211b4a5991690139974d2a0cd8f491c5489e7644bb9836ffc9ddab558ee11d,mean,raw,signed_error,11.221592055998691,reconstructed,100,PENDING
C05,FD003,primary,73,C05_FD003_0cfbe6357863_seed_73,outputs/c05_final_bounded_0cfbe63,0cfbe6357863e5bffcf4b3223823d1323fd86b0a,2e997dcc66a0d456dfc1ac9131ab7917bf2a897f53d564aba60576512fb35537,350d97ece8c8da163930588f72a93373d6cf04b9860844e2da57f485b0c0d647,37211b4a5991690139974d2a0cd8f491c5489e7644bb9836ffc9ddab558ee11d,mean,raw,nasa_score,30516.571875862144,reconstructed,100,PENDING
C05,FD003,primary,73,C05_FD003_0cfbe6357863_seed_73,outputs/c05_final_bounded_0cfbe63,0cfbe6357863e5bffcf4b3223823d1323fd86b0a,2e997dcc66a0d456dfc1ac9131ab7917bf2a897f53d564aba60576512fb35537,350d97ece8c8da163930588f72a93373d6cf04b9860844e2da57f485b0c0d647,37211b4a5991690139974d2a0cd8f491c5489e7644bb9836ffc9ddab558ee11d,mean,clipped,rmse,41.19892590209081,reconstructed,100,PENDING
C05,FD003,primary,73,C05_FD003_0cfbe6357863_seed_73,outputs/c05_final_bounded_0cfbe63,0cfbe6357863e5bffcf4b3223823d1323fd86b0a,2e997dcc66a0d456dfc1ac9131ab7917bf2a897f53d564aba60576512fb35537,350d97ece8c8da163930588f72a93373d6cf04b9860844e2da57f485b0c0d647,37211b4a5991690139974d2a0cd8f491c5489e7644bb9836ffc9ddab558ee11d,mean,clipped,mae,34.84499104671984,reconstructed,100,PENDING
C05,FD003,primary,73,C05_FD003_0cfbe6357863_seed_73,outputs/c05_final_bounded_0cfbe63,0cfbe6357863e5bffcf4b3223823d1323fd86b0a,2e997dcc66a0d456dfc1ac9131ab7917bf2a897f53d564aba60576512fb35537,350d97ece8c8da163930588f72a93373d6cf04b9860844e2da57f485b0c0d647,37211b4a5991690139974d2a0cd8f491c5489e7644bb9836ffc9ddab558ee11d,mean,clipped,signed_error,12.781592055998694,reconstructed,100,PENDING
C05,FD003,primary,73,C05_FD003_0cfbe6357863_seed_73,outputs/c05_final_bounded_0cfbe63,0cfbe6357863e5bffcf4b3223823d1323fd86b0a,2e997dcc66a0d456dfc1ac9131ab7917bf2a897f53d564aba60576512fb35537,350d97ece8c8da163930588f72a93373d6cf04b9860844e2da57f485b0c0d647,37211b4a5991690139974d2a0cd8f491c5489e7644bb9836ffc9ddab558ee11d,mean,clipped,nasa_score,30080.02836317186,reconstructed,100,PENDING
C05,FD003,primary,73,C05_FD003_0cfbe6357863_seed_73,outputs/c05_final_bounded_0cfbe63,0cfbe6357863e5bffcf4b3223823d1323fd86b0a,2e997dcc66a0d456dfc1ac9131ab7917bf2a897f53d564aba60576512fb35537,350d97ece8c8da163930588f72a93373d6cf04b9860844e2da57f485b0c0d647,37211b4a5991690139974d2a0cd8f491c5489e7644bb9836ffc9ddab558ee11d,ridge,raw,rmse,108113314314.06892,reconstructed,100,PENDING
C05,FD003,primary,73,C05_FD003_0cfbe6357863_seed_73,outputs/c05_final_bounded_0cfbe63,0cfbe6357863e5bffcf4b3223823d1323fd86b0a,2e997dcc66a0d456dfc1ac9131ab7917bf2a897f53d564aba60576512fb35537,350d97ece8c8da163930588f72a93373d6cf04b9860844e2da57f485b0c0d647,37211b4a5991690139974d2a0cd8f491c5489e7644bb9836ffc9ddab558ee11d,ridge,raw,mae,29988438398.67081,reconstructed,100,PENDING
C05,FD003,primary,73,C05_FD003_0cfbe6357863_seed_73,outputs/c05_final_bounded_0cfbe63,0cfbe6357863e5bffcf4b3223823d1323fd86b0a,2e997dcc66a0d456dfc1ac9131ab7917bf2a897f53d564aba60576512fb35537,350d97ece8c8da163930588f72a93373d6cf04b9860844e2da57f485b0c0d647,37211b4a5991690139974d2a0cd8f491c5489e7644bb9836ffc9ddab558ee11d,ridge,raw,signed_error,-26652108337.260387,reconstructed,100,PENDING
C05,FD003,primary,73,C05_FD003_0cfbe6357863_seed_73,outputs/c05_final_bounded_0cfbe63,0cfbe6357863e5bffcf4b3223823d1323fd86b0a,2e997dcc66a0d456dfc1ac9131ab7917bf2a897f53d564aba60576512fb35537,350d97ece8c8da163930588f72a93373d6cf04b9860844e2da57f485b0c0d647,37211b4a5991690139974d2a0cd8f491c5489e7644bb9836ffc9ddab558ee11d,ridge,raw,nasa_score,PENDING,nonfinite_on_raw_support,100,PENDING
C05,FD003,primary,73,C05_FD003_0cfbe6357863_seed_73,outputs/c05_final_bounded_0cfbe63,0cfbe6357863e5bffcf4b3223823d1323fd86b0a,2e997dcc66a0d456dfc1ac9131ab7917bf2a897f53d564aba60576512fb35537,350d97ece8c8da163930588f72a93373d6cf04b9860844e2da57f485b0c0d647,37211b4a5991690139974d2a0cd8f491c5489e7644bb9836ffc9ddab558ee11d,ridge,clipped,rmse,48.66807728437431,reconstructed,100,PENDING
C05,FD003,primary,73,C05_FD003_0cfbe6357863_seed_73,outputs/c05_final_bounded_0cfbe63,0cfbe6357863e5bffcf4b3223823d1323fd86b0a,2e997dcc66a0d456dfc1ac9131ab7917bf2a897f53d564aba60576512fb35537,350d97ece8c8da163930588f72a93373d6cf04b9860844e2da57f485b0c0d647,37211b4a5991690139974d2a0cd8f491c5489e7644bb9836ffc9ddab558ee11d,ridge,clipped,mae,33.64236145179868,reconstructed,100,PENDING
C05,FD003,primary,73,C05_FD003_0cfbe6357863_seed_73,outputs/c05_final_bounded_0cfbe63,0cfbe6357863e5bffcf4b3223823d1323fd86b0a,2e997dcc66a0d456dfc1ac9131ab7917bf2a897f53d564aba60576512fb35537,350d97ece8c8da163930588f72a93373d6cf04b9860844e2da57f485b0c0d647,37211b4a5991690139974d2a0cd8f491c5489e7644bb9836ffc9ddab558ee11d,ridge,clipped,signed_error,6.682213229494416,reconstructed,100,PENDING
C05,FD003,primary,73,C05_FD003_0cfbe6357863_seed_73,outputs/c05_final_bounded_0cfbe63,0cfbe6357863e5bffcf4b3223823d1323fd86b0a,2e997dcc66a0d456dfc1ac9131ab7917bf2a897f53d564aba60576512fb35537,350d97ece8c8da163930588f72a93373d6cf04b9860844e2da57f485b0c0d647,37211b4a5991690139974d2a0cd8f491c5489e7644bb9836ffc9ddab558ee11d,ridge,clipped,nasa_score,885380.4170491367,reconstructed,100,PENDING
C05,FD003,primary,73,C05_FD003_0cfbe6357863_seed_73,outputs/c05_final_bounded_0cfbe63,0cfbe6357863e5bffcf4b3223823d1323fd86b0a,2e997dcc66a0d456dfc1ac9131ab7917bf2a897f53d564aba60576512fb35537,350d97ece8c8da163930588f72a93373d6cf04b9860844e2da57f485b0c0d647,37211b4a5991690139974d2a0cd8f491c5489e7644bb9836ffc9ddab558ee11d,hist_gradient_boosting,raw,rmse,23.321075261944713,reconstructed,100,PENDING
C05,FD003,primary,73,C05_FD003_0cfbe6357863_seed_73,outputs/c05_final_bounded_0cfbe63,0cfbe6357863e5bffcf4b3223823d1323fd86b0a,2e997dcc66a0d456dfc1ac9131ab7917bf2a897f53d564aba60576512fb35537,350d97ece8c8da163930588f72a93373d6cf04b9860844e2da57f485b0c0d647,37211b4a5991690139974d2a0cd8f491c5489e7644bb9836ffc9ddab558ee11d,hist_gradient_boosting,raw,mae,18.888839266098714,reconstructed,100,PENDING
C05,FD003,primary,73,C05_FD003_0cfbe6357863_seed_73,outputs/c05_final_bounded_0cfbe63,0cfbe6357863e5bffcf4b3223823d1323fd86b0a,2e997dcc66a0d456dfc1ac9131ab7917bf2a897f53d564aba60576512fb35537,350d97ece8c8da163930588f72a93373d6cf04b9860844e2da57f485b0c0d647,37211b4a5991690139974d2a0cd8f491c5489e7644bb9836ffc9ddab558ee11d,hist_gradient_boosting,raw,signed_error,7.5767657834431335,reconstructed,100,PENDING
C05,FD003,primary,73,C05_FD003_0cfbe6357863_seed_73,outputs/c05_final_bounded_0cfbe63,0cfbe6357863e5bffcf4b3223823d1323fd86b0a,2e997dcc66a0d456dfc1ac9131ab7917bf2a897f53d564aba60576512fb35537,350d97ece8c8da163930588f72a93373d6cf04b9860844e2da57f485b0c0d647,37211b4a5991690139974d2a0cd8f491c5489e7644bb9836ffc9ddab558ee11d,hist_gradient_boosting,raw,nasa_score,1468.6736489656548,reconstructed,100,PENDING
C05,FD003,primary,73,C05_FD003_0cfbe6357863_seed_73,outputs/c05_final_bounded_0cfbe63,0cfbe6357863e5bffcf4b3223823d1323fd86b0a,2e997dcc66a0d456dfc1ac9131ab7917bf2a897f53d564aba60576512fb35537,350d97ece8c8da163930588f72a93373d6cf04b9860844e2da57f485b0c0d647,37211b4a5991690139974d2a0cd8f491c5489e7644bb9836ffc9ddab558ee11d,hist_gradient_boosting,clipped,rmse,21.982808581882498,reconstructed,100,PENDING
C05,FD003,primary,73,C05_FD003_0cfbe6357863_seed_73,outputs/c05_final_bounded_0cfbe63,0cfbe6357863e5bffcf4b3223823d1323fd86b0a,2e997dcc66a0d456dfc1ac9131ab7917bf2a897f53d564aba60576512fb35537,350d97ece8c8da163930588f72a93373d6cf04b9860844e2da57f485b0c0d647,37211b4a5991690139974d2a0cd8f491c5489e7644bb9836ffc9ddab558ee11d,hist_gradient_boosting,clipped,mae,17.32883926609871,reconstructed,100,PENDING
C05,FD003,primary,73,C05_FD003_0cfbe6357863_seed_73,outputs/c05_final_bounded_0cfbe63,0cfbe6357863e5bffcf4b3223823d1323fd86b0a,2e997dcc66a0d456dfc1ac9131ab7917bf2a897f53d564aba60576512fb35537,350d97ece8c8da163930588f72a93373d6cf04b9860844e2da57f485b0c0d647,37211b4a5991690139974d2a0cd8f491c5489e7644bb9836ffc9ddab558ee11d,hist_gradient_boosting,clipped,signed_error,9.136765783443133,reconstructed,100,PENDING
C05,FD003,primary,73,C05_FD003_0cfbe6357863_seed_73,outputs/c05_final_bounded_0cfbe63,0cfbe6357863e5bffcf4b3223823d1323fd86b0a,2e997dcc66a0d456dfc1ac9131ab7917bf2a897f53d564aba60576512fb35537,350d97ece8c8da163930588f72a93373d6cf04b9860844e2da57f485b0c0d647,37211b4a5991690139974d2a0cd8f491c5489e7644bb9836ffc9ddab558ee11d,hist_gradient_boosting,clipped,nasa_score,1392.945975780299,reconstructed,100,PENDING
C05,FD003,primary,101,C05_FD003_0cfbe6357863_seed_101,outputs/c05_final_bounded_0cfbe63,0cfbe6357863e5bffcf4b3223823d1323fd86b0a,b514239b17d8c782e8fc9717591c9d6b8130e7089f536fa1d841866d41866542,d2b9527195e831d90f7205bd10b850d8678e4e905b9917af63c2d43ef9f6fef1,f3e22720eca0168d56c8b6914d6b2c4655f85c9e5e06641fd8336a18ff9706de,mean,raw,rmse,42.94057331147549,reconstructed,100,PENDING
C05,FD003,primary,101,C05_FD003_0cfbe6357863_seed_101,outputs/c05_final_bounded_0cfbe63,0cfbe6357863e5bffcf4b3223823d1323fd86b0a,b514239b17d8c782e8fc9717591c9d6b8130e7089f536fa1d841866d41866542,d2b9527195e831d90f7205bd10b850d8678e4e905b9917af63c2d43ef9f6fef1,f3e22720eca0168d56c8b6914d6b2c4655f85c9e5e06641fd8336a18ff9706de,mean,raw,mae,36.42816326530612,reconstructed,100,PENDING
C05,FD003,primary,101,C05_FD003_0cfbe6357863_seed_101,outputs/c05_final_bounded_0cfbe63,0cfbe6357863e5bffcf4b3223823d1323fd86b0a,b514239b17d8c782e8fc9717591c9d6b8130e7089f536fa1d841866d41866542,d2b9527195e831d90f7205bd10b850d8678e4e905b9917af63c2d43ef9f6fef1,f3e22720eca0168d56c8b6914d6b2c4655f85c9e5e06641fd8336a18ff9706de,mean,raw,signed_error,11.414693877551038,reconstructed,100,PENDING
C05,FD003,primary,101,C05_FD003_0cfbe6357863_seed_101,outputs/c05_final_bounded_0cfbe63,0cfbe6357863e5bffcf4b3223823d1323fd86b0a,b514239b17d8c782e8fc9717591c9d6b8130e7089f536fa1d841866d41866542,d2b9527195e831d90f7205bd10b850d8678e4e905b9917af63c2d43ef9f6fef1,f3e22720eca0168d56c8b6914d6b2c4655f85c9e5e06641fd8336a18ff9706de,mean,raw,nasa_score,31082.593394644526,reconstructed,100,PENDING
C05,FD003,primary,101,C05_FD003_0cfbe6357863_seed_101,outputs/c05_final_bounded_0cfbe63,0cfbe6357863e5bffcf4b3223823d1323fd86b0a,b514239b17d8c782e8fc9717591c9d6b8130e7089f536fa1d841866d41866542,d2b9527195e831d90f7205bd10b850d8678e4e905b9917af63c2d43ef9f6fef1,f3e22720eca0168d56c8b6914d6b2c4655f85c9e5e06641fd8336a18ff9706de,mean,clipped,rmse,41.259242373269046,reconstructed,100,PENDING
C05,FD003,primary,101,C05_FD003_0cfbe6357863_seed_101,outputs/c05_final_bounded_0cfbe63,0cfbe6357863e5bffcf4b3223823d1323fd86b0a,b514239b17d8c782e8fc9717591c9d6b8130e7089f536fa1d841866d41866542,d2b9527195e831d90f7205bd10b850d8678e4e905b9917af63c2d43ef9f6fef1,f3e22720eca0168d56c8b6914d6b2c4655f85c9e5e06641fd8336a18ff9706de,mean,clipped,mae,34.86816326530612,reconstructed,100,PENDING
C05,FD003,primary,101,C05_FD003_0cfbe6357863_seed_101,outputs/c05_final_bounded_0cfbe63,0cfbe6357863e5bffcf4b3223823d1323fd86b0a,b514239b17d8c782e8fc9717591c9d6b8130e7089f536fa1d841866d41866542,d2b9527195e831d90f7205bd10b850d8678e4e905b9917af63c2d43ef9f6fef1,f3e22720eca0168d56c8b6914d6b2c4655f85c9e5e06641fd8336a18ff9706de,mean,clipped,signed_error,12.974693877551042,reconstructed,100,PENDING
C05,FD003,primary,101,C05_FD003_0cfbe6357863_seed_101,outputs/c05_final_bounded_0cfbe63,0cfbe6357863e5bffcf4b3223823d1323fd86b0a,b514239b17d8c782e8fc9717591c9d6b8130e7089f536fa1d841866d41866542,d2b9527195e831d90f7205bd10b850d8678e4e905b9917af63c2d43ef9f6fef1,f3e22720eca0168d56c8b6914d6b2c4655f85c9e5e06641fd8336a18ff9706de,mean,clipped,nasa_score,30652.486371192394,reconstructed,100,PENDING
C05,FD003,primary,101,C05_FD003_0cfbe6357863_seed_101,outputs/c05_final_bounded_0cfbe63,0cfbe6357863e5bffcf4b3223823d1323fd86b0a,b514239b17d8c782e8fc9717591c9d6b8130e7089f536fa1d841866d41866542,d2b9527195e831d90f7205bd10b850d8678e4e905b9917af63c2d43ef9f6fef1,f3e22720eca0168d56c8b6914d6b2c4655f85c9e5e06641fd8336a18ff9706de,ridge,raw,rmse,97779445069.64491,reconstructed,100,PENDING
C05,FD003,primary,101,C05_FD003_0cfbe6357863_seed_101,outputs/c05_final_bounded_0cfbe63,0cfbe6357863e5bffcf4b3223823d1323fd86b0a,b514239b17d8c782e8fc9717591c9d6b8130e7089f536fa1d841866d41866542,d2b9527195e831d90f7205bd10b850d8678e4e905b9917af63c2d43ef9f6fef1,f3e22720eca0168d56c8b6914d6b2c4655f85c9e5e06641fd8336a18ff9706de,ridge,raw,mae,27011705390.113995,reconstructed,100,PENDING
C05,FD003,primary,101,C05_FD003_0cfbe6357863_seed_101,outputs/c05_final_bounded_0cfbe63,0cfbe6357863e5bffcf4b3223823d1323fd86b0a,b514239b17d8c782e8fc9717591c9d6b8130e7089f536fa1d841866d41866542,d2b9527195e831d90f7205bd10b850d8678e4e905b9917af63c2d43ef9f6fef1,f3e22720eca0168d56c8b6914d6b2c4655f85c9e5e06641fd8336a18ff9706de,ridge,raw,signed_error,-24424720679.317616,reconstructed,100,PENDING
C05,FD003,primary,101,C05_FD003_0cfbe6357863_seed_101,outputs/c05_final_bounded_0cfbe63,0cfbe6357863e5bffcf4b3223823d1323fd86b0a,b514239b17d8c782e8fc9717591c9d6b8130e7089f536fa1d841866d41866542,d2b9527195e831d90f7205bd10b850d8678e4e905b9917af63c2d43ef9f6fef1,f3e22720eca0168d56c8b6914d6b2c4655f85c9e5e06641fd8336a18ff9706de,ridge,raw,nasa_score,PENDING,nonfinite_on_raw_support,100,PENDING
C05,FD003,primary,101,C05_FD003_0cfbe6357863_seed_101,outputs/c05_final_bounded_0cfbe63,0cfbe6357863e5bffcf4b3223823d1323fd86b0a,b514239b17d8c782e8fc9717591c9d6b8130e7089f536fa1d841866d41866542,d2b9527195e831d90f7205bd10b850d8678e4e905b9917af63c2d43ef9f6fef1,f3e22720eca0168d56c8b6914d6b2c4655f85c9e5e06641fd8336a18ff9706de,ridge,clipped,rmse,50.5289364926238,reconstructed,100,PENDING
C05,FD003,primary,101,C05_FD003_0cfbe6357863_seed_101,outputs/c05_final_bounded_0cfbe63,0cfbe6357863e5bffcf4b3223823d1323fd86b0a,b514239b17d8c782e8fc9717591c9d6b8130e7089f536fa1d841866d41866542,d2b9527195e831d90f7205bd10b850d8678e4e905b9917af63c2d43ef9f6fef1,f3e22720eca0168d56c8b6914d6b2c4655f85c9e5e06641fd8336a18ff9706de,ridge,clipped,mae,35.13979797900625,reconstructed,100,PENDING
C05,FD003,primary,101,C05_FD003_0cfbe6357863_seed_101,outputs/c05_final_bounded_0cfbe63,0cfbe6357863e5bffcf4b3223823d1323fd86b0a,b514239b17d8c782e8fc9717591c9d6b8130e7089f536fa1d841866d41866542,d2b9527195e831d90f7205bd10b850d8678e4e905b9917af63c2d43ef9f6fef1,f3e22720eca0168d56c8b6914d6b2c4655f85c9e5e06641fd8336a18ff9706de,ridge,clipped,signed_error,-1.5852751547131156,reconstructed,100,PENDING
C05,FD003,primary,101,C05_FD003_0cfbe6357863_seed_101,outputs/c05_final_bounded_0cfbe63,0cfbe6357863e5bffcf4b3223823d1323fd86b0a,b514239b17d8c782e8fc9717591c9d6b8130e7089f536fa1d841866d41866542,d2b9527195e831d90f7205bd10b850d8678e4e905b9917af63c2d43ef9f6fef1,f3e22720eca0168d56c8b6914d6b2c4655f85c9e5e06641fd8336a18ff9706de,ridge,clipped,nasa_score,749729.1982142796,reconstructed,100,PENDING
C05,FD003,primary,101,C05_FD003_0cfbe6357863_seed_101,outputs/c05_final_bounded_0cfbe63,0cfbe6357863e5bffcf4b3223823d1323fd86b0a,b514239b17d8c782e8fc9717591c9d6b8130e7089f536fa1d841866d41866542,d2b9527195e831d90f7205bd10b850d8678e4e905b9917af63c2d43ef9f6fef1,f3e22720eca0168d56c8b6914d6b2c4655f85c9e5e06641fd8336a18ff9706de,hist_gradient_boosting,raw,rmse,24.94444298529413,reconstructed,100,PENDING
C05,FD003,primary,101,C05_FD003_0cfbe6357863_seed_101,outputs/c05_final_bounded_0cfbe63,0cfbe6357863e5bffcf4b3223823d1323fd86b0a,b514239b17d8c782e8fc9717591c9d6b8130e7089f536fa1d841866d41866542,d2b9527195e831d90f7205bd10b850d8678e4e905b9917af63c2d43ef9f6fef1,f3e22720eca0168d56c8b6914d6b2c4655f85c9e5e06641fd8336a18ff9706de,hist_gradient_boosting,raw,mae,19.173389277931072,reconstructed,100,PENDING
C05,FD003,primary,101,C05_FD003_0cfbe6357863_seed_101,outputs/c05_final_bounded_0cfbe63,0cfbe6357863e5bffcf4b3223823d1323fd86b0a,b514239b17d8c782e8fc9717591c9d6b8130e7089f536fa1d841866d41866542,d2b9527195e831d90f7205bd10b850d8678e4e905b9917af63c2d43ef9f6fef1,f3e22720eca0168d56c8b6914d6b2c4655f85c9e5e06641fd8336a18ff9706de,hist_gradient_boosting,raw,signed_error,10.464589045849795,reconstructed,100,PENDING
C05,FD003,primary,101,C05_FD003_0cfbe6357863_seed_101,outputs/c05_final_bounded_0cfbe63,0cfbe6357863e5bffcf4b3223823d1323fd86b0a,b514239b17d8c782e8fc9717591c9d6b8130e7089f536fa1d841866d41866542,d2b9527195e831d90f7205bd10b850d8678e4e905b9917af63c2d43ef9f6fef1,f3e22720eca0168d56c8b6914d6b2c4655f85c9e5e06641fd8336a18ff9706de,hist_gradient_boosting,raw,nasa_score,3725.295273298767,reconstructed,100,PENDING
C05,FD003,primary,101,C05_FD003_0cfbe6357863_seed_101,outputs/c05_final_bounded_0cfbe63,0cfbe6357863e5bffcf4b3223823d1323fd86b0a,b514239b17d8c782e8fc9717591c9d6b8130e7089f536fa1d841866d41866542,d2b9527195e831d90f7205bd10b850d8678e4e905b9917af63c2d43ef9f6fef1,f3e22720eca0168d56c8b6914d6b2c4655f85c9e5e06641fd8336a18ff9706de,hist_gradient_boosting,clipped,rmse,23.804714272858117,reconstructed,100,PENDING
C05,FD003,primary,101,C05_FD003_0cfbe6357863_seed_101,outputs/c05_final_bounded_0cfbe63,0cfbe6357863e5bffcf4b3223823d1323fd86b0a,b514239b17d8c782e8fc9717591c9d6b8130e7089f536fa1d841866d41866542,d2b9527195e831d90f7205bd10b850d8678e4e905b9917af63c2d43ef9f6fef1,f3e22720eca0168d56c8b6914d6b2c4655f85c9e5e06641fd8336a18ff9706de,hist_gradient_boosting,clipped,mae,17.61338927793107,reconstructed,100,PENDING
C05,FD003,primary,101,C05_FD003_0cfbe6357863_seed_101,outputs/c05_final_bounded_0cfbe63,0cfbe6357863e5bffcf4b3223823d1323fd86b0a,b514239b17d8c782e8fc9717591c9d6b8130e7089f536fa1d841866d41866542,d2b9527195e831d90f7205bd10b850d8678e4e905b9917af63c2d43ef9f6fef1,f3e22720eca0168d56c8b6914d6b2c4655f85c9e5e06641fd8336a18ff9706de,hist_gradient_boosting,clipped,signed_error,12.024589045849794,reconstructed,100,PENDING
C05,FD003,primary,101,C05_FD003_0cfbe6357863_seed_101,outputs/c05_final_bounded_0cfbe63,0cfbe6357863e5bffcf4b3223823d1323fd86b0a,b514239b17d8c782e8fc9717591c9d6b8130e7089f536fa1d841866d41866542,d2b9527195e831d90f7205bd10b850d8678e4e905b9917af63c2d43ef9f6fef1,f3e22720eca0168d56c8b6914d6b2c4655f85c9e5e06641fd8336a18ff9706de,hist_gradient_boosting,clipped,nasa_score,3658.9358947277005,reconstructed,100,PENDING
C05,FD003,primary,137,C05_FD003_0cfbe6357863_seed_137,outputs/c05_final_bounded_0cfbe63,0cfbe6357863e5bffcf4b3223823d1323fd86b0a,ca1794ba628bebb8ae304a79b285fc8165758b95665cb7568c0d758e008827b0,54b74b220e1f84df180f5c2c9ddd28dd0a3a4d59d98b85bd3462e13f06dfc8c7,8637e9f98b9091da48937bc8e295bfcf79f784c0ca8a6f36f5792e3f070c146c,mean,raw,rmse,42.984335552253555,reconstructed,100,PENDING
C05,FD003,primary,137,C05_FD003_0cfbe6357863_seed_137,outputs/c05_final_bounded_0cfbe63,0cfbe6357863e5bffcf4b3223823d1323fd86b0a,ca1794ba628bebb8ae304a79b285fc8165758b95665cb7568c0d758e008827b0,54b74b220e1f84df180f5c2c9ddd28dd0a3a4d59d98b85bd3462e13f06dfc8c7,8637e9f98b9091da48937bc8e295bfcf79f784c0ca8a6f36f5792e3f070c146c,mean,raw,mae,36.44778808160632,reconstructed,100,PENDING
C05,FD003,primary,137,C05_FD003_0cfbe6357863_seed_137,outputs/c05_final_bounded_0cfbe63,0cfbe6357863e5bffcf4b3223823d1323fd86b0a,ca1794ba628bebb8ae304a79b285fc8165758b95665cb7568c0d758e008827b0,54b74b220e1f84df180f5c2c9ddd28dd0a3a4d59d98b85bd3462e13f06dfc8c7,8637e9f98b9091da48937bc8e295bfcf79f784c0ca8a6f36f5792e3f070c146c,mean,raw,signed_error,11.578234013386016,reconstructed,100,PENDING
C05,FD003,primary,137,C05_FD003_0cfbe6357863_seed_137,outputs/c05_final_bounded_0cfbe63,0cfbe6357863e5bffcf4b3223823d1323fd86b0a,ca1794ba628bebb8ae304a79b285fc8165758b95665cb7568c0d758e008827b0,54b74b220e1f84df180f5c2c9ddd28dd0a3a4d59d98b85bd3462e13f06dfc8c7,8637e9f98b9091da48937bc8e295bfcf79f784c0ca8a6f36f5792e3f070c146c,mean,raw,nasa_score,31570.94281409137,reconstructed,100,PENDING
C05,FD003,primary,137,C05_FD003_0cfbe6357863_seed_137,outputs/c05_final_bounded_0cfbe63,0cfbe6357863e5bffcf4b3223823d1323fd86b0a,ca1794ba628bebb8ae304a79b285fc8165758b95665cb7568c0d758e008827b0,54b74b220e1f84df180f5c2c9ddd28dd0a3a4d59d98b85bd3462e13f06dfc8c7,8637e9f98b9091da48937bc8e295bfcf79f784c0ca8a6f36f5792e3f070c146c,mean,clipped,rmse,41.31096214070175,reconstructed,100,PENDING
C05,FD003,primary,137,C05_FD003_0cfbe6357863_seed_137,outputs/c05_final_bounded_0cfbe63,0cfbe6357863e5bffcf4b3223823d1323fd86b0a,ca1794ba628bebb8ae304a79b285fc8165758b95665cb7568c0d758e008827b0,54b74b220e1f84df180f5c2c9ddd28dd0a3a4d59d98b85bd3462e13f06dfc8c7,8637e9f98b9091da48937bc8e295bfcf79f784c0ca8a6f36f5792e3f070c146c,mean,clipped,mae,34.887788081606324,reconstructed,100,PENDING
C05,FD003,primary,137,C05_FD003_0cfbe6357863_seed_137,outputs/c05_final_bounded_0cfbe63,0cfbe6357863e5bffcf4b3223823d1323fd86b0a,ca1794ba628bebb8ae304a79b285fc8165758b95665cb7568c0d758e008827b0,54b74b220e1f84df180f5c2c9ddd28dd0a3a4d59d98b85bd3462e13f06dfc8c7,8637e9f98b9091da48937bc8e295bfcf79f784c0ca8a6f36f5792e3f070c146c,mean,clipped,signed_error,13.138234013386013,reconstructed,100,PENDING
C05,FD003,primary,137,C05_FD003_0cfbe6357863_seed_137,outputs/c05_final_bounded_0cfbe63,0cfbe6357863e5bffcf4b3223823d1323fd86b0a,ca1794ba628bebb8ae304a79b285fc8165758b95665cb7568c0d758e008827b0,54b74b220e1f84df180f5c2c9ddd28dd0a3a4d59d98b85bd3462e13f06dfc8c7,8637e9f98b9091da48937bc8e295bfcf79f784c0ca8a6f36f5792e3f070c146c,mean,clipped,nasa_score,31146.212650104128,reconstructed,100,PENDING
C05,FD003,primary,137,C05_FD003_0cfbe6357863_seed_137,outputs/c05_final_bounded_0cfbe63,0cfbe6357863e5bffcf4b3223823d1323fd86b0a,ca1794ba628bebb8ae304a79b285fc8165758b95665cb7568c0d758e008827b0,54b74b220e1f84df180f5c2c9ddd28dd0a3a4d59d98b85bd3462e13f06dfc8c7,8637e9f98b9091da48937bc8e295bfcf79f784c0ca8a6f36f5792e3f070c146c,ridge,raw,rmse,15832701046.632275,reconstructed,100,PENDING
C05,FD003,primary,137,C05_FD003_0cfbe6357863_seed_137,outputs/c05_final_bounded_0cfbe63,0cfbe6357863e5bffcf4b3223823d1323fd86b0a,ca1794ba628bebb8ae304a79b285fc8165758b95665cb7568c0d758e008827b0,54b74b220e1f84df180f5c2c9ddd28dd0a3a4d59d98b85bd3462e13f06dfc8c7,8637e9f98b9091da48937bc8e295bfcf79f784c0ca8a6f36f5792e3f070c146c,ridge,raw,mae,4394165028.883185,reconstructed,100,PENDING
C05,FD003,primary,137,C05_FD003_0cfbe6357863_seed_137,outputs/c05_final_bounded_0cfbe63,0cfbe6357863e5bffcf4b3223823d1323fd86b0a,ca1794ba628bebb8ae304a79b285fc8165758b95665cb7568c0d758e008827b0,54b74b220e1f84df180f5c2c9ddd28dd0a3a4d59d98b85bd3462e13f06dfc8c7,8637e9f98b9091da48937bc8e295bfcf79f784c0ca8a6f36f5792e3f070c146c,ridge,raw,signed_error,-2634940686.0140977,reconstructed,100,PENDING
C05,FD003,primary,137,C05_FD003_0cfbe6357863_seed_137,outputs/c05_final_bounded_0cfbe63,0cfbe6357863e5bffcf4b3223823d1323fd86b0a,ca1794ba628bebb8ae304a79b285fc8165758b95665cb7568c0d758e008827b0,54b74b220e1f84df180f5c2c9ddd28dd0a3a4d59d98b85bd3462e13f06dfc8c7,8637e9f98b9091da48937bc8e295bfcf79f784c0ca8a6f36f5792e3f070c146c,ridge,raw,nasa_score,PENDING,nonfinite_on_raw_support,100,PENDING
C05,FD003,primary,137,C05_FD003_0cfbe6357863_seed_137,outputs/c05_final_bounded_0cfbe63,0cfbe6357863e5bffcf4b3223823d1323fd86b0a,ca1794ba628bebb8ae304a79b285fc8165758b95665cb7568c0d758e008827b0,54b74b220e1f84df180f5c2c9ddd28dd0a3a4d59d98b85bd3462e13f06dfc8c7,8637e9f98b9091da48937bc8e295bfcf79f784c0ca8a6f36f5792e3f070c146c,ridge,clipped,rmse,47.878707619242725,reconstructed,100,PENDING
C05,FD003,primary,137,C05_FD003_0cfbe6357863_seed_137,outputs/c05_final_bounded_0cfbe63,0cfbe6357863e5bffcf4b3223823d1323fd86b0a,ca1794ba628bebb8ae304a79b285fc8165758b95665cb7568c0d758e008827b0,54b74b220e1f84df180f5c2c9ddd28dd0a3a4d59d98b85bd3462e13f06dfc8c7,8637e9f98b9091da48937bc8e295bfcf79f784c0ca8a6f36f5792e3f070c146c,ridge,clipped,mae,32.91489387262052,reconstructed,100,PENDING
C05,FD003,primary,137,C05_FD003_0cfbe6357863_seed_137,outputs/c05_final_bounded_0cfbe63,0cfbe6357863e5bffcf4b3223823d1323fd86b0a,ca1794ba628bebb8ae304a79b285fc8165758b95665cb7568c0d758e008827b0,54b74b220e1f84df180f5c2c9ddd28dd0a3a4d59d98b85bd3462e13f06dfc8c7,8637e9f98b9091da48937bc8e295bfcf79f784c0ca8a6f36f5792e3f070c146c,ridge,clipped,signed_error,9.219717996380645,reconstructed,100,PENDING
C05,FD003,primary,137,C05_FD003_0cfbe6357863_seed_137,outputs/c05_final_bounded_0cfbe63,0cfbe6357863e5bffcf4b3223823d1323fd86b0a,ca1794ba628bebb8ae304a79b285fc8165758b95665cb7568c0d758e008827b0,54b74b220e1f84df180f5c2c9ddd28dd0a3a4d59d98b85bd3462e13f06dfc8c7,8637e9f98b9091da48937bc8e295bfcf79f784c0ca8a6f36f5792e3f070c146c,ridge,clipped,nasa_score,884906.5048521913,reconstructed,100,PENDING
C05,FD003,primary,137,C05_FD003_0cfbe6357863_seed_137,outputs/c05_final_bounded_0cfbe63,0cfbe6357863e5bffcf4b3223823d1323fd86b0a,ca1794ba628bebb8ae304a79b285fc8165758b95665cb7568c0d758e008827b0,54b74b220e1f84df180f5c2c9ddd28dd0a3a4d59d98b85bd3462e13f06dfc8c7,8637e9f98b9091da48937bc8e295bfcf79f784c0ca8a6f36f5792e3f070c146c,hist_gradient_boosting,raw,rmse,25.63725699965351,reconstructed,100,PENDING
C05,FD003,primary,137,C05_FD003_0cfbe6357863_seed_137,outputs/c05_final_bounded_0cfbe63,0cfbe6357863e5bffcf4b3223823d1323fd86b0a,ca1794ba628bebb8ae304a79b285fc8165758b95665cb7568c0d758e008827b0,54b74b220e1f84df180f5c2c9ddd28dd0a3a4d59d98b85bd3462e13f06dfc8c7,8637e9f98b9091da48937bc8e295bfcf79f784c0ca8a6f36f5792e3f070c146c,hist_gradient_boosting,raw,mae,20.398788342472574,reconstructed,100,PENDING
C05,FD003,primary,137,C05_FD003_0cfbe6357863_seed_137,outputs/c05_final_bounded_0cfbe63,0cfbe6357863e5bffcf4b3223823d1323fd86b0a,ca1794ba628bebb8ae304a79b285fc8165758b95665cb7568c0d758e008827b0,54b74b220e1f84df180f5c2c9ddd28dd0a3a4d59d98b85bd3462e13f06dfc8c7,8637e9f98b9091da48937bc8e295bfcf79f784c0ca8a6f36f5792e3f070c146c,hist_gradient_boosting,raw,signed_error,11.115425708525864,reconstructed,100,PENDING
C05,FD003,primary,137,C05_FD003_0cfbe6357863_seed_137,outputs/c05_final_bounded_0cfbe63,0cfbe6357863e5bffcf4b3223823d1323fd86b0a,ca1794ba628bebb8ae304a79b285fc8165758b95665cb7568c0d758e008827b0,54b74b220e1f84df180f5c2c9ddd28dd0a3a4d59d98b85bd3462e13f06dfc8c7,8637e9f98b9091da48937bc8e295bfcf79f784c0ca8a6f36f5792e3f070c146c,hist_gradient_boosting,raw,nasa_score,3200.315566154883,reconstructed,100,PENDING
C05,FD003,primary,137,C05_FD003_0cfbe6357863_seed_137,outputs/c05_final_bounded_0cfbe63,0cfbe6357863e5bffcf4b3223823d1323fd86b0a,ca1794ba628bebb8ae304a79b285fc8165758b95665cb7568c0d758e008827b0,54b74b220e1f84df180f5c2c9ddd28dd0a3a4d59d98b85bd3462e13f06dfc8c7,8637e9f98b9091da48937bc8e295bfcf79f784c0ca8a6f36f5792e3f070c146c,hist_gradient_boosting,clipped,rmse,24.543161308118567,reconstructed,100,PENDING
C05,FD003,primary,137,C05_FD003_0cfbe6357863_seed_137,outputs/c05_final_bounded_0cfbe63,0cfbe6357863e5bffcf4b3223823d1323fd86b0a,ca1794ba628bebb8ae304a79b285fc8165758b95665cb7568c0d758e008827b0,54b74b220e1f84df180f5c2c9ddd28dd0a3a4d59d98b85bd3462e13f06dfc8c7,8637e9f98b9091da48937bc8e295bfcf79f784c0ca8a6f36f5792e3f070c146c,hist_gradient_boosting,clipped,mae,18.83878834247258,reconstructed,100,PENDING
C05,FD003,primary,137,C05_FD003_0cfbe6357863_seed_137,outputs/c05_final_bounded_0cfbe63,0cfbe6357863e5bffcf4b3223823d1323fd86b0a,ca1794ba628bebb8ae304a79b285fc8165758b95665cb7568c0d758e008827b0,54b74b220e1f84df180f5c2c9ddd28dd0a3a4d59d98b85bd3462e13f06dfc8c7,8637e9f98b9091da48937bc8e295bfcf79f784c0ca8a6f36f5792e3f070c146c,hist_gradient_boosting,clipped,signed_error,12.675425708525863,reconstructed,100,PENDING
C05,FD003,primary,137,C05_FD003_0cfbe6357863_seed_137,outputs/c05_final_bounded_0cfbe63,0cfbe6357863e5bffcf4b3223823d1323fd86b0a,ca1794ba628bebb8ae304a79b285fc8165758b95665cb7568c0d758e008827b0,54b74b220e1f84df180f5c2c9ddd28dd0a3a4d59d98b85bd3462e13f06dfc8c7,8637e9f98b9091da48937bc8e295bfcf79f784c0ca8a6f36f5792e3f070c146c,hist_gradient_boosting,clipped,nasa_score,3147.4145435306646,reconstructed,100,PENDING
C05,FD004,primary,13,C05_FD004_0cfbe6357863_seed_13,outputs/c05_final_bounded_0cfbe63,0cfbe6357863e5bffcf4b3223823d1323fd86b0a,ece69655425f6c4f59916b506149e3c555a0d53181cb1fa3d181f530984d5929,4ff71ca05556519d84b4df26f6ce74ed4fa3f3d4593794d6c7441b9bf4e4d3c3,d9ebc5e62f3a6f37340b41879c14324aeb5dadad83e63844777fbc3c8eea96e6,mean,raw,rmse,54.537551850288985,reconstructed,248,PENDING
C05,FD004,primary,13,C05_FD004_0cfbe6357863_seed_13,outputs/c05_final_bounded_0cfbe63,0cfbe6357863e5bffcf4b3223823d1323fd86b0a,ece69655425f6c4f59916b506149e3c555a0d53181cb1fa3d181f530984d5929,4ff71ca05556519d84b4df26f6ce74ed4fa3f3d4593794d6c7441b9bf4e4d3c3,d9ebc5e62f3a6f37340b41879c14324aeb5dadad83e63844777fbc3c8eea96e6,mean,raw,mae,46.50695742260502,reconstructed,248,PENDING
C05,FD004,primary,13,C05_FD004_0cfbe6357863_seed_13,outputs/c05_final_bounded_0cfbe63,0cfbe6357863e5bffcf4b3223823d1323fd86b0a,ece69655425f6c4f59916b506149e3c555a0d53181cb1fa3d181f530984d5929,4ff71ca05556519d84b4df26f6ce74ed4fa3f3d4593794d6c7441b9bf4e4d3c3,d9ebc5e62f3a6f37340b41879c14324aeb5dadad83e63844777fbc3c8eea96e6,mean,raw,signed_error,-1.224963435443253,reconstructed,248,PENDING
C05,FD004,primary,13,C05_FD004_0cfbe6357863_seed_13,outputs/c05_final_bounded_0cfbe63,0cfbe6357863e5bffcf4b3223823d1323fd86b0a,ece69655425f6c4f59916b506149e3c555a0d53181cb1fa3d181f530984d5929,4ff71ca05556519d84b4df26f6ce74ed4fa3f3d4593794d6c7441b9bf4e4d3c3,d9ebc5e62f3a6f37340b41879c14324aeb5dadad83e63844777fbc3c8eea96e6,mean,raw,nasa_score,122812.4468002112,reconstructed,248,PENDING
C05,FD004,primary,13,C05_FD004_0cfbe6357863_seed_13,outputs/c05_final_bounded_0cfbe63,0cfbe6357863e5bffcf4b3223823d1323fd86b0a,ece69655425f6c4f59916b506149e3c555a0d53181cb1fa3d181f530984d5929,4ff71ca05556519d84b4df26f6ce74ed4fa3f3d4593794d6c7441b9bf4e4d3c3,d9ebc5e62f3a6f37340b41879c14324aeb5dadad83e63844777fbc3c8eea96e6,mean,clipped,rmse,43.62521102899912,reconstructed,248,PENDING
C05,FD004,primary,13,C05_FD004_0cfbe6357863_seed_13,outputs/c05_final_bounded_0cfbe63,0cfbe6357863e5bffcf4b3223823d1323fd86b0a,ece69655425f6c4f59916b506149e3c555a0d53181cb1fa3d181f530984d5929,4ff71ca05556519d84b4df26f6ce74ed4fa3f3d4593794d6c7441b9bf4e4d3c3,d9ebc5e62f3a6f37340b41879c14324aeb5dadad83e63844777fbc3c8eea96e6,mean,clipped,mae,37.81340903550825,reconstructed,248,PENDING
C05,FD004,primary,13,C05_FD004_0cfbe6357863_seed_13,outputs/c05_final_bounded_0cfbe63,0cfbe6357863e5bffcf4b3223823d1323fd86b0a,ece69655425f6c4f59916b506149e3c555a0d53181cb1fa3d181f530984d5929,4ff71ca05556519d84b4df26f6ce74ed4fa3f3d4593794d6c7441b9bf4e4d3c3,d9ebc5e62f3a6f37340b41879c14324aeb5dadad83e63844777fbc3c8eea96e6,mean,clipped,signed_error,7.468584951653569,reconstructed,248,PENDING
C05,FD004,primary,13,C05_FD004_0cfbe6357863_seed_13,outputs/c05_final_bounded_0cfbe63,0cfbe6357863e5bffcf4b3223823d1323fd86b0a,ece69655425f6c4f59916b506149e3c555a0d53181cb1fa3d181f530984d5929,4ff71ca05556519d84b4df26f6ce74ed4fa3f3d4593794d6c7441b9bf4e4d3c3,d9ebc5e62f3a6f37340b41879c14324aeb5dadad83e63844777fbc3c8eea96e6,mean,clipped,nasa_score,77751.45934099765,reconstructed,248,PENDING
C05,FD004,primary,13,C05_FD004_0cfbe6357863_seed_13,outputs/c05_final_bounded_0cfbe63,0cfbe6357863e5bffcf4b3223823d1323fd86b0a,ece69655425f6c4f59916b506149e3c555a0d53181cb1fa3d181f530984d5929,4ff71ca05556519d84b4df26f6ce74ed4fa3f3d4593794d6c7441b9bf4e4d3c3,d9ebc5e62f3a6f37340b41879c14324aeb5dadad83e63844777fbc3c8eea96e6,ridge,raw,rmse,27099358378485.957,reconstructed,248,PENDING
C05,FD004,primary,13,C05_FD004_0cfbe6357863_seed_13,outputs/c05_final_bounded_0cfbe63,0cfbe6357863e5bffcf4b3223823d1323fd86b0a,ece69655425f6c4f59916b506149e3c555a0d53181cb1fa3d181f530984d5929,4ff71ca05556519d84b4df26f6ce74ed4fa3f3d4593794d6c7441b9bf4e4d3c3,d9ebc5e62f3a6f37340b41879c14324aeb5dadad83e63844777fbc3c8eea96e6,ridge,raw,mae,21541060304385.816,reconstructed,248,PENDING
C05,FD004,primary,13,C05_FD004_0cfbe6357863_seed_13,outputs/c05_final_bounded_0cfbe63,0cfbe6357863e5bffcf4b3223823d1323fd86b0a,ece69655425f6c4f59916b506149e3c555a0d53181cb1fa3d181f530984d5929,4ff71ca05556519d84b4df26f6ce74ed4fa3f3d4593794d6c7441b9bf4e4d3c3,d9ebc5e62f3a6f37340b41879c14324aeb5dadad83e63844777fbc3c8eea96e6,ridge,raw,signed_error,2113529002039.1301,reconstructed,248,PENDING
C05,FD004,primary,13,C05_FD004_0cfbe6357863_seed_13,outputs/c05_final_bounded_0cfbe63,0cfbe6357863e5bffcf4b3223823d1323fd86b0a,ece69655425f6c4f59916b506149e3c555a0d53181cb1fa3d181f530984d5929,4ff71ca05556519d84b4df26f6ce74ed4fa3f3d4593794d6c7441b9bf4e4d3c3,d9ebc5e62f3a6f37340b41879c14324aeb5dadad83e63844777fbc3c8eea96e6,ridge,raw,nasa_score,PENDING,nonfinite_on_raw_support,248,PENDING
C05,FD004,primary,13,C05_FD004_0cfbe6357863_seed_13,outputs/c05_final_bounded_0cfbe63,0cfbe6357863e5bffcf4b3223823d1323fd86b0a,ece69655425f6c4f59916b506149e3c555a0d53181cb1fa3d181f530984d5929,4ff71ca05556519d84b4df26f6ce74ed4fa3f3d4593794d6c7441b9bf4e4d3c3,d9ebc5e62f3a6f37340b41879c14324aeb5dadad83e63844777fbc3c8eea96e6,ridge,clipped,rmse,77.38875991570302,reconstructed,248,PENDING
C05,FD004,primary,13,C05_FD004_0cfbe6357863_seed_13,outputs/c05_final_bounded_0cfbe63,0cfbe6357863e5bffcf4b3223823d1323fd86b0a,ece69655425f6c4f59916b506149e3c555a0d53181cb1fa3d181f530984d5929,4ff71ca05556519d84b4df26f6ce74ed4fa3f3d4593794d6c7441b9bf4e4d3c3,d9ebc5e62f3a6f37340b41879c14324aeb5dadad83e63844777fbc3c8eea96e6,ridge,clipped,mae,62.49596774193548,reconstructed,248,PENDING
C05,FD004,primary,13,C05_FD004_0cfbe6357863_seed_13,outputs/c05_final_bounded_0cfbe63,0cfbe6357863e5bffcf4b3223823d1323fd86b0a,ece69655425f6c4f59916b506149e3c555a0d53181cb1fa3d181f530984d5929,4ff71ca05556519d84b4df26f6ce74ed4fa3f3d4593794d6c7441b9bf4e4d3c3,d9ebc5e62f3a6f37340b41879c14324aeb5dadad83e63844777fbc3c8eea96e6,ridge,clipped,signed_error,-13.34274193548387,reconstructed,248,PENDING
C05,FD004,primary,13,C05_FD004_0cfbe6357863_seed_13,outputs/c05_final_bounded_0cfbe63,0cfbe6357863e5bffcf4b3223823d1323fd86b0a,ece69655425f6c4f59916b506149e3c555a0d53181cb1fa3d181f530984d5929,4ff71ca05556519d84b4df26f6ce74ed4fa3f3d4593794d6c7441b9bf4e4d3c3,d9ebc5e62f3a6f37340b41879c14324aeb5dadad83e63844777fbc3c8eea96e6,ridge,clipped,nasa_score,2615067.7839836227,reconstructed,248,PENDING
C05,FD004,primary,13,C05_FD004_0cfbe6357863_seed_13,outputs/c05_final_bounded_0cfbe63,0cfbe6357863e5bffcf4b3223823d1323fd86b0a,ece69655425f6c4f59916b506149e3c555a0d53181cb1fa3d181f530984d5929,4ff71ca05556519d84b4df26f6ce74ed4fa3f3d4593794d6c7441b9bf4e4d3c3,d9ebc5e62f3a6f37340b41879c14324aeb5dadad83e63844777fbc3c8eea96e6,hist_gradient_boosting,raw,rmse,52.44519507127068,reconstructed,248,PENDING
C05,FD004,primary,13,C05_FD004_0cfbe6357863_seed_13,outputs/c05_final_bounded_0cfbe63,0cfbe6357863e5bffcf4b3223823d1323fd86b0a,ece69655425f6c4f59916b506149e3c555a0d53181cb1fa3d181f530984d5929,4ff71ca05556519d84b4df26f6ce74ed4fa3f3d4593794d6c7441b9bf4e4d3c3,d9ebc5e62f3a6f37340b41879c14324aeb5dadad83e63844777fbc3c8eea96e6,hist_gradient_boosting,raw,mae,43.35904246604807,reconstructed,248,PENDING
C05,FD004,primary,13,C05_FD004_0cfbe6357863_seed_13,outputs/c05_final_bounded_0cfbe63,0cfbe6357863e5bffcf4b3223823d1323fd86b0a,ece69655425f6c4f59916b506149e3c555a0d53181cb1fa3d181f530984d5929,4ff71ca05556519d84b4df26f6ce74ed4fa3f3d4593794d6c7441b9bf4e4d3c3,d9ebc5e62f3a6f37340b41879c14324aeb5dadad83e63844777fbc3c8eea96e6,hist_gradient_boosting,raw,signed_error,-20.262804290190857,reconstructed,248,PENDING
C05,FD004,primary,13,C05_FD004_0cfbe6357863_seed_13,outputs/c05_final_bounded_0cfbe63,0cfbe6357863e5bffcf4b3223823d1323fd86b0a,ece69655425f6c4f59916b506149e3c555a0d53181cb1fa3d181f530984d5929,4ff71ca05556519d84b4df26f6ce74ed4fa3f3d4593794d6c7441b9bf4e4d3c3,d9ebc5e62f3a6f37340b41879c14324aeb5dadad83e63844777fbc3c8eea96e6,hist_gradient_boosting,raw,nasa_score,198209.21407755165,reconstructed,248,PENDING
C05,FD004,primary,13,C05_FD004_0cfbe6357863_seed_13,outputs/c05_final_bounded_0cfbe63,0cfbe6357863e5bffcf4b3223823d1323fd86b0a,ece69655425f6c4f59916b506149e3c555a0d53181cb1fa3d181f530984d5929,4ff71ca05556519d84b4df26f6ce74ed4fa3f3d4593794d6c7441b9bf4e4d3c3,d9ebc5e62f3a6f37340b41879c14324aeb5dadad83e63844777fbc3c8eea96e6,hist_gradient_boosting,clipped,rmse,39.58763558577195,reconstructed,248,PENDING
C05,FD004,primary,13,C05_FD004_0cfbe6357863_seed_13,outputs/c05_final_bounded_0cfbe63,0cfbe6357863e5bffcf4b3223823d1323fd86b0a,ece69655425f6c4f59916b506149e3c555a0d53181cb1fa3d181f530984d5929,4ff71ca05556519d84b4df26f6ce74ed4fa3f3d4593794d6c7441b9bf4e4d3c3,d9ebc5e62f3a6f37340b41879c14324aeb5dadad83e63844777fbc3c8eea96e6,hist_gradient_boosting,clipped,mae,34.6654940789513,reconstructed,248,PENDING
C05,FD004,primary,13,C05_FD004_0cfbe6357863_seed_13,outputs/c05_final_bounded_0cfbe63,0cfbe6357863e5bffcf4b3223823d1323fd86b0a,ece69655425f6c4f59916b506149e3c555a0d53181cb1fa3d181f530984d5929,4ff71ca05556519d84b4df26f6ce74ed4fa3f3d4593794d6c7441b9bf4e4d3c3,d9ebc5e62f3a6f37340b41879c14324aeb5dadad83e63844777fbc3c8eea96e6,hist_gradient_boosting,clipped,signed_error,-11.56925590309408,reconstructed,248,PENDING
C05,FD004,primary,13,C05_FD004_0cfbe6357863_seed_13,outputs/c05_final_bounded_0cfbe63,0cfbe6357863e5bffcf4b3223823d1323fd86b0a,ece69655425f6c4f59916b506149e3c555a0d53181cb1fa3d181f530984d5929,4ff71ca05556519d84b4df26f6ce74ed4fa3f3d4593794d6c7441b9bf4e4d3c3,d9ebc5e62f3a6f37340b41879c14324aeb5dadad83e63844777fbc3c8eea96e6,hist_gradient_boosting,clipped,nasa_score,12726.639824294762,reconstructed,248,PENDING
C05,FD004,primary,37,C05_FD004_0cfbe6357863_seed_37,outputs/c05_final_bounded_0cfbe63,0cfbe6357863e5bffcf4b3223823d1323fd86b0a,3f987cd375bcfeaa415c55f45723c1ac56e0dcaa3f1e4b48b1d0ddacf083420b,a4c85262f2034489f580b9b48b54b9c8439562cc52b5d31bae2952bb36b9a2e3,6763f70f0c99047db04bbe0317695a2d0441bd46d28efaf07cbcb182d9a43a51,mean,raw,rmse,54.5317191767914,reconstructed,248,PENDING
C05,FD004,primary,37,C05_FD004_0cfbe6357863_seed_37,outputs/c05_final_bounded_0cfbe63,0cfbe6357863e5bffcf4b3223823d1323fd86b0a,3f987cd375bcfeaa415c55f45723c1ac56e0dcaa3f1e4b48b1d0ddacf083420b,a4c85262f2034489f580b9b48b54b9c8439562cc52b5d31bae2952bb36b9a2e3,6763f70f0c99047db04bbe0317695a2d0441bd46d28efaf07cbcb182d9a43a51,mean,raw,mae,46.45982149717992,reconstructed,248,PENDING
C05,FD004,primary,37,C05_FD004_0cfbe6357863_seed_37,outputs/c05_final_bounded_0cfbe63,0cfbe6357863e5bffcf4b3223823d1323fd86b0a,3f987cd375bcfeaa415c55f45723c1ac56e0dcaa3f1e4b48b1d0ddacf083420b,a4c85262f2034489f580b9b48b54b9c8439562cc52b5d31bae2952bb36b9a2e3,6763f70f0c99047db04bbe0317695a2d0441bd46d28efaf07cbcb182d9a43a51,mean,raw,signed_error,0.9297149948516258,reconstructed,248,PENDING
C05,FD004,primary,37,C05_FD004_0cfbe6357863_seed_37,outputs/c05_final_bounded_0cfbe63,0cfbe6357863e5bffcf4b3223823d1323fd86b0a,3f987cd375bcfeaa415c55f45723c1ac56e0dcaa3f1e4b48b1d0ddacf083420b,a4c85262f2034489f580b9b48b54b9c8439562cc52b5d31bae2952bb36b9a2e3,6763f70f0c99047db04bbe0317695a2d0441bd46d28efaf07cbcb182d9a43a51,mean,raw,nasa_score,133986.74195133618,reconstructed,248,PENDING
C05,FD004,primary,37,C05_FD004_0cfbe6357863_seed_37,outputs/c05_final_bounded_0cfbe63,0cfbe6357863e5bffcf4b3223823d1323fd86b0a,3f987cd375bcfeaa415c55f45723c1ac56e0dcaa3f1e4b48b1d0ddacf083420b,a4c85262f2034489f580b9b48b54b9c8439562cc52b5d31bae2952bb36b9a2e3,6763f70f0c99047db04bbe0317695a2d0441bd46d28efaf07cbcb182d9a43a51,mean,clipped,rmse,44.0452775478029,reconstructed,248,PENDING
C05,FD004,primary,37,C05_FD004_0cfbe6357863_seed_37,outputs/c05_final_bounded_0cfbe63,0cfbe6357863e5bffcf4b3223823d1323fd86b0a,3f987cd375bcfeaa415c55f45723c1ac56e0dcaa3f1e4b48b1d0ddacf083420b,a4c85262f2034489f580b9b48b54b9c8439562cc52b5d31bae2952bb36b9a2e3,6763f70f0c99047db04bbe0317695a2d0441bd46d28efaf07cbcb182d9a43a51,mean,clipped,mae,37.76627311008314,reconstructed,248,PENDING
C05,FD004,primary,37,C05_FD004_0cfbe6357863_seed_37,outputs/c05_final_bounded_0cfbe63,0cfbe6357863e5bffcf4b3223823d1323fd86b0a,3f987cd375bcfeaa415c55f45723c1ac56e0dcaa3f1e4b48b1d0ddacf083420b,a4c85262f2034489f580b9b48b54b9c8439562cc52b5d31bae2952bb36b9a2e3,6763f70f0c99047db04bbe0317695a2d0441bd46d28efaf07cbcb182d9a43a51,mean,clipped,signed_error,9.623263381948355,reconstructed,248,PENDING
C05,FD004,primary,37,C05_FD004_0cfbe6357863_seed_37,outputs/c05_final_bounded_0cfbe63,0cfbe6357863e5bffcf4b3223823d1323fd86b0a,3f987cd375bcfeaa415c55f45723c1ac56e0dcaa3f1e4b48b1d0ddacf083420b,a4c85262f2034489f580b9b48b54b9c8439562cc52b5d31bae2952bb36b9a2e3,6763f70f0c99047db04bbe0317695a2d0441bd46d28efaf07cbcb182d9a43a51,mean,clipped,nasa_score,95808.24865150174,reconstructed,248,PENDING
C05,FD004,primary,37,C05_FD004_0cfbe6357863_seed_37,outputs/c05_final_bounded_0cfbe63,0cfbe6357863e5bffcf4b3223823d1323fd86b0a,3f987cd375bcfeaa415c55f45723c1ac56e0dcaa3f1e4b48b1d0ddacf083420b,a4c85262f2034489f580b9b48b54b9c8439562cc52b5d31bae2952bb36b9a2e3,6763f70f0c99047db04bbe0317695a2d0441bd46d28efaf07cbcb182d9a43a51,ridge,raw,rmse,17117057986540.922,reconstructed,248,PENDING
C05,FD004,primary,37,C05_FD004_0cfbe6357863_seed_37,outputs/c05_final_bounded_0cfbe63,0cfbe6357863e5bffcf4b3223823d1323fd86b0a,3f987cd375bcfeaa415c55f45723c1ac56e0dcaa3f1e4b48b1d0ddacf083420b,a4c85262f2034489f580b9b48b54b9c8439562cc52b5d31bae2952bb36b9a2e3,6763f70f0c99047db04bbe0317695a2d0441bd46d28efaf07cbcb182d9a43a51,ridge,raw,mae,13632518488595.59,reconstructed,248,PENDING
C05,FD004,primary,37,C05_FD004_0cfbe6357863_seed_37,outputs/c05_final_bounded_0cfbe63,0cfbe6357863e5bffcf4b3223823d1323fd86b0a,3f987cd375bcfeaa415c55f45723c1ac56e0dcaa3f1e4b48b1d0ddacf083420b,a4c85262f2034489f580b9b48b54b9c8439562cc52b5d31bae2952bb36b9a2e3,6763f70f0c99047db04bbe0317695a2d0441bd46d28efaf07cbcb182d9a43a51,ridge,raw,signed_error,1001417785625.0728,reconstructed,248,PENDING
C05,FD004,primary,37,C05_FD004_0cfbe6357863_seed_37,outputs/c05_final_bounded_0cfbe63,0cfbe6357863e5bffcf4b3223823d1323fd86b0a,3f987cd375bcfeaa415c55f45723c1ac56e0dcaa3f1e4b48b1d0ddacf083420b,a4c85262f2034489f580b9b48b54b9c8439562cc52b5d31bae2952bb36b9a2e3,6763f70f0c99047db04bbe0317695a2d0441bd46d28efaf07cbcb182d9a43a51,ridge,raw,nasa_score,PENDING,nonfinite_on_raw_support,248,PENDING
C05,FD004,primary,37,C05_FD004_0cfbe6357863_seed_37,outputs/c05_final_bounded_0cfbe63,0cfbe6357863e5bffcf4b3223823d1323fd86b0a,3f987cd375bcfeaa415c55f45723c1ac56e0dcaa3f1e4b48b1d0ddacf083420b,a4c85262f2034489f580b9b48b54b9c8439562cc52b5d31bae2952bb36b9a2e3,6763f70f0c99047db04bbe0317695a2d0441bd46d28efaf07cbcb182d9a43a51,ridge,clipped,rmse,79.76533121924668,reconstructed,248,PENDING
C05,FD004,primary,37,C05_FD004_0cfbe6357863_seed_37,outputs/c05_final_bounded_0cfbe63,0cfbe6357863e5bffcf4b3223823d1323fd86b0a,3f987cd375bcfeaa415c55f45723c1ac56e0dcaa3f1e4b48b1d0ddacf083420b,a4c85262f2034489f580b9b48b54b9c8439562cc52b5d31bae2952bb36b9a2e3,6763f70f0c99047db04bbe0317695a2d0441bd46d28efaf07cbcb182d9a43a51,ridge,clipped,mae,65.48387096774194,reconstructed,248,PENDING
C05,FD004,primary,37,C05_FD004_0cfbe6357863_seed_37,outputs/c05_final_bounded_0cfbe63,0cfbe6357863e5bffcf4b3223823d1323fd86b0a,3f987cd375bcfeaa415c55f45723c1ac56e0dcaa3f1e4b48b1d0ddacf083420b,a4c85262f2034489f580b9b48b54b9c8439562cc52b5d31bae2952bb36b9a2e3,6763f70f0c99047db04bbe0317695a2d0441bd46d28efaf07cbcb182d9a43a51,ridge,clipped,signed_error,-14.85483870967742,reconstructed,248,PENDING
C05,FD004,primary,37,C05_FD004_0cfbe6357863_seed_37,outputs/c05_final_bounded_0cfbe63,0cfbe6357863e5bffcf4b3223823d1323fd86b0a,3f987cd375bcfeaa415c55f45723c1ac56e0dcaa3f1e4b48b1d0ddacf083420b,a4c85262f2034489f580b9b48b54b9c8439562cc52b5d31bae2952bb36b9a2e3,6763f70f0c99047db04bbe0317695a2d0441bd46d28efaf07cbcb182d9a43a51,ridge,clipped,nasa_score,2749431.9878296815,reconstructed,248,PENDING
C05,FD004,primary,37,C05_FD004_0cfbe6357863_seed_37,outputs/c05_final_bounded_0cfbe63,0cfbe6357863e5bffcf4b3223823d1323fd86b0a,3f987cd375bcfeaa415c55f45723c1ac56e0dcaa3f1e4b48b1d0ddacf083420b,a4c85262f2034489f580b9b48b54b9c8439562cc52b5d31bae2952bb36b9a2e3,6763f70f0c99047db04bbe0317695a2d0441bd46d28efaf07cbcb182d9a43a51,hist_gradient_boosting,raw,rmse,47.97694381080776,reconstructed,248,PENDING
C05,FD004,primary,37,C05_FD004_0cfbe6357863_seed_37,outputs/c05_final_bounded_0cfbe63,0cfbe6357863e5bffcf4b3223823d1323fd86b0a,3f987cd375bcfeaa415c55f45723c1ac56e0dcaa3f1e4b48b1d0ddacf083420b,a4c85262f2034489f580b9b48b54b9c8439562cc52b5d31bae2952bb36b9a2e3,6763f70f0c99047db04bbe0317695a2d0441bd46d28efaf07cbcb182d9a43a51,hist_gradient_boosting,raw,mae,40.51130612128221,reconstructed,248,PENDING
C05,FD004,primary,37,C05_FD004_0cfbe6357863_seed_37,outputs/c05_final_bounded_0cfbe63,0cfbe6357863e5bffcf4b3223823d1323fd86b0a,3f987cd375bcfeaa415c55f45723c1ac56e0dcaa3f1e4b48b1d0ddacf083420b,a4c85262f2034489f580b9b48b54b9c8439562cc52b5d31bae2952bb36b9a2e3,6763f70f0c99047db04bbe0317695a2d0441bd46d28efaf07cbcb182d9a43a51,hist_gradient_boosting,raw,signed_error,-9.58248757731672,reconstructed,248,PENDING
C05,FD004,primary,37,C05_FD004_0cfbe6357863_seed_37,outputs/c05_final_bounded_0cfbe63,0cfbe6357863e5bffcf4b3223823d1323fd86b0a,3f987cd375bcfeaa415c55f45723c1ac56e0dcaa3f1e4b48b1d0ddacf083420b,a4c85262f2034489f580b9b48b54b9c8439562cc52b5d31bae2952bb36b9a2e3,6763f70f0c99047db04bbe0317695a2d0441bd46d28efaf07cbcb182d9a43a51,hist_gradient_boosting,raw,nasa_score,78394.25318536592,reconstructed,248,PENDING
C05,FD004,primary,37,C05_FD004_0cfbe6357863_seed_37,outputs/c05_final_bounded_0cfbe63,0cfbe6357863e5bffcf4b3223823d1323fd86b0a,3f987cd375bcfeaa415c55f45723c1ac56e0dcaa3f1e4b48b1d0ddacf083420b,a4c85262f2034489f580b9b48b54b9c8439562cc52b5d31bae2952bb36b9a2e3,6763f70f0c99047db04bbe0317695a2d0441bd46d28efaf07cbcb182d9a43a51,hist_gradient_boosting,clipped,rmse,36.78711306444754,reconstructed,248,PENDING
C05,FD004,primary,37,C05_FD004_0cfbe6357863_seed_37,outputs/c05_final_bounded_0cfbe63,0cfbe6357863e5bffcf4b3223823d1323fd86b0a,3f987cd375bcfeaa415c55f45723c1ac56e0dcaa3f1e4b48b1d0ddacf083420b,a4c85262f2034489f580b9b48b54b9c8439562cc52b5d31bae2952bb36b9a2e3,6763f70f0c99047db04bbe0317695a2d0441bd46d28efaf07cbcb182d9a43a51,hist_gradient_boosting,clipped,mae,31.81775773418544,reconstructed,248,PENDING
C05,FD004,primary,37,C05_FD004_0cfbe6357863_seed_37,outputs/c05_final_bounded_0cfbe63,0cfbe6357863e5bffcf4b3223823d1323fd86b0a,3f987cd375bcfeaa415c55f45723c1ac56e0dcaa3f1e4b48b1d0ddacf083420b,a4c85262f2034489f580b9b48b54b9c8439562cc52b5d31bae2952bb36b9a2e3,6763f70f0c99047db04bbe0317695a2d0441bd46d28efaf07cbcb182d9a43a51,hist_gradient_boosting,clipped,signed_error,-0.8889391902199424,reconstructed,248,PENDING
C05,FD004,primary,37,C05_FD004_0cfbe6357863_seed_37,outputs/c05_final_bounded_0cfbe63,0cfbe6357863e5bffcf4b3223823d1323fd86b0a,3f987cd375bcfeaa415c55f45723c1ac56e0dcaa3f1e4b48b1d0ddacf083420b,a4c85262f2034489f580b9b48b54b9c8439562cc52b5d31bae2952bb36b9a2e3,6763f70f0c99047db04bbe0317695a2d0441bd46d28efaf07cbcb182d9a43a51,hist_gradient_boosting,clipped,nasa_score,14892.384232490384,reconstructed,248,PENDING
C05,FD004,primary,73,C05_FD004_0cfbe6357863_seed_73,outputs/c05_final_bounded_0cfbe63,0cfbe6357863e5bffcf4b3223823d1323fd86b0a,2bbce1b4d71024e01938e363c85d775d16cccb5cd0bff11231fe2251e4c66807,6fe974abc5c2d38533ebfbc1fe60b943086d2740f8370687f7c1899c35a3f242,6f755be663b27d45ae7cba285979a3e6712f994bd34fc92de183e2ad80dceed0,mean,raw,rmse,54.52379428868819,reconstructed,248,PENDING
C05,FD004,primary,73,C05_FD004_0cfbe6357863_seed_73,outputs/c05_final_bounded_0cfbe63,0cfbe6357863e5bffcf4b3223823d1323fd86b0a,2bbce1b4d71024e01938e363c85d775d16cccb5cd0bff11231fe2251e4c66807,6fe974abc5c2d38533ebfbc1fe60b943086d2740f8370687f7c1899c35a3f242,6f755be663b27d45ae7cba285979a3e6712f994bd34fc92de183e2ad80dceed0,mean,raw,mae,46.4711033539355,reconstructed,248,PENDING
C05,FD004,primary,73,C05_FD004_0cfbe6357863_seed_73,outputs/c05_final_bounded_0cfbe63,0cfbe6357863e5bffcf4b3223823d1323fd86b0a,2bbce1b4d71024e01938e363c85d775d16cccb5cd0bff11231fe2251e4c66807,6fe974abc5c2d38533ebfbc1fe60b943086d2740f8370687f7c1899c35a3f242,6f755be663b27d45ae7cba285979a3e6712f994bd34fc92de183e2ad80dceed0,mean,raw,signed_error,-0.010827298840012413,reconstructed,248,PENDING
C05,FD004,primary,73,C05_FD004_0cfbe6357863_seed_73,outputs/c05_final_bounded_0cfbe63,0cfbe6357863e5bffcf4b3223823d1323fd86b0a,2bbce1b4d71024e01938e363c85d775d16cccb5cd0bff11231fe2251e4c66807,6fe974abc5c2d38533ebfbc1fe60b943086d2740f8370687f7c1899c35a3f242,6f755be663b27d45ae7cba285979a3e6712f994bd34fc92de183e2ad80dceed0,mean,raw,nasa_score,128476.18261481091,reconstructed,248,PENDING
C05,FD004,primary,73,C05_FD004_0cfbe6357863_seed_73,outputs/c05_final_bounded_0cfbe63,0cfbe6357863e5bffcf4b3223823d1323fd86b0a,2bbce1b4d71024e01938e363c85d775d16cccb5cd0bff11231fe2251e4c66807,6fe974abc5c2d38533ebfbc1fe60b943086d2740f8370687f7c1899c35a3f242,6f755be663b27d45ae7cba285979a3e6712f994bd34fc92de183e2ad80dceed0,mean,clipped,rmse,43.849389068048595,reconstructed,248,PENDING
C05,FD004,primary,73,C05_FD004_0cfbe6357863_seed_73,outputs/c05_final_bounded_0cfbe63,0cfbe6357863e5bffcf4b3223823d1323fd86b0a,2bbce1b4d71024e01938e363c85d775d16cccb5cd0bff11231fe2251e4c66807,6fe974abc5c2d38533ebfbc1fe60b943086d2740f8370687f7c1899c35a3f242,6f755be663b27d45ae7cba285979a3e6712f994bd34fc92de183e2ad80dceed0,mean,clipped,mae,37.777554966838736,reconstructed,248,PENDING
C05,FD004,primary,73,C05_FD004_0cfbe6357863_seed_73,outputs/c05_final_bounded_0cfbe63,0cfbe6357863e5bffcf4b3223823d1323fd86b0a,2bbce1b4d71024e01938e363c85d775d16cccb5cd0bff11231fe2251e4c66807,6fe974abc5c2d38533ebfbc1fe60b943086d2740f8370687f7c1899c35a3f242,6f755be663b27d45ae7cba285979a3e6712f994bd34fc92de183e2ad80dceed0,mean,clipped,signed_error,8.682721088256768,reconstructed,248,PENDING
C05,FD004,primary,73,C05_FD004_0cfbe6357863_seed_73,outputs/c05_final_bounded_0cfbe63,0cfbe6357863e5bffcf4b3223823d1323fd86b0a,2bbce1b4d71024e01938e363c85d775d16cccb5cd0bff11231fe2251e4c66807,6fe974abc5c2d38533ebfbc1fe60b943086d2740f8370687f7c1899c35a3f242,6f755be663b27d45ae7cba285979a3e6712f994bd34fc92de183e2ad80dceed0,mean,clipped,nasa_score,87433.12252593246,reconstructed,248,PENDING
C05,FD004,primary,73,C05_FD004_0cfbe6357863_seed_73,outputs/c05_final_bounded_0cfbe63,0cfbe6357863e5bffcf4b3223823d1323fd86b0a,2bbce1b4d71024e01938e363c85d775d16cccb5cd0bff11231fe2251e4c66807,6fe974abc5c2d38533ebfbc1fe60b943086d2740f8370687f7c1899c35a3f242,6f755be663b27d45ae7cba285979a3e6712f994bd34fc92de183e2ad80dceed0,ridge,raw,rmse,28559119390274.266,reconstructed,248,PENDING
C05,FD004,primary,73,C05_FD004_0cfbe6357863_seed_73,outputs/c05_final_bounded_0cfbe63,0cfbe6357863e5bffcf4b3223823d1323fd86b0a,2bbce1b4d71024e01938e363c85d775d16cccb5cd0bff11231fe2251e4c66807,6fe974abc5c2d38533ebfbc1fe60b943086d2740f8370687f7c1899c35a3f242,6f755be663b27d45ae7cba285979a3e6712f994bd34fc92de183e2ad80dceed0,ridge,raw,mae,22752971468432.97,reconstructed,248,PENDING
C05,FD004,primary,73,C05_FD004_0cfbe6357863_seed_73,outputs/c05_final_bounded_0cfbe63,0cfbe6357863e5bffcf4b3223823d1323fd86b0a,2bbce1b4d71024e01938e363c85d775d16cccb5cd0bff11231fe2251e4c66807,6fe974abc5c2d38533ebfbc1fe60b943086d2740f8370687f7c1899c35a3f242,6f755be663b27d45ae7cba285979a3e6712f994bd34fc92de183e2ad80dceed0,ridge,raw,signed_error,2130619695496.3213,reconstructed,248,PENDING
C05,FD004,primary,73,C05_FD004_0cfbe6357863_seed_73,outputs/c05_final_bounded_0cfbe63,0cfbe6357863e5bffcf4b3223823d1323fd86b0a,2bbce1b4d71024e01938e363c85d775d16cccb5cd0bff11231fe2251e4c66807,6fe974abc5c2d38533ebfbc1fe60b943086d2740f8370687f7c1899c35a3f242,6f755be663b27d45ae7cba285979a3e6712f994bd34fc92de183e2ad80dceed0,ridge,raw,nasa_score,PENDING,nonfinite_on_raw_support,248,PENDING
C05,FD004,primary,73,C05_FD004_0cfbe6357863_seed_73,outputs/c05_final_bounded_0cfbe63,0cfbe6357863e5bffcf4b3223823d1323fd86b0a,2bbce1b4d71024e01938e363c85d775d16cccb5cd0bff11231fe2251e4c66807,6fe974abc5c2d38533ebfbc1fe60b943086d2740f8370687f7c1899c35a3f242,6f755be663b27d45ae7cba285979a3e6712f994bd34fc92de183e2ad80dceed0,ridge,clipped,rmse,78.34353628359749,reconstructed,248,PENDING
C05,FD004,primary,73,C05_FD004_0cfbe6357863_seed_73,outputs/c05_final_bounded_0cfbe63,0cfbe6357863e5bffcf4b3223823d1323fd86b0a,2bbce1b4d71024e01938e363c85d775d16cccb5cd0bff11231fe2251e4c66807,6fe974abc5c2d38533ebfbc1fe60b943086d2740f8370687f7c1899c35a3f242,6f755be663b27d45ae7cba285979a3e6712f994bd34fc92de183e2ad80dceed0,ridge,clipped,mae,63.685483870967744,reconstructed,248,PENDING
C05,FD004,primary,73,C05_FD004_0cfbe6357863_seed_73,outputs/c05_final_bounded_0cfbe63,0cfbe6357863e5bffcf4b3223823d1323fd86b0a,2bbce1b4d71024e01938e363c85d775d16cccb5cd0bff11231fe2251e4c66807,6fe974abc5c2d38533ebfbc1fe60b943086d2740f8370687f7c1899c35a3f242,6f755be663b27d45ae7cba285979a3e6712f994bd34fc92de183e2ad80dceed0,ridge,clipped,signed_error,-13.846774193548388,reconstructed,248,PENDING
C05,FD004,primary,73,C05_FD004_0cfbe6357863_seed_73,outputs/c05_final_bounded_0cfbe63,0cfbe6357863e5bffcf4b3223823d1323fd86b0a,2bbce1b4d71024e01938e363c85d775d16cccb5cd0bff11231fe2251e4c66807,6fe974abc5c2d38533ebfbc1fe60b943086d2740f8370687f7c1899c35a3f242,6f755be663b27d45ae7cba285979a3e6712f994bd34fc92de183e2ad80dceed0,ridge,clipped,nasa_score,2649295.548764301,reconstructed,248,PENDING
C05,FD004,primary,73,C05_FD004_0cfbe6357863_seed_73,outputs/c05_final_bounded_0cfbe63,0cfbe6357863e5bffcf4b3223823d1323fd86b0a,2bbce1b4d71024e01938e363c85d775d16cccb5cd0bff11231fe2251e4c66807,6fe974abc5c2d38533ebfbc1fe60b943086d2740f8370687f7c1899c35a3f242,6f755be663b27d45ae7cba285979a3e6712f994bd34fc92de183e2ad80dceed0,hist_gradient_boosting,raw,rmse,53.80198139879846,reconstructed,248,PENDING
C05,FD004,primary,73,C05_FD004_0cfbe6357863_seed_73,outputs/c05_final_bounded_0cfbe63,0cfbe6357863e5bffcf4b3223823d1323fd86b0a,2bbce1b4d71024e01938e363c85d775d16cccb5cd0bff11231fe2251e4c66807,6fe974abc5c2d38533ebfbc1fe60b943086d2740f8370687f7c1899c35a3f242,6f755be663b27d45ae7cba285979a3e6712f994bd34fc92de183e2ad80dceed0,hist_gradient_boosting,raw,mae,44.94207561626698,reconstructed,248,PENDING
C05,FD004,primary,73,C05_FD004_0cfbe6357863_seed_73,outputs/c05_final_bounded_0cfbe63,0cfbe6357863e5bffcf4b3223823d1323fd86b0a,2bbce1b4d71024e01938e363c85d775d16cccb5cd0bff11231fe2251e4c66807,6fe974abc5c2d38533ebfbc1fe60b943086d2740f8370687f7c1899c35a3f242,6f755be663b27d45ae7cba285979a3e6712f994bd34fc92de183e2ad80dceed0,hist_gradient_boosting,raw,signed_error,-21.250679530348936,reconstructed,248,PENDING
C05,FD004,primary,73,C05_FD004_0cfbe6357863_seed_73,outputs/c05_final_bounded_0cfbe63,0cfbe6357863e5bffcf4b3223823d1323fd86b0a,2bbce1b4d71024e01938e363c85d775d16cccb5cd0bff11231fe2251e4c66807,6fe974abc5c2d38533ebfbc1fe60b943086d2740f8370687f7c1899c35a3f242,6f755be663b27d45ae7cba285979a3e6712f994bd34fc92de183e2ad80dceed0,hist_gradient_boosting,raw,nasa_score,176988.62516373734,reconstructed,248,PENDING
C05,FD004,primary,73,C05_FD004_0cfbe6357863_seed_73,outputs/c05_final_bounded_0cfbe63,0cfbe6357863e5bffcf4b3223823d1323fd86b0a,2bbce1b4d71024e01938e363c85d775d16cccb5cd0bff11231fe2251e4c66807,6fe974abc5c2d38533ebfbc1fe60b943086d2740f8370687f7c1899c35a3f242,6f755be663b27d45ae7cba285979a3e6712f994bd34fc92de183e2ad80dceed0,hist_gradient_boosting,clipped,rmse,40.49285242798836,reconstructed,248,PENDING
C05,FD004,primary,73,C05_FD004_0cfbe6357863_seed_73,outputs/c05_final_bounded_0cfbe63,0cfbe6357863e5bffcf4b3223823d1323fd86b0a,2bbce1b4d71024e01938e363c85d775d16cccb5cd0bff11231fe2251e4c66807,6fe974abc5c2d38533ebfbc1fe60b943086d2740f8370687f7c1899c35a3f242,6f755be663b27d45ae7cba285979a3e6712f994bd34fc92de183e2ad80dceed0,hist_gradient_boosting,clipped,mae,36.24852722917021,reconstructed,248,PENDING
C05,FD004,primary,73,C05_FD004_0cfbe6357863_seed_73,outputs/c05_final_bounded_0cfbe63,0cfbe6357863e5bffcf4b3223823d1323fd86b0a,2bbce1b4d71024e01938e363c85d775d16cccb5cd0bff11231fe2251e4c66807,6fe974abc5c2d38533ebfbc1fe60b943086d2740f8370687f7c1899c35a3f242,6f755be663b27d45ae7cba285979a3e6712f994bd34fc92de183e2ad80dceed0,hist_gradient_boosting,clipped,signed_error,-12.557131143252155,reconstructed,248,PENDING
C05,FD004,primary,73,C05_FD004_0cfbe6357863_seed_73,outputs/c05_final_bounded_0cfbe63,0cfbe6357863e5bffcf4b3223823d1323fd86b0a,2bbce1b4d71024e01938e363c85d775d16cccb5cd0bff11231fe2251e4c66807,6fe974abc5c2d38533ebfbc1fe60b943086d2740f8370687f7c1899c35a3f242,6f755be663b27d45ae7cba285979a3e6712f994bd34fc92de183e2ad80dceed0,hist_gradient_boosting,clipped,nasa_score,12714.146139297896,reconstructed,248,PENDING
C05,FD004,primary,101,C05_FD004_0cfbe6357863_seed_101,outputs/c05_final_bounded_0cfbe63,0cfbe6357863e5bffcf4b3223823d1323fd86b0a,71d058b92c91917c076c433b5e525ec6001a598c67efefbe0949a5feabd925a1,818fb6c5ad3d62307ab33c5e191a5095f5f156a427e1370269812f96bbd9ba65,25e52b7e59fac768337790bcc64197aa6b87fe9bffa164402870cb01edaa4262,mean,raw,rmse,54.524097887139924,reconstructed,248,PENDING
C05,FD004,primary,101,C05_FD004_0cfbe6357863_seed_101,outputs/c05_final_bounded_0cfbe63,0cfbe6357863e5bffcf4b3223823d1323fd86b0a,71d058b92c91917c076c433b5e525ec6001a598c67efefbe0949a5feabd925a1,818fb6c5ad3d62307ab33c5e191a5095f5f156a427e1370269812f96bbd9ba65,25e52b7e59fac768337790bcc64197aa6b87fe9bffa164402870cb01edaa4262,mean,raw,mae,46.4679888084266,reconstructed,248,PENDING
C05,FD004,primary,101,C05_FD004_0cfbe6357863_seed_101,outputs/c05_final_bounded_0cfbe63,0cfbe6357863e5bffcf4b3223823d1323fd86b0a,71d058b92c91917c076c433b5e525ec6001a598c67efefbe0949a5feabd925a1,818fb6c5ad3d62307ab33c5e191a5095f5f156a427e1370269812f96bbd9ba65,25e52b7e59fac768337790bcc64197aa6b87fe9bffa164402870cb01edaa4262,mean,raw,signed_error,0.18227452271231512,reconstructed,248,PENDING
C05,FD004,primary,101,C05_FD004_0cfbe6357863_seed_101,outputs/c05_final_bounded_0cfbe63,0cfbe6357863e5bffcf4b3223823d1323fd86b0a,71d058b92c91917c076c433b5e525ec6001a598c67efefbe0949a5feabd925a1,818fb6c5ad3d62307ab33c5e191a5095f5f156a427e1370269812f96bbd9ba65,25e52b7e59fac768337790bcc64197aa6b87fe9bffa164402870cb01edaa4262,mean,raw,nasa_score,129525.32078744032,reconstructed,248,PENDING
C05,FD004,primary,101,C05_FD004_0cfbe6357863_seed_101,outputs/c05_final_bounded_0cfbe63,0cfbe6357863e5bffcf4b3223823d1323fd86b0a,71d058b92c91917c076c433b5e525ec6001a598c67efefbe0949a5feabd925a1,818fb6c5ad3d62307ab33c5e191a5095f5f156a427e1370269812f96bbd9ba65,25e52b7e59fac768337790bcc64197aa6b87fe9bffa164402870cb01edaa4262,mean,clipped,rmse,43.88803377312469,reconstructed,248,PENDING
C05,FD004,primary,101,C05_FD004_0cfbe6357863_seed_101,outputs/c05_final_bounded_0cfbe63,0cfbe6357863e5bffcf4b3223823d1323fd86b0a,71d058b92c91917c076c433b5e525ec6001a598c67efefbe0949a5feabd925a1,818fb6c5ad3d62307ab33c5e191a5095f5f156a427e1370269812f96bbd9ba65,25e52b7e59fac768337790bcc64197aa6b87fe9bffa164402870cb01edaa4262,mean,clipped,mae,37.77444042132983,reconstructed,248,PENDING
C05,FD004,primary,101,C05_FD004_0cfbe6357863_seed_101,outputs/c05_final_bounded_0cfbe63,0cfbe6357863e5bffcf4b3223823d1323fd86b0a,71d058b92c91917c076c433b5e525ec6001a598c67efefbe0949a5feabd925a1,818fb6c5ad3d62307ab33c5e191a5095f5f156a427e1370269812f96bbd9ba65,25e52b7e59fac768337790bcc64197aa6b87fe9bffa164402870cb01edaa4262,mean,clipped,signed_error,8.8758229098091,reconstructed,248,PENDING
C05,FD004,primary,101,C05_FD004_0cfbe6357863_seed_101,outputs/c05_final_bounded_0cfbe63,0cfbe6357863e5bffcf4b3223823d1323fd86b0a,71d058b92c91917c076c433b5e525ec6001a598c67efefbe0949a5feabd925a1,818fb6c5ad3d62307ab33c5e191a5095f5f156a427e1370269812f96bbd9ba65,25e52b7e59fac768337790bcc64197aa6b87fe9bffa164402870cb01edaa4262,mean,clipped,nasa_score,89087.40819676843,reconstructed,248,PENDING
C05,FD004,primary,101,C05_FD004_0cfbe6357863_seed_101,outputs/c05_final_bounded_0cfbe63,0cfbe6357863e5bffcf4b3223823d1323fd86b0a,71d058b92c91917c076c433b5e525ec6001a598c67efefbe0949a5feabd925a1,818fb6c5ad3d62307ab33c5e191a5095f5f156a427e1370269812f96bbd9ba65,25e52b7e59fac768337790bcc64197aa6b87fe9bffa164402870cb01edaa4262,ridge,raw,rmse,21537722173728.02,reconstructed,248,PENDING
C05,FD004,primary,101,C05_FD004_0cfbe6357863_seed_101,outputs/c05_final_bounded_0cfbe63,0cfbe6357863e5bffcf4b3223823d1323fd86b0a,71d058b92c91917c076c433b5e525ec6001a598c67efefbe0949a5feabd925a1,818fb6c5ad3d62307ab33c5e191a5095f5f156a427e1370269812f96bbd9ba65,25e52b7e59fac768337790bcc64197aa6b87fe9bffa164402870cb01edaa4262,ridge,raw,mae,17322138503454.814,reconstructed,248,PENDING
C05,FD004,primary,101,C05_FD004_0cfbe6357863_seed_101,outputs/c05_final_bounded_0cfbe63,0cfbe6357863e5bffcf4b3223823d1323fd86b0a,71d058b92c91917c076c433b5e525ec6001a598c67efefbe0949a5feabd925a1,818fb6c5ad3d62307ab33c5e191a5095f5f156a427e1370269812f96bbd9ba65,25e52b7e59fac768337790bcc64197aa6b87fe9bffa164402870cb01edaa4262,ridge,raw,signed_error,1208386786762.634,reconstructed,248,PENDING
C05,FD004,primary,101,C05_FD004_0cfbe6357863_seed_101,outputs/c05_final_bounded_0cfbe63,0cfbe6357863e5bffcf4b3223823d1323fd86b0a,71d058b92c91917c076c433b5e525ec6001a598c67efefbe0949a5feabd925a1,818fb6c5ad3d62307ab33c5e191a5095f5f156a427e1370269812f96bbd9ba65,25e52b7e59fac768337790bcc64197aa6b87fe9bffa164402870cb01edaa4262,ridge,raw,nasa_score,PENDING,nonfinite_on_raw_support,248,PENDING
C05,FD004,primary,101,C05_FD004_0cfbe6357863_seed_101,outputs/c05_final_bounded_0cfbe63,0cfbe6357863e5bffcf4b3223823d1323fd86b0a,71d058b92c91917c076c433b5e525ec6001a598c67efefbe0949a5feabd925a1,818fb6c5ad3d62307ab33c5e191a5095f5f156a427e1370269812f96bbd9ba65,25e52b7e59fac768337790bcc64197aa6b87fe9bffa164402870cb01edaa4262,ridge,clipped,rmse,79.2899944873655,reconstructed,248,PENDING
C05,FD004,primary,101,C05_FD004_0cfbe6357863_seed_101,outputs/c05_final_bounded_0cfbe63,0cfbe6357863e5bffcf4b3223823d1323fd86b0a,71d058b92c91917c076c433b5e525ec6001a598c67efefbe0949a5feabd925a1,818fb6c5ad3d62307ab33c5e191a5095f5f156a427e1370269812f96bbd9ba65,25e52b7e59fac768337790bcc64197aa6b87fe9bffa164402870cb01edaa4262,ridge,clipped,mae,64.87903225806451,reconstructed,248,PENDING
C05,FD004,primary,101,C05_FD004_0cfbe6357863_seed_101,outputs/c05_final_bounded_0cfbe63,0cfbe6357863e5bffcf4b3223823d1323fd86b0a,71d058b92c91917c076c433b5e525ec6001a598c67efefbe0949a5feabd925a1,818fb6c5ad3d62307ab33c5e191a5095f5f156a427e1370269812f96bbd9ba65,25e52b7e59fac768337790bcc64197aa6b87fe9bffa164402870cb01edaa4262,ridge,clipped,signed_error,-16.870967741935484,reconstructed,248,PENDING
C05,FD004,primary,101,C05_FD004_0cfbe6357863_seed_101,outputs/c05_final_bounded_0cfbe63,0cfbe6357863e5bffcf4b3223823d1323fd86b0a,71d058b92c91917c076c433b5e525ec6001a598c67efefbe0949a5feabd925a1,818fb6c5ad3d62307ab33c5e191a5095f5f156a427e1370269812f96bbd9ba65,25e52b7e59fac768337790bcc64197aa6b87fe9bffa164402870cb01edaa4262,ridge,clipped,nasa_score,2560076.2125537465,reconstructed,248,PENDING
C05,FD004,primary,101,C05_FD004_0cfbe6357863_seed_101,outputs/c05_final_bounded_0cfbe63,0cfbe6357863e5bffcf4b3223823d1323fd86b0a,71d058b92c91917c076c433b5e525ec6001a598c67efefbe0949a5feabd925a1,818fb6c5ad3d62307ab33c5e191a5095f5f156a427e1370269812f96bbd9ba65,25e52b7e59fac768337790bcc64197aa6b87fe9bffa164402870cb01edaa4262,hist_gradient_boosting,raw,rmse,49.49935283910075,reconstructed,248,PENDING
C05,FD004,primary,101,C05_FD004_0cfbe6357863_seed_101,outputs/c05_final_bounded_0cfbe63,0cfbe6357863e5bffcf4b3223823d1323fd86b0a,71d058b92c91917c076c433b5e525ec6001a598c67efefbe0949a5feabd925a1,818fb6c5ad3d62307ab33c5e191a5095f5f156a427e1370269812f96bbd9ba65,25e52b7e59fac768337790bcc64197aa6b87fe9bffa164402870cb01edaa4262,hist_gradient_boosting,raw,mae,42.23022737178075,reconstructed,248,PENDING
C05,FD004,primary,101,C05_FD004_0cfbe6357863_seed_101,outputs/c05_final_bounded_0cfbe63,0cfbe6357863e5bffcf4b3223823d1323fd86b0a,71d058b92c91917c076c433b5e525ec6001a598c67efefbe0949a5feabd925a1,818fb6c5ad3d62307ab33c5e191a5095f5f156a427e1370269812f96bbd9ba65,25e52b7e59fac768337790bcc64197aa6b87fe9bffa164402870cb01edaa4262,hist_gradient_boosting,raw,signed_error,-0.4432546814179243,reconstructed,248,PENDING
C05,FD004,primary,101,C05_FD004_0cfbe6357863_seed_101,outputs/c05_final_bounded_0cfbe63,0cfbe6357863e5bffcf4b3223823d1323fd86b0a,71d058b92c91917c076c433b5e525ec6001a598c67efefbe0949a5feabd925a1,818fb6c5ad3d62307ab33c5e191a5095f5f156a427e1370269812f96bbd9ba65,25e52b7e59fac768337790bcc64197aa6b87fe9bffa164402870cb01edaa4262,hist_gradient_boosting,raw,nasa_score,88156.83897604707,reconstructed,248,PENDING
C05,FD004,primary,101,C05_FD004_0cfbe6357863_seed_101,outputs/c05_final_bounded_0cfbe63,0cfbe6357863e5bffcf4b3223823d1323fd86b0a,71d058b92c91917c076c433b5e525ec6001a598c67efefbe0949a5feabd925a1,818fb6c5ad3d62307ab33c5e191a5095f5f156a427e1370269812f96bbd9ba65,25e52b7e59fac768337790bcc64197aa6b87fe9bffa164402870cb01edaa4262,hist_gradient_boosting,clipped,rmse,39.64180838217113,reconstructed,248,PENDING
C05,FD004,primary,101,C05_FD004_0cfbe6357863_seed_101,outputs/c05_final_bounded_0cfbe63,0cfbe6357863e5bffcf4b3223823d1323fd86b0a,71d058b92c91917c076c433b5e525ec6001a598c67efefbe0949a5feabd925a1,818fb6c5ad3d62307ab33c5e191a5095f5f156a427e1370269812f96bbd9ba65,25e52b7e59fac768337790bcc64197aa6b87fe9bffa164402870cb01edaa4262,hist_gradient_boosting,clipped,mae,33.536678984683974,reconstructed,248,PENDING
C05,FD004,primary,101,C05_FD004_0cfbe6357863_seed_101,outputs/c05_final_bounded_0cfbe63,0cfbe6357863e5bffcf4b3223823d1323fd86b0a,71d058b92c91917c076c433b5e525ec6001a598c67efefbe0949a5feabd925a1,818fb6c5ad3d62307ab33c5e191a5095f5f156a427e1370269812f96bbd9ba65,25e52b7e59fac768337790bcc64197aa6b87fe9bffa164402870cb01edaa4262,hist_gradient_boosting,clipped,signed_error,8.25029370567884,reconstructed,248,PENDING
C05,FD004,primary,101,C05_FD004_0cfbe6357863_seed_101,outputs/c05_final_bounded_0cfbe63,0cfbe6357863e5bffcf4b3223823d1323fd86b0a,71d058b92c91917c076c433b5e525ec6001a598c67efefbe0949a5feabd925a1,818fb6c5ad3d62307ab33c5e191a5095f5f156a427e1370269812f96bbd9ba65,25e52b7e59fac768337790bcc64197aa6b87fe9bffa164402870cb01edaa4262,hist_gradient_boosting,clipped,nasa_score,54699.44752946971,reconstructed,248,PENDING
C05,FD004,primary,137,C05_FD004_0cfbe6357863_seed_137,outputs/c05_final_bounded_0cfbe63,0cfbe6357863e5bffcf4b3223823d1323fd86b0a,74f3fe21cd7921bd1b149d277454d338f86f0043357111c94ac9bc955fc25124,e0d11f1f7fd6b9ea7c86ba6442a48ce60d2b81c6f1cc731cf36ceabfc7d6f948,455bc6ef386362d3868191653d2efe8d9ea4c962a5bda0ff47859db255bfb355,mean,raw,rmse,54.52488985942891,reconstructed,248,PENDING
C05,FD004,primary,137,C05_FD004_0cfbe6357863_seed_137,outputs/c05_final_bounded_0cfbe63,0cfbe6357863e5bffcf4b3223823d1323fd86b0a,74f3fe21cd7921bd1b149d277454d338f86f0043357111c94ac9bc955fc25124,e0d11f1f7fd6b9ea7c86ba6442a48ce60d2b81c6f1cc731cf36ceabfc7d6f948,455bc6ef386362d3868191653d2efe8d9ea4c962a5bda0ff47859db255bfb355,mean,raw,mae,46.46535106430022,reconstructed,248,PENDING
C05,FD004,primary,137,C05_FD004_0cfbe6357863_seed_137,outputs/c05_final_bounded_0cfbe63,0cfbe6357863e5bffcf4b3223823d1323fd86b0a,74f3fe21cd7921bd1b149d277454d338f86f0043357111c94ac9bc955fc25124,e0d11f1f7fd6b9ea7c86ba6442a48ce60d2b81c6f1cc731cf36ceabfc7d6f948,455bc6ef386362d3868191653d2efe8d9ea4c962a5bda0ff47859db255bfb355,mean,raw,signed_error,0.34581465854730015,reconstructed,248,PENDING
C05,FD004,primary,137,C05_FD004_0cfbe6357863_seed_137,outputs/c05_final_bounded_0cfbe63,0cfbe6357863e5bffcf4b3223823d1323fd86b0a,74f3fe21cd7921bd1b149d277454d338f86f0043357111c94ac9bc955fc25124,e0d11f1f7fd6b9ea7c86ba6442a48ce60d2b81c6f1cc731cf36ceabfc7d6f948,455bc6ef386362d3868191653d2efe8d9ea4c962a5bda0ff47859db255bfb355,mean,raw,nasa_score,130446.67001811249,reconstructed,248,PENDING
C05,FD004,primary,137,C05_FD004_0cfbe6357863_seed_137,outputs/c05_final_bounded_0cfbe63,0cfbe6357863e5bffcf4b3223823d1323fd86b0a,74f3fe21cd7921bd1b149d277454d338f86f0043357111c94ac9bc955fc25124,e0d11f1f7fd6b9ea7c86ba6442a48ce60d2b81c6f1cc731cf36ceabfc7d6f948,455bc6ef386362d3868191653d2efe8d9ea4c962a5bda0ff47859db255bfb355,mean,clipped,rmse,43.921399800275005,reconstructed,248,PENDING
C05,FD004,primary,137,C05_FD004_0cfbe6357863_seed_137,outputs/c05_final_bounded_0cfbe63,0cfbe6357863e5bffcf4b3223823d1323fd86b0a,74f3fe21cd7921bd1b149d277454d338f86f0043357111c94ac9bc955fc25124,e0d11f1f7fd6b9ea7c86ba6442a48ce60d2b81c6f1cc731cf36ceabfc7d6f948,455bc6ef386362d3868191653d2efe8d9ea4c962a5bda0ff47859db255bfb355,mean,clipped,mae,37.771802677203446,reconstructed,248,PENDING
C05,FD004,primary,137,C05_FD004_0cfbe6357863_seed_137,outputs/c05_final_bounded_0cfbe63,0cfbe6357863e5bffcf4b3223823d1323fd86b0a,74f3fe21cd7921bd1b149d277454d338f86f0043357111c94ac9bc955fc25124,e0d11f1f7fd6b9ea7c86ba6442a48ce60d2b81c6f1cc731cf36ceabfc7d6f948,455bc6ef386362d3868191653d2efe8d9ea4c962a5bda0ff47859db255bfb355,mean,clipped,signed_error,9.039363045644082,reconstructed,248,PENDING
C05,FD004,primary,137,C05_FD004_0cfbe6357863_seed_137,outputs/c05_final_bounded_0cfbe63,0cfbe6357863e5bffcf4b3223823d1323fd86b0a,74f3fe21cd7921bd1b149d277454d338f86f0043357111c94ac9bc955fc25124,e0d11f1f7fd6b9ea7c86ba6442a48ce60d2b81c6f1cc731cf36ceabfc7d6f948,455bc6ef386362d3868191653d2efe8d9ea4c962a5bda0ff47859db255bfb355,mean,clipped,nasa_score,90514.28038149186,reconstructed,248,PENDING
C05,FD004,primary,137,C05_FD004_0cfbe6357863_seed_137,outputs/c05_final_bounded_0cfbe63,0cfbe6357863e5bffcf4b3223823d1323fd86b0a,74f3fe21cd7921bd1b149d277454d338f86f0043357111c94ac9bc955fc25124,e0d11f1f7fd6b9ea7c86ba6442a48ce60d2b81c6f1cc731cf36ceabfc7d6f948,455bc6ef386362d3868191653d2efe8d9ea4c962a5bda0ff47859db255bfb355,ridge,raw,rmse,11905855146183.656,reconstructed,248,PENDING
C05,FD004,primary,137,C05_FD004_0cfbe6357863_seed_137,outputs/c05_final_bounded_0cfbe63,0cfbe6357863e5bffcf4b3223823d1323fd86b0a,74f3fe21cd7921bd1b149d277454d338f86f0043357111c94ac9bc955fc25124,e0d11f1f7fd6b9ea7c86ba6442a48ce60d2b81c6f1cc731cf36ceabfc7d6f948,455bc6ef386362d3868191653d2efe8d9ea4c962a5bda0ff47859db255bfb355,ridge,raw,mae,9561534953693.299,reconstructed,248,PENDING
C05,FD004,primary,137,C05_FD004_0cfbe6357863_seed_137,outputs/c05_final_bounded_0cfbe63,0cfbe6357863e5bffcf4b3223823d1323fd86b0a,74f3fe21cd7921bd1b149d277454d338f86f0043357111c94ac9bc955fc25124,e0d11f1f7fd6b9ea7c86ba6442a48ce60d2b81c6f1cc731cf36ceabfc7d6f948,455bc6ef386362d3868191653d2efe8d9ea4c962a5bda0ff47859db255bfb355,ridge,raw,signed_error,871425731383.5537,reconstructed,248,PENDING
C05,FD004,primary,137,C05_FD004_0cfbe6357863_seed_137,outputs/c05_final_bounded_0cfbe63,0cfbe6357863e5bffcf4b3223823d1323fd86b0a,74f3fe21cd7921bd1b149d277454d338f86f0043357111c94ac9bc955fc25124,e0d11f1f7fd6b9ea7c86ba6442a48ce60d2b81c6f1cc731cf36ceabfc7d6f948,455bc6ef386362d3868191653d2efe8d9ea4c962a5bda0ff47859db255bfb355,ridge,raw,nasa_score,PENDING,nonfinite_on_raw_support,248,PENDING
C05,FD004,primary,137,C05_FD004_0cfbe6357863_seed_137,outputs/c05_final_bounded_0cfbe63,0cfbe6357863e5bffcf4b3223823d1323fd86b0a,74f3fe21cd7921bd1b149d277454d338f86f0043357111c94ac9bc955fc25124,e0d11f1f7fd6b9ea7c86ba6442a48ce60d2b81c6f1cc731cf36ceabfc7d6f948,455bc6ef386362d3868191653d2efe8d9ea4c962a5bda0ff47859db255bfb355,ridge,clipped,rmse,77.11472914828207,reconstructed,248,PENDING
C05,FD004,primary,137,C05_FD004_0cfbe6357863_seed_137,outputs/c05_final_bounded_0cfbe63,0cfbe6357863e5bffcf4b3223823d1323fd86b0a,74f3fe21cd7921bd1b149d277454d338f86f0043357111c94ac9bc955fc25124,e0d11f1f7fd6b9ea7c86ba6442a48ce60d2b81c6f1cc731cf36ceabfc7d6f948,455bc6ef386362d3868191653d2efe8d9ea4c962a5bda0ff47859db255bfb355,ridge,clipped,mae,62.15725806451613,reconstructed,248,PENDING
C05,FD004,primary,137,C05_FD004_0cfbe6357863_seed_137,outputs/c05_final_bounded_0cfbe63,0cfbe6357863e5bffcf4b3223823d1323fd86b0a,74f3fe21cd7921bd1b149d277454d338f86f0043357111c94ac9bc955fc25124,e0d11f1f7fd6b9ea7c86ba6442a48ce60d2b81c6f1cc731cf36ceabfc7d6f948,455bc6ef386362d3868191653d2efe8d9ea4c962a5bda0ff47859db255bfb355,ridge,clipped,signed_error,-14.350806451612904,reconstructed,248,PENDING
C05,FD004,primary,137,C05_FD004_0cfbe6357863_seed_137,outputs/c05_final_bounded_0cfbe63,0cfbe6357863e5bffcf4b3223823d1323fd86b0a,74f3fe21cd7921bd1b149d277454d338f86f0043357111c94ac9bc955fc25124,e0d11f1f7fd6b9ea7c86ba6442a48ce60d2b81c6f1cc731cf36ceabfc7d6f948,455bc6ef386362d3868191653d2efe8d9ea4c962a5bda0ff47859db255bfb355,ridge,clipped,nasa_score,2528519.0796902245,reconstructed,248,PENDING
C05,FD004,primary,137,C05_FD004_0cfbe6357863_seed_137,outputs/c05_final_bounded_0cfbe63,0cfbe6357863e5bffcf4b3223823d1323fd86b0a,74f3fe21cd7921bd1b149d277454d338f86f0043357111c94ac9bc955fc25124,e0d11f1f7fd6b9ea7c86ba6442a48ce60d2b81c6f1cc731cf36ceabfc7d6f948,455bc6ef386362d3868191653d2efe8d9ea4c962a5bda0ff47859db255bfb355,hist_gradient_boosting,raw,rmse,51.230059471220265,reconstructed,248,PENDING
C05,FD004,primary,137,C05_FD004_0cfbe6357863_seed_137,outputs/c05_final_bounded_0cfbe63,0cfbe6357863e5bffcf4b3223823d1323fd86b0a,74f3fe21cd7921bd1b149d277454d338f86f0043357111c94ac9bc955fc25124,e0d11f1f7fd6b9ea7c86ba6442a48ce60d2b81c6f1cc731cf36ceabfc7d6f948,455bc6ef386362d3868191653d2efe8d9ea4c962a5bda0ff47859db255bfb355,hist_gradient_boosting,raw,mae,43.30543135842276,reconstructed,248,PENDING
C05,FD004,primary,137,C05_FD004_0cfbe6357863_seed_137,outputs/c05_final_bounded_0cfbe63,0cfbe6357863e5bffcf4b3223823d1323fd86b0a,74f3fe21cd7921bd1b149d277454d338f86f0043357111c94ac9bc955fc25124,e0d11f1f7fd6b9ea7c86ba6442a48ce60d2b81c6f1cc731cf36ceabfc7d6f948,455bc6ef386362d3868191653d2efe8d9ea4c962a5bda0ff47859db255bfb355,hist_gradient_boosting,raw,signed_error,-12.127996761447314,reconstructed,248,PENDING
C05,FD004,primary,137,C05_FD004_0cfbe6357863_seed_137,outputs/c05_final_bounded_0cfbe63,0cfbe6357863e5bffcf4b3223823d1323fd86b0a,74f3fe21cd7921bd1b149d277454d338f86f0043357111c94ac9bc955fc25124,e0d11f1f7fd6b9ea7c86ba6442a48ce60d2b81c6f1cc731cf36ceabfc7d6f948,455bc6ef386362d3868191653d2efe8d9ea4c962a5bda0ff47859db255bfb355,hist_gradient_boosting,raw,nasa_score,98824.01046734881,reconstructed,248,PENDING
C05,FD004,primary,137,C05_FD004_0cfbe6357863_seed_137,outputs/c05_final_bounded_0cfbe63,0cfbe6357863e5bffcf4b3223823d1323fd86b0a,74f3fe21cd7921bd1b149d277454d338f86f0043357111c94ac9bc955fc25124,e0d11f1f7fd6b9ea7c86ba6442a48ce60d2b81c6f1cc731cf36ceabfc7d6f948,455bc6ef386362d3868191653d2efe8d9ea4c962a5bda0ff47859db255bfb355,hist_gradient_boosting,clipped,rmse,39.03867764125157,reconstructed,248,PENDING
C05,FD004,primary,137,C05_FD004_0cfbe6357863_seed_137,outputs/c05_final_bounded_0cfbe63,0cfbe6357863e5bffcf4b3223823d1323fd86b0a,74f3fe21cd7921bd1b149d277454d338f86f0043357111c94ac9bc955fc25124,e0d11f1f7fd6b9ea7c86ba6442a48ce60d2b81c6f1cc731cf36ceabfc7d6f948,455bc6ef386362d3868191653d2efe8d9ea4c962a5bda0ff47859db255bfb355,hist_gradient_boosting,clipped,mae,34.61188297132598,reconstructed,248,PENDING
C05,FD004,primary,137,C05_FD004_0cfbe6357863_seed_137,outputs/c05_final_bounded_0cfbe63,0cfbe6357863e5bffcf4b3223823d1323fd86b0a,74f3fe21cd7921bd1b149d277454d338f86f0043357111c94ac9bc955fc25124,e0d11f1f7fd6b9ea7c86ba6442a48ce60d2b81c6f1cc731cf36ceabfc7d6f948,455bc6ef386362d3868191653d2efe8d9ea4c962a5bda0ff47859db255bfb355,hist_gradient_boosting,clipped,signed_error,-3.4344483743505427,reconstructed,248,PENDING
C05,FD004,primary,137,C05_FD004_0cfbe6357863_seed_137,outputs/c05_final_bounded_0cfbe63,0cfbe6357863e5bffcf4b3223823d1323fd86b0a,74f3fe21cd7921bd1b149d277454d338f86f0043357111c94ac9bc955fc25124,e0d11f1f7fd6b9ea7c86ba6442a48ce60d2b81c6f1cc731cf36ceabfc7d6f948,455bc6ef386362d3868191653d2efe8d9ea4c962a5bda0ff47859db255bfb355,hist_gradient_boosting,clipped,nasa_score,18200.492964755107,reconstructed,248,PENDING
C06,FD001,cap_130,13,C06_cap_130_c86eff420321_seed_13,outputs/c06_final_c86eff4,c86eff4203214cd7b64c5d908bb71cab69f7c555,b5bd104d48d60fcf78cbbf2cccd2a67fa063fcd8ea6ea1cd288bcf8acc0640cf,c3fd9d715c8e8f09a0e75dee984b79e80a25007195a25f7ab8a0e1e3ef36ff79,ec93b4121d1eccff8ce7e59550ba6e60d5f4b464d4cf653f9fe396f45541f6ca,mean,raw,rmse,43.13986190265239,reconstructed,100,PENDING
C06,FD001,cap_130,13,C06_cap_130_c86eff420321_seed_13,outputs/c06_final_c86eff4,c86eff4203214cd7b64c5d908bb71cab69f7c555,b5bd104d48d60fcf78cbbf2cccd2a67fa063fcd8ea6ea1cd288bcf8acc0640cf,c3fd9d715c8e8f09a0e75dee984b79e80a25007195a25f7ab8a0e1e3ef36ff79,ec93b4121d1eccff8ce7e59550ba6e60d5f4b464d4cf653f9fe396f45541f6ca,mean,raw,mae,35.90207052896725,reconstructed,100,PENDING
C06,FD001,cap_130,13,C06_cap_130_c86eff420321_seed_13,outputs/c06_final_c86eff4,c86eff4203214cd7b64c5d908bb71cab69f7c555,b5bd104d48d60fcf78cbbf2cccd2a67fa063fcd8ea6ea1cd288bcf8acc0640cf,c3fd9d715c8e8f09a0e75dee984b79e80a25007195a25f7ab8a0e1e3ef36ff79,ec93b4121d1eccff8ce7e59550ba6e60d5f4b464d4cf653f9fe396f45541f6ca,mean,raw,signed_error,11.583526448362715,reconstructed,100,PENDING
C06,FD001,cap_130,13,C06_cap_130_c86eff420321_seed_13,outputs/c06_final_c86eff4,c86eff4203214cd7b64c5d908bb71cab69f7c555,b5bd104d48d60fcf78cbbf2cccd2a67fa063fcd8ea6ea1cd288bcf8acc0640cf,c3fd9d715c8e8f09a0e75dee984b79e80a25007195a25f7ab8a0e1e3ef36ff79,ec93b4121d1eccff8ce7e59550ba6e60d5f4b464d4cf653f9fe396f45541f6ca,mean,raw,nasa_score,34533.167613959085,reconstructed,100,PENDING
C06,FD001,cap_130,13,C06_cap_130_c86eff420321_seed_13,outputs/c06_final_c86eff4,c86eff4203214cd7b64c5d908bb71cab69f7c555,b5bd104d48d60fcf78cbbf2cccd2a67fa063fcd8ea6ea1cd288bcf8acc0640cf,c3fd9d715c8e8f09a0e75dee984b79e80a25007195a25f7ab8a0e1e3ef36ff79,ec93b4121d1eccff8ce7e59550ba6e60d5f4b464d4cf653f9fe396f45541f6ca,mean,clipped,rmse,42.47107152778175,reconstructed,100,PENDING
C06,FD001,cap_130,13,C06_cap_130_c86eff420321_seed_13,outputs/c06_final_c86eff4,c86eff4203214cd7b64c5d908bb71cab69f7c555,b5bd104d48d60fcf78cbbf2cccd2a67fa063fcd8ea6ea1cd288bcf8acc0640cf,c3fd9d715c8e8f09a0e75dee984b79e80a25007195a25f7ab8a0e1e3ef36ff79,ec93b4121d1eccff8ce7e59550ba6e60d5f4b464d4cf653f9fe396f45541f6ca,mean,clipped,mae,35.30207052896725,reconstructed,100,PENDING
C06,FD001,cap_130,13,C06_cap_130_c86eff420321_seed_13,outputs/c06_final_c86eff4,c86eff4203214cd7b64c5d908bb71cab69f7c555,b5bd104d48d60fcf78cbbf2cccd2a67fa063fcd8ea6ea1cd288bcf8acc0640cf,c3fd9d715c8e8f09a0e75dee984b79e80a25007195a25f7ab8a0e1e3ef36ff79,ec93b4121d1eccff8ce7e59550ba6e60d5f4b464d4cf653f9fe396f45541f6ca,mean,clipped,signed_error,12.183526448362716,reconstructed,100,PENDING
C06,FD001,cap_130,13,C06_cap_130_c86eff420321_seed_13,outputs/c06_final_c86eff4,c86eff4203214cd7b64c5d908bb71cab69f7c555,b5bd104d48d60fcf78cbbf2cccd2a67fa063fcd8ea6ea1cd288bcf8acc0640cf,c3fd9d715c8e8f09a0e75dee984b79e80a25007195a25f7ab8a0e1e3ef36ff79,ec93b4121d1eccff8ce7e59550ba6e60d5f4b464d4cf653f9fe396f45541f6ca,mean,clipped,nasa_score,34344.4331308193,reconstructed,100,PENDING
C06,FD001,cap_130,13,C06_cap_130_c86eff420321_seed_13,outputs/c06_final_c86eff4,c86eff4203214cd7b64c5d908bb71cab69f7c555,b5bd104d48d60fcf78cbbf2cccd2a67fa063fcd8ea6ea1cd288bcf8acc0640cf,c3fd9d715c8e8f09a0e75dee984b79e80a25007195a25f7ab8a0e1e3ef36ff79,ec93b4121d1eccff8ce7e59550ba6e60d5f4b464d4cf653f9fe396f45541f6ca,ridge,raw,rmse,20.24630187281856,reconstructed,100,PENDING
C06,FD001,cap_130,13,C06_cap_130_c86eff420321_seed_13,outputs/c06_final_c86eff4,c86eff4203214cd7b64c5d908bb71cab69f7c555,b5bd104d48d60fcf78cbbf2cccd2a67fa063fcd8ea6ea1cd288bcf8acc0640cf,c3fd9d715c8e8f09a0e75dee984b79e80a25007195a25f7ab8a0e1e3ef36ff79,ec93b4121d1eccff8ce7e59550ba6e60d5f4b464d4cf653f9fe396f45541f6ca,ridge,raw,mae,15.693279479731123,reconstructed,100,PENDING
C06,FD001,cap_130,13,C06_cap_130_c86eff420321_seed_13,outputs/c06_final_c86eff4,c86eff4203214cd7b64c5d908bb71cab69f7c555,b5bd104d48d60fcf78cbbf2cccd2a67fa063fcd8ea6ea1cd288bcf8acc0640cf,c3fd9d715c8e8f09a0e75dee984b79e80a25007195a25f7ab8a0e1e3ef36ff79,ec93b4121d1eccff8ce7e59550ba6e60d5f4b464d4cf653f9fe396f45541f6ca,ridge,raw,signed_error,-1.4600923105167185,reconstructed,100,PENDING
C06,FD001,cap_130,13,C06_cap_130_c86eff420321_seed_13,outputs/c06_final_c86eff4,c86eff4203214cd7b64c5d908bb71cab69f7c555,b5bd104d48d60fcf78cbbf2cccd2a67fa063fcd8ea6ea1cd288bcf8acc0640cf,c3fd9d715c8e8f09a0e75dee984b79e80a25007195a25f7ab8a0e1e3ef36ff79,ec93b4121d1eccff8ce7e59550ba6e60d5f4b464d4cf653f9fe396f45541f6ca,ridge,raw,nasa_score,690.2797717148816,reconstructed,100,PENDING
C06,FD001,cap_130,13,C06_cap_130_c86eff420321_seed_13,outputs/c06_final_c86eff4,c86eff4203214cd7b64c5d908bb71cab69f7c555,b5bd104d48d60fcf78cbbf2cccd2a67fa063fcd8ea6ea1cd288bcf8acc0640cf,c3fd9d715c8e8f09a0e75dee984b79e80a25007195a25f7ab8a0e1e3ef36ff79,ec93b4121d1eccff8ce7e59550ba6e60d5f4b464d4cf653f9fe396f45541f6ca,ridge,clipped,rmse,19.404317158317536,reconstructed,100,PENDING
C06,FD001,cap_130,13,C06_cap_130_c86eff420321_seed_13,outputs/c06_final_c86eff4,c86eff4203214cd7b64c5d908bb71cab69f7c555,b5bd104d48d60fcf78cbbf2cccd2a67fa063fcd8ea6ea1cd288bcf8acc0640cf,c3fd9d715c8e8f09a0e75dee984b79e80a25007195a25f7ab8a0e1e3ef36ff79,ec93b4121d1eccff8ce7e59550ba6e60d5f4b464d4cf653f9fe396f45541f6ca,ridge,clipped,mae,14.98774072854613,reconstructed,100,PENDING
C06,FD001,cap_130,13,C06_cap_130_c86eff420321_seed_13,outputs/c06_final_c86eff4,c86eff4203214cd7b64c5d908bb71cab69f7c555,b5bd104d48d60fcf78cbbf2cccd2a67fa063fcd8ea6ea1cd288bcf8acc0640cf,c3fd9d715c8e8f09a0e75dee984b79e80a25007195a25f7ab8a0e1e3ef36ff79,ec93b4121d1eccff8ce7e59550ba6e60d5f4b464d4cf653f9fe396f45541f6ca,ridge,clipped,signed_error,-0.7545535593317271,reconstructed,100,PENDING
C06,FD001,cap_130,13,C06_cap_130_c86eff420321_seed_13,outputs/c06_final_c86eff4,c86eff4203214cd7b64c5d908bb71cab69f7c555,b5bd104d48d60fcf78cbbf2cccd2a67fa063fcd8ea6ea1cd288bcf8acc0640cf,c3fd9d715c8e8f09a0e75dee984b79e80a25007195a25f7ab8a0e1e3ef36ff79,ec93b4121d1eccff8ce7e59550ba6e60d5f4b464d4cf653f9fe396f45541f6ca,ridge,clipped,nasa_score,636.0673894710761,reconstructed,100,PENDING
C06,FD001,cap_130,13,C06_cap_130_c86eff420321_seed_13,outputs/c06_final_c86eff4,c86eff4203214cd7b64c5d908bb71cab69f7c555,b5bd104d48d60fcf78cbbf2cccd2a67fa063fcd8ea6ea1cd288bcf8acc0640cf,c3fd9d715c8e8f09a0e75dee984b79e80a25007195a25f7ab8a0e1e3ef36ff79,ec93b4121d1eccff8ce7e59550ba6e60d5f4b464d4cf653f9fe396f45541f6ca,hist_gradient_boosting,raw,rmse,18.00046932649411,reconstructed,100,PENDING
C06,FD001,cap_130,13,C06_cap_130_c86eff420321_seed_13,outputs/c06_final_c86eff4,c86eff4203214cd7b64c5d908bb71cab69f7c555,b5bd104d48d60fcf78cbbf2cccd2a67fa063fcd8ea6ea1cd288bcf8acc0640cf,c3fd9d715c8e8f09a0e75dee984b79e80a25007195a25f7ab8a0e1e3ef36ff79,ec93b4121d1eccff8ce7e59550ba6e60d5f4b464d4cf653f9fe396f45541f6ca,hist_gradient_boosting,raw,mae,14.363594023643259,reconstructed,100,PENDING
C06,FD001,cap_130,13,C06_cap_130_c86eff420321_seed_13,outputs/c06_final_c86eff4,c86eff4203214cd7b64c5d908bb71cab69f7c555,b5bd104d48d60fcf78cbbf2cccd2a67fa063fcd8ea6ea1cd288bcf8acc0640cf,c3fd9d715c8e8f09a0e75dee984b79e80a25007195a25f7ab8a0e1e3ef36ff79,ec93b4121d1eccff8ce7e59550ba6e60d5f4b464d4cf653f9fe396f45541f6ca,hist_gradient_boosting,raw,signed_error,0.6520360789570786,reconstructed,100,PENDING
C06,FD001,cap_130,13,C06_cap_130_c86eff420321_seed_13,outputs/c06_final_c86eff4,c86eff4203214cd7b64c5d908bb71cab69f7c555,b5bd104d48d60fcf78cbbf2cccd2a67fa063fcd8ea6ea1cd288bcf8acc0640cf,c3fd9d715c8e8f09a0e75dee984b79e80a25007195a25f7ab8a0e1e3ef36ff79,ec93b4121d1eccff8ce7e59550ba6e60d5f4b464d4cf653f9fe396f45541f6ca,hist_gradient_boosting,raw,nasa_score,480.6282324372901,reconstructed,100,PENDING
C06,FD001,cap_130,13,C06_cap_130_c86eff420321_seed_13,outputs/c06_final_c86eff4,c86eff4203214cd7b64c5d908bb71cab69f7c555,b5bd104d48d60fcf78cbbf2cccd2a67fa063fcd8ea6ea1cd288bcf8acc0640cf,c3fd9d715c8e8f09a0e75dee984b79e80a25007195a25f7ab8a0e1e3ef36ff79,ec93b4121d1eccff8ce7e59550ba6e60d5f4b464d4cf653f9fe396f45541f6ca,hist_gradient_boosting,clipped,rmse,17.30414511432838,reconstructed,100,PENDING
C06,FD001,cap_130,13,C06_cap_130_c86eff420321_seed_13,outputs/c06_final_c86eff4,c86eff4203214cd7b64c5d908bb71cab69f7c555,b5bd104d48d60fcf78cbbf2cccd2a67fa063fcd8ea6ea1cd288bcf8acc0640cf,c3fd9d715c8e8f09a0e75dee984b79e80a25007195a25f7ab8a0e1e3ef36ff79,ec93b4121d1eccff8ce7e59550ba6e60d5f4b464d4cf653f9fe396f45541f6ca,hist_gradient_boosting,clipped,mae,13.76359402364326,reconstructed,100,PENDING
C06,FD001,cap_130,13,C06_cap_130_c86eff420321_seed_13,outputs/c06_final_c86eff4,c86eff4203214cd7b64c5d908bb71cab69f7c555,b5bd104d48d60fcf78cbbf2cccd2a67fa063fcd8ea6ea1cd288bcf8acc0640cf,c3fd9d715c8e8f09a0e75dee984b79e80a25007195a25f7ab8a0e1e3ef36ff79,ec93b4121d1eccff8ce7e59550ba6e60d5f4b464d4cf653f9fe396f45541f6ca,hist_gradient_boosting,clipped,signed_error,1.2520360789570795,reconstructed,100,PENDING
C06,FD001,cap_130,13,C06_cap_130_c86eff420321_seed_13,outputs/c06_final_c86eff4,c86eff4203214cd7b64c5d908bb71cab69f7c555,b5bd104d48d60fcf78cbbf2cccd2a67fa063fcd8ea6ea1cd288bcf8acc0640cf,c3fd9d715c8e8f09a0e75dee984b79e80a25007195a25f7ab8a0e1e3ef36ff79,ec93b4121d1eccff8ce7e59550ba6e60d5f4b464d4cf653f9fe396f45541f6ca,hist_gradient_boosting,clipped,nasa_score,447.34109217303825,reconstructed,100,PENDING
C06,FD001,cap_130,37,C06_cap_130_c86eff420321_seed_37,outputs/c06_final_c86eff4,c86eff4203214cd7b64c5d908bb71cab69f7c555,6a510b808ad78c878fa52db43591333f7acc89ed09509ad30349b2746d1ded26,b25edfdecc0a0b367f0f080816a95fd3c3e5780d6624602fc01cec6d94df82e2,dba1f0c7129690f8efe1cd92e54699eeb764f3d75f7298495a8812a0f2887eba,mean,raw,rmse,43.822934185633315,reconstructed,100,PENDING
C06,FD001,cap_130,37,C06_cap_130_c86eff420321_seed_37,outputs/c06_final_c86eff4,c86eff4203214cd7b64c5d908bb71cab69f7c555,6a510b808ad78c878fa52db43591333f7acc89ed09509ad30349b2746d1ded26,b25edfdecc0a0b367f0f080816a95fd3c3e5780d6624602fc01cec6d94df82e2,dba1f0c7129690f8efe1cd92e54699eeb764f3d75f7298495a8812a0f2887eba,mean,raw,mae,35.95733206288709,reconstructed,100,PENDING
C06,FD001,cap_130,37,C06_cap_130_c86eff420321_seed_37,outputs/c06_final_c86eff4,c86eff4203214cd7b64c5d908bb71cab69f7c555,6a510b808ad78c878fa52db43591333f7acc89ed09509ad30349b2746d1ded26,b25edfdecc0a0b367f0f080816a95fd3c3e5780d6624602fc01cec6d94df82e2,dba1f0c7129690f8efe1cd92e54699eeb764f3d75f7298495a8812a0f2887eba,mean,raw,signed_error,13.913301572177238,reconstructed,100,PENDING
C06,FD001,cap_130,37,C06_cap_130_c86eff420321_seed_37,outputs/c06_final_c86eff4,c86eff4203214cd7b64c5d908bb71cab69f7c555,6a510b808ad78c878fa52db43591333f7acc89ed09509ad30349b2746d1ded26,b25edfdecc0a0b367f0f080816a95fd3c3e5780d6624602fc01cec6d94df82e2,dba1f0c7129690f8efe1cd92e54699eeb764f3d75f7298495a8812a0f2887eba,mean,raw,nasa_score,43329.244973859495,reconstructed,100,PENDING
C06,FD001,cap_130,37,C06_cap_130_c86eff420321_seed_37,outputs/c06_final_c86eff4,c86eff4203214cd7b64c5d908bb71cab69f7c555,6a510b808ad78c878fa52db43591333f7acc89ed09509ad30349b2746d1ded26,b25edfdecc0a0b367f0f080816a95fd3c3e5780d6624602fc01cec6d94df82e2,dba1f0c7129690f8efe1cd92e54699eeb764f3d75f7298495a8812a0f2887eba,mean,clipped,rmse,43.197100857869636,reconstructed,100,PENDING
C06,FD001,cap_130,37,C06_cap_130_c86eff420321_seed_37,outputs/c06_final_c86eff4,c86eff4203214cd7b64c5d908bb71cab69f7c555,6a510b808ad78c878fa52db43591333f7acc89ed09509ad30349b2746d1ded26,b25edfdecc0a0b367f0f080816a95fd3c3e5780d6624602fc01cec6d94df82e2,dba1f0c7129690f8efe1cd92e54699eeb764f3d75f7298495a8812a0f2887eba,mean,clipped,mae,35.35733206288709,reconstructed,100,PENDING
C06,FD001,cap_130,37,C06_cap_130_c86eff420321_seed_37,outputs/c06_final_c86eff4,c86eff4203214cd7b64c5d908bb71cab69f7c555,6a510b808ad78c878fa52db43591333f7acc89ed09509ad30349b2746d1ded26,b25edfdecc0a0b367f0f080816a95fd3c3e5780d6624602fc01cec6d94df82e2,dba1f0c7129690f8efe1cd92e54699eeb764f3d75f7298495a8812a0f2887eba,mean,clipped,signed_error,14.513301572177237,reconstructed,100,PENDING
C06,FD001,cap_130,37,C06_cap_130_c86eff420321_seed_37,outputs/c06_final_c86eff4,c86eff4203214cd7b64c5d908bb71cab69f7c555,6a510b808ad78c878fa52db43591333f7acc89ed09509ad30349b2746d1ded26,b25edfdecc0a0b367f0f080816a95fd3c3e5780d6624602fc01cec6d94df82e2,dba1f0c7129690f8efe1cd92e54699eeb764f3d75f7298495a8812a0f2887eba,mean,clipped,nasa_score,43171.47664165517,reconstructed,100,PENDING
C06,FD001,cap_130,37,C06_cap_130_c86eff420321_seed_37,outputs/c06_final_c86eff4,c86eff4203214cd7b64c5d908bb71cab69f7c555,6a510b808ad78c878fa52db43591333f7acc89ed09509ad30349b2746d1ded26,b25edfdecc0a0b367f0f080816a95fd3c3e5780d6624602fc01cec6d94df82e2,dba1f0c7129690f8efe1cd92e54699eeb764f3d75f7298495a8812a0f2887eba,ridge,raw,rmse,18.73810016467407,reconstructed,100,PENDING
C06,FD001,cap_130,37,C06_cap_130_c86eff420321_seed_37,outputs/c06_final_c86eff4,c86eff4203214cd7b64c5d908bb71cab69f7c555,6a510b808ad78c878fa52db43591333f7acc89ed09509ad30349b2746d1ded26,b25edfdecc0a0b367f0f080816a95fd3c3e5780d6624602fc01cec6d94df82e2,dba1f0c7129690f8efe1cd92e54699eeb764f3d75f7298495a8812a0f2887eba,ridge,raw,mae,14.907174529597789,reconstructed,100,PENDING
C06,FD001,cap_130,37,C06_cap_130_c86eff420321_seed_37,outputs/c06_final_c86eff4,c86eff4203214cd7b64c5d908bb71cab69f7c555,6a510b808ad78c878fa52db43591333f7acc89ed09509ad30349b2746d1ded26,b25edfdecc0a0b367f0f080816a95fd3c3e5780d6624602fc01cec6d94df82e2,dba1f0c7129690f8efe1cd92e54699eeb764f3d75f7298495a8812a0f2887eba,ridge,raw,signed_error,3.381037625434138,reconstructed,100,PENDING
C06,FD001,cap_130,37,C06_cap_130_c86eff420321_seed_37,outputs/c06_final_c86eff4,c86eff4203214cd7b64c5d908bb71cab69f7c555,6a510b808ad78c878fa52db43591333f7acc89ed09509ad30349b2746d1ded26,b25edfdecc0a0b367f0f080816a95fd3c3e5780d6624602fc01cec6d94df82e2,dba1f0c7129690f8efe1cd92e54699eeb764f3d75f7298495a8812a0f2887eba,ridge,raw,nasa_score,638.357645984096,reconstructed,100,PENDING
C06,FD001,cap_130,37,C06_cap_130_c86eff420321_seed_37,outputs/c06_final_c86eff4,c86eff4203214cd7b64c5d908bb71cab69f7c555,6a510b808ad78c878fa52db43591333f7acc89ed09509ad30349b2746d1ded26,b25edfdecc0a0b367f0f080816a95fd3c3e5780d6624602fc01cec6d94df82e2,dba1f0c7129690f8efe1cd92e54699eeb764f3d75f7298495a8812a0f2887eba,ridge,clipped,rmse,18.090857836708988,reconstructed,100,PENDING
C06,FD001,cap_130,37,C06_cap_130_c86eff420321_seed_37,outputs/c06_final_c86eff4,c86eff4203214cd7b64c5d908bb71cab69f7c555,6a510b808ad78c878fa52db43591333f7acc89ed09509ad30349b2746d1ded26,b25edfdecc0a0b367f0f080816a95fd3c3e5780d6624602fc01cec6d94df82e2,dba1f0c7129690f8efe1cd92e54699eeb764f3d75f7298495a8812a0f2887eba,ridge,clipped,mae,14.2319639393393,reconstructed,100,PENDING
C06,FD001,cap_130,37,C06_cap_130_c86eff420321_seed_37,outputs/c06_final_c86eff4,c86eff4203214cd7b64c5d908bb71cab69f7c555,6a510b808ad78c878fa52db43591333f7acc89ed09509ad30349b2746d1ded26,b25edfdecc0a0b367f0f080816a95fd3c3e5780d6624602fc01cec6d94df82e2,dba1f0c7129690f8efe1cd92e54699eeb764f3d75f7298495a8812a0f2887eba,ridge,clipped,signed_error,4.0562482156926265,reconstructed,100,PENDING
C06,FD001,cap_130,37,C06_cap_130_c86eff420321_seed_37,outputs/c06_final_c86eff4,c86eff4203214cd7b64c5d908bb71cab69f7c555,6a510b808ad78c878fa52db43591333f7acc89ed09509ad30349b2746d1ded26,b25edfdecc0a0b367f0f080816a95fd3c3e5780d6624602fc01cec6d94df82e2,dba1f0c7129690f8efe1cd92e54699eeb764f3d75f7298495a8812a0f2887eba,ridge,clipped,nasa_score,614.0373530512868,reconstructed,100,PENDING
C06,FD001,cap_130,37,C06_cap_130_c86eff420321_seed_37,outputs/c06_final_c86eff4,c86eff4203214cd7b64c5d908bb71cab69f7c555,6a510b808ad78c878fa52db43591333f7acc89ed09509ad30349b2746d1ded26,b25edfdecc0a0b367f0f080816a95fd3c3e5780d6624602fc01cec6d94df82e2,dba1f0c7129690f8efe1cd92e54699eeb764f3d75f7298495a8812a0f2887eba,hist_gradient_boosting,raw,rmse,17.463738886587407,reconstructed,100,PENDING
C06,FD001,cap_130,37,C06_cap_130_c86eff420321_seed_37,outputs/c06_final_c86eff4,c86eff4203214cd7b64c5d908bb71cab69f7c555,6a510b808ad78c878fa52db43591333f7acc89ed09509ad30349b2746d1ded26,b25edfdecc0a0b367f0f080816a95fd3c3e5780d6624602fc01cec6d94df82e2,dba1f0c7129690f8efe1cd92e54699eeb764f3d75f7298495a8812a0f2887eba,hist_gradient_boosting,raw,mae,14.079216784269576,reconstructed,100,PENDING
C06,FD001,cap_130,37,C06_cap_130_c86eff420321_seed_37,outputs/c06_final_c86eff4,c86eff4203214cd7b64c5d908bb71cab69f7c555,6a510b808ad78c878fa52db43591333f7acc89ed09509ad30349b2746d1ded26,b25edfdecc0a0b367f0f080816a95fd3c3e5780d6624602fc01cec6d94df82e2,dba1f0c7129690f8efe1cd92e54699eeb764f3d75f7298495a8812a0f2887eba,hist_gradient_boosting,raw,signed_error,4.720568379046068,reconstructed,100,PENDING
C06,FD001,cap_130,37,C06_cap_130_c86eff420321_seed_37,outputs/c06_final_c86eff4,c86eff4203214cd7b64c5d908bb71cab69f7c555,6a510b808ad78c878fa52db43591333f7acc89ed09509ad30349b2746d1ded26,b25edfdecc0a0b367f0f080816a95fd3c3e5780d6624602fc01cec6d94df82e2,dba1f0c7129690f8efe1cd92e54699eeb764f3d75f7298495a8812a0f2887eba,hist_gradient_boosting,raw,nasa_score,627.8044670319543,reconstructed,100,PENDING
C06,FD001,cap_130,37,C06_cap_130_c86eff420321_seed_37,outputs/c06_final_c86eff4,c86eff4203214cd7b64c5d908bb71cab69f7c555,6a510b808ad78c878fa52db43591333f7acc89ed09509ad30349b2746d1ded26,b25edfdecc0a0b367f0f080816a95fd3c3e5780d6624602fc01cec6d94df82e2,dba1f0c7129690f8efe1cd92e54699eeb764f3d75f7298495a8812a0f2887eba,hist_gradient_boosting,clipped,rmse,16.895694755277514,reconstructed,100,PENDING
C06,FD001,cap_130,37,C06_cap_130_c86eff420321_seed_37,outputs/c06_final_c86eff4,c86eff4203214cd7b64c5d908bb71cab69f7c555,6a510b808ad78c878fa52db43591333f7acc89ed09509ad30349b2746d1ded26,b25edfdecc0a0b367f0f080816a95fd3c3e5780d6624602fc01cec6d94df82e2,dba1f0c7129690f8efe1cd92e54699eeb764f3d75f7298495a8812a0f2887eba,hist_gradient_boosting,clipped,mae,13.479216784269576,reconstructed,100,PENDING
C06,FD001,cap_130,37,C06_cap_130_c86eff420321_seed_37,outputs/c06_final_c86eff4,c86eff4203214cd7b64c5d908bb71cab69f7c555,6a510b808ad78c878fa52db43591333f7acc89ed09509ad30349b2746d1ded26,b25edfdecc0a0b367f0f080816a95fd3c3e5780d6624602fc01cec6d94df82e2,dba1f0c7129690f8efe1cd92e54699eeb764f3d75f7298495a8812a0f2887eba,hist_gradient_boosting,clipped,signed_error,5.320568379046072,reconstructed,100,PENDING
C06,FD001,cap_130,37,C06_cap_130_c86eff420321_seed_37,outputs/c06_final_c86eff4,c86eff4203214cd7b64c5d908bb71cab69f7c555,6a510b808ad78c878fa52db43591333f7acc89ed09509ad30349b2746d1ded26,b25edfdecc0a0b367f0f080816a95fd3c3e5780d6624602fc01cec6d94df82e2,dba1f0c7129690f8efe1cd92e54699eeb764f3d75f7298495a8812a0f2887eba,hist_gradient_boosting,clipped,nasa_score,609.2835022111499,reconstructed,100,PENDING
C06,FD001,cap_130,73,C06_cap_130_c86eff420321_seed_73,outputs/c06_final_c86eff4,c86eff4203214cd7b64c5d908bb71cab69f7c555,adecec46e432f6570cc4f3dfe7a7706fdf8d75dc5500d4e3a13da170d1fa0100,793f32b0d015b28d34ded21b5b0caf30e83c405cf2026dc6cfa99fa8ce422c95,f4a28b8d2172b497ec331b8c132eb3ab80a3c30992a3c617fd52ce57166bda88,mean,raw,rmse,43.51067185978819,reconstructed,100,PENDING
C06,FD001,cap_130,73,C06_cap_130_c86eff420321_seed_73,outputs/c06_final_c86eff4,c86eff4203214cd7b64c5d908bb71cab69f7c555,adecec46e432f6570cc4f3dfe7a7706fdf8d75dc5500d4e3a13da170d1fa0100,793f32b0d015b28d34ded21b5b0caf30e83c405cf2026dc6cfa99fa8ce422c95,f4a28b8d2172b497ec331b8c132eb3ab80a3c30992a3c617fd52ce57166bda88,mean,raw,mae,35.92832166693798,reconstructed,100,PENDING
C06,FD001,cap_130,73,C06_cap_130_c86eff420321_seed_73,outputs/c06_final_c86eff4,c86eff4203214cd7b64c5d908bb71cab69f7c555,adecec46e432f6570cc4f3dfe7a7706fdf8d75dc5500d4e3a13da170d1fa0100,793f32b0d015b28d34ded21b5b0caf30e83c405cf2026dc6cfa99fa8ce422c95,f4a28b8d2172b497ec331b8c132eb3ab80a3c30992a3c617fd52ce57166bda88,mean,raw,signed_error,12.896083346898882,reconstructed,100,PENDING
C06,FD001,cap_130,73,C06_cap_130_c86eff420321_seed_73,outputs/c06_final_c86eff4,c86eff4203214cd7b64c5d908bb71cab69f7c555,adecec46e432f6570cc4f3dfe7a7706fdf8d75dc5500d4e3a13da170d1fa0100,793f32b0d015b28d34ded21b5b0caf30e83c405cf2026dc6cfa99fa8ce422c95,f4a28b8d2172b497ec331b8c132eb3ab80a3c30992a3c617fd52ce57166bda88,mean,raw,nasa_score,39230.02795500729,reconstructed,100,PENDING
C06,FD001,cap_130,73,C06_cap_130_c86eff420321_seed_73,outputs/c06_final_c86eff4,c86eff4203214cd7b64c5d908bb71cab69f7c555,adecec46e432f6570cc4f3dfe7a7706fdf8d75dc5500d4e3a13da170d1fa0100,793f32b0d015b28d34ded21b5b0caf30e83c405cf2026dc6cfa99fa8ce422c95,f4a28b8d2172b497ec331b8c132eb3ab80a3c30992a3c617fd52ce57166bda88,mean,clipped,rmse,42.86604560379278,reconstructed,100,PENDING
C06,FD001,cap_130,73,C06_cap_130_c86eff420321_seed_73,outputs/c06_final_c86eff4,c86eff4203214cd7b64c5d908bb71cab69f7c555,adecec46e432f6570cc4f3dfe7a7706fdf8d75dc5500d4e3a13da170d1fa0100,793f32b0d015b28d34ded21b5b0caf30e83c405cf2026dc6cfa99fa8ce422c95,f4a28b8d2172b497ec331b8c132eb3ab80a3c30992a3c617fd52ce57166bda88,mean,clipped,mae,35.32832166693798,reconstructed,100,PENDING
C06,FD001,cap_130,73,C06_cap_130_c86eff420321_seed_73,outputs/c06_final_c86eff4,c86eff4203214cd7b64c5d908bb71cab69f7c555,adecec46e432f6570cc4f3dfe7a7706fdf8d75dc5500d4e3a13da170d1fa0100,793f32b0d015b28d34ded21b5b0caf30e83c405cf2026dc6cfa99fa8ce422c95,f4a28b8d2172b497ec331b8c132eb3ab80a3c30992a3c617fd52ce57166bda88,mean,clipped,signed_error,13.496083346898882,reconstructed,100,PENDING
C06,FD001,cap_130,73,C06_cap_130_c86eff420321_seed_73,outputs/c06_final_c86eff4,c86eff4203214cd7b64c5d908bb71cab69f7c555,adecec46e432f6570cc4f3dfe7a7706fdf8d75dc5500d4e3a13da170d1fa0100,793f32b0d015b28d34ded21b5b0caf30e83c405cf2026dc6cfa99fa8ce422c95,f4a28b8d2172b497ec331b8c132eb3ab80a3c30992a3c617fd52ce57166bda88,mean,clipped,nasa_score,39059.41880618524,reconstructed,100,PENDING
C06,FD001,cap_130,73,C06_cap_130_c86eff420321_seed_73,outputs/c06_final_c86eff4,c86eff4203214cd7b64c5d908bb71cab69f7c555,adecec46e432f6570cc4f3dfe7a7706fdf8d75dc5500d4e3a13da170d1fa0100,793f32b0d015b28d34ded21b5b0caf30e83c405cf2026dc6cfa99fa8ce422c95,f4a28b8d2172b497ec331b8c132eb3ab80a3c30992a3c617fd52ce57166bda88,ridge,raw,rmse,18.806023341032667,reconstructed,100,PENDING
C06,FD001,cap_130,73,C06_cap_130_c86eff420321_seed_73,outputs/c06_final_c86eff4,c86eff4203214cd7b64c5d908bb71cab69f7c555,adecec46e432f6570cc4f3dfe7a7706fdf8d75dc5500d4e3a13da170d1fa0100,793f32b0d015b28d34ded21b5b0caf30e83c405cf2026dc6cfa99fa8ce422c95,f4a28b8d2172b497ec331b8c132eb3ab80a3c30992a3c617fd52ce57166bda88,ridge,raw,mae,14.56180692723679,reconstructed,100,PENDING
C06,FD001,cap_130,73,C06_cap_130_c86eff420321_seed_73,outputs/c06_final_c86eff4,c86eff4203214cd7b64c5d908bb71cab69f7c555,adecec46e432f6570cc4f3dfe7a7706fdf8d75dc5500d4e3a13da170d1fa0100,793f32b0d015b28d34ded21b5b0caf30e83c405cf2026dc6cfa99fa8ce422c95,f4a28b8d2172b497ec331b8c132eb3ab80a3c30992a3c617fd52ce57166bda88,ridge,raw,signed_error,0.3819337153154484,reconstructed,100,PENDING
C06,FD001,cap_130,73,C06_cap_130_c86eff420321_seed_73,outputs/c06_final_c86eff4,c86eff4203214cd7b64c5d908bb71cab69f7c555,adecec46e432f6570cc4f3dfe7a7706fdf8d75dc5500d4e3a13da170d1fa0100,793f32b0d015b28d34ded21b5b0caf30e83c405cf2026dc6cfa99fa8ce422c95,f4a28b8d2172b497ec331b8c132eb3ab80a3c30992a3c617fd52ce57166bda88,ridge,raw,nasa_score,611.0897993232251,reconstructed,100,PENDING
C06,FD001,cap_130,73,C06_cap_130_c86eff420321_seed_73,outputs/c06_final_c86eff4,c86eff4203214cd7b64c5d908bb71cab69f7c555,adecec46e432f6570cc4f3dfe7a7706fdf8d75dc5500d4e3a13da170d1fa0100,793f32b0d015b28d34ded21b5b0caf30e83c405cf2026dc6cfa99fa8ce422c95,f4a28b8d2172b497ec331b8c132eb3ab80a3c30992a3c617fd52ce57166bda88,ridge,clipped,rmse,18.076182862041858,reconstructed,100,PENDING
C06,FD001,cap_130,73,C06_cap_130_c86eff420321_seed_73,outputs/c06_final_c86eff4,c86eff4203214cd7b64c5d908bb71cab69f7c555,adecec46e432f6570cc4f3dfe7a7706fdf8d75dc5500d4e3a13da170d1fa0100,793f32b0d015b28d34ded21b5b0caf30e83c405cf2026dc6cfa99fa8ce422c95,f4a28b8d2172b497ec331b8c132eb3ab80a3c30992a3c617fd52ce57166bda88,ridge,clipped,mae,13.96730638730468,reconstructed,100,PENDING
C06,FD001,cap_130,73,C06_cap_130_c86eff420321_seed_73,outputs/c06_final_c86eff4,c86eff4203214cd7b64c5d908bb71cab69f7c555,adecec46e432f6570cc4f3dfe7a7706fdf8d75dc5500d4e3a13da170d1fa0100,793f32b0d015b28d34ded21b5b0caf30e83c405cf2026dc6cfa99fa8ce422c95,f4a28b8d2172b497ec331b8c132eb3ab80a3c30992a3c617fd52ce57166bda88,ridge,clipped,signed_error,0.9764342552475592,reconstructed,100,PENDING
C06,FD001,cap_130,73,C06_cap_130_c86eff420321_seed_73,outputs/c06_final_c86eff4,c86eff4203214cd7b64c5d908bb71cab69f7c555,adecec46e432f6570cc4f3dfe7a7706fdf8d75dc5500d4e3a13da170d1fa0100,793f32b0d015b28d34ded21b5b0caf30e83c405cf2026dc6cfa99fa8ce422c95,f4a28b8d2172b497ec331b8c132eb3ab80a3c30992a3c617fd52ce57166bda88,ridge,clipped,nasa_score,574.3970209320121,reconstructed,100,PENDING
C06,FD001,cap_130,73,C06_cap_130_c86eff420321_seed_73,outputs/c06_final_c86eff4,c86eff4203214cd7b64c5d908bb71cab69f7c555,adecec46e432f6570cc4f3dfe7a7706fdf8d75dc5500d4e3a13da170d1fa0100,793f32b0d015b28d34ded21b5b0caf30e83c405cf2026dc6cfa99fa8ce422c95,f4a28b8d2172b497ec331b8c132eb3ab80a3c30992a3c617fd52ce57166bda88,hist_gradient_boosting,raw,rmse,17.55155020780637,reconstructed,100,PENDING
C06,FD001,cap_130,73,C06_cap_130_c86eff420321_seed_73,outputs/c06_final_c86eff4,c86eff4203214cd7b64c5d908bb71cab69f7c555,adecec46e432f6570cc4f3dfe7a7706fdf8d75dc5500d4e3a13da170d1fa0100,793f32b0d015b28d34ded21b5b0caf30e83c405cf2026dc6cfa99fa8ce422c95,f4a28b8d2172b497ec331b8c132eb3ab80a3c30992a3c617fd52ce57166bda88,hist_gradient_boosting,raw,mae,13.575261220088665,reconstructed,100,PENDING
C06,FD001,cap_130,73,C06_cap_130_c86eff420321_seed_73,outputs/c06_final_c86eff4,c86eff4203214cd7b64c5d908bb71cab69f7c555,adecec46e432f6570cc4f3dfe7a7706fdf8d75dc5500d4e3a13da170d1fa0100,793f32b0d015b28d34ded21b5b0caf30e83c405cf2026dc6cfa99fa8ce422c95,f4a28b8d2172b497ec331b8c132eb3ab80a3c30992a3c617fd52ce57166bda88,hist_gradient_boosting,raw,signed_error,0.38131955205619567,reconstructed,100,PENDING
C06,FD001,cap_130,73,C06_cap_130_c86eff420321_seed_73,outputs/c06_final_c86eff4,c86eff4203214cd7b64c5d908bb71cab69f7c555,adecec46e432f6570cc4f3dfe7a7706fdf8d75dc5500d4e3a13da170d1fa0100,793f32b0d015b28d34ded21b5b0caf30e83c405cf2026dc6cfa99fa8ce422c95,f4a28b8d2172b497ec331b8c132eb3ab80a3c30992a3c617fd52ce57166bda88,hist_gradient_boosting,raw,nasa_score,487.32136397203635,reconstructed,100,PENDING
C06,FD001,cap_130,73,C06_cap_130_c86eff420321_seed_73,outputs/c06_final_c86eff4,c86eff4203214cd7b64c5d908bb71cab69f7c555,adecec46e432f6570cc4f3dfe7a7706fdf8d75dc5500d4e3a13da170d1fa0100,793f32b0d015b28d34ded21b5b0caf30e83c405cf2026dc6cfa99fa8ce422c95,f4a28b8d2172b497ec331b8c132eb3ab80a3c30992a3c617fd52ce57166bda88,hist_gradient_boosting,clipped,rmse,16.900490222647168,reconstructed,100,PENDING
C06,FD001,cap_130,73,C06_cap_130_c86eff420321_seed_73,outputs/c06_final_c86eff4,c86eff4203214cd7b64c5d908bb71cab69f7c555,adecec46e432f6570cc4f3dfe7a7706fdf8d75dc5500d4e3a13da170d1fa0100,793f32b0d015b28d34ded21b5b0caf30e83c405cf2026dc6cfa99fa8ce422c95,f4a28b8d2172b497ec331b8c132eb3ab80a3c30992a3c617fd52ce57166bda88,hist_gradient_boosting,clipped,mae,12.975261220088663,reconstructed,100,PENDING
C06,FD001,cap_130,73,C06_cap_130_c86eff420321_seed_73,outputs/c06_final_c86eff4,c86eff4203214cd7b64c5d908bb71cab69f7c555,adecec46e432f6570cc4f3dfe7a7706fdf8d75dc5500d4e3a13da170d1fa0100,793f32b0d015b28d34ded21b5b0caf30e83c405cf2026dc6cfa99fa8ce422c95,f4a28b8d2172b497ec331b8c132eb3ab80a3c30992a3c617fd52ce57166bda88,hist_gradient_boosting,clipped,signed_error,0.9813195520561959,reconstructed,100,PENDING
C06,FD001,cap_130,73,C06_cap_130_c86eff420321_seed_73,outputs/c06_final_c86eff4,c86eff4203214cd7b64c5d908bb71cab69f7c555,adecec46e432f6570cc4f3dfe7a7706fdf8d75dc5500d4e3a13da170d1fa0100,793f32b0d015b28d34ded21b5b0caf30e83c405cf2026dc6cfa99fa8ce422c95,f4a28b8d2172b497ec331b8c132eb3ab80a3c30992a3c617fd52ce57166bda88,hist_gradient_boosting,clipped,nasa_score,456.87693777803867,reconstructed,100,PENDING
C06,FD001,cap_130,101,C06_cap_130_c86eff420321_seed_101,outputs/c06_final_c86eff4,c86eff4203214cd7b64c5d908bb71cab69f7c555,cbe5551c07643bf49a68deb2becb3de384e9874ce19044f5218b1d92f43772a1,2bc1740d5d260efca858c3b4da1ae598391af083d8f4b9d08f2d58ab9c4683b2,d0749c56a83464cdb4ba951b8cc5b2e5dbcb1e11500e1e3943abef075c8ce4a4,mean,raw,rmse,43.57301276132203,reconstructed,100,PENDING
C06,FD001,cap_130,101,C06_cap_130_c86eff420321_seed_101,outputs/c06_final_c86eff4,c86eff4203214cd7b64c5d908bb71cab69f7c555,cbe5551c07643bf49a68deb2becb3de384e9874ce19044f5218b1d92f43772a1,2bc1740d5d260efca858c3b4da1ae598391af083d8f4b9d08f2d58ab9c4683b2,d0749c56a83464cdb4ba951b8cc5b2e5dbcb1e11500e1e3943abef075c8ce4a4,mean,raw,mae,35.93249757045675,reconstructed,100,PENDING
C06,FD001,cap_130,101,C06_cap_130_c86eff420321_seed_101,outputs/c06_final_c86eff4,c86eff4203214cd7b64c5d908bb71cab69f7c555,cbe5551c07643bf49a68deb2becb3de384e9874ce19044f5218b1d92f43772a1,2bc1740d5d260efca858c3b4da1ae598391af083d8f4b9d08f2d58ab9c4683b2,d0749c56a83464cdb4ba951b8cc5b2e5dbcb1e11500e1e3943abef075c8ce4a4,mean,raw,signed_error,13.10487852283768,reconstructed,100,PENDING
C06,FD001,cap_130,101,C06_cap_130_c86eff420321_seed_101,outputs/c06_final_c86eff4,c86eff4203214cd7b64c5d908bb71cab69f7c555,cbe5551c07643bf49a68deb2becb3de384e9874ce19044f5218b1d92f43772a1,2bc1740d5d260efca858c3b4da1ae598391af083d8f4b9d08f2d58ab9c4683b2,d0749c56a83464cdb4ba951b8cc5b2e5dbcb1e11500e1e3943abef075c8ce4a4,mean,raw,nasa_score,40037.07797079458,reconstructed,100,PENDING
C06,FD001,cap_130,101,C06_cap_130_c86eff420321_seed_101,outputs/c06_final_c86eff4,c86eff4203214cd7b64c5d908bb71cab69f7c555,cbe5551c07643bf49a68deb2becb3de384e9874ce19044f5218b1d92f43772a1,2bc1740d5d260efca858c3b4da1ae598391af083d8f4b9d08f2d58ab9c4683b2,d0749c56a83464cdb4ba951b8cc5b2e5dbcb1e11500e1e3943abef075c8ce4a4,mean,clipped,rmse,42.932240744290745,reconstructed,100,PENDING
C06,FD001,cap_130,101,C06_cap_130_c86eff420321_seed_101,outputs/c06_final_c86eff4,c86eff4203214cd7b64c5d908bb71cab69f7c555,cbe5551c07643bf49a68deb2becb3de384e9874ce19044f5218b1d92f43772a1,2bc1740d5d260efca858c3b4da1ae598391af083d8f4b9d08f2d58ab9c4683b2,d0749c56a83464cdb4ba951b8cc5b2e5dbcb1e11500e1e3943abef075c8ce4a4,mean,clipped,mae,35.33249757045675,reconstructed,100,PENDING
C06,FD001,cap_130,101,C06_cap_130_c86eff420321_seed_101,outputs/c06_final_c86eff4,c86eff4203214cd7b64c5d908bb71cab69f7c555,cbe5551c07643bf49a68deb2becb3de384e9874ce19044f5218b1d92f43772a1,2bc1740d5d260efca858c3b4da1ae598391af083d8f4b9d08f2d58ab9c4683b2,d0749c56a83464cdb4ba951b8cc5b2e5dbcb1e11500e1e3943abef075c8ce4a4,mean,clipped,signed_error,13.70487852283768,reconstructed,100,PENDING
C06,FD001,cap_130,101,C06_cap_130_c86eff420321_seed_101,outputs/c06_final_c86eff4,c86eff4203214cd7b64c5d908bb71cab69f7c555,cbe5551c07643bf49a68deb2becb3de384e9874ce19044f5218b1d92f43772a1,2bc1740d5d260efca858c3b4da1ae598391af083d8f4b9d08f2d58ab9c4683b2,d0749c56a83464cdb4ba951b8cc5b2e5dbcb1e11500e1e3943abef075c8ce4a4,mean,clipped,nasa_score,39869.187116145215,reconstructed,100,PENDING
C06,FD001,cap_130,101,C06_cap_130_c86eff420321_seed_101,outputs/c06_final_c86eff4,c86eff4203214cd7b64c5d908bb71cab69f7c555,cbe5551c07643bf49a68deb2becb3de384e9874ce19044f5218b1d92f43772a1,2bc1740d5d260efca858c3b4da1ae598391af083d8f4b9d08f2d58ab9c4683b2,d0749c56a83464cdb4ba951b8cc5b2e5dbcb1e11500e1e3943abef075c8ce4a4,ridge,raw,rmse,19.391394409504112,reconstructed,100,PENDING
C06,FD001,cap_130,101,C06_cap_130_c86eff420321_seed_101,outputs/c06_final_c86eff4,c86eff4203214cd7b64c5d908bb71cab69f7c555,cbe5551c07643bf49a68deb2becb3de384e9874ce19044f5218b1d92f43772a1,2bc1740d5d260efca858c3b4da1ae598391af083d8f4b9d08f2d58ab9c4683b2,d0749c56a83464cdb4ba951b8cc5b2e5dbcb1e11500e1e3943abef075c8ce4a4,ridge,raw,mae,15.062625823796138,reconstructed,100,PENDING
C06,FD001,cap_130,101,C06_cap_130_c86eff420321_seed_101,outputs/c06_final_c86eff4,c86eff4203214cd7b64c5d908bb71cab69f7c555,cbe5551c07643bf49a68deb2becb3de384e9874ce19044f5218b1d92f43772a1,2bc1740d5d260efca858c3b4da1ae598391af083d8f4b9d08f2d58ab9c4683b2,d0749c56a83464cdb4ba951b8cc5b2e5dbcb1e11500e1e3943abef075c8ce4a4,ridge,raw,signed_error,0.8321504916714636,reconstructed,100,PENDING
C06,FD001,cap_130,101,C06_cap_130_c86eff420321_seed_101,outputs/c06_final_c86eff4,c86eff4203214cd7b64c5d908bb71cab69f7c555,cbe5551c07643bf49a68deb2becb3de384e9874ce19044f5218b1d92f43772a1,2bc1740d5d260efca858c3b4da1ae598391af083d8f4b9d08f2d58ab9c4683b2,d0749c56a83464cdb4ba951b8cc5b2e5dbcb1e11500e1e3943abef075c8ce4a4,ridge,raw,nasa_score,673.258318661021,reconstructed,100,PENDING
C06,FD001,cap_130,101,C06_cap_130_c86eff420321_seed_101,outputs/c06_final_c86eff4,c86eff4203214cd7b64c5d908bb71cab69f7c555,cbe5551c07643bf49a68deb2becb3de384e9874ce19044f5218b1d92f43772a1,2bc1740d5d260efca858c3b4da1ae598391af083d8f4b9d08f2d58ab9c4683b2,d0749c56a83464cdb4ba951b8cc5b2e5dbcb1e11500e1e3943abef075c8ce4a4,ridge,clipped,rmse,18.71180120903688,reconstructed,100,PENDING
C06,FD001,cap_130,101,C06_cap_130_c86eff420321_seed_101,outputs/c06_final_c86eff4,c86eff4203214cd7b64c5d908bb71cab69f7c555,cbe5551c07643bf49a68deb2becb3de384e9874ce19044f5218b1d92f43772a1,2bc1740d5d260efca858c3b4da1ae598391af083d8f4b9d08f2d58ab9c4683b2,d0749c56a83464cdb4ba951b8cc5b2e5dbcb1e11500e1e3943abef075c8ce4a4,ridge,clipped,mae,14.500368783605623,reconstructed,100,PENDING
C06,FD001,cap_130,101,C06_cap_130_c86eff420321_seed_101,outputs/c06_final_c86eff4,c86eff4203214cd7b64c5d908bb71cab69f7c555,cbe5551c07643bf49a68deb2becb3de384e9874ce19044f5218b1d92f43772a1,2bc1740d5d260efca858c3b4da1ae598391af083d8f4b9d08f2d58ab9c4683b2,d0749c56a83464cdb4ba951b8cc5b2e5dbcb1e11500e1e3943abef075c8ce4a4,ridge,clipped,signed_error,1.3944075318619764,reconstructed,100,PENDING
C06,FD001,cap_130,101,C06_cap_130_c86eff420321_seed_101,outputs/c06_final_c86eff4,c86eff4203214cd7b64c5d908bb71cab69f7c555,cbe5551c07643bf49a68deb2becb3de384e9874ce19044f5218b1d92f43772a1,2bc1740d5d260efca858c3b4da1ae598391af083d8f4b9d08f2d58ab9c4683b2,d0749c56a83464cdb4ba951b8cc5b2e5dbcb1e11500e1e3943abef075c8ce4a4,ridge,clipped,nasa_score,634.6254708254835,reconstructed,100,PENDING
C06,FD001,cap_130,101,C06_cap_130_c86eff420321_seed_101,outputs/c06_final_c86eff4,c86eff4203214cd7b64c5d908bb71cab69f7c555,cbe5551c07643bf49a68deb2becb3de384e9874ce19044f5218b1d92f43772a1,2bc1740d5d260efca858c3b4da1ae598391af083d8f4b9d08f2d58ab9c4683b2,d0749c56a83464cdb4ba951b8cc5b2e5dbcb1e11500e1e3943abef075c8ce4a4,hist_gradient_boosting,raw,rmse,17.060586408428538,reconstructed,100,PENDING
C06,FD001,cap_130,101,C06_cap_130_c86eff420321_seed_101,outputs/c06_final_c86eff4,c86eff4203214cd7b64c5d908bb71cab69f7c555,cbe5551c07643bf49a68deb2becb3de384e9874ce19044f5218b1d92f43772a1,2bc1740d5d260efca858c3b4da1ae598391af083d8f4b9d08f2d58ab9c4683b2,d0749c56a83464cdb4ba951b8cc5b2e5dbcb1e11500e1e3943abef075c8ce4a4,hist_gradient_boosting,raw,mae,13.664031051791223,reconstructed,100,PENDING
C06,FD001,cap_130,101,C06_cap_130_c86eff420321_seed_101,outputs/c06_final_c86eff4,c86eff4203214cd7b64c5d908bb71cab69f7c555,cbe5551c07643bf49a68deb2becb3de384e9874ce19044f5218b1d92f43772a1,2bc1740d5d260efca858c3b4da1ae598391af083d8f4b9d08f2d58ab9c4683b2,d0749c56a83464cdb4ba951b8cc5b2e5dbcb1e11500e1e3943abef075c8ce4a4,hist_gradient_boosting,raw,signed_error,2.72121368453228,reconstructed,100,PENDING
C06,FD001,cap_130,101,C06_cap_130_c86eff420321_seed_101,outputs/c06_final_c86eff4,c86eff4203214cd7b64c5d908bb71cab69f7c555,cbe5551c07643bf49a68deb2becb3de384e9874ce19044f5218b1d92f43772a1,2bc1740d5d260efca858c3b4da1ae598391af083d8f4b9d08f2d58ab9c4683b2,d0749c56a83464cdb4ba951b8cc5b2e5dbcb1e11500e1e3943abef075c8ce4a4,hist_gradient_boosting,raw,nasa_score,458.1796587619012,reconstructed,100,PENDING
C06,FD001,cap_130,101,C06_cap_130_c86eff420321_seed_101,outputs/c06_final_c86eff4,c86eff4203214cd7b64c5d908bb71cab69f7c555,cbe5551c07643bf49a68deb2becb3de384e9874ce19044f5218b1d92f43772a1,2bc1740d5d260efca858c3b4da1ae598391af083d8f4b9d08f2d58ab9c4683b2,d0749c56a83464cdb4ba951b8cc5b2e5dbcb1e11500e1e3943abef075c8ce4a4,hist_gradient_boosting,clipped,rmse,16.37443074525437,reconstructed,100,PENDING
C06,FD001,cap_130,101,C06_cap_130_c86eff420321_seed_101,outputs/c06_final_c86eff4,c86eff4203214cd7b64c5d908bb71cab69f7c555,cbe5551c07643bf49a68deb2becb3de384e9874ce19044f5218b1d92f43772a1,2bc1740d5d260efca858c3b4da1ae598391af083d8f4b9d08f2d58ab9c4683b2,d0749c56a83464cdb4ba951b8cc5b2e5dbcb1e11500e1e3943abef075c8ce4a4,hist_gradient_boosting,clipped,mae,13.064031051791224,reconstructed,100,PENDING
C06,FD001,cap_130,101,C06_cap_130_c86eff420321_seed_101,outputs/c06_final_c86eff4,c86eff4203214cd7b64c5d908bb71cab69f7c555,cbe5551c07643bf49a68deb2becb3de384e9874ce19044f5218b1d92f43772a1,2bc1740d5d260efca858c3b4da1ae598391af083d8f4b9d08f2d58ab9c4683b2,d0749c56a83464cdb4ba951b8cc5b2e5dbcb1e11500e1e3943abef075c8ce4a4,hist_gradient_boosting,clipped,signed_error,3.3212136845322813,reconstructed,100,PENDING
C06,FD001,cap_130,101,C06_cap_130_c86eff420321_seed_101,outputs/c06_final_c86eff4,c86eff4203214cd7b64c5d908bb71cab69f7c555,cbe5551c07643bf49a68deb2becb3de384e9874ce19044f5218b1d92f43772a1,2bc1740d5d260efca858c3b4da1ae598391af083d8f4b9d08f2d58ab9c4683b2,d0749c56a83464cdb4ba951b8cc5b2e5dbcb1e11500e1e3943abef075c8ce4a4,hist_gradient_boosting,clipped,nasa_score,428.5712508645273,reconstructed,100,PENDING
C06,FD001,cap_130,137,C06_cap_130_c86eff420321_seed_137,outputs/c06_final_c86eff4,c86eff4203214cd7b64c5d908bb71cab69f7c555,df9604b2f75765d5a7ddf013c3fd60d14dc13761884debf8789c54f052ddc565,d40131fd514b01e8d9ab9ddaa575b695012cc419c4be50f82a050bbd5e5cf757,4c16308aa1dbcf9cd26dec2b7c2cda4bd8cfcafa9daf85f4438375b47225c6f8,mean,raw,rmse,43.626595494801066,reconstructed,100,PENDING
C06,FD001,cap_130,137,C06_cap_130_c86eff420321_seed_137,outputs/c06_final_c86eff4,c86eff4203214cd7b64c5d908bb71cab69f7c555,df9604b2f75765d5a7ddf013c3fd60d14dc13761884debf8789c54f052ddc565,d40131fd514b01e8d9ab9ddaa575b695012cc419c4be50f82a050bbd5e5cf757,4c16308aa1dbcf9cd26dec2b7c2cda4bd8cfcafa9daf85f4438375b47225c6f8,mean,raw,mae,35.93603902911055,reconstructed,100,PENDING
C06,FD001,cap_130,137,C06_cap_130_c86eff420321_seed_137,outputs/c06_final_c86eff4,c86eff4203214cd7b64c5d908bb71cab69f7c555,df9604b2f75765d5a7ddf013c3fd60d14dc13761884debf8789c54f052ddc565,d40131fd514b01e8d9ab9ddaa575b695012cc419c4be50f82a050bbd5e5cf757,4c16308aa1dbcf9cd26dec2b7c2cda4bd8cfcafa9daf85f4438375b47225c6f8,mean,raw,signed_error,13.28195145552782,reconstructed,100,PENDING
C06,FD001,cap_130,137,C06_cap_130_c86eff420321_seed_137,outputs/c06_final_c86eff4,c86eff4203214cd7b64c5d908bb71cab69f7c555,df9604b2f75765d5a7ddf013c3fd60d14dc13761884debf8789c54f052ddc565,d40131fd514b01e8d9ab9ddaa575b695012cc419c4be50f82a050bbd5e5cf757,4c16308aa1dbcf9cd26dec2b7c2cda4bd8cfcafa9daf85f4438375b47225c6f8,mean,raw,nasa_score,40735.12692870929,reconstructed,100,PENDING
C06,FD001,cap_130,137,C06_cap_130_c86eff420321_seed_137,outputs/c06_final_c86eff4,c86eff4203214cd7b64c5d908bb71cab69f7c555,df9604b2f75765d5a7ddf013c3fd60d14dc13761884debf8789c54f052ddc565,d40131fd514b01e8d9ab9ddaa575b695012cc419c4be50f82a050bbd5e5cf757,4c16308aa1dbcf9cd26dec2b7c2cda4bd8cfcafa9daf85f4438375b47225c6f8,mean,clipped,rmse,42.989093689139686,reconstructed,100,PENDING
C06,FD001,cap_130,137,C06_cap_130_c86eff420321_seed_137,outputs/c06_final_c86eff4,c86eff4203214cd7b64c5d908bb71cab69f7c555,df9604b2f75765d5a7ddf013c3fd60d14dc13761884debf8789c54f052ddc565,d40131fd514b01e8d9ab9ddaa575b695012cc419c4be50f82a050bbd5e5cf757,4c16308aa1dbcf9cd26dec2b7c2cda4bd8cfcafa9daf85f4438375b47225c6f8,mean,clipped,mae,35.33603902911055,reconstructed,100,PENDING
C06,FD001,cap_130,137,C06_cap_130_c86eff420321_seed_137,outputs/c06_final_c86eff4,c86eff4203214cd7b64c5d908bb71cab69f7c555,df9604b2f75765d5a7ddf013c3fd60d14dc13761884debf8789c54f052ddc565,d40131fd514b01e8d9ab9ddaa575b695012cc419c4be50f82a050bbd5e5cf757,4c16308aa1dbcf9cd26dec2b7c2cda4bd8cfcafa9daf85f4438375b47225c6f8,mean,clipped,signed_error,13.881951455527819,reconstructed,100,PENDING
C06,FD001,cap_130,137,C06_cap_130_c86eff420321_seed_137,outputs/c06_final_c86eff4,c86eff4203214cd7b64c5d908bb71cab69f7c555,df9604b2f75765d5a7ddf013c3fd60d14dc13761884debf8789c54f052ddc565,d40131fd514b01e8d9ab9ddaa575b695012cc419c4be50f82a050bbd5e5cf757,4c16308aa1dbcf9cd26dec2b7c2cda4bd8cfcafa9daf85f4438375b47225c6f8,mean,clipped,nasa_score,40569.50741047411,reconstructed,100,PENDING
C06,FD001,cap_130,137,C06_cap_130_c86eff420321_seed_137,outputs/c06_final_c86eff4,c86eff4203214cd7b64c5d908bb71cab69f7c555,df9604b2f75765d5a7ddf013c3fd60d14dc13761884debf8789c54f052ddc565,d40131fd514b01e8d9ab9ddaa575b695012cc419c4be50f82a050bbd5e5cf757,4c16308aa1dbcf9cd26dec2b7c2cda4bd8cfcafa9daf85f4438375b47225c6f8,ridge,raw,rmse,18.75767930791909,reconstructed,100,PENDING
C06,FD001,cap_130,137,C06_cap_130_c86eff420321_seed_137,outputs/c06_final_c86eff4,c86eff4203214cd7b64c5d908bb71cab69f7c555,df9604b2f75765d5a7ddf013c3fd60d14dc13761884debf8789c54f052ddc565,d40131fd514b01e8d9ab9ddaa575b695012cc419c4be50f82a050bbd5e5cf757,4c16308aa1dbcf9cd26dec2b7c2cda4bd8cfcafa9daf85f4438375b47225c6f8,ridge,raw,mae,15.084095516541675,reconstructed,100,PENDING
C06,FD001,cap_130,137,C06_cap_130_c86eff420321_seed_137,outputs/c06_final_c86eff4,c86eff4203214cd7b64c5d908bb71cab69f7c555,df9604b2f75765d5a7ddf013c3fd60d14dc13761884debf8789c54f052ddc565,d40131fd514b01e8d9ab9ddaa575b695012cc419c4be50f82a050bbd5e5cf757,4c16308aa1dbcf9cd26dec2b7c2cda4bd8cfcafa9daf85f4438375b47225c6f8,ridge,raw,signed_error,1.9751911872883552,reconstructed,100,PENDING
C06,FD001,cap_130,137,C06_cap_130_c86eff420321_seed_137,outputs/c06_final_c86eff4,c86eff4203214cd7b64c5d908bb71cab69f7c555,df9604b2f75765d5a7ddf013c3fd60d14dc13761884debf8789c54f052ddc565,d40131fd514b01e8d9ab9ddaa575b695012cc419c4be50f82a050bbd5e5cf757,4c16308aa1dbcf9cd26dec2b7c2cda4bd8cfcafa9daf85f4438375b47225c6f8,ridge,raw,nasa_score,587.3638044011451,reconstructed,100,PENDING
C06,FD001,cap_130,137,C06_cap_130_c86eff420321_seed_137,outputs/c06_final_c86eff4,c86eff4203214cd7b64c5d908bb71cab69f7c555,df9604b2f75765d5a7ddf013c3fd60d14dc13761884debf8789c54f052ddc565,d40131fd514b01e8d9ab9ddaa575b695012cc419c4be50f82a050bbd5e5cf757,4c16308aa1dbcf9cd26dec2b7c2cda4bd8cfcafa9daf85f4438375b47225c6f8,ridge,clipped,rmse,18.03539458841285,reconstructed,100,PENDING
C06,FD001,cap_130,137,C06_cap_130_c86eff420321_seed_137,outputs/c06_final_c86eff4,c86eff4203214cd7b64c5d908bb71cab69f7c555,df9604b2f75765d5a7ddf013c3fd60d14dc13761884debf8789c54f052ddc565,d40131fd514b01e8d9ab9ddaa575b695012cc419c4be50f82a050bbd5e5cf757,4c16308aa1dbcf9cd26dec2b7c2cda4bd8cfcafa9daf85f4438375b47225c6f8,ridge,clipped,mae,14.398748101193931,reconstructed,100,PENDING
C06,FD001,cap_130,137,C06_cap_130_c86eff420321_seed_137,outputs/c06_final_c86eff4,c86eff4203214cd7b64c5d908bb71cab69f7c555,df9604b2f75765d5a7ddf013c3fd60d14dc13761884debf8789c54f052ddc565,d40131fd514b01e8d9ab9ddaa575b695012cc419c4be50f82a050bbd5e5cf757,4c16308aa1dbcf9cd26dec2b7c2cda4bd8cfcafa9daf85f4438375b47225c6f8,ridge,clipped,signed_error,2.63898911266293,reconstructed,100,PENDING
C06,FD001,cap_130,137,C06_cap_130_c86eff420321_seed_137,outputs/c06_final_c86eff4,c86eff4203214cd7b64c5d908bb71cab69f7c555,df9604b2f75765d5a7ddf013c3fd60d14dc13761884debf8789c54f052ddc565,d40131fd514b01e8d9ab9ddaa575b695012cc419c4be50f82a050bbd5e5cf757,4c16308aa1dbcf9cd26dec2b7c2cda4bd8cfcafa9daf85f4438375b47225c6f8,ridge,clipped,nasa_score,555.3115120223858,reconstructed,100,PENDING
C06,FD001,cap_130,137,C06_cap_130_c86eff420321_seed_137,outputs/c06_final_c86eff4,c86eff4203214cd7b64c5d908bb71cab69f7c555,df9604b2f75765d5a7ddf013c3fd60d14dc13761884debf8789c54f052ddc565,d40131fd514b01e8d9ab9ddaa575b695012cc419c4be50f82a050bbd5e5cf757,4c16308aa1dbcf9cd26dec2b7c2cda4bd8cfcafa9daf85f4438375b47225c6f8,hist_gradient_boosting,raw,rmse,16.574315810372884,reconstructed,100,PENDING
C06,FD001,cap_130,137,C06_cap_130_c86eff420321_seed_137,outputs/c06_final_c86eff4,c86eff4203214cd7b64c5d908bb71cab69f7c555,df9604b2f75765d5a7ddf013c3fd60d14dc13761884debf8789c54f052ddc565,d40131fd514b01e8d9ab9ddaa575b695012cc419c4be50f82a050bbd5e5cf757,4c16308aa1dbcf9cd26dec2b7c2cda4bd8cfcafa9daf85f4438375b47225c6f8,hist_gradient_boosting,raw,mae,13.437652685207079,reconstructed,100,PENDING
C06,FD001,cap_130,137,C06_cap_130_c86eff420321_seed_137,outputs/c06_final_c86eff4,c86eff4203214cd7b64c5d908bb71cab69f7c555,df9604b2f75765d5a7ddf013c3fd60d14dc13761884debf8789c54f052ddc565,d40131fd514b01e8d9ab9ddaa575b695012cc419c4be50f82a050bbd5e5cf757,4c16308aa1dbcf9cd26dec2b7c2cda4bd8cfcafa9daf85f4438375b47225c6f8,hist_gradient_boosting,raw,signed_error,3.5591822321931637,reconstructed,100,PENDING
C06,FD001,cap_130,137,C06_cap_130_c86eff420321_seed_137,outputs/c06_final_c86eff4,c86eff4203214cd7b64c5d908bb71cab69f7c555,df9604b2f75765d5a7ddf013c3fd60d14dc13761884debf8789c54f052ddc565,d40131fd514b01e8d9ab9ddaa575b695012cc419c4be50f82a050bbd5e5cf757,4c16308aa1dbcf9cd26dec2b7c2cda4bd8cfcafa9daf85f4438375b47225c6f8,hist_gradient_boosting,raw,nasa_score,449.0639976158562,reconstructed,100,PENDING
C06,FD001,cap_130,137,C06_cap_130_c86eff420321_seed_137,outputs/c06_final_c86eff4,c86eff4203214cd7b64c5d908bb71cab69f7c555,df9604b2f75765d5a7ddf013c3fd60d14dc13761884debf8789c54f052ddc565,d40131fd514b01e8d9ab9ddaa575b695012cc419c4be50f82a050bbd5e5cf757,4c16308aa1dbcf9cd26dec2b7c2cda4bd8cfcafa9daf85f4438375b47225c6f8,hist_gradient_boosting,clipped,rmse,15.951827811904366,reconstructed,100,PENDING
C06,FD001,cap_130,137,C06_cap_130_c86eff420321_seed_137,outputs/c06_final_c86eff4,c86eff4203214cd7b64c5d908bb71cab69f7c555,df9604b2f75765d5a7ddf013c3fd60d14dc13761884debf8789c54f052ddc565,d40131fd514b01e8d9ab9ddaa575b695012cc419c4be50f82a050bbd5e5cf757,4c16308aa1dbcf9cd26dec2b7c2cda4bd8cfcafa9daf85f4438375b47225c6f8,hist_gradient_boosting,clipped,mae,12.837652685207079,reconstructed,100,PENDING
C06,FD001,cap_130,137,C06_cap_130_c86eff420321_seed_137,outputs/c06_final_c86eff4,c86eff4203214cd7b64c5d908bb71cab69f7c555,df9604b2f75765d5a7ddf013c3fd60d14dc13761884debf8789c54f052ddc565,d40131fd514b01e8d9ab9ddaa575b695012cc419c4be50f82a050bbd5e5cf757,4c16308aa1dbcf9cd26dec2b7c2cda4bd8cfcafa9daf85f4438375b47225c6f8,hist_gradient_boosting,clipped,signed_error,4.159182232193164,reconstructed,100,PENDING
C06,FD001,cap_130,137,C06_cap_130_c86eff420321_seed_137,outputs/c06_final_c86eff4,c86eff4203214cd7b64c5d908bb71cab69f7c555,df9604b2f75765d5a7ddf013c3fd60d14dc13761884debf8789c54f052ddc565,d40131fd514b01e8d9ab9ddaa575b695012cc419c4be50f82a050bbd5e5cf757,4c16308aa1dbcf9cd26dec2b7c2cda4bd8cfcafa9daf85f4438375b47225c6f8,hist_gradient_boosting,clipped,nasa_score,430.7996758393296,reconstructed,100,PENDING
C06,FD001,early_calibration,13,C06_early_calibration_c86eff420321_seed_13,outputs/c06_final_c86eff4,c86eff4203214cd7b64c5d908bb71cab69f7c555,94d43e99e64fe62393ed8059e659acf93cf0bc9ab0ed0b89f3accac6ec3b14aa,6c6a2624072d9489732942bd9b871f5c142aff623d5a808a939e790cb03752fb,854cf3f04c12366b7d1aba91b57ac4093bed67bed2df8557eea1fd144caa686b,mean,raw,rmse,42.6972574249317,reconstructed,100,PENDING
C06,FD001,early_calibration,13,C06_early_calibration_c86eff420321_seed_13,outputs/c06_final_c86eff4,c86eff4203214cd7b64c5d908bb71cab69f7c555,94d43e99e64fe62393ed8059e659acf93cf0bc9ab0ed0b89f3accac6ec3b14aa,6c6a2624072d9489732942bd9b871f5c142aff623d5a808a939e790cb03752fb,854cf3f04c12366b7d1aba91b57ac4093bed67bed2df8557eea1fd144caa686b,mean,raw,mae,35.9,reconstructed,100,PENDING
C06,FD001,early_calibration,13,C06_early_calibration_c86eff420321_seed_13,outputs/c06_final_c86eff4,c86eff4203214cd7b64c5d908bb71cab69f7c555,94d43e99e64fe62393ed8059e659acf93cf0bc9ab0ed0b89f3accac6ec3b14aa,6c6a2624072d9489732942bd9b871f5c142aff623d5a808a939e790cb03752fb,854cf3f04c12366b7d1aba91b57ac4093bed67bed2df8557eea1fd144caa686b,mean,raw,signed_error,9.807455919395451,reconstructed,100,PENDING
C06,FD001,early_calibration,13,C06_early_calibration_c86eff420321_seed_13,outputs/c06_final_c86eff4,c86eff4203214cd7b64c5d908bb71cab69f7c555,94d43e99e64fe62393ed8059e659acf93cf0bc9ab0ed0b89f3accac6ec3b14aa,6c6a2624072d9489732942bd9b871f5c142aff623d5a808a939e790cb03752fb,854cf3f04c12366b7d1aba91b57ac4093bed67bed2df8557eea1fd144caa686b,mean,raw,nasa_score,29107.961611339386,reconstructed,100,PENDING
C06,FD001,early_calibration,13,C06_early_calibration_c86eff420321_seed_13,outputs/c06_final_c86eff4,c86eff4203214cd7b64c5d908bb71cab69f7c555,94d43e99e64fe62393ed8059e659acf93cf0bc9ab0ed0b89f3accac6ec3b14aa,6c6a2624072d9489732942bd9b871f5c142aff623d5a808a939e790cb03752fb,854cf3f04c12366b7d1aba91b57ac4093bed67bed2df8557eea1fd144caa686b,mean,clipped,rmse,41.523325339842316,reconstructed,100,PENDING
C06,FD001,early_calibration,13,C06_early_calibration_c86eff420321_seed_13,outputs/c06_final_c86eff4,c86eff4203214cd7b64c5d908bb71cab69f7c555,94d43e99e64fe62393ed8059e659acf93cf0bc9ab0ed0b89f3accac6ec3b14aa,6c6a2624072d9489732942bd9b871f5c142aff623d5a808a939e790cb03752fb,854cf3f04c12366b7d1aba91b57ac4093bed67bed2df8557eea1fd144caa686b,mean,clipped,mae,34.83,reconstructed,100,PENDING
C06,FD001,early_calibration,13,C06_early_calibration_c86eff420321_seed_13,outputs/c06_final_c86eff4,c86eff4203214cd7b64c5d908bb71cab69f7c555,94d43e99e64fe62393ed8059e659acf93cf0bc9ab0ed0b89f3accac6ec3b14aa,6c6a2624072d9489732942bd9b871f5c142aff623d5a808a939e790cb03752fb,854cf3f04c12366b7d1aba91b57ac4093bed67bed2df8557eea1fd144caa686b,mean,clipped,signed_error,10.877455919395459,reconstructed,100,PENDING
C06,FD001,early_calibration,13,C06_early_calibration_c86eff420321_seed_13,outputs/c06_final_c86eff4,c86eff4203214cd7b64c5d908bb71cab69f7c555,94d43e99e64fe62393ed8059e659acf93cf0bc9ab0ed0b89f3accac6ec3b14aa,6c6a2624072d9489732942bd9b871f5c142aff623d5a808a939e790cb03752fb,854cf3f04c12366b7d1aba91b57ac4093bed67bed2df8557eea1fd144caa686b,mean,clipped,nasa_score,28799.55497154869,reconstructed,100,PENDING
C06,FD001,early_calibration,13,C06_early_calibration_c86eff420321_seed_13,outputs/c06_final_c86eff4,c86eff4203214cd7b64c5d908bb71cab69f7c555,94d43e99e64fe62393ed8059e659acf93cf0bc9ab0ed0b89f3accac6ec3b14aa,6c6a2624072d9489732942bd9b871f5c142aff623d5a808a939e790cb03752fb,854cf3f04c12366b7d1aba91b57ac4093bed67bed2df8557eea1fd144caa686b,ridge,raw,rmse,20.116943049074276,reconstructed,100,PENDING
C06,FD001,early_calibration,13,C06_early_calibration_c86eff420321_seed_13,outputs/c06_final_c86eff4,c86eff4203214cd7b64c5d908bb71cab69f7c555,94d43e99e64fe62393ed8059e659acf93cf0bc9ab0ed0b89f3accac6ec3b14aa,6c6a2624072d9489732942bd9b871f5c142aff623d5a808a939e790cb03752fb,854cf3f04c12366b7d1aba91b57ac4093bed67bed2df8557eea1fd144caa686b,ridge,raw,mae,15.520629605044277,reconstructed,100,PENDING
C06,FD001,early_calibration,13,C06_early_calibration_c86eff420321_seed_13,outputs/c06_final_c86eff4,c86eff4203214cd7b64c5d908bb71cab69f7c555,94d43e99e64fe62393ed8059e659acf93cf0bc9ab0ed0b89f3accac6ec3b14aa,6c6a2624072d9489732942bd9b871f5c142aff623d5a808a939e790cb03752fb,854cf3f04c12366b7d1aba91b57ac4093bed67bed2df8557eea1fd144caa686b,ridge,raw,signed_error,-2.480058848241517,reconstructed,100,PENDING
C06,FD001,early_calibration,13,C06_early_calibration_c86eff420321_seed_13,outputs/c06_final_c86eff4,c86eff4203214cd7b64c5d908bb71cab69f7c555,94d43e99e64fe62393ed8059e659acf93cf0bc9ab0ed0b89f3accac6ec3b14aa,6c6a2624072d9489732942bd9b871f5c142aff623d5a808a939e790cb03752fb,854cf3f04c12366b7d1aba91b57ac4093bed67bed2df8557eea1fd144caa686b,ridge,raw,nasa_score,656.7451446483229,reconstructed,100,PENDING
C06,FD001,early_calibration,13,C06_early_calibration_c86eff420321_seed_13,outputs/c06_final_c86eff4,c86eff4203214cd7b64c5d908bb71cab69f7c555,94d43e99e64fe62393ed8059e659acf93cf0bc9ab0ed0b89f3accac6ec3b14aa,6c6a2624072d9489732942bd9b871f5c142aff623d5a808a939e790cb03752fb,854cf3f04c12366b7d1aba91b57ac4093bed67bed2df8557eea1fd144caa686b,ridge,clipped,rmse,18.757302031911998,reconstructed,100,PENDING
C06,FD001,early_calibration,13,C06_early_calibration_c86eff420321_seed_13,outputs/c06_final_c86eff4,c86eff4203214cd7b64c5d908bb71cab69f7c555,94d43e99e64fe62393ed8059e659acf93cf0bc9ab0ed0b89f3accac6ec3b14aa,6c6a2624072d9489732942bd9b871f5c142aff623d5a808a939e790cb03752fb,854cf3f04c12366b7d1aba91b57ac4093bed67bed2df8557eea1fd144caa686b,ridge,clipped,mae,14.426285007018455,reconstructed,100,PENDING
C06,FD001,early_calibration,13,C06_early_calibration_c86eff420321_seed_13,outputs/c06_final_c86eff4,c86eff4203214cd7b64c5d908bb71cab69f7c555,94d43e99e64fe62393ed8059e659acf93cf0bc9ab0ed0b89f3accac6ec3b14aa,6c6a2624072d9489732942bd9b871f5c142aff623d5a808a939e790cb03752fb,854cf3f04c12366b7d1aba91b57ac4093bed67bed2df8557eea1fd144caa686b,ridge,clipped,signed_error,-1.3857142502156952,reconstructed,100,PENDING
C06,FD001,early_calibration,13,C06_early_calibration_c86eff420321_seed_13,outputs/c06_final_c86eff4,c86eff4203214cd7b64c5d908bb71cab69f7c555,94d43e99e64fe62393ed8059e659acf93cf0bc9ab0ed0b89f3accac6ec3b14aa,6c6a2624072d9489732942bd9b871f5c142aff623d5a808a939e790cb03752fb,854cf3f04c12366b7d1aba91b57ac4093bed67bed2df8557eea1fd144caa686b,ridge,clipped,nasa_score,571.388059042254,reconstructed,100,PENDING
C06,FD001,early_calibration,13,C06_early_calibration_c86eff420321_seed_13,outputs/c06_final_c86eff4,c86eff4203214cd7b64c5d908bb71cab69f7c555,94d43e99e64fe62393ed8059e659acf93cf0bc9ab0ed0b89f3accac6ec3b14aa,6c6a2624072d9489732942bd9b871f5c142aff623d5a808a939e790cb03752fb,854cf3f04c12366b7d1aba91b57ac4093bed67bed2df8557eea1fd144caa686b,hist_gradient_boosting,raw,rmse,17.7993505617479,reconstructed,100,PENDING
C06,FD001,early_calibration,13,C06_early_calibration_c86eff420321_seed_13,outputs/c06_final_c86eff4,c86eff4203214cd7b64c5d908bb71cab69f7c555,94d43e99e64fe62393ed8059e659acf93cf0bc9ab0ed0b89f3accac6ec3b14aa,6c6a2624072d9489732942bd9b871f5c142aff623d5a808a939e790cb03752fb,854cf3f04c12366b7d1aba91b57ac4093bed67bed2df8557eea1fd144caa686b,hist_gradient_boosting,raw,mae,14.006307245117574,reconstructed,100,PENDING
C06,FD001,early_calibration,13,C06_early_calibration_c86eff420321_seed_13,outputs/c06_final_c86eff4,c86eff4203214cd7b64c5d908bb71cab69f7c555,94d43e99e64fe62393ed8059e659acf93cf0bc9ab0ed0b89f3accac6ec3b14aa,6c6a2624072d9489732942bd9b871f5c142aff623d5a808a939e790cb03752fb,854cf3f04c12366b7d1aba91b57ac4093bed67bed2df8557eea1fd144caa686b,hist_gradient_boosting,raw,signed_error,-0.601513103812219,reconstructed,100,PENDING
C06,FD001,early_calibration,13,C06_early_calibration_c86eff420321_seed_13,outputs/c06_final_c86eff4,c86eff4203214cd7b64c5d908bb71cab69f7c555,94d43e99e64fe62393ed8059e659acf93cf0bc9ab0ed0b89f3accac6ec3b14aa,6c6a2624072d9489732942bd9b871f5c142aff623d5a808a939e790cb03752fb,854cf3f04c12366b7d1aba91b57ac4093bed67bed2df8557eea1fd144caa686b,hist_gradient_boosting,raw,nasa_score,447.0682201015349,reconstructed,100,PENDING
C06,FD001,early_calibration,13,C06_early_calibration_c86eff420321_seed_13,outputs/c06_final_c86eff4,c86eff4203214cd7b64c5d908bb71cab69f7c555,94d43e99e64fe62393ed8059e659acf93cf0bc9ab0ed0b89f3accac6ec3b14aa,6c6a2624072d9489732942bd9b871f5c142aff623d5a808a939e790cb03752fb,854cf3f04c12366b7d1aba91b57ac4093bed67bed2df8557eea1fd144caa686b,hist_gradient_boosting,clipped,rmse,16.408302836831606,reconstructed,100,PENDING
C06,FD001,early_calibration,13,C06_early_calibration_c86eff420321_seed_13,outputs/c06_final_c86eff4,c86eff4203214cd7b64c5d908bb71cab69f7c555,94d43e99e64fe62393ed8059e659acf93cf0bc9ab0ed0b89f3accac6ec3b14aa,6c6a2624072d9489732942bd9b871f5c142aff623d5a808a939e790cb03752fb,854cf3f04c12366b7d1aba91b57ac4093bed67bed2df8557eea1fd144caa686b,hist_gradient_boosting,clipped,mae,12.936307245117574,reconstructed,100,PENDING
C06,FD001,early_calibration,13,C06_early_calibration_c86eff420321_seed_13,outputs/c06_final_c86eff4,c86eff4203214cd7b64c5d908bb71cab69f7c555,94d43e99e64fe62393ed8059e659acf93cf0bc9ab0ed0b89f3accac6ec3b14aa,6c6a2624072d9489732942bd9b871f5c142aff623d5a808a939e790cb03752fb,854cf3f04c12366b7d1aba91b57ac4093bed67bed2df8557eea1fd144caa686b,hist_gradient_boosting,clipped,signed_error,0.46848689618778083,reconstructed,100,PENDING
C06,FD001,early_calibration,13,C06_early_calibration_c86eff420321_seed_13,outputs/c06_final_c86eff4,c86eff4203214cd7b64c5d908bb71cab69f7c555,94d43e99e64fe62393ed8059e659acf93cf0bc9ab0ed0b89f3accac6ec3b14aa,6c6a2624072d9489732942bd9b871f5c142aff623d5a808a939e790cb03752fb,854cf3f04c12366b7d1aba91b57ac4093bed67bed2df8557eea1fd144caa686b,hist_gradient_boosting,clipped,nasa_score,384.8227758548457,reconstructed,100,PENDING
C06,FD001,early_calibration,37,C06_early_calibration_c86eff420321_seed_37,outputs/c06_final_c86eff4,c86eff4203214cd7b64c5d908bb71cab69f7c555,5b654f3df7287bec31f6d0441c633c4b526185fba3bffca287da0124e24682f4,da537de1b2c2835698d5dd540f4c39383ee786c6e2a8a25faf3dad1bcc9cd51a,a138614a630a7b1e0783bf5bb5947fcf474cba08e8b5ca50003939f0d57a50df,mean,raw,rmse,43.24306023167234,reconstructed,100,PENDING
C06,FD001,early_calibration,37,C06_early_calibration_c86eff420321_seed_37,outputs/c06_final_c86eff4,c86eff4203214cd7b64c5d908bb71cab69f7c555,5b654f3df7287bec31f6d0441c633c4b526185fba3bffca287da0124e24682f4,da537de1b2c2835698d5dd540f4c39383ee786c6e2a8a25faf3dad1bcc9cd51a,a138614a630a7b1e0783bf5bb5947fcf474cba08e8b5ca50003939f0d57a50df,mean,raw,mae,35.909642686993806,reconstructed,100,PENDING
C06,FD001,early_calibration,37,C06_early_calibration_c86eff420321_seed_37,outputs/c06_final_c86eff4,c86eff4203214cd7b64c5d908bb71cab69f7c555,5b654f3df7287bec31f6d0441c633c4b526185fba3bffca287da0124e24682f4,da537de1b2c2835698d5dd540f4c39383ee786c6e2a8a25faf3dad1bcc9cd51a,a138614a630a7b1e0783bf5bb5947fcf474cba08e8b5ca50003939f0d57a50df,mean,raw,signed_error,11.962134349690334,reconstructed,100,PENDING
C06,FD001,early_calibration,37,C06_early_calibration_c86eff420321_seed_37,outputs/c06_final_c86eff4,c86eff4203214cd7b64c5d908bb71cab69f7c555,5b654f3df7287bec31f6d0441c633c4b526185fba3bffca287da0124e24682f4,da537de1b2c2835698d5dd540f4c39383ee786c6e2a8a25faf3dad1bcc9cd51a,a138614a630a7b1e0783bf5bb5947fcf474cba08e8b5ca50003939f0d57a50df,mean,raw,nasa_score,35823.76432364773,reconstructed,100,PENDING
C06,FD001,early_calibration,37,C06_early_calibration_c86eff420321_seed_37,outputs/c06_final_c86eff4,c86eff4203214cd7b64c5d908bb71cab69f7c555,5b654f3df7287bec31f6d0441c633c4b526185fba3bffca287da0124e24682f4,da537de1b2c2835698d5dd540f4c39383ee786c6e2a8a25faf3dad1bcc9cd51a,a138614a630a7b1e0783bf5bb5947fcf474cba08e8b5ca50003939f0d57a50df,mean,clipped,rmse,42.13910328552779,reconstructed,100,PENDING
C06,FD001,early_calibration,37,C06_early_calibration_c86eff420321_seed_37,outputs/c06_final_c86eff4,c86eff4203214cd7b64c5d908bb71cab69f7c555,5b654f3df7287bec31f6d0441c633c4b526185fba3bffca287da0124e24682f4,da537de1b2c2835698d5dd540f4c39383ee786c6e2a8a25faf3dad1bcc9cd51a,a138614a630a7b1e0783bf5bb5947fcf474cba08e8b5ca50003939f0d57a50df,mean,clipped,mae,34.839642686993805,reconstructed,100,PENDING
C06,FD001,early_calibration,37,C06_early_calibration_c86eff420321_seed_37,outputs/c06_final_c86eff4,c86eff4203214cd7b64c5d908bb71cab69f7c555,5b654f3df7287bec31f6d0441c633c4b526185fba3bffca287da0124e24682f4,da537de1b2c2835698d5dd540f4c39383ee786c6e2a8a25faf3dad1bcc9cd51a,a138614a630a7b1e0783bf5bb5947fcf474cba08e8b5ca50003939f0d57a50df,mean,clipped,signed_error,13.032134349690335,reconstructed,100,PENDING
C06,FD001,early_calibration,37,C06_early_calibration_c86eff420321_seed_37,outputs/c06_final_c86eff4,c86eff4203214cd7b64c5d908bb71cab69f7c555,5b654f3df7287bec31f6d0441c633c4b526185fba3bffca287da0124e24682f4,da537de1b2c2835698d5dd540f4c39383ee786c6e2a8a25faf3dad1bcc9cd51a,a138614a630a7b1e0783bf5bb5947fcf474cba08e8b5ca50003939f0d57a50df,mean,clipped,nasa_score,35562.46288542401,reconstructed,100,PENDING
C06,FD001,early_calibration,37,C06_early_calibration_c86eff420321_seed_37,outputs/c06_final_c86eff4,c86eff4203214cd7b64c5d908bb71cab69f7c555,5b654f3df7287bec31f6d0441c633c4b526185fba3bffca287da0124e24682f4,da537de1b2c2835698d5dd540f4c39383ee786c6e2a8a25faf3dad1bcc9cd51a,a138614a630a7b1e0783bf5bb5947fcf474cba08e8b5ca50003939f0d57a50df,ridge,raw,rmse,18.48038572847197,reconstructed,100,PENDING
C06,FD001,early_calibration,37,C06_early_calibration_c86eff420321_seed_37,outputs/c06_final_c86eff4,c86eff4203214cd7b64c5d908bb71cab69f7c555,5b654f3df7287bec31f6d0441c633c4b526185fba3bffca287da0124e24682f4,da537de1b2c2835698d5dd540f4c39383ee786c6e2a8a25faf3dad1bcc9cd51a,a138614a630a7b1e0783bf5bb5947fcf474cba08e8b5ca50003939f0d57a50df,ridge,raw,mae,14.534084883070147,reconstructed,100,PENDING
C06,FD001,early_calibration,37,C06_early_calibration_c86eff420321_seed_37,outputs/c06_final_c86eff4,c86eff4203214cd7b64c5d908bb71cab69f7c555,5b654f3df7287bec31f6d0441c633c4b526185fba3bffca287da0124e24682f4,da537de1b2c2835698d5dd540f4c39383ee786c6e2a8a25faf3dad1bcc9cd51a,a138614a630a7b1e0783bf5bb5947fcf474cba08e8b5ca50003939f0d57a50df,ridge,raw,signed_error,1.9195463221298428,reconstructed,100,PENDING
C06,FD001,early_calibration,37,C06_early_calibration_c86eff420321_seed_37,outputs/c06_final_c86eff4,c86eff4203214cd7b64c5d908bb71cab69f7c555,5b654f3df7287bec31f6d0441c633c4b526185fba3bffca287da0124e24682f4,da537de1b2c2835698d5dd540f4c39383ee786c6e2a8a25faf3dad1bcc9cd51a,a138614a630a7b1e0783bf5bb5947fcf474cba08e8b5ca50003939f0d57a50df,ridge,raw,nasa_score,582.212670070333,reconstructed,100,PENDING
C06,FD001,early_calibration,37,C06_early_calibration_c86eff420321_seed_37,outputs/c06_final_c86eff4,c86eff4203214cd7b64c5d908bb71cab69f7c555,5b654f3df7287bec31f6d0441c633c4b526185fba3bffca287da0124e24682f4,da537de1b2c2835698d5dd540f4c39383ee786c6e2a8a25faf3dad1bcc9cd51a,a138614a630a7b1e0783bf5bb5947fcf474cba08e8b5ca50003939f0d57a50df,ridge,clipped,rmse,17.35317009247391,reconstructed,100,PENDING
C06,FD001,early_calibration,37,C06_early_calibration_c86eff420321_seed_37,outputs/c06_final_c86eff4,c86eff4203214cd7b64c5d908bb71cab69f7c555,5b654f3df7287bec31f6d0441c633c4b526185fba3bffca287da0124e24682f4,da537de1b2c2835698d5dd540f4c39383ee786c6e2a8a25faf3dad1bcc9cd51a,a138614a630a7b1e0783bf5bb5947fcf474cba08e8b5ca50003939f0d57a50df,ridge,clipped,mae,13.460964052832376,reconstructed,100,PENDING
C06,FD001,early_calibration,37,C06_early_calibration_c86eff420321_seed_37,outputs/c06_final_c86eff4,c86eff4203214cd7b64c5d908bb71cab69f7c555,5b654f3df7287bec31f6d0441c633c4b526185fba3bffca287da0124e24682f4,da537de1b2c2835698d5dd540f4c39383ee786c6e2a8a25faf3dad1bcc9cd51a,a138614a630a7b1e0783bf5bb5947fcf474cba08e8b5ca50003939f0d57a50df,ridge,clipped,signed_error,2.992667152367612,reconstructed,100,PENDING
C06,FD001,early_calibration,37,C06_early_calibration_c86eff420321_seed_37,outputs/c06_final_c86eff4,c86eff4203214cd7b64c5d908bb71cab69f7c555,5b654f3df7287bec31f6d0441c633c4b526185fba3bffca287da0124e24682f4,da537de1b2c2835698d5dd540f4c39383ee786c6e2a8a25faf3dad1bcc9cd51a,a138614a630a7b1e0783bf5bb5947fcf474cba08e8b5ca50003939f0d57a50df,ridge,clipped,nasa_score,539.7013601577119,reconstructed,100,PENDING
C06,FD001,early_calibration,37,C06_early_calibration_c86eff420321_seed_37,outputs/c06_final_c86eff4,c86eff4203214cd7b64c5d908bb71cab69f7c555,5b654f3df7287bec31f6d0441c633c4b526185fba3bffca287da0124e24682f4,da537de1b2c2835698d5dd540f4c39383ee786c6e2a8a25faf3dad1bcc9cd51a,a138614a630a7b1e0783bf5bb5947fcf474cba08e8b5ca50003939f0d57a50df,hist_gradient_boosting,raw,rmse,17.202447026929242,reconstructed,100,PENDING
C06,FD001,early_calibration,37,C06_early_calibration_c86eff420321_seed_37,outputs/c06_final_c86eff4,c86eff4203214cd7b64c5d908bb71cab69f7c555,5b654f3df7287bec31f6d0441c633c4b526185fba3bffca287da0124e24682f4,da537de1b2c2835698d5dd540f4c39383ee786c6e2a8a25faf3dad1bcc9cd51a,a138614a630a7b1e0783bf5bb5947fcf474cba08e8b5ca50003939f0d57a50df,hist_gradient_boosting,raw,mae,13.544686450830925,reconstructed,100,PENDING
C06,FD001,early_calibration,37,C06_early_calibration_c86eff420321_seed_37,outputs/c06_final_c86eff4,c86eff4203214cd7b64c5d908bb71cab69f7c555,5b654f3df7287bec31f6d0441c633c4b526185fba3bffca287da0124e24682f4,da537de1b2c2835698d5dd540f4c39383ee786c6e2a8a25faf3dad1bcc9cd51a,a138614a630a7b1e0783bf5bb5947fcf474cba08e8b5ca50003939f0d57a50df,hist_gradient_boosting,raw,signed_error,3.6157650849530993,reconstructed,100,PENDING
C06,FD001,early_calibration,37,C06_early_calibration_c86eff420321_seed_37,outputs/c06_final_c86eff4,c86eff4203214cd7b64c5d908bb71cab69f7c555,5b654f3df7287bec31f6d0441c633c4b526185fba3bffca287da0124e24682f4,da537de1b2c2835698d5dd540f4c39383ee786c6e2a8a25faf3dad1bcc9cd51a,a138614a630a7b1e0783bf5bb5947fcf474cba08e8b5ca50003939f0d57a50df,hist_gradient_boosting,raw,nasa_score,540.0344490575861,reconstructed,100,PENDING
C06,FD001,early_calibration,37,C06_early_calibration_c86eff420321_seed_37,outputs/c06_final_c86eff4,c86eff4203214cd7b64c5d908bb71cab69f7c555,5b654f3df7287bec31f6d0441c633c4b526185fba3bffca287da0124e24682f4,da537de1b2c2835698d5dd540f4c39383ee786c6e2a8a25faf3dad1bcc9cd51a,a138614a630a7b1e0783bf5bb5947fcf474cba08e8b5ca50003939f0d57a50df,hist_gradient_boosting,clipped,rmse,16.050156665242344,reconstructed,100,PENDING
C06,FD001,early_calibration,37,C06_early_calibration_c86eff420321_seed_37,outputs/c06_final_c86eff4,c86eff4203214cd7b64c5d908bb71cab69f7c555,5b654f3df7287bec31f6d0441c633c4b526185fba3bffca287da0124e24682f4,da537de1b2c2835698d5dd540f4c39383ee786c6e2a8a25faf3dad1bcc9cd51a,a138614a630a7b1e0783bf5bb5947fcf474cba08e8b5ca50003939f0d57a50df,hist_gradient_boosting,clipped,mae,12.474686450830925,reconstructed,100,PENDING
C06,FD001,early_calibration,37,C06_early_calibration_c86eff420321_seed_37,outputs/c06_final_c86eff4,c86eff4203214cd7b64c5d908bb71cab69f7c555,5b654f3df7287bec31f6d0441c633c4b526185fba3bffca287da0124e24682f4,da537de1b2c2835698d5dd540f4c39383ee786c6e2a8a25faf3dad1bcc9cd51a,a138614a630a7b1e0783bf5bb5947fcf474cba08e8b5ca50003939f0d57a50df,hist_gradient_boosting,clipped,signed_error,4.6857650849531005,reconstructed,100,PENDING
C06,FD001,early_calibration,37,C06_early_calibration_c86eff420321_seed_37,outputs/c06_final_c86eff4,c86eff4203214cd7b64c5d908bb71cab69f7c555,5b654f3df7287bec31f6d0441c633c4b526185fba3bffca287da0124e24682f4,da537de1b2c2835698d5dd540f4c39383ee786c6e2a8a25faf3dad1bcc9cd51a,a138614a630a7b1e0783bf5bb5947fcf474cba08e8b5ca50003939f0d57a50df,hist_gradient_boosting,clipped,nasa_score,501.67496445920347,reconstructed,100,PENDING
C06,FD001,early_calibration,73,C06_early_calibration_c86eff420321_seed_73,outputs/c06_final_c86eff4,c86eff4203214cd7b64c5d908bb71cab69f7c555,d46212af096ceda55313179ec9a969787b09c8c6f025326cd08b0a736ca4f4aa,db8eb2237d2aee56f2627a4ce66db91010c9b34b9044591d4130ef164ef5c3e8,8a03542365e552d41fcf8c950a30b5c01f25df3ae2b42e6c039d7fc0dc612271,mean,raw,rmse,42.99238410984966,reconstructed,100,PENDING
C06,FD001,early_calibration,73,C06_early_calibration_c86eff420321_seed_73,outputs/c06_final_c86eff4,c86eff4203214cd7b64c5d908bb71cab69f7c555,d46212af096ceda55313179ec9a969787b09c8c6f025326cd08b0a736ca4f4aa,db8eb2237d2aee56f2627a4ce66db91010c9b34b9044591d4130ef164ef5c3e8,8a03542365e552d41fcf8c950a30b5c01f25df3ae2b42e6c039d7fc0dc612271,mean,raw,mae,35.9,reconstructed,100,PENDING
C06,FD001,early_calibration,73,C06_early_calibration_c86eff420321_seed_73,outputs/c06_final_c86eff4,c86eff4203214cd7b64c5d908bb71cab69f7c555,d46212af096ceda55313179ec9a969787b09c8c6f025326cd08b0a736ca4f4aa,db8eb2237d2aee56f2627a4ce66db91010c9b34b9044591d4130ef164ef5c3e8,8a03542365e552d41fcf8c950a30b5c01f25df3ae2b42e6c039d7fc0dc612271,mean,raw,signed_error,11.021592055998688,reconstructed,100,PENDING
C06,FD001,early_calibration,73,C06_early_calibration_c86eff420321_seed_73,outputs/c06_final_c86eff4,c86eff4203214cd7b64c5d908bb71cab69f7c555,d46212af096ceda55313179ec9a969787b09c8c6f025326cd08b0a736ca4f4aa,db8eb2237d2aee56f2627a4ce66db91010c9b34b9044591d4130ef164ef5c3e8,8a03542365e552d41fcf8c950a30b5c01f25df3ae2b42e6c039d7fc0dc612271,mean,raw,nasa_score,32707.992398466104,reconstructed,100,PENDING
C06,FD001,early_calibration,73,C06_early_calibration_c86eff420321_seed_73,outputs/c06_final_c86eff4,c86eff4203214cd7b64c5d908bb71cab69f7c555,d46212af096ceda55313179ec9a969787b09c8c6f025326cd08b0a736ca4f4aa,db8eb2237d2aee56f2627a4ce66db91010c9b34b9044591d4130ef164ef5c3e8,8a03542365e552d41fcf8c950a30b5c01f25df3ae2b42e6c039d7fc0dc612271,mean,clipped,rmse,41.857784203761796,reconstructed,100,PENDING
C06,FD001,early_calibration,73,C06_early_calibration_c86eff420321_seed_73,outputs/c06_final_c86eff4,c86eff4203214cd7b64c5d908bb71cab69f7c555,d46212af096ceda55313179ec9a969787b09c8c6f025326cd08b0a736ca4f4aa,db8eb2237d2aee56f2627a4ce66db91010c9b34b9044591d4130ef164ef5c3e8,8a03542365e552d41fcf8c950a30b5c01f25df3ae2b42e6c039d7fc0dc612271,mean,clipped,mae,34.83,reconstructed,100,PENDING
C06,FD001,early_calibration,73,C06_early_calibration_c86eff420321_seed_73,outputs/c06_final_c86eff4,c86eff4203214cd7b64c5d908bb71cab69f7c555,d46212af096ceda55313179ec9a969787b09c8c6f025326cd08b0a736ca4f4aa,db8eb2237d2aee56f2627a4ce66db91010c9b34b9044591d4130ef164ef5c3e8,8a03542365e552d41fcf8c950a30b5c01f25df3ae2b42e6c039d7fc0dc612271,mean,clipped,signed_error,12.091592055998687,reconstructed,100,PENDING
C06,FD001,early_calibration,73,C06_early_calibration_c86eff420321_seed_73,outputs/c06_final_c86eff4,c86eff4203214cd7b64c5d908bb71cab69f7c555,d46212af096ceda55313179ec9a969787b09c8c6f025326cd08b0a736ca4f4aa,db8eb2237d2aee56f2627a4ce66db91010c9b34b9044591d4130ef164ef5c3e8,8a03542365e552d41fcf8c950a30b5c01f25df3ae2b42e6c039d7fc0dc612271,mean,clipped,nasa_score,32427.085277640228,reconstructed,100,PENDING
C06,FD001,early_calibration,73,C06_early_calibration_c86eff420321_seed_73,outputs/c06_final_c86eff4,c86eff4203214cd7b64c5d908bb71cab69f7c555,d46212af096ceda55313179ec9a969787b09c8c6f025326cd08b0a736ca4f4aa,db8eb2237d2aee56f2627a4ce66db91010c9b34b9044591d4130ef164ef5c3e8,8a03542365e552d41fcf8c950a30b5c01f25df3ae2b42e6c039d7fc0dc612271,ridge,raw,rmse,18.812936543548002,reconstructed,100,PENDING
C06,FD001,early_calibration,73,C06_early_calibration_c86eff420321_seed_73,outputs/c06_final_c86eff4,c86eff4203214cd7b64c5d908bb71cab69f7c555,d46212af096ceda55313179ec9a969787b09c8c6f025326cd08b0a736ca4f4aa,db8eb2237d2aee56f2627a4ce66db91010c9b34b9044591d4130ef164ef5c3e8,8a03542365e552d41fcf8c950a30b5c01f25df3ae2b42e6c039d7fc0dc612271,ridge,raw,mae,14.562164111864314,reconstructed,100,PENDING
C06,FD001,early_calibration,73,C06_early_calibration_c86eff420321_seed_73,outputs/c06_final_c86eff4,c86eff4203214cd7b64c5d908bb71cab69f7c555,d46212af096ceda55313179ec9a969787b09c8c6f025326cd08b0a736ca4f4aa,db8eb2237d2aee56f2627a4ce66db91010c9b34b9044591d4130ef164ef5c3e8,8a03542365e552d41fcf8c950a30b5c01f25df3ae2b42e6c039d7fc0dc612271,ridge,raw,signed_error,-0.94267530495146,reconstructed,100,PENDING
C06,FD001,early_calibration,73,C06_early_calibration_c86eff420321_seed_73,outputs/c06_final_c86eff4,c86eff4203214cd7b64c5d908bb71cab69f7c555,d46212af096ceda55313179ec9a969787b09c8c6f025326cd08b0a736ca4f4aa,db8eb2237d2aee56f2627a4ce66db91010c9b34b9044591d4130ef164ef5c3e8,8a03542365e552d41fcf8c950a30b5c01f25df3ae2b42e6c039d7fc0dc612271,ridge,raw,nasa_score,579.8134941284014,reconstructed,100,PENDING
C06,FD001,early_calibration,73,C06_early_calibration_c86eff420321_seed_73,outputs/c06_final_c86eff4,c86eff4203214cd7b64c5d908bb71cab69f7c555,d46212af096ceda55313179ec9a969787b09c8c6f025326cd08b0a736ca4f4aa,db8eb2237d2aee56f2627a4ce66db91010c9b34b9044591d4130ef164ef5c3e8,8a03542365e552d41fcf8c950a30b5c01f25df3ae2b42e6c039d7fc0dc612271,ridge,clipped,rmse,17.50008462725087,reconstructed,100,PENDING
C06,FD001,early_calibration,73,C06_early_calibration_c86eff420321_seed_73,outputs/c06_final_c86eff4,c86eff4203214cd7b64c5d908bb71cab69f7c555,d46212af096ceda55313179ec9a969787b09c8c6f025326cd08b0a736ca4f4aa,db8eb2237d2aee56f2627a4ce66db91010c9b34b9044591d4130ef164ef5c3e8,8a03542365e552d41fcf8c950a30b5c01f25df3ae2b42e6c039d7fc0dc612271,ridge,clipped,mae,13.53740993136226,reconstructed,100,PENDING
C06,FD001,early_calibration,73,C06_early_calibration_c86eff420321_seed_73,outputs/c06_final_c86eff4,c86eff4203214cd7b64c5d908bb71cab69f7c555,d46212af096ceda55313179ec9a969787b09c8c6f025326cd08b0a736ca4f4aa,db8eb2237d2aee56f2627a4ce66db91010c9b34b9044591d4130ef164ef5c3e8,8a03542365e552d41fcf8c950a30b5c01f25df3ae2b42e6c039d7fc0dc612271,ridge,clipped,signed_error,0.08207887555059572,reconstructed,100,PENDING
C06,FD001,early_calibration,73,C06_early_calibration_c86eff420321_seed_73,outputs/c06_final_c86eff4,c86eff4203214cd7b64c5d908bb71cab69f7c555,d46212af096ceda55313179ec9a969787b09c8c6f025326cd08b0a736ca4f4aa,db8eb2237d2aee56f2627a4ce66db91010c9b34b9044591d4130ef164ef5c3e8,8a03542365e552d41fcf8c950a30b5c01f25df3ae2b42e6c039d7fc0dc612271,ridge,clipped,nasa_score,514.650950042355,reconstructed,100,PENDING
C06,FD001,early_calibration,73,C06_early_calibration_c86eff420321_seed_73,outputs/c06_final_c86eff4,c86eff4203214cd7b64c5d908bb71cab69f7c555,d46212af096ceda55313179ec9a969787b09c8c6f025326cd08b0a736ca4f4aa,db8eb2237d2aee56f2627a4ce66db91010c9b34b9044591d4130ef164ef5c3e8,8a03542365e552d41fcf8c950a30b5c01f25df3ae2b42e6c039d7fc0dc612271,hist_gradient_boosting,raw,rmse,17.631366819624937,reconstructed,100,PENDING
C06,FD001,early_calibration,73,C06_early_calibration_c86eff420321_seed_73,outputs/c06_final_c86eff4,c86eff4203214cd7b64c5d908bb71cab69f7c555,d46212af096ceda55313179ec9a969787b09c8c6f025326cd08b0a736ca4f4aa,db8eb2237d2aee56f2627a4ce66db91010c9b34b9044591d4130ef164ef5c3e8,8a03542365e552d41fcf8c950a30b5c01f25df3ae2b42e6c039d7fc0dc612271,hist_gradient_boosting,raw,mae,13.409978908049782,reconstructed,100,PENDING
C06,FD001,early_calibration,73,C06_early_calibration_c86eff420321_seed_73,outputs/c06_final_c86eff4,c86eff4203214cd7b64c5d908bb71cab69f7c555,d46212af096ceda55313179ec9a969787b09c8c6f025326cd08b0a736ca4f4aa,db8eb2237d2aee56f2627a4ce66db91010c9b34b9044591d4130ef164ef5c3e8,8a03542365e552d41fcf8c950a30b5c01f25df3ae2b42e6c039d7fc0dc612271,hist_gradient_boosting,raw,signed_error,-0.8651339695805977,reconstructed,100,PENDING
C06,FD001,early_calibration,73,C06_early_calibration_c86eff420321_seed_73,outputs/c06_final_c86eff4,c86eff4203214cd7b64c5d908bb71cab69f7c555,d46212af096ceda55313179ec9a969787b09c8c6f025326cd08b0a736ca4f4aa,db8eb2237d2aee56f2627a4ce66db91010c9b34b9044591d4130ef164ef5c3e8,8a03542365e552d41fcf8c950a30b5c01f25df3ae2b42e6c039d7fc0dc612271,hist_gradient_boosting,raw,nasa_score,485.2613587499263,reconstructed,100,PENDING
C06,FD001,early_calibration,73,C06_early_calibration_c86eff420321_seed_73,outputs/c06_final_c86eff4,c86eff4203214cd7b64c5d908bb71cab69f7c555,d46212af096ceda55313179ec9a969787b09c8c6f025326cd08b0a736ca4f4aa,db8eb2237d2aee56f2627a4ce66db91010c9b34b9044591d4130ef164ef5c3e8,8a03542365e552d41fcf8c950a30b5c01f25df3ae2b42e6c039d7fc0dc612271,hist_gradient_boosting,clipped,rmse,16.311307907559797,reconstructed,100,PENDING
C06,FD001,early_calibration,73,C06_early_calibration_c86eff420321_seed_73,outputs/c06_final_c86eff4,c86eff4203214cd7b64c5d908bb71cab69f7c555,d46212af096ceda55313179ec9a969787b09c8c6f025326cd08b0a736ca4f4aa,db8eb2237d2aee56f2627a4ce66db91010c9b34b9044591d4130ef164ef5c3e8,8a03542365e552d41fcf8c950a30b5c01f25df3ae2b42e6c039d7fc0dc612271,hist_gradient_boosting,clipped,mae,12.339978908049781,reconstructed,100,PENDING
C06,FD001,early_calibration,73,C06_early_calibration_c86eff420321_seed_73,outputs/c06_final_c86eff4,c86eff4203214cd7b64c5d908bb71cab69f7c555,d46212af096ceda55313179ec9a969787b09c8c6f025326cd08b0a736ca4f4aa,db8eb2237d2aee56f2627a4ce66db91010c9b34b9044591d4130ef164ef5c3e8,8a03542365e552d41fcf8c950a30b5c01f25df3ae2b42e6c039d7fc0dc612271,hist_gradient_boosting,clipped,signed_error,0.20486603041940085,reconstructed,100,PENDING
C06,FD001,early_calibration,73,C06_early_calibration_c86eff420321_seed_73,outputs/c06_final_c86eff4,c86eff4203214cd7b64c5d908bb71cab69f7c555,d46212af096ceda55313179ec9a969787b09c8c6f025326cd08b0a736ca4f4aa,db8eb2237d2aee56f2627a4ce66db91010c9b34b9044591d4130ef164ef5c3e8,8a03542365e552d41fcf8c950a30b5c01f25df3ae2b42e6c039d7fc0dc612271,hist_gradient_boosting,clipped,nasa_score,411.464582258393,reconstructed,100,PENDING
C06,FD001,early_calibration,101,C06_early_calibration_c86eff420321_seed_101,outputs/c06_final_c86eff4,c86eff4203214cd7b64c5d908bb71cab69f7c555,c33276933f988495776a4639f2d07af0caabe97ca6f4a7452e2369ea73ef38e0,6c65caa631ce816a37cfc1b97d8f5c7338e7b13c50b707c992595940d08ba3ef,5c44599206f1270e780e9674f21c86629bb79b3d6bf180dce26c20e6a52b4535,mean,raw,rmse,43.042292675543905,reconstructed,100,PENDING
C06,FD001,early_calibration,101,C06_early_calibration_c86eff420321_seed_101,outputs/c06_final_c86eff4,c86eff4203214cd7b64c5d908bb71cab69f7c555,c33276933f988495776a4639f2d07af0caabe97ca6f4a7452e2369ea73ef38e0,6c65caa631ce816a37cfc1b97d8f5c7338e7b13c50b707c992595940d08ba3ef,5c44599206f1270e780e9674f21c86629bb79b3d6bf180dce26c20e6a52b4535,mean,raw,mae,35.9,reconstructed,100,PENDING
C06,FD001,early_calibration,101,C06_early_calibration_c86eff420321_seed_101,outputs/c06_final_c86eff4,c86eff4203214cd7b64c5d908bb71cab69f7c555,c33276933f988495776a4639f2d07af0caabe97ca6f4a7452e2369ea73ef38e0,6c65caa631ce816a37cfc1b97d8f5c7338e7b13c50b707c992595940d08ba3ef,5c44599206f1270e780e9674f21c86629bb79b3d6bf180dce26c20e6a52b4535,mean,raw,signed_error,11.214693877551053,reconstructed,100,PENDING
C06,FD001,early_calibration,101,C06_early_calibration_c86eff420321_seed_101,outputs/c06_final_c86eff4,c86eff4203214cd7b64c5d908bb71cab69f7c555,c33276933f988495776a4639f2d07af0caabe97ca6f4a7452e2369ea73ef38e0,6c65caa631ce816a37cfc1b97d8f5c7338e7b13c50b707c992595940d08ba3ef,5c44599206f1270e780e9674f21c86629bb79b3d6bf180dce26c20e6a52b4535,mean,raw,nasa_score,33323.315941896195,reconstructed,100,PENDING
C06,FD001,early_calibration,101,C06_early_calibration_c86eff420321_seed_101,outputs/c06_final_c86eff4,c86eff4203214cd7b64c5d908bb71cab69f7c555,c33276933f988495776a4639f2d07af0caabe97ca6f4a7452e2369ea73ef38e0,6c65caa631ce816a37cfc1b97d8f5c7338e7b13c50b707c992595940d08ba3ef,5c44599206f1270e780e9674f21c86629bb79b3d6bf180dce26c20e6a52b4535,mean,clipped,rmse,41.91397384721639,reconstructed,100,PENDING
C06,FD001,early_calibration,101,C06_early_calibration_c86eff420321_seed_101,outputs/c06_final_c86eff4,c86eff4203214cd7b64c5d908bb71cab69f7c555,c33276933f988495776a4639f2d07af0caabe97ca6f4a7452e2369ea73ef38e0,6c65caa631ce816a37cfc1b97d8f5c7338e7b13c50b707c992595940d08ba3ef,5c44599206f1270e780e9674f21c86629bb79b3d6bf180dce26c20e6a52b4535,mean,clipped,mae,34.83,reconstructed,100,PENDING
C06,FD001,early_calibration,101,C06_early_calibration_c86eff420321_seed_101,outputs/c06_final_c86eff4,c86eff4203214cd7b64c5d908bb71cab69f7c555,c33276933f988495776a4639f2d07af0caabe97ca6f4a7452e2369ea73ef38e0,6c65caa631ce816a37cfc1b97d8f5c7338e7b13c50b707c992595940d08ba3ef,5c44599206f1270e780e9674f21c86629bb79b3d6bf180dce26c20e6a52b4535,mean,clipped,signed_error,12.284693877551057,reconstructed,100,PENDING
C06,FD001,early_calibration,101,C06_early_calibration_c86eff420321_seed_101,outputs/c06_final_c86eff4,c86eff4203214cd7b64c5d908bb71cab69f7c555,c33276933f988495776a4639f2d07af0caabe97ca6f4a7452e2369ea73ef38e0,6c65caa631ce816a37cfc1b97d8f5c7338e7b13c50b707c992595940d08ba3ef,5c44599206f1270e780e9674f21c86629bb79b3d6bf180dce26c20e6a52b4535,mean,clipped,nasa_score,33046.550574658584,reconstructed,100,PENDING
C06,FD001,early_calibration,101,C06_early_calibration_c86eff420321_seed_101,outputs/c06_final_c86eff4,c86eff4203214cd7b64c5d908bb71cab69f7c555,c33276933f988495776a4639f2d07af0caabe97ca6f4a7452e2369ea73ef38e0,6c65caa631ce816a37cfc1b97d8f5c7338e7b13c50b707c992595940d08ba3ef,5c44599206f1270e780e9674f21c86629bb79b3d6bf180dce26c20e6a52b4535,ridge,raw,rmse,19.232441279894303,reconstructed,100,PENDING
C06,FD001,early_calibration,101,C06_early_calibration_c86eff420321_seed_101,outputs/c06_final_c86eff4,c86eff4203214cd7b64c5d908bb71cab69f7c555,c33276933f988495776a4639f2d07af0caabe97ca6f4a7452e2369ea73ef38e0,6c65caa631ce816a37cfc1b97d8f5c7338e7b13c50b707c992595940d08ba3ef,5c44599206f1270e780e9674f21c86629bb79b3d6bf180dce26c20e6a52b4535,ridge,raw,mae,14.946996014897513,reconstructed,100,PENDING
C06,FD001,early_calibration,101,C06_early_calibration_c86eff420321_seed_101,outputs/c06_final_c86eff4,c86eff4203214cd7b64c5d908bb71cab69f7c555,c33276933f988495776a4639f2d07af0caabe97ca6f4a7452e2369ea73ef38e0,6c65caa631ce816a37cfc1b97d8f5c7338e7b13c50b707c992595940d08ba3ef,5c44599206f1270e780e9674f21c86629bb79b3d6bf180dce26c20e6a52b4535,ridge,raw,signed_error,-0.3920299735144407,reconstructed,100,PENDING
C06,FD001,early_calibration,101,C06_early_calibration_c86eff420321_seed_101,outputs/c06_final_c86eff4,c86eff4203214cd7b64c5d908bb71cab69f7c555,c33276933f988495776a4639f2d07af0caabe97ca6f4a7452e2369ea73ef38e0,6c65caa631ce816a37cfc1b97d8f5c7338e7b13c50b707c992595940d08ba3ef,5c44599206f1270e780e9674f21c86629bb79b3d6bf180dce26c20e6a52b4535,ridge,raw,nasa_score,621.4766848843976,reconstructed,100,PENDING
C06,FD001,early_calibration,101,C06_early_calibration_c86eff420321_seed_101,outputs/c06_final_c86eff4,c86eff4203214cd7b64c5d908bb71cab69f7c555,c33276933f988495776a4639f2d07af0caabe97ca6f4a7452e2369ea73ef38e0,6c65caa631ce816a37cfc1b97d8f5c7338e7b13c50b707c992595940d08ba3ef,5c44599206f1270e780e9674f21c86629bb79b3d6bf180dce26c20e6a52b4535,ridge,clipped,rmse,17.98959072113871,reconstructed,100,PENDING
C06,FD001,early_calibration,101,C06_early_calibration_c86eff420321_seed_101,outputs/c06_final_c86eff4,c86eff4203214cd7b64c5d908bb71cab69f7c555,c33276933f988495776a4639f2d07af0caabe97ca6f4a7452e2369ea73ef38e0,6c65caa631ce816a37cfc1b97d8f5c7338e7b13c50b707c992595940d08ba3ef,5c44599206f1270e780e9674f21c86629bb79b3d6bf180dce26c20e6a52b4535,ridge,clipped,mae,13.949546028006619,reconstructed,100,PENDING
C06,FD001,early_calibration,101,C06_early_calibration_c86eff420321_seed_101,outputs/c06_final_c86eff4,c86eff4203214cd7b64c5d908bb71cab69f7c555,c33276933f988495776a4639f2d07af0caabe97ca6f4a7452e2369ea73ef38e0,6c65caa631ce816a37cfc1b97d8f5c7338e7b13c50b707c992595940d08ba3ef,5c44599206f1270e780e9674f21c86629bb79b3d6bf180dce26c20e6a52b4535,ridge,clipped,signed_error,0.6054200133764543,reconstructed,100,PENDING
C06,FD001,early_calibration,101,C06_early_calibration_c86eff420321_seed_101,outputs/c06_final_c86eff4,c86eff4203214cd7b64c5d908bb71cab69f7c555,c33276933f988495776a4639f2d07af0caabe97ca6f4a7452e2369ea73ef38e0,6c65caa631ce816a37cfc1b97d8f5c7338e7b13c50b707c992595940d08ba3ef,5c44599206f1270e780e9674f21c86629bb79b3d6bf180dce26c20e6a52b4535,ridge,clipped,nasa_score,556.0055453668418,reconstructed,100,PENDING
C06,FD001,early_calibration,101,C06_early_calibration_c86eff420321_seed_101,outputs/c06_final_c86eff4,c86eff4203214cd7b64c5d908bb71cab69f7c555,c33276933f988495776a4639f2d07af0caabe97ca6f4a7452e2369ea73ef38e0,6c65caa631ce816a37cfc1b97d8f5c7338e7b13c50b707c992595940d08ba3ef,5c44599206f1270e780e9674f21c86629bb79b3d6bf180dce26c20e6a52b4535,hist_gradient_boosting,raw,rmse,17.045336146807543,reconstructed,100,PENDING
C06,FD001,early_calibration,101,C06_early_calibration_c86eff420321_seed_101,outputs/c06_final_c86eff4,c86eff4203214cd7b64c5d908bb71cab69f7c555,c33276933f988495776a4639f2d07af0caabe97ca6f4a7452e2369ea73ef38e0,6c65caa631ce816a37cfc1b97d8f5c7338e7b13c50b707c992595940d08ba3ef,5c44599206f1270e780e9674f21c86629bb79b3d6bf180dce26c20e6a52b4535,hist_gradient_boosting,raw,mae,13.51529337418203,reconstructed,100,PENDING
C06,FD001,early_calibration,101,C06_early_calibration_c86eff420321_seed_101,outputs/c06_final_c86eff4,c86eff4203214cd7b64c5d908bb71cab69f7c555,c33276933f988495776a4639f2d07af0caabe97ca6f4a7452e2369ea73ef38e0,6c65caa631ce816a37cfc1b97d8f5c7338e7b13c50b707c992595940d08ba3ef,5c44599206f1270e780e9674f21c86629bb79b3d6bf180dce26c20e6a52b4535,hist_gradient_boosting,raw,signed_error,1.9275583929384397,reconstructed,100,PENDING
C06,FD001,early_calibration,101,C06_early_calibration_c86eff420321_seed_101,outputs/c06_final_c86eff4,c86eff4203214cd7b64c5d908bb71cab69f7c555,c33276933f988495776a4639f2d07af0caabe97ca6f4a7452e2369ea73ef38e0,6c65caa631ce816a37cfc1b97d8f5c7338e7b13c50b707c992595940d08ba3ef,5c44599206f1270e780e9674f21c86629bb79b3d6bf180dce26c20e6a52b4535,hist_gradient_boosting,raw,nasa_score,448.1034569399057,reconstructed,100,PENDING
C06,FD001,early_calibration,101,C06_early_calibration_c86eff420321_seed_101,outputs/c06_final_c86eff4,c86eff4203214cd7b64c5d908bb71cab69f7c555,c33276933f988495776a4639f2d07af0caabe97ca6f4a7452e2369ea73ef38e0,6c65caa631ce816a37cfc1b97d8f5c7338e7b13c50b707c992595940d08ba3ef,5c44599206f1270e780e9674f21c86629bb79b3d6bf180dce26c20e6a52b4535,hist_gradient_boosting,clipped,rmse,15.752643567410813,reconstructed,100,PENDING
C06,FD001,early_calibration,101,C06_early_calibration_c86eff420321_seed_101,outputs/c06_final_c86eff4,c86eff4203214cd7b64c5d908bb71cab69f7c555,c33276933f988495776a4639f2d07af0caabe97ca6f4a7452e2369ea73ef38e0,6c65caa631ce816a37cfc1b97d8f5c7338e7b13c50b707c992595940d08ba3ef,5c44599206f1270e780e9674f21c86629bb79b3d6bf180dce26c20e6a52b4535,hist_gradient_boosting,clipped,mae,12.445293374182029,reconstructed,100,PENDING
C06,FD001,early_calibration,101,C06_early_calibration_c86eff420321_seed_101,outputs/c06_final_c86eff4,c86eff4203214cd7b64c5d908bb71cab69f7c555,c33276933f988495776a4639f2d07af0caabe97ca6f4a7452e2369ea73ef38e0,6c65caa631ce816a37cfc1b97d8f5c7338e7b13c50b707c992595940d08ba3ef,5c44599206f1270e780e9674f21c86629bb79b3d6bf180dce26c20e6a52b4535,hist_gradient_boosting,clipped,signed_error,2.997558392938439,reconstructed,100,PENDING
C06,FD001,early_calibration,101,C06_early_calibration_c86eff420321_seed_101,outputs/c06_final_c86eff4,c86eff4203214cd7b64c5d908bb71cab69f7c555,c33276933f988495776a4639f2d07af0caabe97ca6f4a7452e2369ea73ef38e0,6c65caa631ce816a37cfc1b97d8f5c7338e7b13c50b707c992595940d08ba3ef,5c44599206f1270e780e9674f21c86629bb79b3d6bf180dce26c20e6a52b4535,hist_gradient_boosting,clipped,nasa_score,397.0738471289633,reconstructed,100,PENDING
C06,FD001,early_calibration,137,C06_early_calibration_c86eff420321_seed_137,outputs/c06_final_c86eff4,c86eff4203214cd7b64c5d908bb71cab69f7c555,028f538fb2e54338bfd223f89fada9245fa9ea540845d5f1231ee52b82c697a3,282ee3e9996eea4b1b64664c88f643bac359a5ff3e56b345f1e53ab51dee02c3,e2b21989e5ba4f971041d2d4cb7af2bae4048482a0fe7cdbf247849a35c2dd30,mean,raw,rmse,43.085192459398094,reconstructed,100,PENDING
C06,FD001,early_calibration,137,C06_early_calibration_c86eff420321_seed_137,outputs/c06_final_c86eff4,c86eff4203214cd7b64c5d908bb71cab69f7c555,028f538fb2e54338bfd223f89fada9245fa9ea540845d5f1231ee52b82c697a3,282ee3e9996eea4b1b64664c88f643bac359a5ff3e56b345f1e53ab51dee02c3,e2b21989e5ba4f971041d2d4cb7af2bae4048482a0fe7cdbf247849a35c2dd30,mean,raw,mae,35.900000000000006,reconstructed,100,PENDING
C06,FD001,early_calibration,137,C06_early_calibration_c86eff420321_seed_137,outputs/c06_final_c86eff4,c86eff4203214cd7b64c5d908bb71cab69f7c555,028f538fb2e54338bfd223f89fada9245fa9ea540845d5f1231ee52b82c697a3,282ee3e9996eea4b1b64664c88f643bac359a5ff3e56b345f1e53ab51dee02c3,e2b21989e5ba4f971041d2d4cb7af2bae4048482a0fe7cdbf247849a35c2dd30,mean,raw,signed_error,11.378234013386022,reconstructed,100,PENDING
C06,FD001,early_calibration,137,C06_early_calibration_c86eff420321_seed_137,outputs/c06_final_c86eff4,c86eff4203214cd7b64c5d908bb71cab69f7c555,028f538fb2e54338bfd223f89fada9245fa9ea540845d5f1231ee52b82c697a3,282ee3e9996eea4b1b64664c88f643bac359a5ff3e56b345f1e53ab51dee02c3,e2b21989e5ba4f971041d2d4cb7af2bae4048482a0fe7cdbf247849a35c2dd30,mean,raw,nasa_score,33854.095080262014,reconstructed,100,PENDING
C06,FD001,early_calibration,137,C06_early_calibration_c86eff420321_seed_137,outputs/c06_final_c86eff4,c86eff4203214cd7b64c5d908bb71cab69f7c555,028f538fb2e54338bfd223f89fada9245fa9ea540845d5f1231ee52b82c697a3,282ee3e9996eea4b1b64664c88f643bac359a5ff3e56b345f1e53ab51dee02c3,e2b21989e5ba4f971041d2d4cb7af2bae4048482a0fe7cdbf247849a35c2dd30,mean,clipped,rmse,41.96219763134457,reconstructed,100,PENDING
C06,FD001,early_calibration,137,C06_early_calibration_c86eff420321_seed_137,outputs/c06_final_c86eff4,c86eff4203214cd7b64c5d908bb71cab69f7c555,028f538fb2e54338bfd223f89fada9245fa9ea540845d5f1231ee52b82c697a3,282ee3e9996eea4b1b64664c88f643bac359a5ff3e56b345f1e53ab51dee02c3,e2b21989e5ba4f971041d2d4cb7af2bae4048482a0fe7cdbf247849a35c2dd30,mean,clipped,mae,34.830000000000005,reconstructed,100,PENDING
C06,FD001,early_calibration,137,C06_early_calibration_c86eff420321_seed_137,outputs/c06_final_c86eff4,c86eff4203214cd7b64c5d908bb71cab69f7c555,028f538fb2e54338bfd223f89fada9245fa9ea540845d5f1231ee52b82c697a3,282ee3e9996eea4b1b64664c88f643bac359a5ff3e56b345f1e53ab51dee02c3,e2b21989e5ba4f971041d2d4cb7af2bae4048482a0fe7cdbf247849a35c2dd30,mean,clipped,signed_error,12.448234013386019,reconstructed,100,PENDING
C06,FD001,early_calibration,137,C06_early_calibration_c86eff420321_seed_137,outputs/c06_final_c86eff4,c86eff4203214cd7b64c5d908bb71cab69f7c555,028f538fb2e54338bfd223f89fada9245fa9ea540845d5f1231ee52b82c697a3,282ee3e9996eea4b1b64664c88f643bac359a5ff3e56b345f1e53ab51dee02c3,e2b21989e5ba4f971041d2d4cb7af2bae4048482a0fe7cdbf247849a35c2dd30,mean,clipped,nasa_score,33580.789615800306,reconstructed,100,PENDING
C06,FD001,early_calibration,137,C06_early_calibration_c86eff420321_seed_137,outputs/c06_final_c86eff4,c86eff4203214cd7b64c5d908bb71cab69f7c555,028f538fb2e54338bfd223f89fada9245fa9ea540845d5f1231ee52b82c697a3,282ee3e9996eea4b1b64664c88f643bac359a5ff3e56b345f1e53ab51dee02c3,e2b21989e5ba4f971041d2d4cb7af2bae4048482a0fe7cdbf247849a35c2dd30,ridge,raw,rmse,18.624112896843656,reconstructed,100,PENDING
C06,FD001,early_calibration,137,C06_early_calibration_c86eff420321_seed_137,outputs/c06_final_c86eff4,c86eff4203214cd7b64c5d908bb71cab69f7c555,028f538fb2e54338bfd223f89fada9245fa9ea540845d5f1231ee52b82c697a3,282ee3e9996eea4b1b64664c88f643bac359a5ff3e56b345f1e53ab51dee02c3,e2b21989e5ba4f971041d2d4cb7af2bae4048482a0fe7cdbf247849a35c2dd30,ridge,raw,mae,14.779721502533295,reconstructed,100,PENDING
C06,FD001,early_calibration,137,C06_early_calibration_c86eff420321_seed_137,outputs/c06_final_c86eff4,c86eff4203214cd7b64c5d908bb71cab69f7c555,028f538fb2e54338bfd223f89fada9245fa9ea540845d5f1231ee52b82c697a3,282ee3e9996eea4b1b64664c88f643bac359a5ff3e56b345f1e53ab51dee02c3,e2b21989e5ba4f971041d2d4cb7af2bae4048482a0fe7cdbf247849a35c2dd30,ridge,raw,signed_error,0.6651357603147773,reconstructed,100,PENDING
C06,FD001,early_calibration,137,C06_early_calibration_c86eff420321_seed_137,outputs/c06_final_c86eff4,c86eff4203214cd7b64c5d908bb71cab69f7c555,028f538fb2e54338bfd223f89fada9245fa9ea540845d5f1231ee52b82c697a3,282ee3e9996eea4b1b64664c88f643bac359a5ff3e56b345f1e53ab51dee02c3,e2b21989e5ba4f971041d2d4cb7af2bae4048482a0fe7cdbf247849a35c2dd30,ridge,raw,nasa_score,548.2030888670612,reconstructed,100,PENDING
C06,FD001,early_calibration,137,C06_early_calibration_c86eff420321_seed_137,outputs/c06_final_c86eff4,c86eff4203214cd7b64c5d908bb71cab69f7c555,028f538fb2e54338bfd223f89fada9245fa9ea540845d5f1231ee52b82c697a3,282ee3e9996eea4b1b64664c88f643bac359a5ff3e56b345f1e53ab51dee02c3,e2b21989e5ba4f971041d2d4cb7af2bae4048482a0fe7cdbf247849a35c2dd30,ridge,clipped,rmse,17.3621103584765,reconstructed,100,PENDING
C06,FD001,early_calibration,137,C06_early_calibration_c86eff420321_seed_137,outputs/c06_final_c86eff4,c86eff4203214cd7b64c5d908bb71cab69f7c555,028f538fb2e54338bfd223f89fada9245fa9ea540845d5f1231ee52b82c697a3,282ee3e9996eea4b1b64664c88f643bac359a5ff3e56b345f1e53ab51dee02c3,e2b21989e5ba4f971041d2d4cb7af2bae4048482a0fe7cdbf247849a35c2dd30,ridge,clipped,mae,13.66290070952892,reconstructed,100,PENDING
C06,FD001,early_calibration,137,C06_early_calibration_c86eff420321_seed_137,outputs/c06_final_c86eff4,c86eff4203214cd7b64c5d908bb71cab69f7c555,028f538fb2e54338bfd223f89fada9245fa9ea540845d5f1231ee52b82c697a3,282ee3e9996eea4b1b64664c88f643bac359a5ff3e56b345f1e53ab51dee02c3,e2b21989e5ba4f971041d2d4cb7af2bae4048482a0fe7cdbf247849a35c2dd30,ridge,clipped,signed_error,1.742657529382232,reconstructed,100,PENDING
C06,FD001,early_calibration,137,C06_early_calibration_c86eff420321_seed_137,outputs/c06_final_c86eff4,c86eff4203214cd7b64c5d908bb71cab69f7c555,028f538fb2e54338bfd223f89fada9245fa9ea540845d5f1231ee52b82c697a3,282ee3e9996eea4b1b64664c88f643bac359a5ff3e56b345f1e53ab51dee02c3,e2b21989e5ba4f971041d2d4cb7af2bae4048482a0fe7cdbf247849a35c2dd30,ridge,clipped,nasa_score,493.2130284026379,reconstructed,100,PENDING
C06,FD001,early_calibration,137,C06_early_calibration_c86eff420321_seed_137,outputs/c06_final_c86eff4,c86eff4203214cd7b64c5d908bb71cab69f7c555,028f538fb2e54338bfd223f89fada9245fa9ea540845d5f1231ee52b82c697a3,282ee3e9996eea4b1b64664c88f643bac359a5ff3e56b345f1e53ab51dee02c3,e2b21989e5ba4f971041d2d4cb7af2bae4048482a0fe7cdbf247849a35c2dd30,hist_gradient_boosting,raw,rmse,16.770030228077772,reconstructed,100,PENDING
C06,FD001,early_calibration,137,C06_early_calibration_c86eff420321_seed_137,outputs/c06_final_c86eff4,c86eff4203214cd7b64c5d908bb71cab69f7c555,028f538fb2e54338bfd223f89fada9245fa9ea540845d5f1231ee52b82c697a3,282ee3e9996eea4b1b64664c88f643bac359a5ff3e56b345f1e53ab51dee02c3,e2b21989e5ba4f971041d2d4cb7af2bae4048482a0fe7cdbf247849a35c2dd30,hist_gradient_boosting,raw,mae,13.383370795760062,reconstructed,100,PENDING
C06,FD001,early_calibration,137,C06_early_calibration_c86eff420321_seed_137,outputs/c06_final_c86eff4,c86eff4203214cd7b64c5d908bb71cab69f7c555,028f538fb2e54338bfd223f89fada9245fa9ea540845d5f1231ee52b82c697a3,282ee3e9996eea4b1b64664c88f643bac359a5ff3e56b345f1e53ab51dee02c3,e2b21989e5ba4f971041d2d4cb7af2bae4048482a0fe7cdbf247849a35c2dd30,hist_gradient_boosting,raw,signed_error,2.166615638625143,reconstructed,100,PENDING
C06,FD001,early_calibration,137,C06_early_calibration_c86eff420321_seed_137,outputs/c06_final_c86eff4,c86eff4203214cd7b64c5d908bb71cab69f7c555,028f538fb2e54338bfd223f89fada9245fa9ea540845d5f1231ee52b82c697a3,282ee3e9996eea4b1b64664c88f643bac359a5ff3e56b345f1e53ab51dee02c3,e2b21989e5ba4f971041d2d4cb7af2bae4048482a0fe7cdbf247849a35c2dd30,hist_gradient_boosting,raw,nasa_score,432.24297923018287,reconstructed,100,PENDING
C06,FD001,early_calibration,137,C06_early_calibration_c86eff420321_seed_137,outputs/c06_final_c86eff4,c86eff4203214cd7b64c5d908bb71cab69f7c555,028f538fb2e54338bfd223f89fada9245fa9ea540845d5f1231ee52b82c697a3,282ee3e9996eea4b1b64664c88f643bac359a5ff3e56b345f1e53ab51dee02c3,e2b21989e5ba4f971041d2d4cb7af2bae4048482a0fe7cdbf247849a35c2dd30,hist_gradient_boosting,clipped,rmse,15.57096036136792,reconstructed,100,PENDING
C06,FD001,early_calibration,137,C06_early_calibration_c86eff420321_seed_137,outputs/c06_final_c86eff4,c86eff4203214cd7b64c5d908bb71cab69f7c555,028f538fb2e54338bfd223f89fada9245fa9ea540845d5f1231ee52b82c697a3,282ee3e9996eea4b1b64664c88f643bac359a5ff3e56b345f1e53ab51dee02c3,e2b21989e5ba4f971041d2d4cb7af2bae4048482a0fe7cdbf247849a35c2dd30,hist_gradient_boosting,clipped,mae,12.313370795760061,reconstructed,100,PENDING
C06,FD001,early_calibration,137,C06_early_calibration_c86eff420321_seed_137,outputs/c06_final_c86eff4,c86eff4203214cd7b64c5d908bb71cab69f7c555,028f538fb2e54338bfd223f89fada9245fa9ea540845d5f1231ee52b82c697a3,282ee3e9996eea4b1b64664c88f643bac359a5ff3e56b345f1e53ab51dee02c3,e2b21989e5ba4f971041d2d4cb7af2bae4048482a0fe7cdbf247849a35c2dd30,hist_gradient_boosting,clipped,signed_error,3.236615638625143,reconstructed,100,PENDING
C06,FD001,early_calibration,137,C06_early_calibration_c86eff420321_seed_137,outputs/c06_final_c86eff4,c86eff4203214cd7b64c5d908bb71cab69f7c555,028f538fb2e54338bfd223f89fada9245fa9ea540845d5f1231ee52b82c697a3,282ee3e9996eea4b1b64664c88f643bac359a5ff3e56b345f1e53ab51dee02c3,e2b21989e5ba4f971041d2d4cb7af2bae4048482a0fe7cdbf247849a35c2dd30,hist_gradient_boosting,clipped,nasa_score,394.8346682141801,reconstructed,100,PENDING
C06,FD001,late_calibration,13,C06_late_calibration_c86eff420321_seed_13,outputs/c06_final_c86eff4,c86eff4203214cd7b64c5d908bb71cab69f7c555,565653ebd216b202f2691a4b1a3c160dfcfd24f3935e1f9cffe9546c4db4ba28,a271dd76aa2687e98374a67bcc1b00de5658d8c1c3c558e070bbac66ebef819e,6247178b4b37288070db02572930363d2c5f87ddeb7b16f8314dadc33f63e5e4,mean,raw,rmse,42.6972574249317,reconstructed,100,PENDING
C06,FD001,late_calibration,13,C06_late_calibration_c86eff420321_seed_13,outputs/c06_final_c86eff4,c86eff4203214cd7b64c5d908bb71cab69f7c555,565653ebd216b202f2691a4b1a3c160dfcfd24f3935e1f9cffe9546c4db4ba28,a271dd76aa2687e98374a67bcc1b00de5658d8c1c3c558e070bbac66ebef819e,6247178b4b37288070db02572930363d2c5f87ddeb7b16f8314dadc33f63e5e4,mean,raw,mae,35.9,reconstructed,100,PENDING
C06,FD001,late_calibration,13,C06_late_calibration_c86eff420321_seed_13,outputs/c06_final_c86eff4,c86eff4203214cd7b64c5d908bb71cab69f7c555,565653ebd216b202f2691a4b1a3c160dfcfd24f3935e1f9cffe9546c4db4ba28,a271dd76aa2687e98374a67bcc1b00de5658d8c1c3c558e070bbac66ebef819e,6247178b4b37288070db02572930363d2c5f87ddeb7b16f8314dadc33f63e5e4,mean,raw,signed_error,9.807455919395451,reconstructed,100,PENDING
C06,FD001,late_calibration,13,C06_late_calibration_c86eff420321_seed_13,outputs/c06_final_c86eff4,c86eff4203214cd7b64c5d908bb71cab69f7c555,565653ebd216b202f2691a4b1a3c160dfcfd24f3935e1f9cffe9546c4db4ba28,a271dd76aa2687e98374a67bcc1b00de5658d8c1c3c558e070bbac66ebef819e,6247178b4b37288070db02572930363d2c5f87ddeb7b16f8314dadc33f63e5e4,mean,raw,nasa_score,29107.961611339386,reconstructed,100,PENDING
C06,FD001,late_calibration,13,C06_late_calibration_c86eff420321_seed_13,outputs/c06_final_c86eff4,c86eff4203214cd7b64c5d908bb71cab69f7c555,565653ebd216b202f2691a4b1a3c160dfcfd24f3935e1f9cffe9546c4db4ba28,a271dd76aa2687e98374a67bcc1b00de5658d8c1c3c558e070bbac66ebef819e,6247178b4b37288070db02572930363d2c5f87ddeb7b16f8314dadc33f63e5e4,mean,clipped,rmse,41.523325339842316,reconstructed,100,PENDING
C06,FD001,late_calibration,13,C06_late_calibration_c86eff420321_seed_13,outputs/c06_final_c86eff4,c86eff4203214cd7b64c5d908bb71cab69f7c555,565653ebd216b202f2691a4b1a3c160dfcfd24f3935e1f9cffe9546c4db4ba28,a271dd76aa2687e98374a67bcc1b00de5658d8c1c3c558e070bbac66ebef819e,6247178b4b37288070db02572930363d2c5f87ddeb7b16f8314dadc33f63e5e4,mean,clipped,mae,34.83,reconstructed,100,PENDING
C06,FD001,late_calibration,13,C06_late_calibration_c86eff420321_seed_13,outputs/c06_final_c86eff4,c86eff4203214cd7b64c5d908bb71cab69f7c555,565653ebd216b202f2691a4b1a3c160dfcfd24f3935e1f9cffe9546c4db4ba28,a271dd76aa2687e98374a67bcc1b00de5658d8c1c3c558e070bbac66ebef819e,6247178b4b37288070db02572930363d2c5f87ddeb7b16f8314dadc33f63e5e4,mean,clipped,signed_error,10.877455919395459,reconstructed,100,PENDING
C06,FD001,late_calibration,13,C06_late_calibration_c86eff420321_seed_13,outputs/c06_final_c86eff4,c86eff4203214cd7b64c5d908bb71cab69f7c555,565653ebd216b202f2691a4b1a3c160dfcfd24f3935e1f9cffe9546c4db4ba28,a271dd76aa2687e98374a67bcc1b00de5658d8c1c3c558e070bbac66ebef819e,6247178b4b37288070db02572930363d2c5f87ddeb7b16f8314dadc33f63e5e4,mean,clipped,nasa_score,28799.55497154869,reconstructed,100,PENDING
C06,FD001,late_calibration,13,C06_late_calibration_c86eff420321_seed_13,outputs/c06_final_c86eff4,c86eff4203214cd7b64c5d908bb71cab69f7c555,565653ebd216b202f2691a4b1a3c160dfcfd24f3935e1f9cffe9546c4db4ba28,a271dd76aa2687e98374a67bcc1b00de5658d8c1c3c558e070bbac66ebef819e,6247178b4b37288070db02572930363d2c5f87ddeb7b16f8314dadc33f63e5e4,ridge,raw,rmse,20.116943049074276,reconstructed,100,PENDING
C06,FD001,late_calibration,13,C06_late_calibration_c86eff420321_seed_13,outputs/c06_final_c86eff4,c86eff4203214cd7b64c5d908bb71cab69f7c555,565653ebd216b202f2691a4b1a3c160dfcfd24f3935e1f9cffe9546c4db4ba28,a271dd76aa2687e98374a67bcc1b00de5658d8c1c3c558e070bbac66ebef819e,6247178b4b37288070db02572930363d2c5f87ddeb7b16f8314dadc33f63e5e4,ridge,raw,mae,15.520629605044277,reconstructed,100,PENDING
C06,FD001,late_calibration,13,C06_late_calibration_c86eff420321_seed_13,outputs/c06_final_c86eff4,c86eff4203214cd7b64c5d908bb71cab69f7c555,565653ebd216b202f2691a4b1a3c160dfcfd24f3935e1f9cffe9546c4db4ba28,a271dd76aa2687e98374a67bcc1b00de5658d8c1c3c558e070bbac66ebef819e,6247178b4b37288070db02572930363d2c5f87ddeb7b16f8314dadc33f63e5e4,ridge,raw,signed_error,-2.480058848241517,reconstructed,100,PENDING
C06,FD001,late_calibration,13,C06_late_calibration_c86eff420321_seed_13,outputs/c06_final_c86eff4,c86eff4203214cd7b64c5d908bb71cab69f7c555,565653ebd216b202f2691a4b1a3c160dfcfd24f3935e1f9cffe9546c4db4ba28,a271dd76aa2687e98374a67bcc1b00de5658d8c1c3c558e070bbac66ebef819e,6247178b4b37288070db02572930363d2c5f87ddeb7b16f8314dadc33f63e5e4,ridge,raw,nasa_score,656.7451446483229,reconstructed,100,PENDING
C06,FD001,late_calibration,13,C06_late_calibration_c86eff420321_seed_13,outputs/c06_final_c86eff4,c86eff4203214cd7b64c5d908bb71cab69f7c555,565653ebd216b202f2691a4b1a3c160dfcfd24f3935e1f9cffe9546c4db4ba28,a271dd76aa2687e98374a67bcc1b00de5658d8c1c3c558e070bbac66ebef819e,6247178b4b37288070db02572930363d2c5f87ddeb7b16f8314dadc33f63e5e4,ridge,clipped,rmse,18.757302031911998,reconstructed,100,PENDING
C06,FD001,late_calibration,13,C06_late_calibration_c86eff420321_seed_13,outputs/c06_final_c86eff4,c86eff4203214cd7b64c5d908bb71cab69f7c555,565653ebd216b202f2691a4b1a3c160dfcfd24f3935e1f9cffe9546c4db4ba28,a271dd76aa2687e98374a67bcc1b00de5658d8c1c3c558e070bbac66ebef819e,6247178b4b37288070db02572930363d2c5f87ddeb7b16f8314dadc33f63e5e4,ridge,clipped,mae,14.426285007018455,reconstructed,100,PENDING
C06,FD001,late_calibration,13,C06_late_calibration_c86eff420321_seed_13,outputs/c06_final_c86eff4,c86eff4203214cd7b64c5d908bb71cab69f7c555,565653ebd216b202f2691a4b1a3c160dfcfd24f3935e1f9cffe9546c4db4ba28,a271dd76aa2687e98374a67bcc1b00de5658d8c1c3c558e070bbac66ebef819e,6247178b4b37288070db02572930363d2c5f87ddeb7b16f8314dadc33f63e5e4,ridge,clipped,signed_error,-1.3857142502156952,reconstructed,100,PENDING
C06,FD001,late_calibration,13,C06_late_calibration_c86eff420321_seed_13,outputs/c06_final_c86eff4,c86eff4203214cd7b64c5d908bb71cab69f7c555,565653ebd216b202f2691a4b1a3c160dfcfd24f3935e1f9cffe9546c4db4ba28,a271dd76aa2687e98374a67bcc1b00de5658d8c1c3c558e070bbac66ebef819e,6247178b4b37288070db02572930363d2c5f87ddeb7b16f8314dadc33f63e5e4,ridge,clipped,nasa_score,571.388059042254,reconstructed,100,PENDING
C06,FD001,late_calibration,13,C06_late_calibration_c86eff420321_seed_13,outputs/c06_final_c86eff4,c86eff4203214cd7b64c5d908bb71cab69f7c555,565653ebd216b202f2691a4b1a3c160dfcfd24f3935e1f9cffe9546c4db4ba28,a271dd76aa2687e98374a67bcc1b00de5658d8c1c3c558e070bbac66ebef819e,6247178b4b37288070db02572930363d2c5f87ddeb7b16f8314dadc33f63e5e4,hist_gradient_boosting,raw,rmse,17.7993505617479,reconstructed,100,PENDING
C06,FD001,late_calibration,13,C06_late_calibration_c86eff420321_seed_13,outputs/c06_final_c86eff4,c86eff4203214cd7b64c5d908bb71cab69f7c555,565653ebd216b202f2691a4b1a3c160dfcfd24f3935e1f9cffe9546c4db4ba28,a271dd76aa2687e98374a67bcc1b00de5658d8c1c3c558e070bbac66ebef819e,6247178b4b37288070db02572930363d2c5f87ddeb7b16f8314dadc33f63e5e4,hist_gradient_boosting,raw,mae,14.006307245117574,reconstructed,100,PENDING
C06,FD001,late_calibration,13,C06_late_calibration_c86eff420321_seed_13,outputs/c06_final_c86eff4,c86eff4203214cd7b64c5d908bb71cab69f7c555,565653ebd216b202f2691a4b1a3c160dfcfd24f3935e1f9cffe9546c4db4ba28,a271dd76aa2687e98374a67bcc1b00de5658d8c1c3c558e070bbac66ebef819e,6247178b4b37288070db02572930363d2c5f87ddeb7b16f8314dadc33f63e5e4,hist_gradient_boosting,raw,signed_error,-0.601513103812219,reconstructed,100,PENDING
C06,FD001,late_calibration,13,C06_late_calibration_c86eff420321_seed_13,outputs/c06_final_c86eff4,c86eff4203214cd7b64c5d908bb71cab69f7c555,565653ebd216b202f2691a4b1a3c160dfcfd24f3935e1f9cffe9546c4db4ba28,a271dd76aa2687e98374a67bcc1b00de5658d8c1c3c558e070bbac66ebef819e,6247178b4b37288070db02572930363d2c5f87ddeb7b16f8314dadc33f63e5e4,hist_gradient_boosting,raw,nasa_score,447.0682201015349,reconstructed,100,PENDING
C06,FD001,late_calibration,13,C06_late_calibration_c86eff420321_seed_13,outputs/c06_final_c86eff4,c86eff4203214cd7b64c5d908bb71cab69f7c555,565653ebd216b202f2691a4b1a3c160dfcfd24f3935e1f9cffe9546c4db4ba28,a271dd76aa2687e98374a67bcc1b00de5658d8c1c3c558e070bbac66ebef819e,6247178b4b37288070db02572930363d2c5f87ddeb7b16f8314dadc33f63e5e4,hist_gradient_boosting,clipped,rmse,16.408302836831606,reconstructed,100,PENDING
C06,FD001,late_calibration,13,C06_late_calibration_c86eff420321_seed_13,outputs/c06_final_c86eff4,c86eff4203214cd7b64c5d908bb71cab69f7c555,565653ebd216b202f2691a4b1a3c160dfcfd24f3935e1f9cffe9546c4db4ba28,a271dd76aa2687e98374a67bcc1b00de5658d8c1c3c558e070bbac66ebef819e,6247178b4b37288070db02572930363d2c5f87ddeb7b16f8314dadc33f63e5e4,hist_gradient_boosting,clipped,mae,12.936307245117574,reconstructed,100,PENDING
C06,FD001,late_calibration,13,C06_late_calibration_c86eff420321_seed_13,outputs/c06_final_c86eff4,c86eff4203214cd7b64c5d908bb71cab69f7c555,565653ebd216b202f2691a4b1a3c160dfcfd24f3935e1f9cffe9546c4db4ba28,a271dd76aa2687e98374a67bcc1b00de5658d8c1c3c558e070bbac66ebef819e,6247178b4b37288070db02572930363d2c5f87ddeb7b16f8314dadc33f63e5e4,hist_gradient_boosting,clipped,signed_error,0.46848689618778083,reconstructed,100,PENDING
C06,FD001,late_calibration,13,C06_late_calibration_c86eff420321_seed_13,outputs/c06_final_c86eff4,c86eff4203214cd7b64c5d908bb71cab69f7c555,565653ebd216b202f2691a4b1a3c160dfcfd24f3935e1f9cffe9546c4db4ba28,a271dd76aa2687e98374a67bcc1b00de5658d8c1c3c558e070bbac66ebef819e,6247178b4b37288070db02572930363d2c5f87ddeb7b16f8314dadc33f63e5e4,hist_gradient_boosting,clipped,nasa_score,384.8227758548457,reconstructed,100,PENDING
C06,FD001,late_calibration,37,C06_late_calibration_c86eff420321_seed_37,outputs/c06_final_c86eff4,c86eff4203214cd7b64c5d908bb71cab69f7c555,6ccb5c7492798867277465ca994a670dad7fd90b6827e8cb36c08ccd7635c3f5,dd2951ac4489edaa9a3a6bdd89bf4d62df1e089a8f7865617240718b64231460,5f136982799940e2fb7f3ac7dba5c74ca84c05abd172ccb7de80142c44b8b8db,mean,raw,rmse,43.24306023167234,reconstructed,100,PENDING
C06,FD001,late_calibration,37,C06_late_calibration_c86eff420321_seed_37,outputs/c06_final_c86eff4,c86eff4203214cd7b64c5d908bb71cab69f7c555,6ccb5c7492798867277465ca994a670dad7fd90b6827e8cb36c08ccd7635c3f5,dd2951ac4489edaa9a3a6bdd89bf4d62df1e089a8f7865617240718b64231460,5f136982799940e2fb7f3ac7dba5c74ca84c05abd172ccb7de80142c44b8b8db,mean,raw,mae,35.909642686993806,reconstructed,100,PENDING
C06,FD001,late_calibration,37,C06_late_calibration_c86eff420321_seed_37,outputs/c06_final_c86eff4,c86eff4203214cd7b64c5d908bb71cab69f7c555,6ccb5c7492798867277465ca994a670dad7fd90b6827e8cb36c08ccd7635c3f5,dd2951ac4489edaa9a3a6bdd89bf4d62df1e089a8f7865617240718b64231460,5f136982799940e2fb7f3ac7dba5c74ca84c05abd172ccb7de80142c44b8b8db,mean,raw,signed_error,11.962134349690334,reconstructed,100,PENDING
C06,FD001,late_calibration,37,C06_late_calibration_c86eff420321_seed_37,outputs/c06_final_c86eff4,c86eff4203214cd7b64c5d908bb71cab69f7c555,6ccb5c7492798867277465ca994a670dad7fd90b6827e8cb36c08ccd7635c3f5,dd2951ac4489edaa9a3a6bdd89bf4d62df1e089a8f7865617240718b64231460,5f136982799940e2fb7f3ac7dba5c74ca84c05abd172ccb7de80142c44b8b8db,mean,raw,nasa_score,35823.76432364773,reconstructed,100,PENDING
C06,FD001,late_calibration,37,C06_late_calibration_c86eff420321_seed_37,outputs/c06_final_c86eff4,c86eff4203214cd7b64c5d908bb71cab69f7c555,6ccb5c7492798867277465ca994a670dad7fd90b6827e8cb36c08ccd7635c3f5,dd2951ac4489edaa9a3a6bdd89bf4d62df1e089a8f7865617240718b64231460,5f136982799940e2fb7f3ac7dba5c74ca84c05abd172ccb7de80142c44b8b8db,mean,clipped,rmse,42.13910328552779,reconstructed,100,PENDING
C06,FD001,late_calibration,37,C06_late_calibration_c86eff420321_seed_37,outputs/c06_final_c86eff4,c86eff4203214cd7b64c5d908bb71cab69f7c555,6ccb5c7492798867277465ca994a670dad7fd90b6827e8cb36c08ccd7635c3f5,dd2951ac4489edaa9a3a6bdd89bf4d62df1e089a8f7865617240718b64231460,5f136982799940e2fb7f3ac7dba5c74ca84c05abd172ccb7de80142c44b8b8db,mean,clipped,mae,34.839642686993805,reconstructed,100,PENDING
C06,FD001,late_calibration,37,C06_late_calibration_c86eff420321_seed_37,outputs/c06_final_c86eff4,c86eff4203214cd7b64c5d908bb71cab69f7c555,6ccb5c7492798867277465ca994a670dad7fd90b6827e8cb36c08ccd7635c3f5,dd2951ac4489edaa9a3a6bdd89bf4d62df1e089a8f7865617240718b64231460,5f136982799940e2fb7f3ac7dba5c74ca84c05abd172ccb7de80142c44b8b8db,mean,clipped,signed_error,13.032134349690335,reconstructed,100,PENDING
C06,FD001,late_calibration,37,C06_late_calibration_c86eff420321_seed_37,outputs/c06_final_c86eff4,c86eff4203214cd7b64c5d908bb71cab69f7c555,6ccb5c7492798867277465ca994a670dad7fd90b6827e8cb36c08ccd7635c3f5,dd2951ac4489edaa9a3a6bdd89bf4d62df1e089a8f7865617240718b64231460,5f136982799940e2fb7f3ac7dba5c74ca84c05abd172ccb7de80142c44b8b8db,mean,clipped,nasa_score,35562.46288542401,reconstructed,100,PENDING
C06,FD001,late_calibration,37,C06_late_calibration_c86eff420321_seed_37,outputs/c06_final_c86eff4,c86eff4203214cd7b64c5d908bb71cab69f7c555,6ccb5c7492798867277465ca994a670dad7fd90b6827e8cb36c08ccd7635c3f5,dd2951ac4489edaa9a3a6bdd89bf4d62df1e089a8f7865617240718b64231460,5f136982799940e2fb7f3ac7dba5c74ca84c05abd172ccb7de80142c44b8b8db,ridge,raw,rmse,18.48038572847197,reconstructed,100,PENDING
C06,FD001,late_calibration,37,C06_late_calibration_c86eff420321_seed_37,outputs/c06_final_c86eff4,c86eff4203214cd7b64c5d908bb71cab69f7c555,6ccb5c7492798867277465ca994a670dad7fd90b6827e8cb36c08ccd7635c3f5,dd2951ac4489edaa9a3a6bdd89bf4d62df1e089a8f7865617240718b64231460,5f136982799940e2fb7f3ac7dba5c74ca84c05abd172ccb7de80142c44b8b8db,ridge,raw,mae,14.534084883070147,reconstructed,100,PENDING
C06,FD001,late_calibration,37,C06_late_calibration_c86eff420321_seed_37,outputs/c06_final_c86eff4,c86eff4203214cd7b64c5d908bb71cab69f7c555,6ccb5c7492798867277465ca994a670dad7fd90b6827e8cb36c08ccd7635c3f5,dd2951ac4489edaa9a3a6bdd89bf4d62df1e089a8f7865617240718b64231460,5f136982799940e2fb7f3ac7dba5c74ca84c05abd172ccb7de80142c44b8b8db,ridge,raw,signed_error,1.9195463221298428,reconstructed,100,PENDING
C06,FD001,late_calibration,37,C06_late_calibration_c86eff420321_seed_37,outputs/c06_final_c86eff4,c86eff4203214cd7b64c5d908bb71cab69f7c555,6ccb5c7492798867277465ca994a670dad7fd90b6827e8cb36c08ccd7635c3f5,dd2951ac4489edaa9a3a6bdd89bf4d62df1e089a8f7865617240718b64231460,5f136982799940e2fb7f3ac7dba5c74ca84c05abd172ccb7de80142c44b8b8db,ridge,raw,nasa_score,582.212670070333,reconstructed,100,PENDING
C06,FD001,late_calibration,37,C06_late_calibration_c86eff420321_seed_37,outputs/c06_final_c86eff4,c86eff4203214cd7b64c5d908bb71cab69f7c555,6ccb5c7492798867277465ca994a670dad7fd90b6827e8cb36c08ccd7635c3f5,dd2951ac4489edaa9a3a6bdd89bf4d62df1e089a8f7865617240718b64231460,5f136982799940e2fb7f3ac7dba5c74ca84c05abd172ccb7de80142c44b8b8db,ridge,clipped,rmse,17.35317009247391,reconstructed,100,PENDING
C06,FD001,late_calibration,37,C06_late_calibration_c86eff420321_seed_37,outputs/c06_final_c86eff4,c86eff4203214cd7b64c5d908bb71cab69f7c555,6ccb5c7492798867277465ca994a670dad7fd90b6827e8cb36c08ccd7635c3f5,dd2951ac4489edaa9a3a6bdd89bf4d62df1e089a8f7865617240718b64231460,5f136982799940e2fb7f3ac7dba5c74ca84c05abd172ccb7de80142c44b8b8db,ridge,clipped,mae,13.460964052832376,reconstructed,100,PENDING
C06,FD001,late_calibration,37,C06_late_calibration_c86eff420321_seed_37,outputs/c06_final_c86eff4,c86eff4203214cd7b64c5d908bb71cab69f7c555,6ccb5c7492798867277465ca994a670dad7fd90b6827e8cb36c08ccd7635c3f5,dd2951ac4489edaa9a3a6bdd89bf4d62df1e089a8f7865617240718b64231460,5f136982799940e2fb7f3ac7dba5c74ca84c05abd172ccb7de80142c44b8b8db,ridge,clipped,signed_error,2.992667152367612,reconstructed,100,PENDING
C06,FD001,late_calibration,37,C06_late_calibration_c86eff420321_seed_37,outputs/c06_final_c86eff4,c86eff4203214cd7b64c5d908bb71cab69f7c555,6ccb5c7492798867277465ca994a670dad7fd90b6827e8cb36c08ccd7635c3f5,dd2951ac4489edaa9a3a6bdd89bf4d62df1e089a8f7865617240718b64231460,5f136982799940e2fb7f3ac7dba5c74ca84c05abd172ccb7de80142c44b8b8db,ridge,clipped,nasa_score,539.7013601577119,reconstructed,100,PENDING
C06,FD001,late_calibration,37,C06_late_calibration_c86eff420321_seed_37,outputs/c06_final_c86eff4,c86eff4203214cd7b64c5d908bb71cab69f7c555,6ccb5c7492798867277465ca994a670dad7fd90b6827e8cb36c08ccd7635c3f5,dd2951ac4489edaa9a3a6bdd89bf4d62df1e089a8f7865617240718b64231460,5f136982799940e2fb7f3ac7dba5c74ca84c05abd172ccb7de80142c44b8b8db,hist_gradient_boosting,raw,rmse,17.202447026929242,reconstructed,100,PENDING
C06,FD001,late_calibration,37,C06_late_calibration_c86eff420321_seed_37,outputs/c06_final_c86eff4,c86eff4203214cd7b64c5d908bb71cab69f7c555,6ccb5c7492798867277465ca994a670dad7fd90b6827e8cb36c08ccd7635c3f5,dd2951ac4489edaa9a3a6bdd89bf4d62df1e089a8f7865617240718b64231460,5f136982799940e2fb7f3ac7dba5c74ca84c05abd172ccb7de80142c44b8b8db,hist_gradient_boosting,raw,mae,13.544686450830925,reconstructed,100,PENDING
C06,FD001,late_calibration,37,C06_late_calibration_c86eff420321_seed_37,outputs/c06_final_c86eff4,c86eff4203214cd7b64c5d908bb71cab69f7c555,6ccb5c7492798867277465ca994a670dad7fd90b6827e8cb36c08ccd7635c3f5,dd2951ac4489edaa9a3a6bdd89bf4d62df1e089a8f7865617240718b64231460,5f136982799940e2fb7f3ac7dba5c74ca84c05abd172ccb7de80142c44b8b8db,hist_gradient_boosting,raw,signed_error,3.6157650849530993,reconstructed,100,PENDING
C06,FD001,late_calibration,37,C06_late_calibration_c86eff420321_seed_37,outputs/c06_final_c86eff4,c86eff4203214cd7b64c5d908bb71cab69f7c555,6ccb5c7492798867277465ca994a670dad7fd90b6827e8cb36c08ccd7635c3f5,dd2951ac4489edaa9a3a6bdd89bf4d62df1e089a8f7865617240718b64231460,5f136982799940e2fb7f3ac7dba5c74ca84c05abd172ccb7de80142c44b8b8db,hist_gradient_boosting,raw,nasa_score,540.0344490575861,reconstructed,100,PENDING
C06,FD001,late_calibration,37,C06_late_calibration_c86eff420321_seed_37,outputs/c06_final_c86eff4,c86eff4203214cd7b64c5d908bb71cab69f7c555,6ccb5c7492798867277465ca994a670dad7fd90b6827e8cb36c08ccd7635c3f5,dd2951ac4489edaa9a3a6bdd89bf4d62df1e089a8f7865617240718b64231460,5f136982799940e2fb7f3ac7dba5c74ca84c05abd172ccb7de80142c44b8b8db,hist_gradient_boosting,clipped,rmse,16.050156665242344,reconstructed,100,PENDING
C06,FD001,late_calibration,37,C06_late_calibration_c86eff420321_seed_37,outputs/c06_final_c86eff4,c86eff4203214cd7b64c5d908bb71cab69f7c555,6ccb5c7492798867277465ca994a670dad7fd90b6827e8cb36c08ccd7635c3f5,dd2951ac4489edaa9a3a6bdd89bf4d62df1e089a8f7865617240718b64231460,5f136982799940e2fb7f3ac7dba5c74ca84c05abd172ccb7de80142c44b8b8db,hist_gradient_boosting,clipped,mae,12.474686450830925,reconstructed,100,PENDING
C06,FD001,late_calibration,37,C06_late_calibration_c86eff420321_seed_37,outputs/c06_final_c86eff4,c86eff4203214cd7b64c5d908bb71cab69f7c555,6ccb5c7492798867277465ca994a670dad7fd90b6827e8cb36c08ccd7635c3f5,dd2951ac4489edaa9a3a6bdd89bf4d62df1e089a8f7865617240718b64231460,5f136982799940e2fb7f3ac7dba5c74ca84c05abd172ccb7de80142c44b8b8db,hist_gradient_boosting,clipped,signed_error,4.6857650849531005,reconstructed,100,PENDING
C06,FD001,late_calibration,37,C06_late_calibration_c86eff420321_seed_37,outputs/c06_final_c86eff4,c86eff4203214cd7b64c5d908bb71cab69f7c555,6ccb5c7492798867277465ca994a670dad7fd90b6827e8cb36c08ccd7635c3f5,dd2951ac4489edaa9a3a6bdd89bf4d62df1e089a8f7865617240718b64231460,5f136982799940e2fb7f3ac7dba5c74ca84c05abd172ccb7de80142c44b8b8db,hist_gradient_boosting,clipped,nasa_score,501.67496445920347,reconstructed,100,PENDING
C06,FD001,late_calibration,73,C06_late_calibration_c86eff420321_seed_73,outputs/c06_final_c86eff4,c86eff4203214cd7b64c5d908bb71cab69f7c555,22cc268b9713f942eb1d9b078adcbb6d4e70934c25cdf7a3ff58939766d914e1,71ad4e8b668fe8baff154ba8b7308ddb2b2f1de3c7226d8dfeed5ace5c9a18d4,b0f271dd52795e21574a67ee13bb3288a4d71fa5092704ca3e57f2529da135ae,mean,raw,rmse,42.99238410984966,reconstructed,100,PENDING
C06,FD001,late_calibration,73,C06_late_calibration_c86eff420321_seed_73,outputs/c06_final_c86eff4,c86eff4203214cd7b64c5d908bb71cab69f7c555,22cc268b9713f942eb1d9b078adcbb6d4e70934c25cdf7a3ff58939766d914e1,71ad4e8b668fe8baff154ba8b7308ddb2b2f1de3c7226d8dfeed5ace5c9a18d4,b0f271dd52795e21574a67ee13bb3288a4d71fa5092704ca3e57f2529da135ae,mean,raw,mae,35.9,reconstructed,100,PENDING
C06,FD001,late_calibration,73,C06_late_calibration_c86eff420321_seed_73,outputs/c06_final_c86eff4,c86eff4203214cd7b64c5d908bb71cab69f7c555,22cc268b9713f942eb1d9b078adcbb6d4e70934c25cdf7a3ff58939766d914e1,71ad4e8b668fe8baff154ba8b7308ddb2b2f1de3c7226d8dfeed5ace5c9a18d4,b0f271dd52795e21574a67ee13bb3288a4d71fa5092704ca3e57f2529da135ae,mean,raw,signed_error,11.021592055998688,reconstructed,100,PENDING
C06,FD001,late_calibration,73,C06_late_calibration_c86eff420321_seed_73,outputs/c06_final_c86eff4,c86eff4203214cd7b64c5d908bb71cab69f7c555,22cc268b9713f942eb1d9b078adcbb6d4e70934c25cdf7a3ff58939766d914e1,71ad4e8b668fe8baff154ba8b7308ddb2b2f1de3c7226d8dfeed5ace5c9a18d4,b0f271dd52795e21574a67ee13bb3288a4d71fa5092704ca3e57f2529da135ae,mean,raw,nasa_score,32707.992398466104,reconstructed,100,PENDING
C06,FD001,late_calibration,73,C06_late_calibration_c86eff420321_seed_73,outputs/c06_final_c86eff4,c86eff4203214cd7b64c5d908bb71cab69f7c555,22cc268b9713f942eb1d9b078adcbb6d4e70934c25cdf7a3ff58939766d914e1,71ad4e8b668fe8baff154ba8b7308ddb2b2f1de3c7226d8dfeed5ace5c9a18d4,b0f271dd52795e21574a67ee13bb3288a4d71fa5092704ca3e57f2529da135ae,mean,clipped,rmse,41.857784203761796,reconstructed,100,PENDING
C06,FD001,late_calibration,73,C06_late_calibration_c86eff420321_seed_73,outputs/c06_final_c86eff4,c86eff4203214cd7b64c5d908bb71cab69f7c555,22cc268b9713f942eb1d9b078adcbb6d4e70934c25cdf7a3ff58939766d914e1,71ad4e8b668fe8baff154ba8b7308ddb2b2f1de3c7226d8dfeed5ace5c9a18d4,b0f271dd52795e21574a67ee13bb3288a4d71fa5092704ca3e57f2529da135ae,mean,clipped,mae,34.83,reconstructed,100,PENDING
C06,FD001,late_calibration,73,C06_late_calibration_c86eff420321_seed_73,outputs/c06_final_c86eff4,c86eff4203214cd7b64c5d908bb71cab69f7c555,22cc268b9713f942eb1d9b078adcbb6d4e70934c25cdf7a3ff58939766d914e1,71ad4e8b668fe8baff154ba8b7308ddb2b2f1de3c7226d8dfeed5ace5c9a18d4,b0f271dd52795e21574a67ee13bb3288a4d71fa5092704ca3e57f2529da135ae,mean,clipped,signed_error,12.091592055998687,reconstructed,100,PENDING
C06,FD001,late_calibration,73,C06_late_calibration_c86eff420321_seed_73,outputs/c06_final_c86eff4,c86eff4203214cd7b64c5d908bb71cab69f7c555,22cc268b9713f942eb1d9b078adcbb6d4e70934c25cdf7a3ff58939766d914e1,71ad4e8b668fe8baff154ba8b7308ddb2b2f1de3c7226d8dfeed5ace5c9a18d4,b0f271dd52795e21574a67ee13bb3288a4d71fa5092704ca3e57f2529da135ae,mean,clipped,nasa_score,32427.085277640228,reconstructed,100,PENDING
C06,FD001,late_calibration,73,C06_late_calibration_c86eff420321_seed_73,outputs/c06_final_c86eff4,c86eff4203214cd7b64c5d908bb71cab69f7c555,22cc268b9713f942eb1d9b078adcbb6d4e70934c25cdf7a3ff58939766d914e1,71ad4e8b668fe8baff154ba8b7308ddb2b2f1de3c7226d8dfeed5ace5c9a18d4,b0f271dd52795e21574a67ee13bb3288a4d71fa5092704ca3e57f2529da135ae,ridge,raw,rmse,18.812936543548002,reconstructed,100,PENDING
C06,FD001,late_calibration,73,C06_late_calibration_c86eff420321_seed_73,outputs/c06_final_c86eff4,c86eff4203214cd7b64c5d908bb71cab69f7c555,22cc268b9713f942eb1d9b078adcbb6d4e70934c25cdf7a3ff58939766d914e1,71ad4e8b668fe8baff154ba8b7308ddb2b2f1de3c7226d8dfeed5ace5c9a18d4,b0f271dd52795e21574a67ee13bb3288a4d71fa5092704ca3e57f2529da135ae,ridge,raw,mae,14.562164111864314,reconstructed,100,PENDING
C06,FD001,late_calibration,73,C06_late_calibration_c86eff420321_seed_73,outputs/c06_final_c86eff4,c86eff4203214cd7b64c5d908bb71cab69f7c555,22cc268b9713f942eb1d9b078adcbb6d4e70934c25cdf7a3ff58939766d914e1,71ad4e8b668fe8baff154ba8b7308ddb2b2f1de3c7226d8dfeed5ace5c9a18d4,b0f271dd52795e21574a67ee13bb3288a4d71fa5092704ca3e57f2529da135ae,ridge,raw,signed_error,-0.94267530495146,reconstructed,100,PENDING
C06,FD001,late_calibration,73,C06_late_calibration_c86eff420321_seed_73,outputs/c06_final_c86eff4,c86eff4203214cd7b64c5d908bb71cab69f7c555,22cc268b9713f942eb1d9b078adcbb6d4e70934c25cdf7a3ff58939766d914e1,71ad4e8b668fe8baff154ba8b7308ddb2b2f1de3c7226d8dfeed5ace5c9a18d4,b0f271dd52795e21574a67ee13bb3288a4d71fa5092704ca3e57f2529da135ae,ridge,raw,nasa_score,579.8134941284014,reconstructed,100,PENDING
C06,FD001,late_calibration,73,C06_late_calibration_c86eff420321_seed_73,outputs/c06_final_c86eff4,c86eff4203214cd7b64c5d908bb71cab69f7c555,22cc268b9713f942eb1d9b078adcbb6d4e70934c25cdf7a3ff58939766d914e1,71ad4e8b668fe8baff154ba8b7308ddb2b2f1de3c7226d8dfeed5ace5c9a18d4,b0f271dd52795e21574a67ee13bb3288a4d71fa5092704ca3e57f2529da135ae,ridge,clipped,rmse,17.50008462725087,reconstructed,100,PENDING
C06,FD001,late_calibration,73,C06_late_calibration_c86eff420321_seed_73,outputs/c06_final_c86eff4,c86eff4203214cd7b64c5d908bb71cab69f7c555,22cc268b9713f942eb1d9b078adcbb6d4e70934c25cdf7a3ff58939766d914e1,71ad4e8b668fe8baff154ba8b7308ddb2b2f1de3c7226d8dfeed5ace5c9a18d4,b0f271dd52795e21574a67ee13bb3288a4d71fa5092704ca3e57f2529da135ae,ridge,clipped,mae,13.53740993136226,reconstructed,100,PENDING
C06,FD001,late_calibration,73,C06_late_calibration_c86eff420321_seed_73,outputs/c06_final_c86eff4,c86eff4203214cd7b64c5d908bb71cab69f7c555,22cc268b9713f942eb1d9b078adcbb6d4e70934c25cdf7a3ff58939766d914e1,71ad4e8b668fe8baff154ba8b7308ddb2b2f1de3c7226d8dfeed5ace5c9a18d4,b0f271dd52795e21574a67ee13bb3288a4d71fa5092704ca3e57f2529da135ae,ridge,clipped,signed_error,0.08207887555059572,reconstructed,100,PENDING
C06,FD001,late_calibration,73,C06_late_calibration_c86eff420321_seed_73,outputs/c06_final_c86eff4,c86eff4203214cd7b64c5d908bb71cab69f7c555,22cc268b9713f942eb1d9b078adcbb6d4e70934c25cdf7a3ff58939766d914e1,71ad4e8b668fe8baff154ba8b7308ddb2b2f1de3c7226d8dfeed5ace5c9a18d4,b0f271dd52795e21574a67ee13bb3288a4d71fa5092704ca3e57f2529da135ae,ridge,clipped,nasa_score,514.650950042355,reconstructed,100,PENDING
C06,FD001,late_calibration,73,C06_late_calibration_c86eff420321_seed_73,outputs/c06_final_c86eff4,c86eff4203214cd7b64c5d908bb71cab69f7c555,22cc268b9713f942eb1d9b078adcbb6d4e70934c25cdf7a3ff58939766d914e1,71ad4e8b668fe8baff154ba8b7308ddb2b2f1de3c7226d8dfeed5ace5c9a18d4,b0f271dd52795e21574a67ee13bb3288a4d71fa5092704ca3e57f2529da135ae,hist_gradient_boosting,raw,rmse,17.631366819624937,reconstructed,100,PENDING
C06,FD001,late_calibration,73,C06_late_calibration_c86eff420321_seed_73,outputs/c06_final_c86eff4,c86eff4203214cd7b64c5d908bb71cab69f7c555,22cc268b9713f942eb1d9b078adcbb6d4e70934c25cdf7a3ff58939766d914e1,71ad4e8b668fe8baff154ba8b7308ddb2b2f1de3c7226d8dfeed5ace5c9a18d4,b0f271dd52795e21574a67ee13bb3288a4d71fa5092704ca3e57f2529da135ae,hist_gradient_boosting,raw,mae,13.409978908049782,reconstructed,100,PENDING
C06,FD001,late_calibration,73,C06_late_calibration_c86eff420321_seed_73,outputs/c06_final_c86eff4,c86eff4203214cd7b64c5d908bb71cab69f7c555,22cc268b9713f942eb1d9b078adcbb6d4e70934c25cdf7a3ff58939766d914e1,71ad4e8b668fe8baff154ba8b7308ddb2b2f1de3c7226d8dfeed5ace5c9a18d4,b0f271dd52795e21574a67ee13bb3288a4d71fa5092704ca3e57f2529da135ae,hist_gradient_boosting,raw,signed_error,-0.8651339695805977,reconstructed,100,PENDING
C06,FD001,late_calibration,73,C06_late_calibration_c86eff420321_seed_73,outputs/c06_final_c86eff4,c86eff4203214cd7b64c5d908bb71cab69f7c555,22cc268b9713f942eb1d9b078adcbb6d4e70934c25cdf7a3ff58939766d914e1,71ad4e8b668fe8baff154ba8b7308ddb2b2f1de3c7226d8dfeed5ace5c9a18d4,b0f271dd52795e21574a67ee13bb3288a4d71fa5092704ca3e57f2529da135ae,hist_gradient_boosting,raw,nasa_score,485.2613587499263,reconstructed,100,PENDING
C06,FD001,late_calibration,73,C06_late_calibration_c86eff420321_seed_73,outputs/c06_final_c86eff4,c86eff4203214cd7b64c5d908bb71cab69f7c555,22cc268b9713f942eb1d9b078adcbb6d4e70934c25cdf7a3ff58939766d914e1,71ad4e8b668fe8baff154ba8b7308ddb2b2f1de3c7226d8dfeed5ace5c9a18d4,b0f271dd52795e21574a67ee13bb3288a4d71fa5092704ca3e57f2529da135ae,hist_gradient_boosting,clipped,rmse,16.311307907559797,reconstructed,100,PENDING
C06,FD001,late_calibration,73,C06_late_calibration_c86eff420321_seed_73,outputs/c06_final_c86eff4,c86eff4203214cd7b64c5d908bb71cab69f7c555,22cc268b9713f942eb1d9b078adcbb6d4e70934c25cdf7a3ff58939766d914e1,71ad4e8b668fe8baff154ba8b7308ddb2b2f1de3c7226d8dfeed5ace5c9a18d4,b0f271dd52795e21574a67ee13bb3288a4d71fa5092704ca3e57f2529da135ae,hist_gradient_boosting,clipped,mae,12.339978908049781,reconstructed,100,PENDING
C06,FD001,late_calibration,73,C06_late_calibration_c86eff420321_seed_73,outputs/c06_final_c86eff4,c86eff4203214cd7b64c5d908bb71cab69f7c555,22cc268b9713f942eb1d9b078adcbb6d4e70934c25cdf7a3ff58939766d914e1,71ad4e8b668fe8baff154ba8b7308ddb2b2f1de3c7226d8dfeed5ace5c9a18d4,b0f271dd52795e21574a67ee13bb3288a4d71fa5092704ca3e57f2529da135ae,hist_gradient_boosting,clipped,signed_error,0.20486603041940085,reconstructed,100,PENDING
C06,FD001,late_calibration,73,C06_late_calibration_c86eff420321_seed_73,outputs/c06_final_c86eff4,c86eff4203214cd7b64c5d908bb71cab69f7c555,22cc268b9713f942eb1d9b078adcbb6d4e70934c25cdf7a3ff58939766d914e1,71ad4e8b668fe8baff154ba8b7308ddb2b2f1de3c7226d8dfeed5ace5c9a18d4,b0f271dd52795e21574a67ee13bb3288a4d71fa5092704ca3e57f2529da135ae,hist_gradient_boosting,clipped,nasa_score,411.464582258393,reconstructed,100,PENDING
C06,FD001,late_calibration,101,C06_late_calibration_c86eff420321_seed_101,outputs/c06_final_c86eff4,c86eff4203214cd7b64c5d908bb71cab69f7c555,e88a2610a01ee8763ea704268724c7db668a26675ed76946206cd1ec518884a4,91feeb6acb4b214d5cf04a28feba211bd431c181d900c058c621c5e106e72d50,e41b21f4180ef53e4c2744a0afefd6cccf7a9dee530e2b8fcb29751c1a7f1d8a,mean,raw,rmse,43.042292675543905,reconstructed,100,PENDING
C06,FD001,late_calibration,101,C06_late_calibration_c86eff420321_seed_101,outputs/c06_final_c86eff4,c86eff4203214cd7b64c5d908bb71cab69f7c555,e88a2610a01ee8763ea704268724c7db668a26675ed76946206cd1ec518884a4,91feeb6acb4b214d5cf04a28feba211bd431c181d900c058c621c5e106e72d50,e41b21f4180ef53e4c2744a0afefd6cccf7a9dee530e2b8fcb29751c1a7f1d8a,mean,raw,mae,35.9,reconstructed,100,PENDING
C06,FD001,late_calibration,101,C06_late_calibration_c86eff420321_seed_101,outputs/c06_final_c86eff4,c86eff4203214cd7b64c5d908bb71cab69f7c555,e88a2610a01ee8763ea704268724c7db668a26675ed76946206cd1ec518884a4,91feeb6acb4b214d5cf04a28feba211bd431c181d900c058c621c5e106e72d50,e41b21f4180ef53e4c2744a0afefd6cccf7a9dee530e2b8fcb29751c1a7f1d8a,mean,raw,signed_error,11.214693877551053,reconstructed,100,PENDING
C06,FD001,late_calibration,101,C06_late_calibration_c86eff420321_seed_101,outputs/c06_final_c86eff4,c86eff4203214cd7b64c5d908bb71cab69f7c555,e88a2610a01ee8763ea704268724c7db668a26675ed76946206cd1ec518884a4,91feeb6acb4b214d5cf04a28feba211bd431c181d900c058c621c5e106e72d50,e41b21f4180ef53e4c2744a0afefd6cccf7a9dee530e2b8fcb29751c1a7f1d8a,mean,raw,nasa_score,33323.315941896195,reconstructed,100,PENDING
C06,FD001,late_calibration,101,C06_late_calibration_c86eff420321_seed_101,outputs/c06_final_c86eff4,c86eff4203214cd7b64c5d908bb71cab69f7c555,e88a2610a01ee8763ea704268724c7db668a26675ed76946206cd1ec518884a4,91feeb6acb4b214d5cf04a28feba211bd431c181d900c058c621c5e106e72d50,e41b21f4180ef53e4c2744a0afefd6cccf7a9dee530e2b8fcb29751c1a7f1d8a,mean,clipped,rmse,41.91397384721639,reconstructed,100,PENDING
C06,FD001,late_calibration,101,C06_late_calibration_c86eff420321_seed_101,outputs/c06_final_c86eff4,c86eff4203214cd7b64c5d908bb71cab69f7c555,e88a2610a01ee8763ea704268724c7db668a26675ed76946206cd1ec518884a4,91feeb6acb4b214d5cf04a28feba211bd431c181d900c058c621c5e106e72d50,e41b21f4180ef53e4c2744a0afefd6cccf7a9dee530e2b8fcb29751c1a7f1d8a,mean,clipped,mae,34.83,reconstructed,100,PENDING
C06,FD001,late_calibration,101,C06_late_calibration_c86eff420321_seed_101,outputs/c06_final_c86eff4,c86eff4203214cd7b64c5d908bb71cab69f7c555,e88a2610a01ee8763ea704268724c7db668a26675ed76946206cd1ec518884a4,91feeb6acb4b214d5cf04a28feba211bd431c181d900c058c621c5e106e72d50,e41b21f4180ef53e4c2744a0afefd6cccf7a9dee530e2b8fcb29751c1a7f1d8a,mean,clipped,signed_error,12.284693877551057,reconstructed,100,PENDING
C06,FD001,late_calibration,101,C06_late_calibration_c86eff420321_seed_101,outputs/c06_final_c86eff4,c86eff4203214cd7b64c5d908bb71cab69f7c555,e88a2610a01ee8763ea704268724c7db668a26675ed76946206cd1ec518884a4,91feeb6acb4b214d5cf04a28feba211bd431c181d900c058c621c5e106e72d50,e41b21f4180ef53e4c2744a0afefd6cccf7a9dee530e2b8fcb29751c1a7f1d8a,mean,clipped,nasa_score,33046.550574658584,reconstructed,100,PENDING
C06,FD001,late_calibration,101,C06_late_calibration_c86eff420321_seed_101,outputs/c06_final_c86eff4,c86eff4203214cd7b64c5d908bb71cab69f7c555,e88a2610a01ee8763ea704268724c7db668a26675ed76946206cd1ec518884a4,91feeb6acb4b214d5cf04a28feba211bd431c181d900c058c621c5e106e72d50,e41b21f4180ef53e4c2744a0afefd6cccf7a9dee530e2b8fcb29751c1a7f1d8a,ridge,raw,rmse,19.232441279894303,reconstructed,100,PENDING
C06,FD001,late_calibration,101,C06_late_calibration_c86eff420321_seed_101,outputs/c06_final_c86eff4,c86eff4203214cd7b64c5d908bb71cab69f7c555,e88a2610a01ee8763ea704268724c7db668a26675ed76946206cd1ec518884a4,91feeb6acb4b214d5cf04a28feba211bd431c181d900c058c621c5e106e72d50,e41b21f4180ef53e4c2744a0afefd6cccf7a9dee530e2b8fcb29751c1a7f1d8a,ridge,raw,mae,14.946996014897513,reconstructed,100,PENDING
C06,FD001,late_calibration,101,C06_late_calibration_c86eff420321_seed_101,outputs/c06_final_c86eff4,c86eff4203214cd7b64c5d908bb71cab69f7c555,e88a2610a01ee8763ea704268724c7db668a26675ed76946206cd1ec518884a4,91feeb6acb4b214d5cf04a28feba211bd431c181d900c058c621c5e106e72d50,e41b21f4180ef53e4c2744a0afefd6cccf7a9dee530e2b8fcb29751c1a7f1d8a,ridge,raw,signed_error,-0.3920299735144407,reconstructed,100,PENDING
C06,FD001,late_calibration,101,C06_late_calibration_c86eff420321_seed_101,outputs/c06_final_c86eff4,c86eff4203214cd7b64c5d908bb71cab69f7c555,e88a2610a01ee8763ea704268724c7db668a26675ed76946206cd1ec518884a4,91feeb6acb4b214d5cf04a28feba211bd431c181d900c058c621c5e106e72d50,e41b21f4180ef53e4c2744a0afefd6cccf7a9dee530e2b8fcb29751c1a7f1d8a,ridge,raw,nasa_score,621.4766848843976,reconstructed,100,PENDING
C06,FD001,late_calibration,101,C06_late_calibration_c86eff420321_seed_101,outputs/c06_final_c86eff4,c86eff4203214cd7b64c5d908bb71cab69f7c555,e88a2610a01ee8763ea704268724c7db668a26675ed76946206cd1ec518884a4,91feeb6acb4b214d5cf04a28feba211bd431c181d900c058c621c5e106e72d50,e41b21f4180ef53e4c2744a0afefd6cccf7a9dee530e2b8fcb29751c1a7f1d8a,ridge,clipped,rmse,17.98959072113871,reconstructed,100,PENDING
C06,FD001,late_calibration,101,C06_late_calibration_c86eff420321_seed_101,outputs/c06_final_c86eff4,c86eff4203214cd7b64c5d908bb71cab69f7c555,e88a2610a01ee8763ea704268724c7db668a26675ed76946206cd1ec518884a4,91feeb6acb4b214d5cf04a28feba211bd431c181d900c058c621c5e106e72d50,e41b21f4180ef53e4c2744a0afefd6cccf7a9dee530e2b8fcb29751c1a7f1d8a,ridge,clipped,mae,13.949546028006619,reconstructed,100,PENDING
C06,FD001,late_calibration,101,C06_late_calibration_c86eff420321_seed_101,outputs/c06_final_c86eff4,c86eff4203214cd7b64c5d908bb71cab69f7c555,e88a2610a01ee8763ea704268724c7db668a26675ed76946206cd1ec518884a4,91feeb6acb4b214d5cf04a28feba211bd431c181d900c058c621c5e106e72d50,e41b21f4180ef53e4c2744a0afefd6cccf7a9dee530e2b8fcb29751c1a7f1d8a,ridge,clipped,signed_error,0.6054200133764543,reconstructed,100,PENDING
C06,FD001,late_calibration,101,C06_late_calibration_c86eff420321_seed_101,outputs/c06_final_c86eff4,c86eff4203214cd7b64c5d908bb71cab69f7c555,e88a2610a01ee8763ea704268724c7db668a26675ed76946206cd1ec518884a4,91feeb6acb4b214d5cf04a28feba211bd431c181d900c058c621c5e106e72d50,e41b21f4180ef53e4c2744a0afefd6cccf7a9dee530e2b8fcb29751c1a7f1d8a,ridge,clipped,nasa_score,556.0055453668418,reconstructed,100,PENDING
C06,FD001,late_calibration,101,C06_late_calibration_c86eff420321_seed_101,outputs/c06_final_c86eff4,c86eff4203214cd7b64c5d908bb71cab69f7c555,e88a2610a01ee8763ea704268724c7db668a26675ed76946206cd1ec518884a4,91feeb6acb4b214d5cf04a28feba211bd431c181d900c058c621c5e106e72d50,e41b21f4180ef53e4c2744a0afefd6cccf7a9dee530e2b8fcb29751c1a7f1d8a,hist_gradient_boosting,raw,rmse,17.045336146807543,reconstructed,100,PENDING
C06,FD001,late_calibration,101,C06_late_calibration_c86eff420321_seed_101,outputs/c06_final_c86eff4,c86eff4203214cd7b64c5d908bb71cab69f7c555,e88a2610a01ee8763ea704268724c7db668a26675ed76946206cd1ec518884a4,91feeb6acb4b214d5cf04a28feba211bd431c181d900c058c621c5e106e72d50,e41b21f4180ef53e4c2744a0afefd6cccf7a9dee530e2b8fcb29751c1a7f1d8a,hist_gradient_boosting,raw,mae,13.51529337418203,reconstructed,100,PENDING
C06,FD001,late_calibration,101,C06_late_calibration_c86eff420321_seed_101,outputs/c06_final_c86eff4,c86eff4203214cd7b64c5d908bb71cab69f7c555,e88a2610a01ee8763ea704268724c7db668a26675ed76946206cd1ec518884a4,91feeb6acb4b214d5cf04a28feba211bd431c181d900c058c621c5e106e72d50,e41b21f4180ef53e4c2744a0afefd6cccf7a9dee530e2b8fcb29751c1a7f1d8a,hist_gradient_boosting,raw,signed_error,1.9275583929384397,reconstructed,100,PENDING
C06,FD001,late_calibration,101,C06_late_calibration_c86eff420321_seed_101,outputs/c06_final_c86eff4,c86eff4203214cd7b64c5d908bb71cab69f7c555,e88a2610a01ee8763ea704268724c7db668a26675ed76946206cd1ec518884a4,91feeb6acb4b214d5cf04a28feba211bd431c181d900c058c621c5e106e72d50,e41b21f4180ef53e4c2744a0afefd6cccf7a9dee530e2b8fcb29751c1a7f1d8a,hist_gradient_boosting,raw,nasa_score,448.1034569399057,reconstructed,100,PENDING
C06,FD001,late_calibration,101,C06_late_calibration_c86eff420321_seed_101,outputs/c06_final_c86eff4,c86eff4203214cd7b64c5d908bb71cab69f7c555,e88a2610a01ee8763ea704268724c7db668a26675ed76946206cd1ec518884a4,91feeb6acb4b214d5cf04a28feba211bd431c181d900c058c621c5e106e72d50,e41b21f4180ef53e4c2744a0afefd6cccf7a9dee530e2b8fcb29751c1a7f1d8a,hist_gradient_boosting,clipped,rmse,15.752643567410813,reconstructed,100,PENDING
C06,FD001,late_calibration,101,C06_late_calibration_c86eff420321_seed_101,outputs/c06_final_c86eff4,c86eff4203214cd7b64c5d908bb71cab69f7c555,e88a2610a01ee8763ea704268724c7db668a26675ed76946206cd1ec518884a4,91feeb6acb4b214d5cf04a28feba211bd431c181d900c058c621c5e106e72d50,e41b21f4180ef53e4c2744a0afefd6cccf7a9dee530e2b8fcb29751c1a7f1d8a,hist_gradient_boosting,clipped,mae,12.445293374182029,reconstructed,100,PENDING
C06,FD001,late_calibration,101,C06_late_calibration_c86eff420321_seed_101,outputs/c06_final_c86eff4,c86eff4203214cd7b64c5d908bb71cab69f7c555,e88a2610a01ee8763ea704268724c7db668a26675ed76946206cd1ec518884a4,91feeb6acb4b214d5cf04a28feba211bd431c181d900c058c621c5e106e72d50,e41b21f4180ef53e4c2744a0afefd6cccf7a9dee530e2b8fcb29751c1a7f1d8a,hist_gradient_boosting,clipped,signed_error,2.997558392938439,reconstructed,100,PENDING
C06,FD001,late_calibration,101,C06_late_calibration_c86eff420321_seed_101,outputs/c06_final_c86eff4,c86eff4203214cd7b64c5d908bb71cab69f7c555,e88a2610a01ee8763ea704268724c7db668a26675ed76946206cd1ec518884a4,91feeb6acb4b214d5cf04a28feba211bd431c181d900c058c621c5e106e72d50,e41b21f4180ef53e4c2744a0afefd6cccf7a9dee530e2b8fcb29751c1a7f1d8a,hist_gradient_boosting,clipped,nasa_score,397.0738471289633,reconstructed,100,PENDING
C06,FD001,late_calibration,137,C06_late_calibration_c86eff420321_seed_137,outputs/c06_final_c86eff4,c86eff4203214cd7b64c5d908bb71cab69f7c555,afbc5ddc66bae7926baede166957c69e4caf811221d2d13e11dfea5183c7ff93,c7f5ad1e08c98b8645a78b639f2bad0c42eff7c804952dce3acf4c0c8e44339a,bd044cd22f984a514dedb7f1d9fee554353ac1160b77e527bbbcdddcfe1ee11a,mean,raw,rmse,43.085192459398094,reconstructed,100,PENDING
C06,FD001,late_calibration,137,C06_late_calibration_c86eff420321_seed_137,outputs/c06_final_c86eff4,c86eff4203214cd7b64c5d908bb71cab69f7c555,afbc5ddc66bae7926baede166957c69e4caf811221d2d13e11dfea5183c7ff93,c7f5ad1e08c98b8645a78b639f2bad0c42eff7c804952dce3acf4c0c8e44339a,bd044cd22f984a514dedb7f1d9fee554353ac1160b77e527bbbcdddcfe1ee11a,mean,raw,mae,35.900000000000006,reconstructed,100,PENDING
C06,FD001,late_calibration,137,C06_late_calibration_c86eff420321_seed_137,outputs/c06_final_c86eff4,c86eff4203214cd7b64c5d908bb71cab69f7c555,afbc5ddc66bae7926baede166957c69e4caf811221d2d13e11dfea5183c7ff93,c7f5ad1e08c98b8645a78b639f2bad0c42eff7c804952dce3acf4c0c8e44339a,bd044cd22f984a514dedb7f1d9fee554353ac1160b77e527bbbcdddcfe1ee11a,mean,raw,signed_error,11.378234013386022,reconstructed,100,PENDING
C06,FD001,late_calibration,137,C06_late_calibration_c86eff420321_seed_137,outputs/c06_final_c86eff4,c86eff4203214cd7b64c5d908bb71cab69f7c555,afbc5ddc66bae7926baede166957c69e4caf811221d2d13e11dfea5183c7ff93,c7f5ad1e08c98b8645a78b639f2bad0c42eff7c804952dce3acf4c0c8e44339a,bd044cd22f984a514dedb7f1d9fee554353ac1160b77e527bbbcdddcfe1ee11a,mean,raw,nasa_score,33854.095080262014,reconstructed,100,PENDING
C06,FD001,late_calibration,137,C06_late_calibration_c86eff420321_seed_137,outputs/c06_final_c86eff4,c86eff4203214cd7b64c5d908bb71cab69f7c555,afbc5ddc66bae7926baede166957c69e4caf811221d2d13e11dfea5183c7ff93,c7f5ad1e08c98b8645a78b639f2bad0c42eff7c804952dce3acf4c0c8e44339a,bd044cd22f984a514dedb7f1d9fee554353ac1160b77e527bbbcdddcfe1ee11a,mean,clipped,rmse,41.96219763134457,reconstructed,100,PENDING
C06,FD001,late_calibration,137,C06_late_calibration_c86eff420321_seed_137,outputs/c06_final_c86eff4,c86eff4203214cd7b64c5d908bb71cab69f7c555,afbc5ddc66bae7926baede166957c69e4caf811221d2d13e11dfea5183c7ff93,c7f5ad1e08c98b8645a78b639f2bad0c42eff7c804952dce3acf4c0c8e44339a,bd044cd22f984a514dedb7f1d9fee554353ac1160b77e527bbbcdddcfe1ee11a,mean,clipped,mae,34.830000000000005,reconstructed,100,PENDING
C06,FD001,late_calibration,137,C06_late_calibration_c86eff420321_seed_137,outputs/c06_final_c86eff4,c86eff4203214cd7b64c5d908bb71cab69f7c555,afbc5ddc66bae7926baede166957c69e4caf811221d2d13e11dfea5183c7ff93,c7f5ad1e08c98b8645a78b639f2bad0c42eff7c804952dce3acf4c0c8e44339a,bd044cd22f984a514dedb7f1d9fee554353ac1160b77e527bbbcdddcfe1ee11a,mean,clipped,signed_error,12.448234013386019,reconstructed,100,PENDING
C06,FD001,late_calibration,137,C06_late_calibration_c86eff420321_seed_137,outputs/c06_final_c86eff4,c86eff4203214cd7b64c5d908bb71cab69f7c555,afbc5ddc66bae7926baede166957c69e4caf811221d2d13e11dfea5183c7ff93,c7f5ad1e08c98b8645a78b639f2bad0c42eff7c804952dce3acf4c0c8e44339a,bd044cd22f984a514dedb7f1d9fee554353ac1160b77e527bbbcdddcfe1ee11a,mean,clipped,nasa_score,33580.789615800306,reconstructed,100,PENDING
C06,FD001,late_calibration,137,C06_late_calibration_c86eff420321_seed_137,outputs/c06_final_c86eff4,c86eff4203214cd7b64c5d908bb71cab69f7c555,afbc5ddc66bae7926baede166957c69e4caf811221d2d13e11dfea5183c7ff93,c7f5ad1e08c98b8645a78b639f2bad0c42eff7c804952dce3acf4c0c8e44339a,bd044cd22f984a514dedb7f1d9fee554353ac1160b77e527bbbcdddcfe1ee11a,ridge,raw,rmse,18.624112896843656,reconstructed,100,PENDING
C06,FD001,late_calibration,137,C06_late_calibration_c86eff420321_seed_137,outputs/c06_final_c86eff4,c86eff4203214cd7b64c5d908bb71cab69f7c555,afbc5ddc66bae7926baede166957c69e4caf811221d2d13e11dfea5183c7ff93,c7f5ad1e08c98b8645a78b639f2bad0c42eff7c804952dce3acf4c0c8e44339a,bd044cd22f984a514dedb7f1d9fee554353ac1160b77e527bbbcdddcfe1ee11a,ridge,raw,mae,14.779721502533295,reconstructed,100,PENDING
C06,FD001,late_calibration,137,C06_late_calibration_c86eff420321_seed_137,outputs/c06_final_c86eff4,c86eff4203214cd7b64c5d908bb71cab69f7c555,afbc5ddc66bae7926baede166957c69e4caf811221d2d13e11dfea5183c7ff93,c7f5ad1e08c98b8645a78b639f2bad0c42eff7c804952dce3acf4c0c8e44339a,bd044cd22f984a514dedb7f1d9fee554353ac1160b77e527bbbcdddcfe1ee11a,ridge,raw,signed_error,0.6651357603147773,reconstructed,100,PENDING
C06,FD001,late_calibration,137,C06_late_calibration_c86eff420321_seed_137,outputs/c06_final_c86eff4,c86eff4203214cd7b64c5d908bb71cab69f7c555,afbc5ddc66bae7926baede166957c69e4caf811221d2d13e11dfea5183c7ff93,c7f5ad1e08c98b8645a78b639f2bad0c42eff7c804952dce3acf4c0c8e44339a,bd044cd22f984a514dedb7f1d9fee554353ac1160b77e527bbbcdddcfe1ee11a,ridge,raw,nasa_score,548.2030888670612,reconstructed,100,PENDING
C06,FD001,late_calibration,137,C06_late_calibration_c86eff420321_seed_137,outputs/c06_final_c86eff4,c86eff4203214cd7b64c5d908bb71cab69f7c555,afbc5ddc66bae7926baede166957c69e4caf811221d2d13e11dfea5183c7ff93,c7f5ad1e08c98b8645a78b639f2bad0c42eff7c804952dce3acf4c0c8e44339a,bd044cd22f984a514dedb7f1d9fee554353ac1160b77e527bbbcdddcfe1ee11a,ridge,clipped,rmse,17.3621103584765,reconstructed,100,PENDING
C06,FD001,late_calibration,137,C06_late_calibration_c86eff420321_seed_137,outputs/c06_final_c86eff4,c86eff4203214cd7b64c5d908bb71cab69f7c555,afbc5ddc66bae7926baede166957c69e4caf811221d2d13e11dfea5183c7ff93,c7f5ad1e08c98b8645a78b639f2bad0c42eff7c804952dce3acf4c0c8e44339a,bd044cd22f984a514dedb7f1d9fee554353ac1160b77e527bbbcdddcfe1ee11a,ridge,clipped,mae,13.66290070952892,reconstructed,100,PENDING
C06,FD001,late_calibration,137,C06_late_calibration_c86eff420321_seed_137,outputs/c06_final_c86eff4,c86eff4203214cd7b64c5d908bb71cab69f7c555,afbc5ddc66bae7926baede166957c69e4caf811221d2d13e11dfea5183c7ff93,c7f5ad1e08c98b8645a78b639f2bad0c42eff7c804952dce3acf4c0c8e44339a,bd044cd22f984a514dedb7f1d9fee554353ac1160b77e527bbbcdddcfe1ee11a,ridge,clipped,signed_error,1.742657529382232,reconstructed,100,PENDING
C06,FD001,late_calibration,137,C06_late_calibration_c86eff420321_seed_137,outputs/c06_final_c86eff4,c86eff4203214cd7b64c5d908bb71cab69f7c555,afbc5ddc66bae7926baede166957c69e4caf811221d2d13e11dfea5183c7ff93,c7f5ad1e08c98b8645a78b639f2bad0c42eff7c804952dce3acf4c0c8e44339a,bd044cd22f984a514dedb7f1d9fee554353ac1160b77e527bbbcdddcfe1ee11a,ridge,clipped,nasa_score,493.2130284026379,reconstructed,100,PENDING
C06,FD001,late_calibration,137,C06_late_calibration_c86eff420321_seed_137,outputs/c06_final_c86eff4,c86eff4203214cd7b64c5d908bb71cab69f7c555,afbc5ddc66bae7926baede166957c69e4caf811221d2d13e11dfea5183c7ff93,c7f5ad1e08c98b8645a78b639f2bad0c42eff7c804952dce3acf4c0c8e44339a,bd044cd22f984a514dedb7f1d9fee554353ac1160b77e527bbbcdddcfe1ee11a,hist_gradient_boosting,raw,rmse,16.770030228077772,reconstructed,100,PENDING
C06,FD001,late_calibration,137,C06_late_calibration_c86eff420321_seed_137,outputs/c06_final_c86eff4,c86eff4203214cd7b64c5d908bb71cab69f7c555,afbc5ddc66bae7926baede166957c69e4caf811221d2d13e11dfea5183c7ff93,c7f5ad1e08c98b8645a78b639f2bad0c42eff7c804952dce3acf4c0c8e44339a,bd044cd22f984a514dedb7f1d9fee554353ac1160b77e527bbbcdddcfe1ee11a,hist_gradient_boosting,raw,mae,13.383370795760062,reconstructed,100,PENDING
C06,FD001,late_calibration,137,C06_late_calibration_c86eff420321_seed_137,outputs/c06_final_c86eff4,c86eff4203214cd7b64c5d908bb71cab69f7c555,afbc5ddc66bae7926baede166957c69e4caf811221d2d13e11dfea5183c7ff93,c7f5ad1e08c98b8645a78b639f2bad0c42eff7c804952dce3acf4c0c8e44339a,bd044cd22f984a514dedb7f1d9fee554353ac1160b77e527bbbcdddcfe1ee11a,hist_gradient_boosting,raw,signed_error,2.166615638625143,reconstructed,100,PENDING
C06,FD001,late_calibration,137,C06_late_calibration_c86eff420321_seed_137,outputs/c06_final_c86eff4,c86eff4203214cd7b64c5d908bb71cab69f7c555,afbc5ddc66bae7926baede166957c69e4caf811221d2d13e11dfea5183c7ff93,c7f5ad1e08c98b8645a78b639f2bad0c42eff7c804952dce3acf4c0c8e44339a,bd044cd22f984a514dedb7f1d9fee554353ac1160b77e527bbbcdddcfe1ee11a,hist_gradient_boosting,raw,nasa_score,432.24297923018287,reconstructed,100,PENDING
C06,FD001,late_calibration,137,C06_late_calibration_c86eff420321_seed_137,outputs/c06_final_c86eff4,c86eff4203214cd7b64c5d908bb71cab69f7c555,afbc5ddc66bae7926baede166957c69e4caf811221d2d13e11dfea5183c7ff93,c7f5ad1e08c98b8645a78b639f2bad0c42eff7c804952dce3acf4c0c8e44339a,bd044cd22f984a514dedb7f1d9fee554353ac1160b77e527bbbcdddcfe1ee11a,hist_gradient_boosting,clipped,rmse,15.57096036136792,reconstructed,100,PENDING
C06,FD001,late_calibration,137,C06_late_calibration_c86eff420321_seed_137,outputs/c06_final_c86eff4,c86eff4203214cd7b64c5d908bb71cab69f7c555,afbc5ddc66bae7926baede166957c69e4caf811221d2d13e11dfea5183c7ff93,c7f5ad1e08c98b8645a78b639f2bad0c42eff7c804952dce3acf4c0c8e44339a,bd044cd22f984a514dedb7f1d9fee554353ac1160b77e527bbbcdddcfe1ee11a,hist_gradient_boosting,clipped,mae,12.313370795760061,reconstructed,100,PENDING
C06,FD001,late_calibration,137,C06_late_calibration_c86eff420321_seed_137,outputs/c06_final_c86eff4,c86eff4203214cd7b64c5d908bb71cab69f7c555,afbc5ddc66bae7926baede166957c69e4caf811221d2d13e11dfea5183c7ff93,c7f5ad1e08c98b8645a78b639f2bad0c42eff7c804952dce3acf4c0c8e44339a,bd044cd22f984a514dedb7f1d9fee554353ac1160b77e527bbbcdddcfe1ee11a,hist_gradient_boosting,clipped,signed_error,3.236615638625143,reconstructed,100,PENDING
C06,FD001,late_calibration,137,C06_late_calibration_c86eff420321_seed_137,outputs/c06_final_c86eff4,c86eff4203214cd7b64c5d908bb71cab69f7c555,afbc5ddc66bae7926baede166957c69e4caf811221d2d13e11dfea5183c7ff93,c7f5ad1e08c98b8645a78b639f2bad0c42eff7c804952dce3acf4c0c8e44339a,bd044cd22f984a514dedb7f1d9fee554353ac1160b77e527bbbcdddcfe1ee11a,hist_gradient_boosting,clipped,nasa_score,394.8346682141801,reconstructed,100,PENDING
C06,FD001,primary,13,C06_primary_c86eff420321_seed_13,outputs/c06_final_c86eff4,c86eff4203214cd7b64c5d908bb71cab69f7c555,fa24209b5c5c35d3e8684a326a0eb294753ab57c8573bf0a83c9f44dfcda1273,70a7464b894a3de7480f56e482d78f1969cf2696d9e85f126e85e2f0febe957e,1ae8580aa20bde21a30a4dc92458ea89f9e85d1c8750ea6b112888e5b8f5bf5b,mean,raw,rmse,42.6972574249317,reconstructed,100,PENDING
C06,FD001,primary,13,C06_primary_c86eff420321_seed_13,outputs/c06_final_c86eff4,c86eff4203214cd7b64c5d908bb71cab69f7c555,fa24209b5c5c35d3e8684a326a0eb294753ab57c8573bf0a83c9f44dfcda1273,70a7464b894a3de7480f56e482d78f1969cf2696d9e85f126e85e2f0febe957e,1ae8580aa20bde21a30a4dc92458ea89f9e85d1c8750ea6b112888e5b8f5bf5b,mean,raw,mae,35.9,reconstructed,100,PENDING
C06,FD001,primary,13,C06_primary_c86eff420321_seed_13,outputs/c06_final_c86eff4,c86eff4203214cd7b64c5d908bb71cab69f7c555,fa24209b5c5c35d3e8684a326a0eb294753ab57c8573bf0a83c9f44dfcda1273,70a7464b894a3de7480f56e482d78f1969cf2696d9e85f126e85e2f0febe957e,1ae8580aa20bde21a30a4dc92458ea89f9e85d1c8750ea6b112888e5b8f5bf5b,mean,raw,signed_error,9.807455919395451,reconstructed,100,PENDING
C06,FD001,primary,13,C06_primary_c86eff420321_seed_13,outputs/c06_final_c86eff4,c86eff4203214cd7b64c5d908bb71cab69f7c555,fa24209b5c5c35d3e8684a326a0eb294753ab57c8573bf0a83c9f44dfcda1273,70a7464b894a3de7480f56e482d78f1969cf2696d9e85f126e85e2f0febe957e,1ae8580aa20bde21a30a4dc92458ea89f9e85d1c8750ea6b112888e5b8f5bf5b,mean,raw,nasa_score,29107.961611339386,reconstructed,100,PENDING
C06,FD001,primary,13,C06_primary_c86eff420321_seed_13,outputs/c06_final_c86eff4,c86eff4203214cd7b64c5d908bb71cab69f7c555,fa24209b5c5c35d3e8684a326a0eb294753ab57c8573bf0a83c9f44dfcda1273,70a7464b894a3de7480f56e482d78f1969cf2696d9e85f126e85e2f0febe957e,1ae8580aa20bde21a30a4dc92458ea89f9e85d1c8750ea6b112888e5b8f5bf5b,mean,clipped,rmse,41.523325339842316,reconstructed,100,PENDING
C06,FD001,primary,13,C06_primary_c86eff420321_seed_13,outputs/c06_final_c86eff4,c86eff4203214cd7b64c5d908bb71cab69f7c555,fa24209b5c5c35d3e8684a326a0eb294753ab57c8573bf0a83c9f44dfcda1273,70a7464b894a3de7480f56e482d78f1969cf2696d9e85f126e85e2f0febe957e,1ae8580aa20bde21a30a4dc92458ea89f9e85d1c8750ea6b112888e5b8f5bf5b,mean,clipped,mae,34.83,reconstructed,100,PENDING
C06,FD001,primary,13,C06_primary_c86eff420321_seed_13,outputs/c06_final_c86eff4,c86eff4203214cd7b64c5d908bb71cab69f7c555,fa24209b5c5c35d3e8684a326a0eb294753ab57c8573bf0a83c9f44dfcda1273,70a7464b894a3de7480f56e482d78f1969cf2696d9e85f126e85e2f0febe957e,1ae8580aa20bde21a30a4dc92458ea89f9e85d1c8750ea6b112888e5b8f5bf5b,mean,clipped,signed_error,10.877455919395459,reconstructed,100,PENDING
C06,FD001,primary,13,C06_primary_c86eff420321_seed_13,outputs/c06_final_c86eff4,c86eff4203214cd7b64c5d908bb71cab69f7c555,fa24209b5c5c35d3e8684a326a0eb294753ab57c8573bf0a83c9f44dfcda1273,70a7464b894a3de7480f56e482d78f1969cf2696d9e85f126e85e2f0febe957e,1ae8580aa20bde21a30a4dc92458ea89f9e85d1c8750ea6b112888e5b8f5bf5b,mean,clipped,nasa_score,28799.55497154869,reconstructed,100,PENDING
C06,FD001,primary,13,C06_primary_c86eff420321_seed_13,outputs/c06_final_c86eff4,c86eff4203214cd7b64c5d908bb71cab69f7c555,fa24209b5c5c35d3e8684a326a0eb294753ab57c8573bf0a83c9f44dfcda1273,70a7464b894a3de7480f56e482d78f1969cf2696d9e85f126e85e2f0febe957e,1ae8580aa20bde21a30a4dc92458ea89f9e85d1c8750ea6b112888e5b8f5bf5b,ridge,raw,rmse,20.116943049074276,reconstructed,100,PENDING
C06,FD001,primary,13,C06_primary_c86eff420321_seed_13,outputs/c06_final_c86eff4,c86eff4203214cd7b64c5d908bb71cab69f7c555,fa24209b5c5c35d3e8684a326a0eb294753ab57c8573bf0a83c9f44dfcda1273,70a7464b894a3de7480f56e482d78f1969cf2696d9e85f126e85e2f0febe957e,1ae8580aa20bde21a30a4dc92458ea89f9e85d1c8750ea6b112888e5b8f5bf5b,ridge,raw,mae,15.520629605044277,reconstructed,100,PENDING
C06,FD001,primary,13,C06_primary_c86eff420321_seed_13,outputs/c06_final_c86eff4,c86eff4203214cd7b64c5d908bb71cab69f7c555,fa24209b5c5c35d3e8684a326a0eb294753ab57c8573bf0a83c9f44dfcda1273,70a7464b894a3de7480f56e482d78f1969cf2696d9e85f126e85e2f0febe957e,1ae8580aa20bde21a30a4dc92458ea89f9e85d1c8750ea6b112888e5b8f5bf5b,ridge,raw,signed_error,-2.480058848241517,reconstructed,100,PENDING
C06,FD001,primary,13,C06_primary_c86eff420321_seed_13,outputs/c06_final_c86eff4,c86eff4203214cd7b64c5d908bb71cab69f7c555,fa24209b5c5c35d3e8684a326a0eb294753ab57c8573bf0a83c9f44dfcda1273,70a7464b894a3de7480f56e482d78f1969cf2696d9e85f126e85e2f0febe957e,1ae8580aa20bde21a30a4dc92458ea89f9e85d1c8750ea6b112888e5b8f5bf5b,ridge,raw,nasa_score,656.7451446483229,reconstructed,100,PENDING
C06,FD001,primary,13,C06_primary_c86eff420321_seed_13,outputs/c06_final_c86eff4,c86eff4203214cd7b64c5d908bb71cab69f7c555,fa24209b5c5c35d3e8684a326a0eb294753ab57c8573bf0a83c9f44dfcda1273,70a7464b894a3de7480f56e482d78f1969cf2696d9e85f126e85e2f0febe957e,1ae8580aa20bde21a30a4dc92458ea89f9e85d1c8750ea6b112888e5b8f5bf5b,ridge,clipped,rmse,18.757302031911998,reconstructed,100,PENDING
C06,FD001,primary,13,C06_primary_c86eff420321_seed_13,outputs/c06_final_c86eff4,c86eff4203214cd7b64c5d908bb71cab69f7c555,fa24209b5c5c35d3e8684a326a0eb294753ab57c8573bf0a83c9f44dfcda1273,70a7464b894a3de7480f56e482d78f1969cf2696d9e85f126e85e2f0febe957e,1ae8580aa20bde21a30a4dc92458ea89f9e85d1c8750ea6b112888e5b8f5bf5b,ridge,clipped,mae,14.426285007018455,reconstructed,100,PENDING
C06,FD001,primary,13,C06_primary_c86eff420321_seed_13,outputs/c06_final_c86eff4,c86eff4203214cd7b64c5d908bb71cab69f7c555,fa24209b5c5c35d3e8684a326a0eb294753ab57c8573bf0a83c9f44dfcda1273,70a7464b894a3de7480f56e482d78f1969cf2696d9e85f126e85e2f0febe957e,1ae8580aa20bde21a30a4dc92458ea89f9e85d1c8750ea6b112888e5b8f5bf5b,ridge,clipped,signed_error,-1.3857142502156952,reconstructed,100,PENDING
C06,FD001,primary,13,C06_primary_c86eff420321_seed_13,outputs/c06_final_c86eff4,c86eff4203214cd7b64c5d908bb71cab69f7c555,fa24209b5c5c35d3e8684a326a0eb294753ab57c8573bf0a83c9f44dfcda1273,70a7464b894a3de7480f56e482d78f1969cf2696d9e85f126e85e2f0febe957e,1ae8580aa20bde21a30a4dc92458ea89f9e85d1c8750ea6b112888e5b8f5bf5b,ridge,clipped,nasa_score,571.388059042254,reconstructed,100,PENDING
C06,FD001,primary,13,C06_primary_c86eff420321_seed_13,outputs/c06_final_c86eff4,c86eff4203214cd7b64c5d908bb71cab69f7c555,fa24209b5c5c35d3e8684a326a0eb294753ab57c8573bf0a83c9f44dfcda1273,70a7464b894a3de7480f56e482d78f1969cf2696d9e85f126e85e2f0febe957e,1ae8580aa20bde21a30a4dc92458ea89f9e85d1c8750ea6b112888e5b8f5bf5b,hist_gradient_boosting,raw,rmse,17.7993505617479,reconstructed,100,PENDING
C06,FD001,primary,13,C06_primary_c86eff420321_seed_13,outputs/c06_final_c86eff4,c86eff4203214cd7b64c5d908bb71cab69f7c555,fa24209b5c5c35d3e8684a326a0eb294753ab57c8573bf0a83c9f44dfcda1273,70a7464b894a3de7480f56e482d78f1969cf2696d9e85f126e85e2f0febe957e,1ae8580aa20bde21a30a4dc92458ea89f9e85d1c8750ea6b112888e5b8f5bf5b,hist_gradient_boosting,raw,mae,14.006307245117574,reconstructed,100,PENDING
C06,FD001,primary,13,C06_primary_c86eff420321_seed_13,outputs/c06_final_c86eff4,c86eff4203214cd7b64c5d908bb71cab69f7c555,fa24209b5c5c35d3e8684a326a0eb294753ab57c8573bf0a83c9f44dfcda1273,70a7464b894a3de7480f56e482d78f1969cf2696d9e85f126e85e2f0febe957e,1ae8580aa20bde21a30a4dc92458ea89f9e85d1c8750ea6b112888e5b8f5bf5b,hist_gradient_boosting,raw,signed_error,-0.601513103812219,reconstructed,100,PENDING
C06,FD001,primary,13,C06_primary_c86eff420321_seed_13,outputs/c06_final_c86eff4,c86eff4203214cd7b64c5d908bb71cab69f7c555,fa24209b5c5c35d3e8684a326a0eb294753ab57c8573bf0a83c9f44dfcda1273,70a7464b894a3de7480f56e482d78f1969cf2696d9e85f126e85e2f0febe957e,1ae8580aa20bde21a30a4dc92458ea89f9e85d1c8750ea6b112888e5b8f5bf5b,hist_gradient_boosting,raw,nasa_score,447.0682201015349,reconstructed,100,PENDING
C06,FD001,primary,13,C06_primary_c86eff420321_seed_13,outputs/c06_final_c86eff4,c86eff4203214cd7b64c5d908bb71cab69f7c555,fa24209b5c5c35d3e8684a326a0eb294753ab57c8573bf0a83c9f44dfcda1273,70a7464b894a3de7480f56e482d78f1969cf2696d9e85f126e85e2f0febe957e,1ae8580aa20bde21a30a4dc92458ea89f9e85d1c8750ea6b112888e5b8f5bf5b,hist_gradient_boosting,clipped,rmse,16.408302836831606,reconstructed,100,PENDING
C06,FD001,primary,13,C06_primary_c86eff420321_seed_13,outputs/c06_final_c86eff4,c86eff4203214cd7b64c5d908bb71cab69f7c555,fa24209b5c5c35d3e8684a326a0eb294753ab57c8573bf0a83c9f44dfcda1273,70a7464b894a3de7480f56e482d78f1969cf2696d9e85f126e85e2f0febe957e,1ae8580aa20bde21a30a4dc92458ea89f9e85d1c8750ea6b112888e5b8f5bf5b,hist_gradient_boosting,clipped,mae,12.936307245117574,reconstructed,100,PENDING
C06,FD001,primary,13,C06_primary_c86eff420321_seed_13,outputs/c06_final_c86eff4,c86eff4203214cd7b64c5d908bb71cab69f7c555,fa24209b5c5c35d3e8684a326a0eb294753ab57c8573bf0a83c9f44dfcda1273,70a7464b894a3de7480f56e482d78f1969cf2696d9e85f126e85e2f0febe957e,1ae8580aa20bde21a30a4dc92458ea89f9e85d1c8750ea6b112888e5b8f5bf5b,hist_gradient_boosting,clipped,signed_error,0.46848689618778083,reconstructed,100,PENDING
C06,FD001,primary,13,C06_primary_c86eff420321_seed_13,outputs/c06_final_c86eff4,c86eff4203214cd7b64c5d908bb71cab69f7c555,fa24209b5c5c35d3e8684a326a0eb294753ab57c8573bf0a83c9f44dfcda1273,70a7464b894a3de7480f56e482d78f1969cf2696d9e85f126e85e2f0febe957e,1ae8580aa20bde21a30a4dc92458ea89f9e85d1c8750ea6b112888e5b8f5bf5b,hist_gradient_boosting,clipped,nasa_score,384.8227758548457,reconstructed,100,PENDING
C06,FD001,primary,37,C06_primary_c86eff420321_seed_37,outputs/c06_final_c86eff4,c86eff4203214cd7b64c5d908bb71cab69f7c555,e11b5eaabca48e0dee3dc32442bd337c7cbaeffb5ddfafb12360af432be1a2b0,f5b5f73097f0a2ac483a61053269a371a64483c489b1d52c97f5eaa8b2b5286b,23275cff27eb5b512c01f0a49522c5bc1e4e3bdce4bd30f305eb4f9f47f1dcbc,mean,raw,rmse,43.24306023167234,reconstructed,100,PENDING
C06,FD001,primary,37,C06_primary_c86eff420321_seed_37,outputs/c06_final_c86eff4,c86eff4203214cd7b64c5d908bb71cab69f7c555,e11b5eaabca48e0dee3dc32442bd337c7cbaeffb5ddfafb12360af432be1a2b0,f5b5f73097f0a2ac483a61053269a371a64483c489b1d52c97f5eaa8b2b5286b,23275cff27eb5b512c01f0a49522c5bc1e4e3bdce4bd30f305eb4f9f47f1dcbc,mean,raw,mae,35.909642686993806,reconstructed,100,PENDING
C06,FD001,primary,37,C06_primary_c86eff420321_seed_37,outputs/c06_final_c86eff4,c86eff4203214cd7b64c5d908bb71cab69f7c555,e11b5eaabca48e0dee3dc32442bd337c7cbaeffb5ddfafb12360af432be1a2b0,f5b5f73097f0a2ac483a61053269a371a64483c489b1d52c97f5eaa8b2b5286b,23275cff27eb5b512c01f0a49522c5bc1e4e3bdce4bd30f305eb4f9f47f1dcbc,mean,raw,signed_error,11.962134349690334,reconstructed,100,PENDING
C06,FD001,primary,37,C06_primary_c86eff420321_seed_37,outputs/c06_final_c86eff4,c86eff4203214cd7b64c5d908bb71cab69f7c555,e11b5eaabca48e0dee3dc32442bd337c7cbaeffb5ddfafb12360af432be1a2b0,f5b5f73097f0a2ac483a61053269a371a64483c489b1d52c97f5eaa8b2b5286b,23275cff27eb5b512c01f0a49522c5bc1e4e3bdce4bd30f305eb4f9f47f1dcbc,mean,raw,nasa_score,35823.76432364773,reconstructed,100,PENDING
C06,FD001,primary,37,C06_primary_c86eff420321_seed_37,outputs/c06_final_c86eff4,c86eff4203214cd7b64c5d908bb71cab69f7c555,e11b5eaabca48e0dee3dc32442bd337c7cbaeffb5ddfafb12360af432be1a2b0,f5b5f73097f0a2ac483a61053269a371a64483c489b1d52c97f5eaa8b2b5286b,23275cff27eb5b512c01f0a49522c5bc1e4e3bdce4bd30f305eb4f9f47f1dcbc,mean,clipped,rmse,42.13910328552779,reconstructed,100,PENDING
C06,FD001,primary,37,C06_primary_c86eff420321_seed_37,outputs/c06_final_c86eff4,c86eff4203214cd7b64c5d908bb71cab69f7c555,e11b5eaabca48e0dee3dc32442bd337c7cbaeffb5ddfafb12360af432be1a2b0,f5b5f73097f0a2ac483a61053269a371a64483c489b1d52c97f5eaa8b2b5286b,23275cff27eb5b512c01f0a49522c5bc1e4e3bdce4bd30f305eb4f9f47f1dcbc,mean,clipped,mae,34.839642686993805,reconstructed,100,PENDING
C06,FD001,primary,37,C06_primary_c86eff420321_seed_37,outputs/c06_final_c86eff4,c86eff4203214cd7b64c5d908bb71cab69f7c555,e11b5eaabca48e0dee3dc32442bd337c7cbaeffb5ddfafb12360af432be1a2b0,f5b5f73097f0a2ac483a61053269a371a64483c489b1d52c97f5eaa8b2b5286b,23275cff27eb5b512c01f0a49522c5bc1e4e3bdce4bd30f305eb4f9f47f1dcbc,mean,clipped,signed_error,13.032134349690335,reconstructed,100,PENDING
C06,FD001,primary,37,C06_primary_c86eff420321_seed_37,outputs/c06_final_c86eff4,c86eff4203214cd7b64c5d908bb71cab69f7c555,e11b5eaabca48e0dee3dc32442bd337c7cbaeffb5ddfafb12360af432be1a2b0,f5b5f73097f0a2ac483a61053269a371a64483c489b1d52c97f5eaa8b2b5286b,23275cff27eb5b512c01f0a49522c5bc1e4e3bdce4bd30f305eb4f9f47f1dcbc,mean,clipped,nasa_score,35562.46288542401,reconstructed,100,PENDING
C06,FD001,primary,37,C06_primary_c86eff420321_seed_37,outputs/c06_final_c86eff4,c86eff4203214cd7b64c5d908bb71cab69f7c555,e11b5eaabca48e0dee3dc32442bd337c7cbaeffb5ddfafb12360af432be1a2b0,f5b5f73097f0a2ac483a61053269a371a64483c489b1d52c97f5eaa8b2b5286b,23275cff27eb5b512c01f0a49522c5bc1e4e3bdce4bd30f305eb4f9f47f1dcbc,ridge,raw,rmse,18.48038572847197,reconstructed,100,PENDING
C06,FD001,primary,37,C06_primary_c86eff420321_seed_37,outputs/c06_final_c86eff4,c86eff4203214cd7b64c5d908bb71cab69f7c555,e11b5eaabca48e0dee3dc32442bd337c7cbaeffb5ddfafb12360af432be1a2b0,f5b5f73097f0a2ac483a61053269a371a64483c489b1d52c97f5eaa8b2b5286b,23275cff27eb5b512c01f0a49522c5bc1e4e3bdce4bd30f305eb4f9f47f1dcbc,ridge,raw,mae,14.534084883070147,reconstructed,100,PENDING
C06,FD001,primary,37,C06_primary_c86eff420321_seed_37,outputs/c06_final_c86eff4,c86eff4203214cd7b64c5d908bb71cab69f7c555,e11b5eaabca48e0dee3dc32442bd337c7cbaeffb5ddfafb12360af432be1a2b0,f5b5f73097f0a2ac483a61053269a371a64483c489b1d52c97f5eaa8b2b5286b,23275cff27eb5b512c01f0a49522c5bc1e4e3bdce4bd30f305eb4f9f47f1dcbc,ridge,raw,signed_error,1.9195463221298428,reconstructed,100,PENDING
C06,FD001,primary,37,C06_primary_c86eff420321_seed_37,outputs/c06_final_c86eff4,c86eff4203214cd7b64c5d908bb71cab69f7c555,e11b5eaabca48e0dee3dc32442bd337c7cbaeffb5ddfafb12360af432be1a2b0,f5b5f73097f0a2ac483a61053269a371a64483c489b1d52c97f5eaa8b2b5286b,23275cff27eb5b512c01f0a49522c5bc1e4e3bdce4bd30f305eb4f9f47f1dcbc,ridge,raw,nasa_score,582.212670070333,reconstructed,100,PENDING
C06,FD001,primary,37,C06_primary_c86eff420321_seed_37,outputs/c06_final_c86eff4,c86eff4203214cd7b64c5d908bb71cab69f7c555,e11b5eaabca48e0dee3dc32442bd337c7cbaeffb5ddfafb12360af432be1a2b0,f5b5f73097f0a2ac483a61053269a371a64483c489b1d52c97f5eaa8b2b5286b,23275cff27eb5b512c01f0a49522c5bc1e4e3bdce4bd30f305eb4f9f47f1dcbc,ridge,clipped,rmse,17.35317009247391,reconstructed,100,PENDING
C06,FD001,primary,37,C06_primary_c86eff420321_seed_37,outputs/c06_final_c86eff4,c86eff4203214cd7b64c5d908bb71cab69f7c555,e11b5eaabca48e0dee3dc32442bd337c7cbaeffb5ddfafb12360af432be1a2b0,f5b5f73097f0a2ac483a61053269a371a64483c489b1d52c97f5eaa8b2b5286b,23275cff27eb5b512c01f0a49522c5bc1e4e3bdce4bd30f305eb4f9f47f1dcbc,ridge,clipped,mae,13.460964052832376,reconstructed,100,PENDING
C06,FD001,primary,37,C06_primary_c86eff420321_seed_37,outputs/c06_final_c86eff4,c86eff4203214cd7b64c5d908bb71cab69f7c555,e11b5eaabca48e0dee3dc32442bd337c7cbaeffb5ddfafb12360af432be1a2b0,f5b5f73097f0a2ac483a61053269a371a64483c489b1d52c97f5eaa8b2b5286b,23275cff27eb5b512c01f0a49522c5bc1e4e3bdce4bd30f305eb4f9f47f1dcbc,ridge,clipped,signed_error,2.992667152367612,reconstructed,100,PENDING
C06,FD001,primary,37,C06_primary_c86eff420321_seed_37,outputs/c06_final_c86eff4,c86eff4203214cd7b64c5d908bb71cab69f7c555,e11b5eaabca48e0dee3dc32442bd337c7cbaeffb5ddfafb12360af432be1a2b0,f5b5f73097f0a2ac483a61053269a371a64483c489b1d52c97f5eaa8b2b5286b,23275cff27eb5b512c01f0a49522c5bc1e4e3bdce4bd30f305eb4f9f47f1dcbc,ridge,clipped,nasa_score,539.7013601577119,reconstructed,100,PENDING
C06,FD001,primary,37,C06_primary_c86eff420321_seed_37,outputs/c06_final_c86eff4,c86eff4203214cd7b64c5d908bb71cab69f7c555,e11b5eaabca48e0dee3dc32442bd337c7cbaeffb5ddfafb12360af432be1a2b0,f5b5f73097f0a2ac483a61053269a371a64483c489b1d52c97f5eaa8b2b5286b,23275cff27eb5b512c01f0a49522c5bc1e4e3bdce4bd30f305eb4f9f47f1dcbc,hist_gradient_boosting,raw,rmse,17.202447026929242,reconstructed,100,PENDING
C06,FD001,primary,37,C06_primary_c86eff420321_seed_37,outputs/c06_final_c86eff4,c86eff4203214cd7b64c5d908bb71cab69f7c555,e11b5eaabca48e0dee3dc32442bd337c7cbaeffb5ddfafb12360af432be1a2b0,f5b5f73097f0a2ac483a61053269a371a64483c489b1d52c97f5eaa8b2b5286b,23275cff27eb5b512c01f0a49522c5bc1e4e3bdce4bd30f305eb4f9f47f1dcbc,hist_gradient_boosting,raw,mae,13.544686450830925,reconstructed,100,PENDING
C06,FD001,primary,37,C06_primary_c86eff420321_seed_37,outputs/c06_final_c86eff4,c86eff4203214cd7b64c5d908bb71cab69f7c555,e11b5eaabca48e0dee3dc32442bd337c7cbaeffb5ddfafb12360af432be1a2b0,f5b5f73097f0a2ac483a61053269a371a64483c489b1d52c97f5eaa8b2b5286b,23275cff27eb5b512c01f0a49522c5bc1e4e3bdce4bd30f305eb4f9f47f1dcbc,hist_gradient_boosting,raw,signed_error,3.6157650849530993,reconstructed,100,PENDING
C06,FD001,primary,37,C06_primary_c86eff420321_seed_37,outputs/c06_final_c86eff4,c86eff4203214cd7b64c5d908bb71cab69f7c555,e11b5eaabca48e0dee3dc32442bd337c7cbaeffb5ddfafb12360af432be1a2b0,f5b5f73097f0a2ac483a61053269a371a64483c489b1d52c97f5eaa8b2b5286b,23275cff27eb5b512c01f0a49522c5bc1e4e3bdce4bd30f305eb4f9f47f1dcbc,hist_gradient_boosting,raw,nasa_score,540.0344490575861,reconstructed,100,PENDING
C06,FD001,primary,37,C06_primary_c86eff420321_seed_37,outputs/c06_final_c86eff4,c86eff4203214cd7b64c5d908bb71cab69f7c555,e11b5eaabca48e0dee3dc32442bd337c7cbaeffb5ddfafb12360af432be1a2b0,f5b5f73097f0a2ac483a61053269a371a64483c489b1d52c97f5eaa8b2b5286b,23275cff27eb5b512c01f0a49522c5bc1e4e3bdce4bd30f305eb4f9f47f1dcbc,hist_gradient_boosting,clipped,rmse,16.050156665242344,reconstructed,100,PENDING
C06,FD001,primary,37,C06_primary_c86eff420321_seed_37,outputs/c06_final_c86eff4,c86eff4203214cd7b64c5d908bb71cab69f7c555,e11b5eaabca48e0dee3dc32442bd337c7cbaeffb5ddfafb12360af432be1a2b0,f5b5f73097f0a2ac483a61053269a371a64483c489b1d52c97f5eaa8b2b5286b,23275cff27eb5b512c01f0a49522c5bc1e4e3bdce4bd30f305eb4f9f47f1dcbc,hist_gradient_boosting,clipped,mae,12.474686450830925,reconstructed,100,PENDING
C06,FD001,primary,37,C06_primary_c86eff420321_seed_37,outputs/c06_final_c86eff4,c86eff4203214cd7b64c5d908bb71cab69f7c555,e11b5eaabca48e0dee3dc32442bd337c7cbaeffb5ddfafb12360af432be1a2b0,f5b5f73097f0a2ac483a61053269a371a64483c489b1d52c97f5eaa8b2b5286b,23275cff27eb5b512c01f0a49522c5bc1e4e3bdce4bd30f305eb4f9f47f1dcbc,hist_gradient_boosting,clipped,signed_error,4.6857650849531005,reconstructed,100,PENDING
C06,FD001,primary,37,C06_primary_c86eff420321_seed_37,outputs/c06_final_c86eff4,c86eff4203214cd7b64c5d908bb71cab69f7c555,e11b5eaabca48e0dee3dc32442bd337c7cbaeffb5ddfafb12360af432be1a2b0,f5b5f73097f0a2ac483a61053269a371a64483c489b1d52c97f5eaa8b2b5286b,23275cff27eb5b512c01f0a49522c5bc1e4e3bdce4bd30f305eb4f9f47f1dcbc,hist_gradient_boosting,clipped,nasa_score,501.67496445920347,reconstructed,100,PENDING
C06,FD001,primary,73,C06_primary_c86eff420321_seed_73,outputs/c06_final_c86eff4,c86eff4203214cd7b64c5d908bb71cab69f7c555,876fae5c024b2634b85d6e6a3379043f8c86f380c478a507a03344f10572142e,613fa44d33849f6b23715d72e4d09a88a67de273292866c9230aa77dc5588758,f701a1019e02448476409f9ecb8287c4ab5be7a0f14e3bddfda1047fba589e3a,mean,raw,rmse,42.99238410984966,reconstructed,100,PENDING
C06,FD001,primary,73,C06_primary_c86eff420321_seed_73,outputs/c06_final_c86eff4,c86eff4203214cd7b64c5d908bb71cab69f7c555,876fae5c024b2634b85d6e6a3379043f8c86f380c478a507a03344f10572142e,613fa44d33849f6b23715d72e4d09a88a67de273292866c9230aa77dc5588758,f701a1019e02448476409f9ecb8287c4ab5be7a0f14e3bddfda1047fba589e3a,mean,raw,mae,35.9,reconstructed,100,PENDING
C06,FD001,primary,73,C06_primary_c86eff420321_seed_73,outputs/c06_final_c86eff4,c86eff4203214cd7b64c5d908bb71cab69f7c555,876fae5c024b2634b85d6e6a3379043f8c86f380c478a507a03344f10572142e,613fa44d33849f6b23715d72e4d09a88a67de273292866c9230aa77dc5588758,f701a1019e02448476409f9ecb8287c4ab5be7a0f14e3bddfda1047fba589e3a,mean,raw,signed_error,11.021592055998688,reconstructed,100,PENDING
C06,FD001,primary,73,C06_primary_c86eff420321_seed_73,outputs/c06_final_c86eff4,c86eff4203214cd7b64c5d908bb71cab69f7c555,876fae5c024b2634b85d6e6a3379043f8c86f380c478a507a03344f10572142e,613fa44d33849f6b23715d72e4d09a88a67de273292866c9230aa77dc5588758,f701a1019e02448476409f9ecb8287c4ab5be7a0f14e3bddfda1047fba589e3a,mean,raw,nasa_score,32707.992398466104,reconstructed,100,PENDING
C06,FD001,primary,73,C06_primary_c86eff420321_seed_73,outputs/c06_final_c86eff4,c86eff4203214cd7b64c5d908bb71cab69f7c555,876fae5c024b2634b85d6e6a3379043f8c86f380c478a507a03344f10572142e,613fa44d33849f6b23715d72e4d09a88a67de273292866c9230aa77dc5588758,f701a1019e02448476409f9ecb8287c4ab5be7a0f14e3bddfda1047fba589e3a,mean,clipped,rmse,41.857784203761796,reconstructed,100,PENDING
C06,FD001,primary,73,C06_primary_c86eff420321_seed_73,outputs/c06_final_c86eff4,c86eff4203214cd7b64c5d908bb71cab69f7c555,876fae5c024b2634b85d6e6a3379043f8c86f380c478a507a03344f10572142e,613fa44d33849f6b23715d72e4d09a88a67de273292866c9230aa77dc5588758,f701a1019e02448476409f9ecb8287c4ab5be7a0f14e3bddfda1047fba589e3a,mean,clipped,mae,34.83,reconstructed,100,PENDING
C06,FD001,primary,73,C06_primary_c86eff420321_seed_73,outputs/c06_final_c86eff4,c86eff4203214cd7b64c5d908bb71cab69f7c555,876fae5c024b2634b85d6e6a3379043f8c86f380c478a507a03344f10572142e,613fa44d33849f6b23715d72e4d09a88a67de273292866c9230aa77dc5588758,f701a1019e02448476409f9ecb8287c4ab5be7a0f14e3bddfda1047fba589e3a,mean,clipped,signed_error,12.091592055998687,reconstructed,100,PENDING
C06,FD001,primary,73,C06_primary_c86eff420321_seed_73,outputs/c06_final_c86eff4,c86eff4203214cd7b64c5d908bb71cab69f7c555,876fae5c024b2634b85d6e6a3379043f8c86f380c478a507a03344f10572142e,613fa44d33849f6b23715d72e4d09a88a67de273292866c9230aa77dc5588758,f701a1019e02448476409f9ecb8287c4ab5be7a0f14e3bddfda1047fba589e3a,mean,clipped,nasa_score,32427.085277640228,reconstructed,100,PENDING
C06,FD001,primary,73,C06_primary_c86eff420321_seed_73,outputs/c06_final_c86eff4,c86eff4203214cd7b64c5d908bb71cab69f7c555,876fae5c024b2634b85d6e6a3379043f8c86f380c478a507a03344f10572142e,613fa44d33849f6b23715d72e4d09a88a67de273292866c9230aa77dc5588758,f701a1019e02448476409f9ecb8287c4ab5be7a0f14e3bddfda1047fba589e3a,ridge,raw,rmse,18.812936543548002,reconstructed,100,PENDING
C06,FD001,primary,73,C06_primary_c86eff420321_seed_73,outputs/c06_final_c86eff4,c86eff4203214cd7b64c5d908bb71cab69f7c555,876fae5c024b2634b85d6e6a3379043f8c86f380c478a507a03344f10572142e,613fa44d33849f6b23715d72e4d09a88a67de273292866c9230aa77dc5588758,f701a1019e02448476409f9ecb8287c4ab5be7a0f14e3bddfda1047fba589e3a,ridge,raw,mae,14.562164111864314,reconstructed,100,PENDING
C06,FD001,primary,73,C06_primary_c86eff420321_seed_73,outputs/c06_final_c86eff4,c86eff4203214cd7b64c5d908bb71cab69f7c555,876fae5c024b2634b85d6e6a3379043f8c86f380c478a507a03344f10572142e,613fa44d33849f6b23715d72e4d09a88a67de273292866c9230aa77dc5588758,f701a1019e02448476409f9ecb8287c4ab5be7a0f14e3bddfda1047fba589e3a,ridge,raw,signed_error,-0.94267530495146,reconstructed,100,PENDING
C06,FD001,primary,73,C06_primary_c86eff420321_seed_73,outputs/c06_final_c86eff4,c86eff4203214cd7b64c5d908bb71cab69f7c555,876fae5c024b2634b85d6e6a3379043f8c86f380c478a507a03344f10572142e,613fa44d33849f6b23715d72e4d09a88a67de273292866c9230aa77dc5588758,f701a1019e02448476409f9ecb8287c4ab5be7a0f14e3bddfda1047fba589e3a,ridge,raw,nasa_score,579.8134941284014,reconstructed,100,PENDING
C06,FD001,primary,73,C06_primary_c86eff420321_seed_73,outputs/c06_final_c86eff4,c86eff4203214cd7b64c5d908bb71cab69f7c555,876fae5c024b2634b85d6e6a3379043f8c86f380c478a507a03344f10572142e,613fa44d33849f6b23715d72e4d09a88a67de273292866c9230aa77dc5588758,f701a1019e02448476409f9ecb8287c4ab5be7a0f14e3bddfda1047fba589e3a,ridge,clipped,rmse,17.50008462725087,reconstructed,100,PENDING
C06,FD001,primary,73,C06_primary_c86eff420321_seed_73,outputs/c06_final_c86eff4,c86eff4203214cd7b64c5d908bb71cab69f7c555,876fae5c024b2634b85d6e6a3379043f8c86f380c478a507a03344f10572142e,613fa44d33849f6b23715d72e4d09a88a67de273292866c9230aa77dc5588758,f701a1019e02448476409f9ecb8287c4ab5be7a0f14e3bddfda1047fba589e3a,ridge,clipped,mae,13.53740993136226,reconstructed,100,PENDING
C06,FD001,primary,73,C06_primary_c86eff420321_seed_73,outputs/c06_final_c86eff4,c86eff4203214cd7b64c5d908bb71cab69f7c555,876fae5c024b2634b85d6e6a3379043f8c86f380c478a507a03344f10572142e,613fa44d33849f6b23715d72e4d09a88a67de273292866c9230aa77dc5588758,f701a1019e02448476409f9ecb8287c4ab5be7a0f14e3bddfda1047fba589e3a,ridge,clipped,signed_error,0.08207887555059572,reconstructed,100,PENDING
C06,FD001,primary,73,C06_primary_c86eff420321_seed_73,outputs/c06_final_c86eff4,c86eff4203214cd7b64c5d908bb71cab69f7c555,876fae5c024b2634b85d6e6a3379043f8c86f380c478a507a03344f10572142e,613fa44d33849f6b23715d72e4d09a88a67de273292866c9230aa77dc5588758,f701a1019e02448476409f9ecb8287c4ab5be7a0f14e3bddfda1047fba589e3a,ridge,clipped,nasa_score,514.650950042355,reconstructed,100,PENDING
C06,FD001,primary,73,C06_primary_c86eff420321_seed_73,outputs/c06_final_c86eff4,c86eff4203214cd7b64c5d908bb71cab69f7c555,876fae5c024b2634b85d6e6a3379043f8c86f380c478a507a03344f10572142e,613fa44d33849f6b23715d72e4d09a88a67de273292866c9230aa77dc5588758,f701a1019e02448476409f9ecb8287c4ab5be7a0f14e3bddfda1047fba589e3a,hist_gradient_boosting,raw,rmse,17.631366819624937,reconstructed,100,PENDING
C06,FD001,primary,73,C06_primary_c86eff420321_seed_73,outputs/c06_final_c86eff4,c86eff4203214cd7b64c5d908bb71cab69f7c555,876fae5c024b2634b85d6e6a3379043f8c86f380c478a507a03344f10572142e,613fa44d33849f6b23715d72e4d09a88a67de273292866c9230aa77dc5588758,f701a1019e02448476409f9ecb8287c4ab5be7a0f14e3bddfda1047fba589e3a,hist_gradient_boosting,raw,mae,13.409978908049782,reconstructed,100,PENDING
C06,FD001,primary,73,C06_primary_c86eff420321_seed_73,outputs/c06_final_c86eff4,c86eff4203214cd7b64c5d908bb71cab69f7c555,876fae5c024b2634b85d6e6a3379043f8c86f380c478a507a03344f10572142e,613fa44d33849f6b23715d72e4d09a88a67de273292866c9230aa77dc5588758,f701a1019e02448476409f9ecb8287c4ab5be7a0f14e3bddfda1047fba589e3a,hist_gradient_boosting,raw,signed_error,-0.8651339695805977,reconstructed,100,PENDING
C06,FD001,primary,73,C06_primary_c86eff420321_seed_73,outputs/c06_final_c86eff4,c86eff4203214cd7b64c5d908bb71cab69f7c555,876fae5c024b2634b85d6e6a3379043f8c86f380c478a507a03344f10572142e,613fa44d33849f6b23715d72e4d09a88a67de273292866c9230aa77dc5588758,f701a1019e02448476409f9ecb8287c4ab5be7a0f14e3bddfda1047fba589e3a,hist_gradient_boosting,raw,nasa_score,485.2613587499263,reconstructed,100,PENDING
C06,FD001,primary,73,C06_primary_c86eff420321_seed_73,outputs/c06_final_c86eff4,c86eff4203214cd7b64c5d908bb71cab69f7c555,876fae5c024b2634b85d6e6a3379043f8c86f380c478a507a03344f10572142e,613fa44d33849f6b23715d72e4d09a88a67de273292866c9230aa77dc5588758,f701a1019e02448476409f9ecb8287c4ab5be7a0f14e3bddfda1047fba589e3a,hist_gradient_boosting,clipped,rmse,16.311307907559797,reconstructed,100,PENDING
C06,FD001,primary,73,C06_primary_c86eff420321_seed_73,outputs/c06_final_c86eff4,c86eff4203214cd7b64c5d908bb71cab69f7c555,876fae5c024b2634b85d6e6a3379043f8c86f380c478a507a03344f10572142e,613fa44d33849f6b23715d72e4d09a88a67de273292866c9230aa77dc5588758,f701a1019e02448476409f9ecb8287c4ab5be7a0f14e3bddfda1047fba589e3a,hist_gradient_boosting,clipped,mae,12.339978908049781,reconstructed,100,PENDING
C06,FD001,primary,73,C06_primary_c86eff420321_seed_73,outputs/c06_final_c86eff4,c86eff4203214cd7b64c5d908bb71cab69f7c555,876fae5c024b2634b85d6e6a3379043f8c86f380c478a507a03344f10572142e,613fa44d33849f6b23715d72e4d09a88a67de273292866c9230aa77dc5588758,f701a1019e02448476409f9ecb8287c4ab5be7a0f14e3bddfda1047fba589e3a,hist_gradient_boosting,clipped,signed_error,0.20486603041940085,reconstructed,100,PENDING
C06,FD001,primary,73,C06_primary_c86eff420321_seed_73,outputs/c06_final_c86eff4,c86eff4203214cd7b64c5d908bb71cab69f7c555,876fae5c024b2634b85d6e6a3379043f8c86f380c478a507a03344f10572142e,613fa44d33849f6b23715d72e4d09a88a67de273292866c9230aa77dc5588758,f701a1019e02448476409f9ecb8287c4ab5be7a0f14e3bddfda1047fba589e3a,hist_gradient_boosting,clipped,nasa_score,411.464582258393,reconstructed,100,PENDING
C06,FD001,primary,101,C06_primary_c86eff420321_seed_101,outputs/c06_final_c86eff4,c86eff4203214cd7b64c5d908bb71cab69f7c555,289afdd1f913956669715a713a3ac564fefca58bba6fc13afb58935878be5720,4c2994db94e3c762fb7f0f07c795605798803e7af895e43e5418f10d0f758914,fcae4c5ac578f2ef505f00144ba3f266c2a458127cc6f5a90d1e81f20eb73404,mean,raw,rmse,43.042292675543905,reconstructed,100,PENDING
C06,FD001,primary,101,C06_primary_c86eff420321_seed_101,outputs/c06_final_c86eff4,c86eff4203214cd7b64c5d908bb71cab69f7c555,289afdd1f913956669715a713a3ac564fefca58bba6fc13afb58935878be5720,4c2994db94e3c762fb7f0f07c795605798803e7af895e43e5418f10d0f758914,fcae4c5ac578f2ef505f00144ba3f266c2a458127cc6f5a90d1e81f20eb73404,mean,raw,mae,35.9,reconstructed,100,PENDING
C06,FD001,primary,101,C06_primary_c86eff420321_seed_101,outputs/c06_final_c86eff4,c86eff4203214cd7b64c5d908bb71cab69f7c555,289afdd1f913956669715a713a3ac564fefca58bba6fc13afb58935878be5720,4c2994db94e3c762fb7f0f07c795605798803e7af895e43e5418f10d0f758914,fcae4c5ac578f2ef505f00144ba3f266c2a458127cc6f5a90d1e81f20eb73404,mean,raw,signed_error,11.214693877551053,reconstructed,100,PENDING
C06,FD001,primary,101,C06_primary_c86eff420321_seed_101,outputs/c06_final_c86eff4,c86eff4203214cd7b64c5d908bb71cab69f7c555,289afdd1f913956669715a713a3ac564fefca58bba6fc13afb58935878be5720,4c2994db94e3c762fb7f0f07c795605798803e7af895e43e5418f10d0f758914,fcae4c5ac578f2ef505f00144ba3f266c2a458127cc6f5a90d1e81f20eb73404,mean,raw,nasa_score,33323.315941896195,reconstructed,100,PENDING
C06,FD001,primary,101,C06_primary_c86eff420321_seed_101,outputs/c06_final_c86eff4,c86eff4203214cd7b64c5d908bb71cab69f7c555,289afdd1f913956669715a713a3ac564fefca58bba6fc13afb58935878be5720,4c2994db94e3c762fb7f0f07c795605798803e7af895e43e5418f10d0f758914,fcae4c5ac578f2ef505f00144ba3f266c2a458127cc6f5a90d1e81f20eb73404,mean,clipped,rmse,41.91397384721639,reconstructed,100,PENDING
C06,FD001,primary,101,C06_primary_c86eff420321_seed_101,outputs/c06_final_c86eff4,c86eff4203214cd7b64c5d908bb71cab69f7c555,289afdd1f913956669715a713a3ac564fefca58bba6fc13afb58935878be5720,4c2994db94e3c762fb7f0f07c795605798803e7af895e43e5418f10d0f758914,fcae4c5ac578f2ef505f00144ba3f266c2a458127cc6f5a90d1e81f20eb73404,mean,clipped,mae,34.83,reconstructed,100,PENDING
C06,FD001,primary,101,C06_primary_c86eff420321_seed_101,outputs/c06_final_c86eff4,c86eff4203214cd7b64c5d908bb71cab69f7c555,289afdd1f913956669715a713a3ac564fefca58bba6fc13afb58935878be5720,4c2994db94e3c762fb7f0f07c795605798803e7af895e43e5418f10d0f758914,fcae4c5ac578f2ef505f00144ba3f266c2a458127cc6f5a90d1e81f20eb73404,mean,clipped,signed_error,12.284693877551057,reconstructed,100,PENDING
C06,FD001,primary,101,C06_primary_c86eff420321_seed_101,outputs/c06_final_c86eff4,c86eff4203214cd7b64c5d908bb71cab69f7c555,289afdd1f913956669715a713a3ac564fefca58bba6fc13afb58935878be5720,4c2994db94e3c762fb7f0f07c795605798803e7af895e43e5418f10d0f758914,fcae4c5ac578f2ef505f00144ba3f266c2a458127cc6f5a90d1e81f20eb73404,mean,clipped,nasa_score,33046.550574658584,reconstructed,100,PENDING
C06,FD001,primary,101,C06_primary_c86eff420321_seed_101,outputs/c06_final_c86eff4,c86eff4203214cd7b64c5d908bb71cab69f7c555,289afdd1f913956669715a713a3ac564fefca58bba6fc13afb58935878be5720,4c2994db94e3c762fb7f0f07c795605798803e7af895e43e5418f10d0f758914,fcae4c5ac578f2ef505f00144ba3f266c2a458127cc6f5a90d1e81f20eb73404,ridge,raw,rmse,19.232441279894303,reconstructed,100,PENDING
C06,FD001,primary,101,C06_primary_c86eff420321_seed_101,outputs/c06_final_c86eff4,c86eff4203214cd7b64c5d908bb71cab69f7c555,289afdd1f913956669715a713a3ac564fefca58bba6fc13afb58935878be5720,4c2994db94e3c762fb7f0f07c795605798803e7af895e43e5418f10d0f758914,fcae4c5ac578f2ef505f00144ba3f266c2a458127cc6f5a90d1e81f20eb73404,ridge,raw,mae,14.946996014897513,reconstructed,100,PENDING
C06,FD001,primary,101,C06_primary_c86eff420321_seed_101,outputs/c06_final_c86eff4,c86eff4203214cd7b64c5d908bb71cab69f7c555,289afdd1f913956669715a713a3ac564fefca58bba6fc13afb58935878be5720,4c2994db94e3c762fb7f0f07c795605798803e7af895e43e5418f10d0f758914,fcae4c5ac578f2ef505f00144ba3f266c2a458127cc6f5a90d1e81f20eb73404,ridge,raw,signed_error,-0.3920299735144407,reconstructed,100,PENDING
C06,FD001,primary,101,C06_primary_c86eff420321_seed_101,outputs/c06_final_c86eff4,c86eff4203214cd7b64c5d908bb71cab69f7c555,289afdd1f913956669715a713a3ac564fefca58bba6fc13afb58935878be5720,4c2994db94e3c762fb7f0f07c795605798803e7af895e43e5418f10d0f758914,fcae4c5ac578f2ef505f00144ba3f266c2a458127cc6f5a90d1e81f20eb73404,ridge,raw,nasa_score,621.4766848843976,reconstructed,100,PENDING
C06,FD001,primary,101,C06_primary_c86eff420321_seed_101,outputs/c06_final_c86eff4,c86eff4203214cd7b64c5d908bb71cab69f7c555,289afdd1f913956669715a713a3ac564fefca58bba6fc13afb58935878be5720,4c2994db94e3c762fb7f0f07c795605798803e7af895e43e5418f10d0f758914,fcae4c5ac578f2ef505f00144ba3f266c2a458127cc6f5a90d1e81f20eb73404,ridge,clipped,rmse,17.98959072113871,reconstructed,100,PENDING
C06,FD001,primary,101,C06_primary_c86eff420321_seed_101,outputs/c06_final_c86eff4,c86eff4203214cd7b64c5d908bb71cab69f7c555,289afdd1f913956669715a713a3ac564fefca58bba6fc13afb58935878be5720,4c2994db94e3c762fb7f0f07c795605798803e7af895e43e5418f10d0f758914,fcae4c5ac578f2ef505f00144ba3f266c2a458127cc6f5a90d1e81f20eb73404,ridge,clipped,mae,13.949546028006619,reconstructed,100,PENDING
C06,FD001,primary,101,C06_primary_c86eff420321_seed_101,outputs/c06_final_c86eff4,c86eff4203214cd7b64c5d908bb71cab69f7c555,289afdd1f913956669715a713a3ac564fefca58bba6fc13afb58935878be5720,4c2994db94e3c762fb7f0f07c795605798803e7af895e43e5418f10d0f758914,fcae4c5ac578f2ef505f00144ba3f266c2a458127cc6f5a90d1e81f20eb73404,ridge,clipped,signed_error,0.6054200133764543,reconstructed,100,PENDING
C06,FD001,primary,101,C06_primary_c86eff420321_seed_101,outputs/c06_final_c86eff4,c86eff4203214cd7b64c5d908bb71cab69f7c555,289afdd1f913956669715a713a3ac564fefca58bba6fc13afb58935878be5720,4c2994db94e3c762fb7f0f07c795605798803e7af895e43e5418f10d0f758914,fcae4c5ac578f2ef505f00144ba3f266c2a458127cc6f5a90d1e81f20eb73404,ridge,clipped,nasa_score,556.0055453668418,reconstructed,100,PENDING
C06,FD001,primary,101,C06_primary_c86eff420321_seed_101,outputs/c06_final_c86eff4,c86eff4203214cd7b64c5d908bb71cab69f7c555,289afdd1f913956669715a713a3ac564fefca58bba6fc13afb58935878be5720,4c2994db94e3c762fb7f0f07c795605798803e7af895e43e5418f10d0f758914,fcae4c5ac578f2ef505f00144ba3f266c2a458127cc6f5a90d1e81f20eb73404,hist_gradient_boosting,raw,rmse,17.045336146807543,reconstructed,100,PENDING
C06,FD001,primary,101,C06_primary_c86eff420321_seed_101,outputs/c06_final_c86eff4,c86eff4203214cd7b64c5d908bb71cab69f7c555,289afdd1f913956669715a713a3ac564fefca58bba6fc13afb58935878be5720,4c2994db94e3c762fb7f0f07c795605798803e7af895e43e5418f10d0f758914,fcae4c5ac578f2ef505f00144ba3f266c2a458127cc6f5a90d1e81f20eb73404,hist_gradient_boosting,raw,mae,13.51529337418203,reconstructed,100,PENDING
C06,FD001,primary,101,C06_primary_c86eff420321_seed_101,outputs/c06_final_c86eff4,c86eff4203214cd7b64c5d908bb71cab69f7c555,289afdd1f913956669715a713a3ac564fefca58bba6fc13afb58935878be5720,4c2994db94e3c762fb7f0f07c795605798803e7af895e43e5418f10d0f758914,fcae4c5ac578f2ef505f00144ba3f266c2a458127cc6f5a90d1e81f20eb73404,hist_gradient_boosting,raw,signed_error,1.9275583929384397,reconstructed,100,PENDING
C06,FD001,primary,101,C06_primary_c86eff420321_seed_101,outputs/c06_final_c86eff4,c86eff4203214cd7b64c5d908bb71cab69f7c555,289afdd1f913956669715a713a3ac564fefca58bba6fc13afb58935878be5720,4c2994db94e3c762fb7f0f07c795605798803e7af895e43e5418f10d0f758914,fcae4c5ac578f2ef505f00144ba3f266c2a458127cc6f5a90d1e81f20eb73404,hist_gradient_boosting,raw,nasa_score,448.1034569399057,reconstructed,100,PENDING
C06,FD001,primary,101,C06_primary_c86eff420321_seed_101,outputs/c06_final_c86eff4,c86eff4203214cd7b64c5d908bb71cab69f7c555,289afdd1f913956669715a713a3ac564fefca58bba6fc13afb58935878be5720,4c2994db94e3c762fb7f0f07c795605798803e7af895e43e5418f10d0f758914,fcae4c5ac578f2ef505f00144ba3f266c2a458127cc6f5a90d1e81f20eb73404,hist_gradient_boosting,clipped,rmse,15.752643567410813,reconstructed,100,PENDING
C06,FD001,primary,101,C06_primary_c86eff420321_seed_101,outputs/c06_final_c86eff4,c86eff4203214cd7b64c5d908bb71cab69f7c555,289afdd1f913956669715a713a3ac564fefca58bba6fc13afb58935878be5720,4c2994db94e3c762fb7f0f07c795605798803e7af895e43e5418f10d0f758914,fcae4c5ac578f2ef505f00144ba3f266c2a458127cc6f5a90d1e81f20eb73404,hist_gradient_boosting,clipped,mae,12.445293374182029,reconstructed,100,PENDING
C06,FD001,primary,101,C06_primary_c86eff420321_seed_101,outputs/c06_final_c86eff4,c86eff4203214cd7b64c5d908bb71cab69f7c555,289afdd1f913956669715a713a3ac564fefca58bba6fc13afb58935878be5720,4c2994db94e3c762fb7f0f07c795605798803e7af895e43e5418f10d0f758914,fcae4c5ac578f2ef505f00144ba3f266c2a458127cc6f5a90d1e81f20eb73404,hist_gradient_boosting,clipped,signed_error,2.997558392938439,reconstructed,100,PENDING
C06,FD001,primary,101,C06_primary_c86eff420321_seed_101,outputs/c06_final_c86eff4,c86eff4203214cd7b64c5d908bb71cab69f7c555,289afdd1f913956669715a713a3ac564fefca58bba6fc13afb58935878be5720,4c2994db94e3c762fb7f0f07c795605798803e7af895e43e5418f10d0f758914,fcae4c5ac578f2ef505f00144ba3f266c2a458127cc6f5a90d1e81f20eb73404,hist_gradient_boosting,clipped,nasa_score,397.0738471289633,reconstructed,100,PENDING
C06,FD001,primary,137,C06_primary_c86eff420321_seed_137,outputs/c06_final_c86eff4,c86eff4203214cd7b64c5d908bb71cab69f7c555,8819569faa808171ad07f68f2896f552d945bead1a30e6a0fddf49bca3759b2d,37046e2fcddc31f51289a10671417f20ac78af907fe31058677d67f023b6978a,4e36384a59d97d4c372d4f2fadea4dedd41c345467d6c61a4b060e1ef540ab7a,mean,raw,rmse,43.085192459398094,reconstructed,100,PENDING
C06,FD001,primary,137,C06_primary_c86eff420321_seed_137,outputs/c06_final_c86eff4,c86eff4203214cd7b64c5d908bb71cab69f7c555,8819569faa808171ad07f68f2896f552d945bead1a30e6a0fddf49bca3759b2d,37046e2fcddc31f51289a10671417f20ac78af907fe31058677d67f023b6978a,4e36384a59d97d4c372d4f2fadea4dedd41c345467d6c61a4b060e1ef540ab7a,mean,raw,mae,35.900000000000006,reconstructed,100,PENDING
C06,FD001,primary,137,C06_primary_c86eff420321_seed_137,outputs/c06_final_c86eff4,c86eff4203214cd7b64c5d908bb71cab69f7c555,8819569faa808171ad07f68f2896f552d945bead1a30e6a0fddf49bca3759b2d,37046e2fcddc31f51289a10671417f20ac78af907fe31058677d67f023b6978a,4e36384a59d97d4c372d4f2fadea4dedd41c345467d6c61a4b060e1ef540ab7a,mean,raw,signed_error,11.378234013386022,reconstructed,100,PENDING
C06,FD001,primary,137,C06_primary_c86eff420321_seed_137,outputs/c06_final_c86eff4,c86eff4203214cd7b64c5d908bb71cab69f7c555,8819569faa808171ad07f68f2896f552d945bead1a30e6a0fddf49bca3759b2d,37046e2fcddc31f51289a10671417f20ac78af907fe31058677d67f023b6978a,4e36384a59d97d4c372d4f2fadea4dedd41c345467d6c61a4b060e1ef540ab7a,mean,raw,nasa_score,33854.095080262014,reconstructed,100,PENDING
C06,FD001,primary,137,C06_primary_c86eff420321_seed_137,outputs/c06_final_c86eff4,c86eff4203214cd7b64c5d908bb71cab69f7c555,8819569faa808171ad07f68f2896f552d945bead1a30e6a0fddf49bca3759b2d,37046e2fcddc31f51289a10671417f20ac78af907fe31058677d67f023b6978a,4e36384a59d97d4c372d4f2fadea4dedd41c345467d6c61a4b060e1ef540ab7a,mean,clipped,rmse,41.96219763134457,reconstructed,100,PENDING
C06,FD001,primary,137,C06_primary_c86eff420321_seed_137,outputs/c06_final_c86eff4,c86eff4203214cd7b64c5d908bb71cab69f7c555,8819569faa808171ad07f68f2896f552d945bead1a30e6a0fddf49bca3759b2d,37046e2fcddc31f51289a10671417f20ac78af907fe31058677d67f023b6978a,4e36384a59d97d4c372d4f2fadea4dedd41c345467d6c61a4b060e1ef540ab7a,mean,clipped,mae,34.830000000000005,reconstructed,100,PENDING
C06,FD001,primary,137,C06_primary_c86eff420321_seed_137,outputs/c06_final_c86eff4,c86eff4203214cd7b64c5d908bb71cab69f7c555,8819569faa808171ad07f68f2896f552d945bead1a30e6a0fddf49bca3759b2d,37046e2fcddc31f51289a10671417f20ac78af907fe31058677d67f023b6978a,4e36384a59d97d4c372d4f2fadea4dedd41c345467d6c61a4b060e1ef540ab7a,mean,clipped,signed_error,12.448234013386019,reconstructed,100,PENDING
C06,FD001,primary,137,C06_primary_c86eff420321_seed_137,outputs/c06_final_c86eff4,c86eff4203214cd7b64c5d908bb71cab69f7c555,8819569faa808171ad07f68f2896f552d945bead1a30e6a0fddf49bca3759b2d,37046e2fcddc31f51289a10671417f20ac78af907fe31058677d67f023b6978a,4e36384a59d97d4c372d4f2fadea4dedd41c345467d6c61a4b060e1ef540ab7a,mean,clipped,nasa_score,33580.789615800306,reconstructed,100,PENDING
C06,FD001,primary,137,C06_primary_c86eff420321_seed_137,outputs/c06_final_c86eff4,c86eff4203214cd7b64c5d908bb71cab69f7c555,8819569faa808171ad07f68f2896f552d945bead1a30e6a0fddf49bca3759b2d,37046e2fcddc31f51289a10671417f20ac78af907fe31058677d67f023b6978a,4e36384a59d97d4c372d4f2fadea4dedd41c345467d6c61a4b060e1ef540ab7a,ridge,raw,rmse,18.624112896843656,reconstructed,100,PENDING
C06,FD001,primary,137,C06_primary_c86eff420321_seed_137,outputs/c06_final_c86eff4,c86eff4203214cd7b64c5d908bb71cab69f7c555,8819569faa808171ad07f68f2896f552d945bead1a30e6a0fddf49bca3759b2d,37046e2fcddc31f51289a10671417f20ac78af907fe31058677d67f023b6978a,4e36384a59d97d4c372d4f2fadea4dedd41c345467d6c61a4b060e1ef540ab7a,ridge,raw,mae,14.779721502533295,reconstructed,100,PENDING
C06,FD001,primary,137,C06_primary_c86eff420321_seed_137,outputs/c06_final_c86eff4,c86eff4203214cd7b64c5d908bb71cab69f7c555,8819569faa808171ad07f68f2896f552d945bead1a30e6a0fddf49bca3759b2d,37046e2fcddc31f51289a10671417f20ac78af907fe31058677d67f023b6978a,4e36384a59d97d4c372d4f2fadea4dedd41c345467d6c61a4b060e1ef540ab7a,ridge,raw,signed_error,0.6651357603147773,reconstructed,100,PENDING
C06,FD001,primary,137,C06_primary_c86eff420321_seed_137,outputs/c06_final_c86eff4,c86eff4203214cd7b64c5d908bb71cab69f7c555,8819569faa808171ad07f68f2896f552d945bead1a30e6a0fddf49bca3759b2d,37046e2fcddc31f51289a10671417f20ac78af907fe31058677d67f023b6978a,4e36384a59d97d4c372d4f2fadea4dedd41c345467d6c61a4b060e1ef540ab7a,ridge,raw,nasa_score,548.2030888670612,reconstructed,100,PENDING
C06,FD001,primary,137,C06_primary_c86eff420321_seed_137,outputs/c06_final_c86eff4,c86eff4203214cd7b64c5d908bb71cab69f7c555,8819569faa808171ad07f68f2896f552d945bead1a30e6a0fddf49bca3759b2d,37046e2fcddc31f51289a10671417f20ac78af907fe31058677d67f023b6978a,4e36384a59d97d4c372d4f2fadea4dedd41c345467d6c61a4b060e1ef540ab7a,ridge,clipped,rmse,17.3621103584765,reconstructed,100,PENDING
C06,FD001,primary,137,C06_primary_c86eff420321_seed_137,outputs/c06_final_c86eff4,c86eff4203214cd7b64c5d908bb71cab69f7c555,8819569faa808171ad07f68f2896f552d945bead1a30e6a0fddf49bca3759b2d,37046e2fcddc31f51289a10671417f20ac78af907fe31058677d67f023b6978a,4e36384a59d97d4c372d4f2fadea4dedd41c345467d6c61a4b060e1ef540ab7a,ridge,clipped,mae,13.66290070952892,reconstructed,100,PENDING
C06,FD001,primary,137,C06_primary_c86eff420321_seed_137,outputs/c06_final_c86eff4,c86eff4203214cd7b64c5d908bb71cab69f7c555,8819569faa808171ad07f68f2896f552d945bead1a30e6a0fddf49bca3759b2d,37046e2fcddc31f51289a10671417f20ac78af907fe31058677d67f023b6978a,4e36384a59d97d4c372d4f2fadea4dedd41c345467d6c61a4b060e1ef540ab7a,ridge,clipped,signed_error,1.742657529382232,reconstructed,100,PENDING
C06,FD001,primary,137,C06_primary_c86eff420321_seed_137,outputs/c06_final_c86eff4,c86eff4203214cd7b64c5d908bb71cab69f7c555,8819569faa808171ad07f68f2896f552d945bead1a30e6a0fddf49bca3759b2d,37046e2fcddc31f51289a10671417f20ac78af907fe31058677d67f023b6978a,4e36384a59d97d4c372d4f2fadea4dedd41c345467d6c61a4b060e1ef540ab7a,ridge,clipped,nasa_score,493.2130284026379,reconstructed,100,PENDING
C06,FD001,primary,137,C06_primary_c86eff420321_seed_137,outputs/c06_final_c86eff4,c86eff4203214cd7b64c5d908bb71cab69f7c555,8819569faa808171ad07f68f2896f552d945bead1a30e6a0fddf49bca3759b2d,37046e2fcddc31f51289a10671417f20ac78af907fe31058677d67f023b6978a,4e36384a59d97d4c372d4f2fadea4dedd41c345467d6c61a4b060e1ef540ab7a,hist_gradient_boosting,raw,rmse,16.770030228077772,reconstructed,100,PENDING
C06,FD001,primary,137,C06_primary_c86eff420321_seed_137,outputs/c06_final_c86eff4,c86eff4203214cd7b64c5d908bb71cab69f7c555,8819569faa808171ad07f68f2896f552d945bead1a30e6a0fddf49bca3759b2d,37046e2fcddc31f51289a10671417f20ac78af907fe31058677d67f023b6978a,4e36384a59d97d4c372d4f2fadea4dedd41c345467d6c61a4b060e1ef540ab7a,hist_gradient_boosting,raw,mae,13.383370795760062,reconstructed,100,PENDING
C06,FD001,primary,137,C06_primary_c86eff420321_seed_137,outputs/c06_final_c86eff4,c86eff4203214cd7b64c5d908bb71cab69f7c555,8819569faa808171ad07f68f2896f552d945bead1a30e6a0fddf49bca3759b2d,37046e2fcddc31f51289a10671417f20ac78af907fe31058677d67f023b6978a,4e36384a59d97d4c372d4f2fadea4dedd41c345467d6c61a4b060e1ef540ab7a,hist_gradient_boosting,raw,signed_error,2.166615638625143,reconstructed,100,PENDING
C06,FD001,primary,137,C06_primary_c86eff420321_seed_137,outputs/c06_final_c86eff4,c86eff4203214cd7b64c5d908bb71cab69f7c555,8819569faa808171ad07f68f2896f552d945bead1a30e6a0fddf49bca3759b2d,37046e2fcddc31f51289a10671417f20ac78af907fe31058677d67f023b6978a,4e36384a59d97d4c372d4f2fadea4dedd41c345467d6c61a4b060e1ef540ab7a,hist_gradient_boosting,raw,nasa_score,432.24297923018287,reconstructed,100,PENDING
C06,FD001,primary,137,C06_primary_c86eff420321_seed_137,outputs/c06_final_c86eff4,c86eff4203214cd7b64c5d908bb71cab69f7c555,8819569faa808171ad07f68f2896f552d945bead1a30e6a0fddf49bca3759b2d,37046e2fcddc31f51289a10671417f20ac78af907fe31058677d67f023b6978a,4e36384a59d97d4c372d4f2fadea4dedd41c345467d6c61a4b060e1ef540ab7a,hist_gradient_boosting,clipped,rmse,15.57096036136792,reconstructed,100,PENDING
C06,FD001,primary,137,C06_primary_c86eff420321_seed_137,outputs/c06_final_c86eff4,c86eff4203214cd7b64c5d908bb71cab69f7c555,8819569faa808171ad07f68f2896f552d945bead1a30e6a0fddf49bca3759b2d,37046e2fcddc31f51289a10671417f20ac78af907fe31058677d67f023b6978a,4e36384a59d97d4c372d4f2fadea4dedd41c345467d6c61a4b060e1ef540ab7a,hist_gradient_boosting,clipped,mae,12.313370795760061,reconstructed,100,PENDING
C06,FD001,primary,137,C06_primary_c86eff420321_seed_137,outputs/c06_final_c86eff4,c86eff4203214cd7b64c5d908bb71cab69f7c555,8819569faa808171ad07f68f2896f552d945bead1a30e6a0fddf49bca3759b2d,37046e2fcddc31f51289a10671417f20ac78af907fe31058677d67f023b6978a,4e36384a59d97d4c372d4f2fadea4dedd41c345467d6c61a4b060e1ef540ab7a,hist_gradient_boosting,clipped,signed_error,3.236615638625143,reconstructed,100,PENDING
C06,FD001,primary,137,C06_primary_c86eff420321_seed_137,outputs/c06_final_c86eff4,c86eff4203214cd7b64c5d908bb71cab69f7c555,8819569faa808171ad07f68f2896f552d945bead1a30e6a0fddf49bca3759b2d,37046e2fcddc31f51289a10671417f20ac78af907fe31058677d67f023b6978a,4e36384a59d97d4c372d4f2fadea4dedd41c345467d6c61a4b060e1ef540ab7a,hist_gradient_boosting,clipped,nasa_score,394.8346682141801,reconstructed,100,PENDING
C07,FD001,primary,13,C07_FD001_8b6c6bf96f05_seed_13,outputs/c07_final_8b6c6bf,8b6c6bf96f05abb9a445fae98a7bba1bce888eb3,691d0bcefb5aac842f137c58685402dc0dab80593d7cdf9279969896b88910f7,6e95af0fe3d41f4183f914f2b65c40dbd6f9e7191c2bcc9ff3b57c802e89aea6,2185dd6861318557ef06f488a8db7698d79445e26829658e5babd4a169e4f69e,mean,raw,rmse,42.6972574249317,reconstructed,100,PENDING
C07,FD001,primary,13,C07_FD001_8b6c6bf96f05_seed_13,outputs/c07_final_8b6c6bf,8b6c6bf96f05abb9a445fae98a7bba1bce888eb3,691d0bcefb5aac842f137c58685402dc0dab80593d7cdf9279969896b88910f7,6e95af0fe3d41f4183f914f2b65c40dbd6f9e7191c2bcc9ff3b57c802e89aea6,2185dd6861318557ef06f488a8db7698d79445e26829658e5babd4a169e4f69e,mean,raw,mae,35.9,reconstructed,100,PENDING
C07,FD001,primary,13,C07_FD001_8b6c6bf96f05_seed_13,outputs/c07_final_8b6c6bf,8b6c6bf96f05abb9a445fae98a7bba1bce888eb3,691d0bcefb5aac842f137c58685402dc0dab80593d7cdf9279969896b88910f7,6e95af0fe3d41f4183f914f2b65c40dbd6f9e7191c2bcc9ff3b57c802e89aea6,2185dd6861318557ef06f488a8db7698d79445e26829658e5babd4a169e4f69e,mean,raw,signed_error,9.807455919395451,reconstructed,100,PENDING
C07,FD001,primary,13,C07_FD001_8b6c6bf96f05_seed_13,outputs/c07_final_8b6c6bf,8b6c6bf96f05abb9a445fae98a7bba1bce888eb3,691d0bcefb5aac842f137c58685402dc0dab80593d7cdf9279969896b88910f7,6e95af0fe3d41f4183f914f2b65c40dbd6f9e7191c2bcc9ff3b57c802e89aea6,2185dd6861318557ef06f488a8db7698d79445e26829658e5babd4a169e4f69e,mean,raw,nasa_score,29107.961611339386,reconstructed,100,PENDING
C07,FD001,primary,13,C07_FD001_8b6c6bf96f05_seed_13,outputs/c07_final_8b6c6bf,8b6c6bf96f05abb9a445fae98a7bba1bce888eb3,691d0bcefb5aac842f137c58685402dc0dab80593d7cdf9279969896b88910f7,6e95af0fe3d41f4183f914f2b65c40dbd6f9e7191c2bcc9ff3b57c802e89aea6,2185dd6861318557ef06f488a8db7698d79445e26829658e5babd4a169e4f69e,mean,clipped,rmse,41.523325339842316,reconstructed,100,True
C07,FD001,primary,13,C07_FD001_8b6c6bf96f05_seed_13,outputs/c07_final_8b6c6bf,8b6c6bf96f05abb9a445fae98a7bba1bce888eb3,691d0bcefb5aac842f137c58685402dc0dab80593d7cdf9279969896b88910f7,6e95af0fe3d41f4183f914f2b65c40dbd6f9e7191c2bcc9ff3b57c802e89aea6,2185dd6861318557ef06f488a8db7698d79445e26829658e5babd4a169e4f69e,mean,clipped,mae,34.83,reconstructed,100,True
C07,FD001,primary,13,C07_FD001_8b6c6bf96f05_seed_13,outputs/c07_final_8b6c6bf,8b6c6bf96f05abb9a445fae98a7bba1bce888eb3,691d0bcefb5aac842f137c58685402dc0dab80593d7cdf9279969896b88910f7,6e95af0fe3d41f4183f914f2b65c40dbd6f9e7191c2bcc9ff3b57c802e89aea6,2185dd6861318557ef06f488a8db7698d79445e26829658e5babd4a169e4f69e,mean,clipped,signed_error,10.877455919395459,reconstructed,100,True
C07,FD001,primary,13,C07_FD001_8b6c6bf96f05_seed_13,outputs/c07_final_8b6c6bf,8b6c6bf96f05abb9a445fae98a7bba1bce888eb3,691d0bcefb5aac842f137c58685402dc0dab80593d7cdf9279969896b88910f7,6e95af0fe3d41f4183f914f2b65c40dbd6f9e7191c2bcc9ff3b57c802e89aea6,2185dd6861318557ef06f488a8db7698d79445e26829658e5babd4a169e4f69e,mean,clipped,nasa_score,28799.55497154869,reconstructed,100,True
C07,FD001,primary,13,C07_FD001_8b6c6bf96f05_seed_13,outputs/c07_final_8b6c6bf,8b6c6bf96f05abb9a445fae98a7bba1bce888eb3,691d0bcefb5aac842f137c58685402dc0dab80593d7cdf9279969896b88910f7,6e95af0fe3d41f4183f914f2b65c40dbd6f9e7191c2bcc9ff3b57c802e89aea6,2185dd6861318557ef06f488a8db7698d79445e26829658e5babd4a169e4f69e,ridge,raw,rmse,20.13599943987735,reconstructed,100,PENDING
C07,FD001,primary,13,C07_FD001_8b6c6bf96f05_seed_13,outputs/c07_final_8b6c6bf,8b6c6bf96f05abb9a445fae98a7bba1bce888eb3,691d0bcefb5aac842f137c58685402dc0dab80593d7cdf9279969896b88910f7,6e95af0fe3d41f4183f914f2b65c40dbd6f9e7191c2bcc9ff3b57c802e89aea6,2185dd6861318557ef06f488a8db7698d79445e26829658e5babd4a169e4f69e,ridge,raw,mae,15.538553690571081,reconstructed,100,PENDING
C07,FD001,primary,13,C07_FD001_8b6c6bf96f05_seed_13,outputs/c07_final_8b6c6bf,8b6c6bf96f05abb9a445fae98a7bba1bce888eb3,691d0bcefb5aac842f137c58685402dc0dab80593d7cdf9279969896b88910f7,6e95af0fe3d41f4183f914f2b65c40dbd6f9e7191c2bcc9ff3b57c802e89aea6,2185dd6861318557ef06f488a8db7698d79445e26829658e5babd4a169e4f69e,ridge,raw,signed_error,-2.482259849234598,reconstructed,100,PENDING
C07,FD001,primary,13,C07_FD001_8b6c6bf96f05_seed_13,outputs/c07_final_8b6c6bf,8b6c6bf96f05abb9a445fae98a7bba1bce888eb3,691d0bcefb5aac842f137c58685402dc0dab80593d7cdf9279969896b88910f7,6e95af0fe3d41f4183f914f2b65c40dbd6f9e7191c2bcc9ff3b57c802e89aea6,2185dd6861318557ef06f488a8db7698d79445e26829658e5babd4a169e4f69e,ridge,raw,nasa_score,658.0254723767231,reconstructed,100,PENDING
C07,FD001,primary,13,C07_FD001_8b6c6bf96f05_seed_13,outputs/c07_final_8b6c6bf,8b6c6bf96f05abb9a445fae98a7bba1bce888eb3,691d0bcefb5aac842f137c58685402dc0dab80593d7cdf9279969896b88910f7,6e95af0fe3d41f4183f914f2b65c40dbd6f9e7191c2bcc9ff3b57c802e89aea6,2185dd6861318557ef06f488a8db7698d79445e26829658e5babd4a169e4f69e,ridge,clipped,rmse,18.77377458864713,reconstructed,100,True
C07,FD001,primary,13,C07_FD001_8b6c6bf96f05_seed_13,outputs/c07_final_8b6c6bf,8b6c6bf96f05abb9a445fae98a7bba1bce888eb3,691d0bcefb5aac842f137c58685402dc0dab80593d7cdf9279969896b88910f7,6e95af0fe3d41f4183f914f2b65c40dbd6f9e7191c2bcc9ff3b57c802e89aea6,2185dd6861318557ef06f488a8db7698d79445e26829658e5babd4a169e4f69e,ridge,clipped,mae,14.44340983680497,reconstructed,100,True
C07,FD001,primary,13,C07_FD001_8b6c6bf96f05_seed_13,outputs/c07_final_8b6c6bf,8b6c6bf96f05abb9a445fae98a7bba1bce888eb3,691d0bcefb5aac842f137c58685402dc0dab80593d7cdf9279969896b88910f7,6e95af0fe3d41f4183f914f2b65c40dbd6f9e7191c2bcc9ff3b57c802e89aea6,2185dd6861318557ef06f488a8db7698d79445e26829658e5babd4a169e4f69e,ridge,clipped,signed_error,-1.3871159954684869,reconstructed,100,True
C07,FD001,primary,13,C07_FD001_8b6c6bf96f05_seed_13,outputs/c07_final_8b6c6bf,8b6c6bf96f05abb9a445fae98a7bba1bce888eb3,691d0bcefb5aac842f137c58685402dc0dab80593d7cdf9279969896b88910f7,6e95af0fe3d41f4183f914f2b65c40dbd6f9e7191c2bcc9ff3b57c802e89aea6,2185dd6861318557ef06f488a8db7698d79445e26829658e5babd4a169e4f69e,ridge,clipped,nasa_score,572.0902668785766,reconstructed,100,True
C07,FD001,primary,13,C07_FD001_8b6c6bf96f05_seed_13,outputs/c07_final_8b6c6bf,8b6c6bf96f05abb9a445fae98a7bba1bce888eb3,691d0bcefb5aac842f137c58685402dc0dab80593d7cdf9279969896b88910f7,6e95af0fe3d41f4183f914f2b65c40dbd6f9e7191c2bcc9ff3b57c802e89aea6,2185dd6861318557ef06f488a8db7698d79445e26829658e5babd4a169e4f69e,hist_gradient_boosting,raw,rmse,17.70278717705922,reconstructed,100,PENDING
C07,FD001,primary,13,C07_FD001_8b6c6bf96f05_seed_13,outputs/c07_final_8b6c6bf,8b6c6bf96f05abb9a445fae98a7bba1bce888eb3,691d0bcefb5aac842f137c58685402dc0dab80593d7cdf9279969896b88910f7,6e95af0fe3d41f4183f914f2b65c40dbd6f9e7191c2bcc9ff3b57c802e89aea6,2185dd6861318557ef06f488a8db7698d79445e26829658e5babd4a169e4f69e,hist_gradient_boosting,raw,mae,13.228687808737003,reconstructed,100,PENDING
C07,FD001,primary,13,C07_FD001_8b6c6bf96f05_seed_13,outputs/c07_final_8b6c6bf,8b6c6bf96f05abb9a445fae98a7bba1bce888eb3,691d0bcefb5aac842f137c58685402dc0dab80593d7cdf9279969896b88910f7,6e95af0fe3d41f4183f914f2b65c40dbd6f9e7191c2bcc9ff3b57c802e89aea6,2185dd6861318557ef06f488a8db7698d79445e26829658e5babd4a169e4f69e,hist_gradient_boosting,raw,signed_error,-1.5476196754636293,reconstructed,100,PENDING
C07,FD001,primary,13,C07_FD001_8b6c6bf96f05_seed_13,outputs/c07_final_8b6c6bf,8b6c6bf96f05abb9a445fae98a7bba1bce888eb3,691d0bcefb5aac842f137c58685402dc0dab80593d7cdf9279969896b88910f7,6e95af0fe3d41f4183f914f2b65c40dbd6f9e7191c2bcc9ff3b57c802e89aea6,2185dd6861318557ef06f488a8db7698d79445e26829658e5babd4a169e4f69e,hist_gradient_boosting,raw,nasa_score,488.85382088845444,reconstructed,100,PENDING
C07,FD001,primary,13,C07_FD001_8b6c6bf96f05_seed_13,outputs/c07_final_8b6c6bf,8b6c6bf96f05abb9a445fae98a7bba1bce888eb3,691d0bcefb5aac842f137c58685402dc0dab80593d7cdf9279969896b88910f7,6e95af0fe3d41f4183f914f2b65c40dbd6f9e7191c2bcc9ff3b57c802e89aea6,2185dd6861318557ef06f488a8db7698d79445e26829658e5babd4a169e4f69e,hist_gradient_boosting,clipped,rmse,16.4251278540366,reconstructed,100,True
C07,FD001,primary,13,C07_FD001_8b6c6bf96f05_seed_13,outputs/c07_final_8b6c6bf,8b6c6bf96f05abb9a445fae98a7bba1bce888eb3,691d0bcefb5aac842f137c58685402dc0dab80593d7cdf9279969896b88910f7,6e95af0fe3d41f4183f914f2b65c40dbd6f9e7191c2bcc9ff3b57c802e89aea6,2185dd6861318557ef06f488a8db7698d79445e26829658e5babd4a169e4f69e,hist_gradient_boosting,clipped,mae,12.158687808737005,reconstructed,100,True
C07,FD001,primary,13,C07_FD001_8b6c6bf96f05_seed_13,outputs/c07_final_8b6c6bf,8b6c6bf96f05abb9a445fae98a7bba1bce888eb3,691d0bcefb5aac842f137c58685402dc0dab80593d7cdf9279969896b88910f7,6e95af0fe3d41f4183f914f2b65c40dbd6f9e7191c2bcc9ff3b57c802e89aea6,2185dd6861318557ef06f488a8db7698d79445e26829658e5babd4a169e4f69e,hist_gradient_boosting,clipped,signed_error,-0.4776196754636293,reconstructed,100,True
C07,FD001,primary,13,C07_FD001_8b6c6bf96f05_seed_13,outputs/c07_final_8b6c6bf,8b6c6bf96f05abb9a445fae98a7bba1bce888eb3,691d0bcefb5aac842f137c58685402dc0dab80593d7cdf9279969896b88910f7,6e95af0fe3d41f4183f914f2b65c40dbd6f9e7191c2bcc9ff3b57c802e89aea6,2185dd6861318557ef06f488a8db7698d79445e26829658e5babd4a169e4f69e,hist_gradient_boosting,clipped,nasa_score,429.2937905572571,reconstructed,100,True
C07,FD001,primary,37,C07_FD001_8b6c6bf96f05_seed_37,outputs/c07_final_8b6c6bf,8b6c6bf96f05abb9a445fae98a7bba1bce888eb3,29503b67b84e86fb51897ca413d6a93fce2c2a318664c7f1ea2a5d21424533e7,a6c2ecf9d3f97f7965e7f744820448c37f0f85e3817bf0e29d5bf7f3279f0838,51d7191aac15256c0dbf90230812db340f8e6c624e7a39b8f21f0ecdb75db320,mean,raw,rmse,43.24306023167234,reconstructed,100,PENDING
C07,FD001,primary,37,C07_FD001_8b6c6bf96f05_seed_37,outputs/c07_final_8b6c6bf,8b6c6bf96f05abb9a445fae98a7bba1bce888eb3,29503b67b84e86fb51897ca413d6a93fce2c2a318664c7f1ea2a5d21424533e7,a6c2ecf9d3f97f7965e7f744820448c37f0f85e3817bf0e29d5bf7f3279f0838,51d7191aac15256c0dbf90230812db340f8e6c624e7a39b8f21f0ecdb75db320,mean,raw,mae,35.909642686993806,reconstructed,100,PENDING
C07,FD001,primary,37,C07_FD001_8b6c6bf96f05_seed_37,outputs/c07_final_8b6c6bf,8b6c6bf96f05abb9a445fae98a7bba1bce888eb3,29503b67b84e86fb51897ca413d6a93fce2c2a318664c7f1ea2a5d21424533e7,a6c2ecf9d3f97f7965e7f744820448c37f0f85e3817bf0e29d5bf7f3279f0838,51d7191aac15256c0dbf90230812db340f8e6c624e7a39b8f21f0ecdb75db320,mean,raw,signed_error,11.962134349690334,reconstructed,100,PENDING
C07,FD001,primary,37,C07_FD001_8b6c6bf96f05_seed_37,outputs/c07_final_8b6c6bf,8b6c6bf96f05abb9a445fae98a7bba1bce888eb3,29503b67b84e86fb51897ca413d6a93fce2c2a318664c7f1ea2a5d21424533e7,a6c2ecf9d3f97f7965e7f744820448c37f0f85e3817bf0e29d5bf7f3279f0838,51d7191aac15256c0dbf90230812db340f8e6c624e7a39b8f21f0ecdb75db320,mean,raw,nasa_score,35823.76432364773,reconstructed,100,PENDING
C07,FD001,primary,37,C07_FD001_8b6c6bf96f05_seed_37,outputs/c07_final_8b6c6bf,8b6c6bf96f05abb9a445fae98a7bba1bce888eb3,29503b67b84e86fb51897ca413d6a93fce2c2a318664c7f1ea2a5d21424533e7,a6c2ecf9d3f97f7965e7f744820448c37f0f85e3817bf0e29d5bf7f3279f0838,51d7191aac15256c0dbf90230812db340f8e6c624e7a39b8f21f0ecdb75db320,mean,clipped,rmse,42.13910328552779,reconstructed,100,True
C07,FD001,primary,37,C07_FD001_8b6c6bf96f05_seed_37,outputs/c07_final_8b6c6bf,8b6c6bf96f05abb9a445fae98a7bba1bce888eb3,29503b67b84e86fb51897ca413d6a93fce2c2a318664c7f1ea2a5d21424533e7,a6c2ecf9d3f97f7965e7f744820448c37f0f85e3817bf0e29d5bf7f3279f0838,51d7191aac15256c0dbf90230812db340f8e6c624e7a39b8f21f0ecdb75db320,mean,clipped,mae,34.839642686993805,reconstructed,100,True
C07,FD001,primary,37,C07_FD001_8b6c6bf96f05_seed_37,outputs/c07_final_8b6c6bf,8b6c6bf96f05abb9a445fae98a7bba1bce888eb3,29503b67b84e86fb51897ca413d6a93fce2c2a318664c7f1ea2a5d21424533e7,a6c2ecf9d3f97f7965e7f744820448c37f0f85e3817bf0e29d5bf7f3279f0838,51d7191aac15256c0dbf90230812db340f8e6c624e7a39b8f21f0ecdb75db320,mean,clipped,signed_error,13.032134349690335,reconstructed,100,True
C07,FD001,primary,37,C07_FD001_8b6c6bf96f05_seed_37,outputs/c07_final_8b6c6bf,8b6c6bf96f05abb9a445fae98a7bba1bce888eb3,29503b67b84e86fb51897ca413d6a93fce2c2a318664c7f1ea2a5d21424533e7,a6c2ecf9d3f97f7965e7f744820448c37f0f85e3817bf0e29d5bf7f3279f0838,51d7191aac15256c0dbf90230812db340f8e6c624e7a39b8f21f0ecdb75db320,mean,clipped,nasa_score,35562.46288542401,reconstructed,100,True
C07,FD001,primary,37,C07_FD001_8b6c6bf96f05_seed_37,outputs/c07_final_8b6c6bf,8b6c6bf96f05abb9a445fae98a7bba1bce888eb3,29503b67b84e86fb51897ca413d6a93fce2c2a318664c7f1ea2a5d21424533e7,a6c2ecf9d3f97f7965e7f744820448c37f0f85e3817bf0e29d5bf7f3279f0838,51d7191aac15256c0dbf90230812db340f8e6c624e7a39b8f21f0ecdb75db320,ridge,raw,rmse,18.49784611160712,reconstructed,100,PENDING
C07,FD001,primary,37,C07_FD001_8b6c6bf96f05_seed_37,outputs/c07_final_8b6c6bf,8b6c6bf96f05abb9a445fae98a7bba1bce888eb3,29503b67b84e86fb51897ca413d6a93fce2c2a318664c7f1ea2a5d21424533e7,a6c2ecf9d3f97f7965e7f744820448c37f0f85e3817bf0e29d5bf7f3279f0838,51d7191aac15256c0dbf90230812db340f8e6c624e7a39b8f21f0ecdb75db320,ridge,raw,mae,14.537645411364851,reconstructed,100,PENDING
C07,FD001,primary,37,C07_FD001_8b6c6bf96f05_seed_37,outputs/c07_final_8b6c6bf,8b6c6bf96f05abb9a445fae98a7bba1bce888eb3,29503b67b84e86fb51897ca413d6a93fce2c2a318664c7f1ea2a5d21424533e7,a6c2ecf9d3f97f7965e7f744820448c37f0f85e3817bf0e29d5bf7f3279f0838,51d7191aac15256c0dbf90230812db340f8e6c624e7a39b8f21f0ecdb75db320,ridge,raw,signed_error,1.9112283538125427,reconstructed,100,PENDING
C07,FD001,primary,37,C07_FD001_8b6c6bf96f05_seed_37,outputs/c07_final_8b6c6bf,8b6c6bf96f05abb9a445fae98a7bba1bce888eb3,29503b67b84e86fb51897ca413d6a93fce2c2a318664c7f1ea2a5d21424533e7,a6c2ecf9d3f97f7965e7f744820448c37f0f85e3817bf0e29d5bf7f3279f0838,51d7191aac15256c0dbf90230812db340f8e6c624e7a39b8f21f0ecdb75db320,ridge,raw,nasa_score,582.5808241258113,reconstructed,100,PENDING
C07,FD001,primary,37,C07_FD001_8b6c6bf96f05_seed_37,outputs/c07_final_8b6c6bf,8b6c6bf96f05abb9a445fae98a7bba1bce888eb3,29503b67b84e86fb51897ca413d6a93fce2c2a318664c7f1ea2a5d21424533e7,a6c2ecf9d3f97f7965e7f744820448c37f0f85e3817bf0e29d5bf7f3279f0838,51d7191aac15256c0dbf90230812db340f8e6c624e7a39b8f21f0ecdb75db320,ridge,clipped,rmse,17.36604336238455,reconstructed,100,True
C07,FD001,primary,37,C07_FD001_8b6c6bf96f05_seed_37,outputs/c07_final_8b6c6bf,8b6c6bf96f05abb9a445fae98a7bba1bce888eb3,29503b67b84e86fb51897ca413d6a93fce2c2a318664c7f1ea2a5d21424533e7,a6c2ecf9d3f97f7965e7f744820448c37f0f85e3817bf0e29d5bf7f3279f0838,51d7191aac15256c0dbf90230812db340f8e6c624e7a39b8f21f0ecdb75db320,ridge,clipped,mae,13.463264377211212,reconstructed,100,True
C07,FD001,primary,37,C07_FD001_8b6c6bf96f05_seed_37,outputs/c07_final_8b6c6bf,8b6c6bf96f05abb9a445fae98a7bba1bce888eb3,29503b67b84e86fb51897ca413d6a93fce2c2a318664c7f1ea2a5d21424533e7,a6c2ecf9d3f97f7965e7f744820448c37f0f85e3817bf0e29d5bf7f3279f0838,51d7191aac15256c0dbf90230812db340f8e6c624e7a39b8f21f0ecdb75db320,ridge,clipped,signed_error,2.985609387966179,reconstructed,100,True
C07,FD001,primary,37,C07_FD001_8b6c6bf96f05_seed_37,outputs/c07_final_8b6c6bf,8b6c6bf96f05abb9a445fae98a7bba1bce888eb3,29503b67b84e86fb51897ca413d6a93fce2c2a318664c7f1ea2a5d21424533e7,a6c2ecf9d3f97f7965e7f744820448c37f0f85e3817bf0e29d5bf7f3279f0838,51d7191aac15256c0dbf90230812db340f8e6c624e7a39b8f21f0ecdb75db320,ridge,clipped,nasa_score,539.683018993941,reconstructed,100,True
C07,FD001,primary,37,C07_FD001_8b6c6bf96f05_seed_37,outputs/c07_final_8b6c6bf,8b6c6bf96f05abb9a445fae98a7bba1bce888eb3,29503b67b84e86fb51897ca413d6a93fce2c2a318664c7f1ea2a5d21424533e7,a6c2ecf9d3f97f7965e7f744820448c37f0f85e3817bf0e29d5bf7f3279f0838,51d7191aac15256c0dbf90230812db340f8e6c624e7a39b8f21f0ecdb75db320,hist_gradient_boosting,raw,rmse,16.67332325173878,reconstructed,100,PENDING
C07,FD001,primary,37,C07_FD001_8b6c6bf96f05_seed_37,outputs/c07_final_8b6c6bf,8b6c6bf96f05abb9a445fae98a7bba1bce888eb3,29503b67b84e86fb51897ca413d6a93fce2c2a318664c7f1ea2a5d21424533e7,a6c2ecf9d3f97f7965e7f744820448c37f0f85e3817bf0e29d5bf7f3279f0838,51d7191aac15256c0dbf90230812db340f8e6c624e7a39b8f21f0ecdb75db320,hist_gradient_boosting,raw,mae,12.521229925779542,reconstructed,100,PENDING
C07,FD001,primary,37,C07_FD001_8b6c6bf96f05_seed_37,outputs/c07_final_8b6c6bf,8b6c6bf96f05abb9a445fae98a7bba1bce888eb3,29503b67b84e86fb51897ca413d6a93fce2c2a318664c7f1ea2a5d21424533e7,a6c2ecf9d3f97f7965e7f744820448c37f0f85e3817bf0e29d5bf7f3279f0838,51d7191aac15256c0dbf90230812db340f8e6c624e7a39b8f21f0ecdb75db320,hist_gradient_boosting,raw,signed_error,2.6076387661780136,reconstructed,100,PENDING
C07,FD001,primary,37,C07_FD001_8b6c6bf96f05_seed_37,outputs/c07_final_8b6c6bf,8b6c6bf96f05abb9a445fae98a7bba1bce888eb3,29503b67b84e86fb51897ca413d6a93fce2c2a318664c7f1ea2a5d21424533e7,a6c2ecf9d3f97f7965e7f744820448c37f0f85e3817bf0e29d5bf7f3279f0838,51d7191aac15256c0dbf90230812db340f8e6c624e7a39b8f21f0ecdb75db320,hist_gradient_boosting,raw,nasa_score,534.1362006700875,reconstructed,100,PENDING
C07,FD001,primary,37,C07_FD001_8b6c6bf96f05_seed_37,outputs/c07_final_8b6c6bf,8b6c6bf96f05abb9a445fae98a7bba1bce888eb3,29503b67b84e86fb51897ca413d6a93fce2c2a318664c7f1ea2a5d21424533e7,a6c2ecf9d3f97f7965e7f744820448c37f0f85e3817bf0e29d5bf7f3279f0838,51d7191aac15256c0dbf90230812db340f8e6c624e7a39b8f21f0ecdb75db320,hist_gradient_boosting,clipped,rmse,15.646793717939596,reconstructed,100,True
C07,FD001,primary,37,C07_FD001_8b6c6bf96f05_seed_37,outputs/c07_final_8b6c6bf,8b6c6bf96f05abb9a445fae98a7bba1bce888eb3,29503b67b84e86fb51897ca413d6a93fce2c2a318664c7f1ea2a5d21424533e7,a6c2ecf9d3f97f7965e7f744820448c37f0f85e3817bf0e29d5bf7f3279f0838,51d7191aac15256c0dbf90230812db340f8e6c624e7a39b8f21f0ecdb75db320,hist_gradient_boosting,clipped,mae,11.404969875891945,reconstructed,100,True
C07,FD001,primary,37,C07_FD001_8b6c6bf96f05_seed_37,outputs/c07_final_8b6c6bf,8b6c6bf96f05abb9a445fae98a7bba1bce888eb3,29503b67b84e86fb51897ca413d6a93fce2c2a318664c7f1ea2a5d21424533e7,a6c2ecf9d3f97f7965e7f744820448c37f0f85e3817bf0e29d5bf7f3279f0838,51d7191aac15256c0dbf90230812db340f8e6c624e7a39b8f21f0ecdb75db320,hist_gradient_boosting,clipped,signed_error,3.6313787162904174,reconstructed,100,True
C07,FD001,primary,37,C07_FD001_8b6c6bf96f05_seed_37,outputs/c07_final_8b6c6bf,8b6c6bf96f05abb9a445fae98a7bba1bce888eb3,29503b67b84e86fb51897ca413d6a93fce2c2a318664c7f1ea2a5d21424533e7,a6c2ecf9d3f97f7965e7f744820448c37f0f85e3817bf0e29d5bf7f3279f0838,51d7191aac15256c0dbf90230812db340f8e6c624e7a39b8f21f0ecdb75db320,hist_gradient_boosting,clipped,nasa_score,496.74463452402,reconstructed,100,True
C07,FD001,primary,73,C07_FD001_8b6c6bf96f05_seed_73,outputs/c07_final_8b6c6bf,8b6c6bf96f05abb9a445fae98a7bba1bce888eb3,9342fce9a454df199b9eab9c6ce5ca95b39b446640e1ecda9ecc0a104dd31ddb,cf189490e773f8df0711b474a01bfc7b24cc441ada200ba1d62e3a185072a64a,1ee75cbefe19ccf76bb97c7bd95792f554c29a3ea830180866606f19c3a6fa22,mean,raw,rmse,42.99238410984966,reconstructed,100,PENDING
C07,FD001,primary,73,C07_FD001_8b6c6bf96f05_seed_73,outputs/c07_final_8b6c6bf,8b6c6bf96f05abb9a445fae98a7bba1bce888eb3,9342fce9a454df199b9eab9c6ce5ca95b39b446640e1ecda9ecc0a104dd31ddb,cf189490e773f8df0711b474a01bfc7b24cc441ada200ba1d62e3a185072a64a,1ee75cbefe19ccf76bb97c7bd95792f554c29a3ea830180866606f19c3a6fa22,mean,raw,mae,35.9,reconstructed,100,PENDING
C07,FD001,primary,73,C07_FD001_8b6c6bf96f05_seed_73,outputs/c07_final_8b6c6bf,8b6c6bf96f05abb9a445fae98a7bba1bce888eb3,9342fce9a454df199b9eab9c6ce5ca95b39b446640e1ecda9ecc0a104dd31ddb,cf189490e773f8df0711b474a01bfc7b24cc441ada200ba1d62e3a185072a64a,1ee75cbefe19ccf76bb97c7bd95792f554c29a3ea830180866606f19c3a6fa22,mean,raw,signed_error,11.021592055998688,reconstructed,100,PENDING
C07,FD001,primary,73,C07_FD001_8b6c6bf96f05_seed_73,outputs/c07_final_8b6c6bf,8b6c6bf96f05abb9a445fae98a7bba1bce888eb3,9342fce9a454df199b9eab9c6ce5ca95b39b446640e1ecda9ecc0a104dd31ddb,cf189490e773f8df0711b474a01bfc7b24cc441ada200ba1d62e3a185072a64a,1ee75cbefe19ccf76bb97c7bd95792f554c29a3ea830180866606f19c3a6fa22,mean,raw,nasa_score,32707.992398466104,reconstructed,100,PENDING
C07,FD001,primary,73,C07_FD001_8b6c6bf96f05_seed_73,outputs/c07_final_8b6c6bf,8b6c6bf96f05abb9a445fae98a7bba1bce888eb3,9342fce9a454df199b9eab9c6ce5ca95b39b446640e1ecda9ecc0a104dd31ddb,cf189490e773f8df0711b474a01bfc7b24cc441ada200ba1d62e3a185072a64a,1ee75cbefe19ccf76bb97c7bd95792f554c29a3ea830180866606f19c3a6fa22,mean,clipped,rmse,41.857784203761796,reconstructed,100,True
C07,FD001,primary,73,C07_FD001_8b6c6bf96f05_seed_73,outputs/c07_final_8b6c6bf,8b6c6bf96f05abb9a445fae98a7bba1bce888eb3,9342fce9a454df199b9eab9c6ce5ca95b39b446640e1ecda9ecc0a104dd31ddb,cf189490e773f8df0711b474a01bfc7b24cc441ada200ba1d62e3a185072a64a,1ee75cbefe19ccf76bb97c7bd95792f554c29a3ea830180866606f19c3a6fa22,mean,clipped,mae,34.83,reconstructed,100,True
C07,FD001,primary,73,C07_FD001_8b6c6bf96f05_seed_73,outputs/c07_final_8b6c6bf,8b6c6bf96f05abb9a445fae98a7bba1bce888eb3,9342fce9a454df199b9eab9c6ce5ca95b39b446640e1ecda9ecc0a104dd31ddb,cf189490e773f8df0711b474a01bfc7b24cc441ada200ba1d62e3a185072a64a,1ee75cbefe19ccf76bb97c7bd95792f554c29a3ea830180866606f19c3a6fa22,mean,clipped,signed_error,12.091592055998687,reconstructed,100,True
C07,FD001,primary,73,C07_FD001_8b6c6bf96f05_seed_73,outputs/c07_final_8b6c6bf,8b6c6bf96f05abb9a445fae98a7bba1bce888eb3,9342fce9a454df199b9eab9c6ce5ca95b39b446640e1ecda9ecc0a104dd31ddb,cf189490e773f8df0711b474a01bfc7b24cc441ada200ba1d62e3a185072a64a,1ee75cbefe19ccf76bb97c7bd95792f554c29a3ea830180866606f19c3a6fa22,mean,clipped,nasa_score,32427.085277640228,reconstructed,100,True
C07,FD001,primary,73,C07_FD001_8b6c6bf96f05_seed_73,outputs/c07_final_8b6c6bf,8b6c6bf96f05abb9a445fae98a7bba1bce888eb3,9342fce9a454df199b9eab9c6ce5ca95b39b446640e1ecda9ecc0a104dd31ddb,cf189490e773f8df0711b474a01bfc7b24cc441ada200ba1d62e3a185072a64a,1ee75cbefe19ccf76bb97c7bd95792f554c29a3ea830180866606f19c3a6fa22,ridge,raw,rmse,18.837725686126213,reconstructed,100,PENDING
C07,FD001,primary,73,C07_FD001_8b6c6bf96f05_seed_73,outputs/c07_final_8b6c6bf,8b6c6bf96f05abb9a445fae98a7bba1bce888eb3,9342fce9a454df199b9eab9c6ce5ca95b39b446640e1ecda9ecc0a104dd31ddb,cf189490e773f8df0711b474a01bfc7b24cc441ada200ba1d62e3a185072a64a,1ee75cbefe19ccf76bb97c7bd95792f554c29a3ea830180866606f19c3a6fa22,ridge,raw,mae,14.5759415871265,reconstructed,100,PENDING
C07,FD001,primary,73,C07_FD001_8b6c6bf96f05_seed_73,outputs/c07_final_8b6c6bf,8b6c6bf96f05abb9a445fae98a7bba1bce888eb3,9342fce9a454df199b9eab9c6ce5ca95b39b446640e1ecda9ecc0a104dd31ddb,cf189490e773f8df0711b474a01bfc7b24cc441ada200ba1d62e3a185072a64a,1ee75cbefe19ccf76bb97c7bd95792f554c29a3ea830180866606f19c3a6fa22,ridge,raw,signed_error,-0.9327194343844364,reconstructed,100,PENDING
C07,FD001,primary,73,C07_FD001_8b6c6bf96f05_seed_73,outputs/c07_final_8b6c6bf,8b6c6bf96f05abb9a445fae98a7bba1bce888eb3,9342fce9a454df199b9eab9c6ce5ca95b39b446640e1ecda9ecc0a104dd31ddb,cf189490e773f8df0711b474a01bfc7b24cc441ada200ba1d62e3a185072a64a,1ee75cbefe19ccf76bb97c7bd95792f554c29a3ea830180866606f19c3a6fa22,ridge,raw,nasa_score,582.5536384625577,reconstructed,100,PENDING
C07,FD001,primary,73,C07_FD001_8b6c6bf96f05_seed_73,outputs/c07_final_8b6c6bf,8b6c6bf96f05abb9a445fae98a7bba1bce888eb3,9342fce9a454df199b9eab9c6ce5ca95b39b446640e1ecda9ecc0a104dd31ddb,cf189490e773f8df0711b474a01bfc7b24cc441ada200ba1d62e3a185072a64a,1ee75cbefe19ccf76bb97c7bd95792f554c29a3ea830180866606f19c3a6fa22,ridge,clipped,rmse,17.52623670544052,reconstructed,100,True
C07,FD001,primary,73,C07_FD001_8b6c6bf96f05_seed_73,outputs/c07_final_8b6c6bf,8b6c6bf96f05abb9a445fae98a7bba1bce888eb3,9342fce9a454df199b9eab9c6ce5ca95b39b446640e1ecda9ecc0a104dd31ddb,cf189490e773f8df0711b474a01bfc7b24cc441ada200ba1d62e3a185072a64a,1ee75cbefe19ccf76bb97c7bd95792f554c29a3ea830180866606f19c3a6fa22,ridge,clipped,mae,13.549682910732486,reconstructed,100,True
C07,FD001,primary,73,C07_FD001_8b6c6bf96f05_seed_73,outputs/c07_final_8b6c6bf,8b6c6bf96f05abb9a445fae98a7bba1bce888eb3,9342fce9a454df199b9eab9c6ce5ca95b39b446640e1ecda9ecc0a104dd31ddb,cf189490e773f8df0711b474a01bfc7b24cc441ada200ba1d62e3a185072a64a,1ee75cbefe19ccf76bb97c7bd95792f554c29a3ea830180866606f19c3a6fa22,ridge,clipped,signed_error,0.0935392420095804,reconstructed,100,True
C07,FD001,primary,73,C07_FD001_8b6c6bf96f05_seed_73,outputs/c07_final_8b6c6bf,8b6c6bf96f05abb9a445fae98a7bba1bce888eb3,9342fce9a454df199b9eab9c6ce5ca95b39b446640e1ecda9ecc0a104dd31ddb,cf189490e773f8df0711b474a01bfc7b24cc441ada200ba1d62e3a185072a64a,1ee75cbefe19ccf76bb97c7bd95792f554c29a3ea830180866606f19c3a6fa22,ridge,clipped,nasa_score,516.9845163476144,reconstructed,100,True
C07,FD001,primary,73,C07_FD001_8b6c6bf96f05_seed_73,outputs/c07_final_8b6c6bf,8b6c6bf96f05abb9a445fae98a7bba1bce888eb3,9342fce9a454df199b9eab9c6ce5ca95b39b446640e1ecda9ecc0a104dd31ddb,cf189490e773f8df0711b474a01bfc7b24cc441ada200ba1d62e3a185072a64a,1ee75cbefe19ccf76bb97c7bd95792f554c29a3ea830180866606f19c3a6fa22,hist_gradient_boosting,raw,rmse,16.685461729707935,reconstructed,100,PENDING
C07,FD001,primary,73,C07_FD001_8b6c6bf96f05_seed_73,outputs/c07_final_8b6c6bf,8b6c6bf96f05abb9a445fae98a7bba1bce888eb3,9342fce9a454df199b9eab9c6ce5ca95b39b446640e1ecda9ecc0a104dd31ddb,cf189490e773f8df0711b474a01bfc7b24cc441ada200ba1d62e3a185072a64a,1ee75cbefe19ccf76bb97c7bd95792f554c29a3ea830180866606f19c3a6fa22,hist_gradient_boosting,raw,mae,11.804689103430055,reconstructed,100,PENDING
C07,FD001,primary,73,C07_FD001_8b6c6bf96f05_seed_73,outputs/c07_final_8b6c6bf,8b6c6bf96f05abb9a445fae98a7bba1bce888eb3,9342fce9a454df199b9eab9c6ce5ca95b39b446640e1ecda9ecc0a104dd31ddb,cf189490e773f8df0711b474a01bfc7b24cc441ada200ba1d62e3a185072a64a,1ee75cbefe19ccf76bb97c7bd95792f554c29a3ea830180866606f19c3a6fa22,hist_gradient_boosting,raw,signed_error,-2.4564155894461135,reconstructed,100,PENDING
C07,FD001,primary,73,C07_FD001_8b6c6bf96f05_seed_73,outputs/c07_final_8b6c6bf,8b6c6bf96f05abb9a445fae98a7bba1bce888eb3,9342fce9a454df199b9eab9c6ce5ca95b39b446640e1ecda9ecc0a104dd31ddb,cf189490e773f8df0711b474a01bfc7b24cc441ada200ba1d62e3a185072a64a,1ee75cbefe19ccf76bb97c7bd95792f554c29a3ea830180866606f19c3a6fa22,hist_gradient_boosting,raw,nasa_score,418.92646287708686,reconstructed,100,PENDING
C07,FD001,primary,73,C07_FD001_8b6c6bf96f05_seed_73,outputs/c07_final_8b6c6bf,8b6c6bf96f05abb9a445fae98a7bba1bce888eb3,9342fce9a454df199b9eab9c6ce5ca95b39b446640e1ecda9ecc0a104dd31ddb,cf189490e773f8df0711b474a01bfc7b24cc441ada200ba1d62e3a185072a64a,1ee75cbefe19ccf76bb97c7bd95792f554c29a3ea830180866606f19c3a6fa22,hist_gradient_boosting,clipped,rmse,15.461119633610785,reconstructed,100,True
C07,FD001,primary,73,C07_FD001_8b6c6bf96f05_seed_73,outputs/c07_final_8b6c6bf,8b6c6bf96f05abb9a445fae98a7bba1bce888eb3,9342fce9a454df199b9eab9c6ce5ca95b39b446640e1ecda9ecc0a104dd31ddb,cf189490e773f8df0711b474a01bfc7b24cc441ada200ba1d62e3a185072a64a,1ee75cbefe19ccf76bb97c7bd95792f554c29a3ea830180866606f19c3a6fa22,hist_gradient_boosting,clipped,mae,10.734689103430055,reconstructed,100,True
C07,FD001,primary,73,C07_FD001_8b6c6bf96f05_seed_73,outputs/c07_final_8b6c6bf,8b6c6bf96f05abb9a445fae98a7bba1bce888eb3,9342fce9a454df199b9eab9c6ce5ca95b39b446640e1ecda9ecc0a104dd31ddb,cf189490e773f8df0711b474a01bfc7b24cc441ada200ba1d62e3a185072a64a,1ee75cbefe19ccf76bb97c7bd95792f554c29a3ea830180866606f19c3a6fa22,hist_gradient_boosting,clipped,signed_error,-1.386415589446114,reconstructed,100,True
C07,FD001,primary,73,C07_FD001_8b6c6bf96f05_seed_73,outputs/c07_final_8b6c6bf,8b6c6bf96f05abb9a445fae98a7bba1bce888eb3,9342fce9a454df199b9eab9c6ce5ca95b39b446640e1ecda9ecc0a104dd31ddb,cf189490e773f8df0711b474a01bfc7b24cc441ada200ba1d62e3a185072a64a,1ee75cbefe19ccf76bb97c7bd95792f554c29a3ea830180866606f19c3a6fa22,hist_gradient_boosting,clipped,nasa_score,366.1565146241061,reconstructed,100,True
C07,FD001,primary,101,C07_FD001_8b6c6bf96f05_seed_101,outputs/c07_final_8b6c6bf,8b6c6bf96f05abb9a445fae98a7bba1bce888eb3,81249fba316a747b947ddbffb30ca3b51b602ade96940d27bccff09315ac5d25,024f6668b446cc0eb392af30677b9d4ffe2f08069dd21f2fa806e8410e0f3ea2,33e7f16d8d29f5abbed9be109b740fdabc36f1ffeb3cd9fc2f0ede2b6b18c4c0,mean,raw,rmse,43.042292675543905,reconstructed,100,PENDING
C07,FD001,primary,101,C07_FD001_8b6c6bf96f05_seed_101,outputs/c07_final_8b6c6bf,8b6c6bf96f05abb9a445fae98a7bba1bce888eb3,81249fba316a747b947ddbffb30ca3b51b602ade96940d27bccff09315ac5d25,024f6668b446cc0eb392af30677b9d4ffe2f08069dd21f2fa806e8410e0f3ea2,33e7f16d8d29f5abbed9be109b740fdabc36f1ffeb3cd9fc2f0ede2b6b18c4c0,mean,raw,mae,35.9,reconstructed,100,PENDING
C07,FD001,primary,101,C07_FD001_8b6c6bf96f05_seed_101,outputs/c07_final_8b6c6bf,8b6c6bf96f05abb9a445fae98a7bba1bce888eb3,81249fba316a747b947ddbffb30ca3b51b602ade96940d27bccff09315ac5d25,024f6668b446cc0eb392af30677b9d4ffe2f08069dd21f2fa806e8410e0f3ea2,33e7f16d8d29f5abbed9be109b740fdabc36f1ffeb3cd9fc2f0ede2b6b18c4c0,mean,raw,signed_error,11.214693877551053,reconstructed,100,PENDING
C07,FD001,primary,101,C07_FD001_8b6c6bf96f05_seed_101,outputs/c07_final_8b6c6bf,8b6c6bf96f05abb9a445fae98a7bba1bce888eb3,81249fba316a747b947ddbffb30ca3b51b602ade96940d27bccff09315ac5d25,024f6668b446cc0eb392af30677b9d4ffe2f08069dd21f2fa806e8410e0f3ea2,33e7f16d8d29f5abbed9be109b740fdabc36f1ffeb3cd9fc2f0ede2b6b18c4c0,mean,raw,nasa_score,33323.315941896195,reconstructed,100,PENDING
C07,FD001,primary,101,C07_FD001_8b6c6bf96f05_seed_101,outputs/c07_final_8b6c6bf,8b6c6bf96f05abb9a445fae98a7bba1bce888eb3,81249fba316a747b947ddbffb30ca3b51b602ade96940d27bccff09315ac5d25,024f6668b446cc0eb392af30677b9d4ffe2f08069dd21f2fa806e8410e0f3ea2,33e7f16d8d29f5abbed9be109b740fdabc36f1ffeb3cd9fc2f0ede2b6b18c4c0,mean,clipped,rmse,41.91397384721639,reconstructed,100,True
C07,FD001,primary,101,C07_FD001_8b6c6bf96f05_seed_101,outputs/c07_final_8b6c6bf,8b6c6bf96f05abb9a445fae98a7bba1bce888eb3,81249fba316a747b947ddbffb30ca3b51b602ade96940d27bccff09315ac5d25,024f6668b446cc0eb392af30677b9d4ffe2f08069dd21f2fa806e8410e0f3ea2,33e7f16d8d29f5abbed9be109b740fdabc36f1ffeb3cd9fc2f0ede2b6b18c4c0,mean,clipped,mae,34.83,reconstructed,100,True
C07,FD001,primary,101,C07_FD001_8b6c6bf96f05_seed_101,outputs/c07_final_8b6c6bf,8b6c6bf96f05abb9a445fae98a7bba1bce888eb3,81249fba316a747b947ddbffb30ca3b51b602ade96940d27bccff09315ac5d25,024f6668b446cc0eb392af30677b9d4ffe2f08069dd21f2fa806e8410e0f3ea2,33e7f16d8d29f5abbed9be109b740fdabc36f1ffeb3cd9fc2f0ede2b6b18c4c0,mean,clipped,signed_error,12.284693877551057,reconstructed,100,True
C07,FD001,primary,101,C07_FD001_8b6c6bf96f05_seed_101,outputs/c07_final_8b6c6bf,8b6c6bf96f05abb9a445fae98a7bba1bce888eb3,81249fba316a747b947ddbffb30ca3b51b602ade96940d27bccff09315ac5d25,024f6668b446cc0eb392af30677b9d4ffe2f08069dd21f2fa806e8410e0f3ea2,33e7f16d8d29f5abbed9be109b740fdabc36f1ffeb3cd9fc2f0ede2b6b18c4c0,mean,clipped,nasa_score,33046.550574658584,reconstructed,100,True
C07,FD001,primary,101,C07_FD001_8b6c6bf96f05_seed_101,outputs/c07_final_8b6c6bf,8b6c6bf96f05abb9a445fae98a7bba1bce888eb3,81249fba316a747b947ddbffb30ca3b51b602ade96940d27bccff09315ac5d25,024f6668b446cc0eb392af30677b9d4ffe2f08069dd21f2fa806e8410e0f3ea2,33e7f16d8d29f5abbed9be109b740fdabc36f1ffeb3cd9fc2f0ede2b6b18c4c0,ridge,raw,rmse,19.233200950795467,reconstructed,100,PENDING
C07,FD001,primary,101,C07_FD001_8b6c6bf96f05_seed_101,outputs/c07_final_8b6c6bf,8b6c6bf96f05abb9a445fae98a7bba1bce888eb3,81249fba316a747b947ddbffb30ca3b51b602ade96940d27bccff09315ac5d25,024f6668b446cc0eb392af30677b9d4ffe2f08069dd21f2fa806e8410e0f3ea2,33e7f16d8d29f5abbed9be109b740fdabc36f1ffeb3cd9fc2f0ede2b6b18c4c0,ridge,raw,mae,14.939555639883482,reconstructed,100,PENDING
C07,FD001,primary,101,C07_FD001_8b6c6bf96f05_seed_101,outputs/c07_final_8b6c6bf,8b6c6bf96f05abb9a445fae98a7bba1bce888eb3,81249fba316a747b947ddbffb30ca3b51b602ade96940d27bccff09315ac5d25,024f6668b446cc0eb392af30677b9d4ffe2f08069dd21f2fa806e8410e0f3ea2,33e7f16d8d29f5abbed9be109b740fdabc36f1ffeb3cd9fc2f0ede2b6b18c4c0,ridge,raw,signed_error,-0.37908828545450857,reconstructed,100,PENDING
C07,FD001,primary,101,C07_FD001_8b6c6bf96f05_seed_101,outputs/c07_final_8b6c6bf,8b6c6bf96f05abb9a445fae98a7bba1bce888eb3,81249fba316a747b947ddbffb30ca3b51b602ade96940d27bccff09315ac5d25,024f6668b446cc0eb392af30677b9d4ffe2f08069dd21f2fa806e8410e0f3ea2,33e7f16d8d29f5abbed9be109b740fdabc36f1ffeb3cd9fc2f0ede2b6b18c4c0,ridge,raw,nasa_score,622.2220326390465,reconstructed,100,PENDING
C07,FD001,primary,101,C07_FD001_8b6c6bf96f05_seed_101,outputs/c07_final_8b6c6bf,8b6c6bf96f05abb9a445fae98a7bba1bce888eb3,81249fba316a747b947ddbffb30ca3b51b602ade96940d27bccff09315ac5d25,024f6668b446cc0eb392af30677b9d4ffe2f08069dd21f2fa806e8410e0f3ea2,33e7f16d8d29f5abbed9be109b740fdabc36f1ffeb3cd9fc2f0ede2b6b18c4c0,ridge,clipped,rmse,17.989264466290166,reconstructed,100,True
C07,FD001,primary,101,C07_FD001_8b6c6bf96f05_seed_101,outputs/c07_final_8b6c6bf,8b6c6bf96f05abb9a445fae98a7bba1bce888eb3,81249fba316a747b947ddbffb30ca3b51b602ade96940d27bccff09315ac5d25,024f6668b446cc0eb392af30677b9d4ffe2f08069dd21f2fa806e8410e0f3ea2,33e7f16d8d29f5abbed9be109b740fdabc36f1ffeb3cd9fc2f0ede2b6b18c4c0,ridge,clipped,mae,13.94471200298133,reconstructed,100,True
C07,FD001,primary,101,C07_FD001_8b6c6bf96f05_seed_101,outputs/c07_final_8b6c6bf,8b6c6bf96f05abb9a445fae98a7bba1bce888eb3,81249fba316a747b947ddbffb30ca3b51b602ade96940d27bccff09315ac5d25,024f6668b446cc0eb392af30677b9d4ffe2f08069dd21f2fa806e8410e0f3ea2,33e7f16d8d29f5abbed9be109b740fdabc36f1ffeb3cd9fc2f0ede2b6b18c4c0,ridge,clipped,signed_error,0.6157553514476413,reconstructed,100,True
C07,FD001,primary,101,C07_FD001_8b6c6bf96f05_seed_101,outputs/c07_final_8b6c6bf,8b6c6bf96f05abb9a445fae98a7bba1bce888eb3,81249fba316a747b947ddbffb30ca3b51b602ade96940d27bccff09315ac5d25,024f6668b446cc0eb392af30677b9d4ffe2f08069dd21f2fa806e8410e0f3ea2,33e7f16d8d29f5abbed9be109b740fdabc36f1ffeb3cd9fc2f0ede2b6b18c4c0,ridge,clipped,nasa_score,556.2070885308952,reconstructed,100,True
C07,FD001,primary,101,C07_FD001_8b6c6bf96f05_seed_101,outputs/c07_final_8b6c6bf,8b6c6bf96f05abb9a445fae98a7bba1bce888eb3,81249fba316a747b947ddbffb30ca3b51b602ade96940d27bccff09315ac5d25,024f6668b446cc0eb392af30677b9d4ffe2f08069dd21f2fa806e8410e0f3ea2,33e7f16d8d29f5abbed9be109b740fdabc36f1ffeb3cd9fc2f0ede2b6b18c4c0,hist_gradient_boosting,raw,rmse,16.631548210456277,reconstructed,100,PENDING
C07,FD001,primary,101,C07_FD001_8b6c6bf96f05_seed_101,outputs/c07_final_8b6c6bf,8b6c6bf96f05abb9a445fae98a7bba1bce888eb3,81249fba316a747b947ddbffb30ca3b51b602ade96940d27bccff09315ac5d25,024f6668b446cc0eb392af30677b9d4ffe2f08069dd21f2fa806e8410e0f3ea2,33e7f16d8d29f5abbed9be109b740fdabc36f1ffeb3cd9fc2f0ede2b6b18c4c0,hist_gradient_boosting,raw,mae,12.36288043501244,reconstructed,100,PENDING
C07,FD001,primary,101,C07_FD001_8b6c6bf96f05_seed_101,outputs/c07_final_8b6c6bf,8b6c6bf96f05abb9a445fae98a7bba1bce888eb3,81249fba316a747b947ddbffb30ca3b51b602ade96940d27bccff09315ac5d25,024f6668b446cc0eb392af30677b9d4ffe2f08069dd21f2fa806e8410e0f3ea2,33e7f16d8d29f5abbed9be109b740fdabc36f1ffeb3cd9fc2f0ede2b6b18c4c0,hist_gradient_boosting,raw,signed_error,0.8515223624825219,reconstructed,100,PENDING
C07,FD001,primary,101,C07_FD001_8b6c6bf96f05_seed_101,outputs/c07_final_8b6c6bf,8b6c6bf96f05abb9a445fae98a7bba1bce888eb3,81249fba316a747b947ddbffb30ca3b51b602ade96940d27bccff09315ac5d25,024f6668b446cc0eb392af30677b9d4ffe2f08069dd21f2fa806e8410e0f3ea2,33e7f16d8d29f5abbed9be109b740fdabc36f1ffeb3cd9fc2f0ede2b6b18c4c0,hist_gradient_boosting,raw,nasa_score,469.26805932987384,reconstructed,100,PENDING
C07,FD001,primary,101,C07_FD001_8b6c6bf96f05_seed_101,outputs/c07_final_8b6c6bf,8b6c6bf96f05abb9a445fae98a7bba1bce888eb3,81249fba316a747b947ddbffb30ca3b51b602ade96940d27bccff09315ac5d25,024f6668b446cc0eb392af30677b9d4ffe2f08069dd21f2fa806e8410e0f3ea2,33e7f16d8d29f5abbed9be109b740fdabc36f1ffeb3cd9fc2f0ede2b6b18c4c0,hist_gradient_boosting,clipped,rmse,15.400629349862847,reconstructed,100,True
C07,FD001,primary,101,C07_FD001_8b6c6bf96f05_seed_101,outputs/c07_final_8b6c6bf,8b6c6bf96f05abb9a445fae98a7bba1bce888eb3,81249fba316a747b947ddbffb30ca3b51b602ade96940d27bccff09315ac5d25,024f6668b446cc0eb392af30677b9d4ffe2f08069dd21f2fa806e8410e0f3ea2,33e7f16d8d29f5abbed9be109b740fdabc36f1ffeb3cd9fc2f0ede2b6b18c4c0,hist_gradient_boosting,clipped,mae,11.292880435012442,reconstructed,100,True
C07,FD001,primary,101,C07_FD001_8b6c6bf96f05_seed_101,outputs/c07_final_8b6c6bf,8b6c6bf96f05abb9a445fae98a7bba1bce888eb3,81249fba316a747b947ddbffb30ca3b51b602ade96940d27bccff09315ac5d25,024f6668b446cc0eb392af30677b9d4ffe2f08069dd21f2fa806e8410e0f3ea2,33e7f16d8d29f5abbed9be109b740fdabc36f1ffeb3cd9fc2f0ede2b6b18c4c0,hist_gradient_boosting,clipped,signed_error,1.9215223624825222,reconstructed,100,True
C07,FD001,primary,101,C07_FD001_8b6c6bf96f05_seed_101,outputs/c07_final_8b6c6bf,8b6c6bf96f05abb9a445fae98a7bba1bce888eb3,81249fba316a747b947ddbffb30ca3b51b602ade96940d27bccff09315ac5d25,024f6668b446cc0eb392af30677b9d4ffe2f08069dd21f2fa806e8410e0f3ea2,33e7f16d8d29f5abbed9be109b740fdabc36f1ffeb3cd9fc2f0ede2b6b18c4c0,hist_gradient_boosting,clipped,nasa_score,420.62955951721585,reconstructed,100,True
C07,FD001,primary,137,C07_FD001_8b6c6bf96f05_seed_137,outputs/c07_final_8b6c6bf,8b6c6bf96f05abb9a445fae98a7bba1bce888eb3,06a4d870dcf9827c0d4d7e079e469ea0aa794e9e5abaa412d7fe0ca553f5f207,822746307d5e5a917f7394151ce8251e92398a0868047382556ff968e4a5201e,1bc2c304543d5af9be8ec4b4be3b4852ceaeab343d7ab52f66bde379a5378eff,mean,raw,rmse,43.085192459398094,reconstructed,100,PENDING
C07,FD001,primary,137,C07_FD001_8b6c6bf96f05_seed_137,outputs/c07_final_8b6c6bf,8b6c6bf96f05abb9a445fae98a7bba1bce888eb3,06a4d870dcf9827c0d4d7e079e469ea0aa794e9e5abaa412d7fe0ca553f5f207,822746307d5e5a917f7394151ce8251e92398a0868047382556ff968e4a5201e,1bc2c304543d5af9be8ec4b4be3b4852ceaeab343d7ab52f66bde379a5378eff,mean,raw,mae,35.900000000000006,reconstructed,100,PENDING
C07,FD001,primary,137,C07_FD001_8b6c6bf96f05_seed_137,outputs/c07_final_8b6c6bf,8b6c6bf96f05abb9a445fae98a7bba1bce888eb3,06a4d870dcf9827c0d4d7e079e469ea0aa794e9e5abaa412d7fe0ca553f5f207,822746307d5e5a917f7394151ce8251e92398a0868047382556ff968e4a5201e,1bc2c304543d5af9be8ec4b4be3b4852ceaeab343d7ab52f66bde379a5378eff,mean,raw,signed_error,11.378234013386022,reconstructed,100,PENDING
C07,FD001,primary,137,C07_FD001_8b6c6bf96f05_seed_137,outputs/c07_final_8b6c6bf,8b6c6bf96f05abb9a445fae98a7bba1bce888eb3,06a4d870dcf9827c0d4d7e079e469ea0aa794e9e5abaa412d7fe0ca553f5f207,822746307d5e5a917f7394151ce8251e92398a0868047382556ff968e4a5201e,1bc2c304543d5af9be8ec4b4be3b4852ceaeab343d7ab52f66bde379a5378eff,mean,raw,nasa_score,33854.095080262014,reconstructed,100,PENDING
C07,FD001,primary,137,C07_FD001_8b6c6bf96f05_seed_137,outputs/c07_final_8b6c6bf,8b6c6bf96f05abb9a445fae98a7bba1bce888eb3,06a4d870dcf9827c0d4d7e079e469ea0aa794e9e5abaa412d7fe0ca553f5f207,822746307d5e5a917f7394151ce8251e92398a0868047382556ff968e4a5201e,1bc2c304543d5af9be8ec4b4be3b4852ceaeab343d7ab52f66bde379a5378eff,mean,clipped,rmse,41.96219763134457,reconstructed,100,True
C07,FD001,primary,137,C07_FD001_8b6c6bf96f05_seed_137,outputs/c07_final_8b6c6bf,8b6c6bf96f05abb9a445fae98a7bba1bce888eb3,06a4d870dcf9827c0d4d7e079e469ea0aa794e9e5abaa412d7fe0ca553f5f207,822746307d5e5a917f7394151ce8251e92398a0868047382556ff968e4a5201e,1bc2c304543d5af9be8ec4b4be3b4852ceaeab343d7ab52f66bde379a5378eff,mean,clipped,mae,34.830000000000005,reconstructed,100,True
C07,FD001,primary,137,C07_FD001_8b6c6bf96f05_seed_137,outputs/c07_final_8b6c6bf,8b6c6bf96f05abb9a445fae98a7bba1bce888eb3,06a4d870dcf9827c0d4d7e079e469ea0aa794e9e5abaa412d7fe0ca553f5f207,822746307d5e5a917f7394151ce8251e92398a0868047382556ff968e4a5201e,1bc2c304543d5af9be8ec4b4be3b4852ceaeab343d7ab52f66bde379a5378eff,mean,clipped,signed_error,12.448234013386019,reconstructed,100,True
C07,FD001,primary,137,C07_FD001_8b6c6bf96f05_seed_137,outputs/c07_final_8b6c6bf,8b6c6bf96f05abb9a445fae98a7bba1bce888eb3,06a4d870dcf9827c0d4d7e079e469ea0aa794e9e5abaa412d7fe0ca553f5f207,822746307d5e5a917f7394151ce8251e92398a0868047382556ff968e4a5201e,1bc2c304543d5af9be8ec4b4be3b4852ceaeab343d7ab52f66bde379a5378eff,mean,clipped,nasa_score,33580.789615800306,reconstructed,100,True
C07,FD001,primary,137,C07_FD001_8b6c6bf96f05_seed_137,outputs/c07_final_8b6c6bf,8b6c6bf96f05abb9a445fae98a7bba1bce888eb3,06a4d870dcf9827c0d4d7e079e469ea0aa794e9e5abaa412d7fe0ca553f5f207,822746307d5e5a917f7394151ce8251e92398a0868047382556ff968e4a5201e,1bc2c304543d5af9be8ec4b4be3b4852ceaeab343d7ab52f66bde379a5378eff,ridge,raw,rmse,18.64964194254182,reconstructed,100,PENDING
C07,FD001,primary,137,C07_FD001_8b6c6bf96f05_seed_137,outputs/c07_final_8b6c6bf,8b6c6bf96f05abb9a445fae98a7bba1bce888eb3,06a4d870dcf9827c0d4d7e079e469ea0aa794e9e5abaa412d7fe0ca553f5f207,822746307d5e5a917f7394151ce8251e92398a0868047382556ff968e4a5201e,1bc2c304543d5af9be8ec4b4be3b4852ceaeab343d7ab52f66bde379a5378eff,ridge,raw,mae,14.819785168737758,reconstructed,100,PENDING
C07,FD001,primary,137,C07_FD001_8b6c6bf96f05_seed_137,outputs/c07_final_8b6c6bf,8b6c6bf96f05abb9a445fae98a7bba1bce888eb3,06a4d870dcf9827c0d4d7e079e469ea0aa794e9e5abaa412d7fe0ca553f5f207,822746307d5e5a917f7394151ce8251e92398a0868047382556ff968e4a5201e,1bc2c304543d5af9be8ec4b4be3b4852ceaeab343d7ab52f66bde379a5378eff,ridge,raw,signed_error,0.6457969764766114,reconstructed,100,PENDING
C07,FD001,primary,137,C07_FD001_8b6c6bf96f05_seed_137,outputs/c07_final_8b6c6bf,8b6c6bf96f05abb9a445fae98a7bba1bce888eb3,06a4d870dcf9827c0d4d7e079e469ea0aa794e9e5abaa412d7fe0ca553f5f207,822746307d5e5a917f7394151ce8251e92398a0868047382556ff968e4a5201e,1bc2c304543d5af9be8ec4b4be3b4852ceaeab343d7ab52f66bde379a5378eff,ridge,raw,nasa_score,550.6958208888298,reconstructed,100,PENDING
C07,FD001,primary,137,C07_FD001_8b6c6bf96f05_seed_137,outputs/c07_final_8b6c6bf,8b6c6bf96f05abb9a445fae98a7bba1bce888eb3,06a4d870dcf9827c0d4d7e079e469ea0aa794e9e5abaa412d7fe0ca553f5f207,822746307d5e5a917f7394151ce8251e92398a0868047382556ff968e4a5201e,1bc2c304543d5af9be8ec4b4be3b4852ceaeab343d7ab52f66bde379a5378eff,ridge,clipped,rmse,17.390968101001903,reconstructed,100,True
C07,FD001,primary,137,C07_FD001_8b6c6bf96f05_seed_137,outputs/c07_final_8b6c6bf,8b6c6bf96f05abb9a445fae98a7bba1bce888eb3,06a4d870dcf9827c0d4d7e079e469ea0aa794e9e5abaa412d7fe0ca553f5f207,822746307d5e5a917f7394151ce8251e92398a0868047382556ff968e4a5201e,1bc2c304543d5af9be8ec4b4be3b4852ceaeab343d7ab52f66bde379a5378eff,ridge,clipped,mae,13.709984739676088,reconstructed,100,True
C07,FD001,primary,137,C07_FD001_8b6c6bf96f05_seed_137,outputs/c07_final_8b6c6bf,8b6c6bf96f05abb9a445fae98a7bba1bce888eb3,06a4d870dcf9827c0d4d7e079e469ea0aa794e9e5abaa412d7fe0ca553f5f207,822746307d5e5a917f7394151ce8251e92398a0868047382556ff968e4a5201e,1bc2c304543d5af9be8ec4b4be3b4852ceaeab343d7ab52f66bde379a5378eff,ridge,clipped,signed_error,1.7310508405246878,reconstructed,100,True
C07,FD001,primary,137,C07_FD001_8b6c6bf96f05_seed_137,outputs/c07_final_8b6c6bf,8b6c6bf96f05abb9a445fae98a7bba1bce888eb3,06a4d870dcf9827c0d4d7e079e469ea0aa794e9e5abaa412d7fe0ca553f5f207,822746307d5e5a917f7394151ce8251e92398a0868047382556ff968e4a5201e,1bc2c304543d5af9be8ec4b4be3b4852ceaeab343d7ab52f66bde379a5378eff,ridge,clipped,nasa_score,495.8102003880754,reconstructed,100,True
C07,FD001,primary,137,C07_FD001_8b6c6bf96f05_seed_137,outputs/c07_final_8b6c6bf,8b6c6bf96f05abb9a445fae98a7bba1bce888eb3,06a4d870dcf9827c0d4d7e079e469ea0aa794e9e5abaa412d7fe0ca553f5f207,822746307d5e5a917f7394151ce8251e92398a0868047382556ff968e4a5201e,1bc2c304543d5af9be8ec4b4be3b4852ceaeab343d7ab52f66bde379a5378eff,hist_gradient_boosting,raw,rmse,15.875611867743356,reconstructed,100,PENDING
C07,FD001,primary,137,C07_FD001_8b6c6bf96f05_seed_137,outputs/c07_final_8b6c6bf,8b6c6bf96f05abb9a445fae98a7bba1bce888eb3,06a4d870dcf9827c0d4d7e079e469ea0aa794e9e5abaa412d7fe0ca553f5f207,822746307d5e5a917f7394151ce8251e92398a0868047382556ff968e4a5201e,1bc2c304543d5af9be8ec4b4be3b4852ceaeab343d7ab52f66bde379a5378eff,hist_gradient_boosting,raw,mae,12.026306081488437,reconstructed,100,PENDING
C07,FD001,primary,137,C07_FD001_8b6c6bf96f05_seed_137,outputs/c07_final_8b6c6bf,8b6c6bf96f05abb9a445fae98a7bba1bce888eb3,06a4d870dcf9827c0d4d7e079e469ea0aa794e9e5abaa412d7fe0ca553f5f207,822746307d5e5a917f7394151ce8251e92398a0868047382556ff968e4a5201e,1bc2c304543d5af9be8ec4b4be3b4852ceaeab343d7ab52f66bde379a5378eff,hist_gradient_boosting,raw,signed_error,0.15370154228222913,reconstructed,100,PENDING
C07,FD001,primary,137,C07_FD001_8b6c6bf96f05_seed_137,outputs/c07_final_8b6c6bf,8b6c6bf96f05abb9a445fae98a7bba1bce888eb3,06a4d870dcf9827c0d4d7e079e469ea0aa794e9e5abaa412d7fe0ca553f5f207,822746307d5e5a917f7394151ce8251e92398a0868047382556ff968e4a5201e,1bc2c304543d5af9be8ec4b4be3b4852ceaeab343d7ab52f66bde379a5378eff,hist_gradient_boosting,raw,nasa_score,406.48862019249935,reconstructed,100,PENDING
C07,FD001,primary,137,C07_FD001_8b6c6bf96f05_seed_137,outputs/c07_final_8b6c6bf,8b6c6bf96f05abb9a445fae98a7bba1bce888eb3,06a4d870dcf9827c0d4d7e079e469ea0aa794e9e5abaa412d7fe0ca553f5f207,822746307d5e5a917f7394151ce8251e92398a0868047382556ff968e4a5201e,1bc2c304543d5af9be8ec4b4be3b4852ceaeab343d7ab52f66bde379a5378eff,hist_gradient_boosting,clipped,rmse,14.566342631107835,reconstructed,100,True
C07,FD001,primary,137,C07_FD001_8b6c6bf96f05_seed_137,outputs/c07_final_8b6c6bf,8b6c6bf96f05abb9a445fae98a7bba1bce888eb3,06a4d870dcf9827c0d4d7e079e469ea0aa794e9e5abaa412d7fe0ca553f5f207,822746307d5e5a917f7394151ce8251e92398a0868047382556ff968e4a5201e,1bc2c304543d5af9be8ec4b4be3b4852ceaeab343d7ab52f66bde379a5378eff,hist_gradient_boosting,clipped,mae,10.956306081488437,reconstructed,100,True
C07,FD001,primary,137,C07_FD001_8b6c6bf96f05_seed_137,outputs/c07_final_8b6c6bf,8b6c6bf96f05abb9a445fae98a7bba1bce888eb3,06a4d870dcf9827c0d4d7e079e469ea0aa794e9e5abaa412d7fe0ca553f5f207,822746307d5e5a917f7394151ce8251e92398a0868047382556ff968e4a5201e,1bc2c304543d5af9be8ec4b4be3b4852ceaeab343d7ab52f66bde379a5378eff,hist_gradient_boosting,clipped,signed_error,1.2237015422822297,reconstructed,100,True
C07,FD001,primary,137,C07_FD001_8b6c6bf96f05_seed_137,outputs/c07_final_8b6c6bf,8b6c6bf96f05abb9a445fae98a7bba1bce888eb3,06a4d870dcf9827c0d4d7e079e469ea0aa794e9e5abaa412d7fe0ca553f5f207,822746307d5e5a917f7394151ce8251e92398a0868047382556ff968e4a5201e,1bc2c304543d5af9be8ec4b4be3b4852ceaeab343d7ab52f66bde379a5378eff,hist_gradient_boosting,clipped,nasa_score,367.7180653774679,reconstructed,100,True
C07,FD002,primary,13,C07_FD002_8b6c6bf96f05_seed_13,outputs/c07_final_8b6c6bf,8b6c6bf96f05abb9a445fae98a7bba1bce888eb3,851c6ae71215de4f41bb1b5959da287b01f99597d925718aa9cef5ff14cc7c83,074de4f6b296ca99055cd8a02dc05e70ab13e404d988a760346c85b423a9c2f7,929803d31e59ae4e200f2f727723a1fb533e2047801bc328ff4784f251d47e68,mean,raw,rmse,53.93807491765073,reconstructed,259,PENDING
C07,FD002,primary,13,C07_FD002_8b6c6bf96f05_seed_13,outputs/c07_final_8b6c6bf,8b6c6bf96f05abb9a445fae98a7bba1bce888eb3,851c6ae71215de4f41bb1b5959da287b01f99597d925718aa9cef5ff14cc7c83,074de4f6b296ca99055cd8a02dc05e70ab13e404d988a760346c85b423a9c2f7,929803d31e59ae4e200f2f727723a1fb533e2047801bc328ff4784f251d47e68,mean,raw,mae,45.486009939410444,reconstructed,259,PENDING
C07,FD002,primary,13,C07_FD002_8b6c6bf96f05_seed_13,outputs/c07_final_8b6c6bf,8b6c6bf96f05abb9a445fae98a7bba1bce888eb3,851c6ae71215de4f41bb1b5959da287b01f99597d925718aa9cef5ff14cc7c83,074de4f6b296ca99055cd8a02dc05e70ab13e404d988a760346c85b423a9c2f7,929803d31e59ae4e200f2f727723a1fb533e2047801bc328ff4784f251d47e68,mean,raw,signed_error,4.142127734067332,reconstructed,259,PENDING
C07,FD002,primary,13,C07_FD002_8b6c6bf96f05_seed_13,outputs/c07_final_8b6c6bf,8b6c6bf96f05abb9a445fae98a7bba1bce888eb3,851c6ae71215de4f41bb1b5959da287b01f99597d925718aa9cef5ff14cc7c83,074de4f6b296ca99055cd8a02dc05e70ab13e404d988a760346c85b423a9c2f7,929803d31e59ae4e200f2f727723a1fb533e2047801bc328ff4784f251d47e68,mean,raw,nasa_score,141510.47498401118,reconstructed,259,PENDING
C07,FD002,primary,13,C07_FD002_8b6c6bf96f05_seed_13,outputs/c07_final_8b6c6bf,8b6c6bf96f05abb9a445fae98a7bba1bce888eb3,851c6ae71215de4f41bb1b5959da287b01f99597d925718aa9cef5ff14cc7c83,074de4f6b296ca99055cd8a02dc05e70ab13e404d988a760346c85b423a9c2f7,929803d31e59ae4e200f2f727723a1fb533e2047801bc328ff4784f251d47e68,mean,clipped,rmse,44.48803616309352,reconstructed,259,True
C07,FD002,primary,13,C07_FD002_8b6c6bf96f05_seed_13,outputs/c07_final_8b6c6bf,8b6c6bf96f05abb9a445fae98a7bba1bce888eb3,851c6ae71215de4f41bb1b5959da287b01f99597d925718aa9cef5ff14cc7c83,074de4f6b296ca99055cd8a02dc05e70ab13e404d988a760346c85b423a9c2f7,929803d31e59ae4e200f2f727723a1fb533e2047801bc328ff4784f251d47e68,mean,clipped,mae,37.99180144520195,reconstructed,259,True
C07,FD002,primary,13,C07_FD002_8b6c6bf96f05_seed_13,outputs/c07_final_8b6c6bf,8b6c6bf96f05abb9a445fae98a7bba1bce888eb3,851c6ae71215de4f41bb1b5959da287b01f99597d925718aa9cef5ff14cc7c83,074de4f6b296ca99055cd8a02dc05e70ab13e404d988a760346c85b423a9c2f7,929803d31e59ae4e200f2f727723a1fb533e2047801bc328ff4784f251d47e68,mean,clipped,signed_error,11.636336228275846,reconstructed,259,True
C07,FD002,primary,13,C07_FD002_8b6c6bf96f05_seed_13,outputs/c07_final_8b6c6bf,8b6c6bf96f05abb9a445fae98a7bba1bce888eb3,851c6ae71215de4f41bb1b5959da287b01f99597d925718aa9cef5ff14cc7c83,074de4f6b296ca99055cd8a02dc05e70ab13e404d988a760346c85b423a9c2f7,929803d31e59ae4e200f2f727723a1fb533e2047801bc328ff4784f251d47e68,mean,clipped,nasa_score,98987.53409841082,reconstructed,259,True
C07,FD002,primary,13,C07_FD002_8b6c6bf96f05_seed_13,outputs/c07_final_8b6c6bf,8b6c6bf96f05abb9a445fae98a7bba1bce888eb3,851c6ae71215de4f41bb1b5959da287b01f99597d925718aa9cef5ff14cc7c83,074de4f6b296ca99055cd8a02dc05e70ab13e404d988a760346c85b423a9c2f7,929803d31e59ae4e200f2f727723a1fb533e2047801bc328ff4784f251d47e68,ridge,raw,rmse,342899503007427.06,reconstructed,259,PENDING
C07,FD002,primary,13,C07_FD002_8b6c6bf96f05_seed_13,outputs/c07_final_8b6c6bf,8b6c6bf96f05abb9a445fae98a7bba1bce888eb3,851c6ae71215de4f41bb1b5959da287b01f99597d925718aa9cef5ff14cc7c83,074de4f6b296ca99055cd8a02dc05e70ab13e404d988a760346c85b423a9c2f7,929803d31e59ae4e200f2f727723a1fb533e2047801bc328ff4784f251d47e68,ridge,raw,mae,324647439049146.6,reconstructed,259,PENDING
C07,FD002,primary,13,C07_FD002_8b6c6bf96f05_seed_13,outputs/c07_final_8b6c6bf,8b6c6bf96f05abb9a445fae98a7bba1bce888eb3,851c6ae71215de4f41bb1b5959da287b01f99597d925718aa9cef5ff14cc7c83,074de4f6b296ca99055cd8a02dc05e70ab13e404d988a760346c85b423a9c2f7,929803d31e59ae4e200f2f727723a1fb533e2047801bc328ff4784f251d47e68,ridge,raw,signed_error,-324276228365044.9,reconstructed,259,PENDING
C07,FD002,primary,13,C07_FD002_8b6c6bf96f05_seed_13,outputs/c07_final_8b6c6bf,8b6c6bf96f05abb9a445fae98a7bba1bce888eb3,851c6ae71215de4f41bb1b5959da287b01f99597d925718aa9cef5ff14cc7c83,074de4f6b296ca99055cd8a02dc05e70ab13e404d988a760346c85b423a9c2f7,929803d31e59ae4e200f2f727723a1fb533e2047801bc328ff4784f251d47e68,ridge,raw,nasa_score,PENDING,nonfinite_on_raw_support,259,PENDING
C07,FD002,primary,13,C07_FD002_8b6c6bf96f05_seed_13,outputs/c07_final_8b6c6bf,8b6c6bf96f05abb9a445fae98a7bba1bce888eb3,851c6ae71215de4f41bb1b5959da287b01f99597d925718aa9cef5ff14cc7c83,074de4f6b296ca99055cd8a02dc05e70ab13e404d988a760346c85b423a9c2f7,929803d31e59ae4e200f2f727723a1fb533e2047801bc328ff4784f251d47e68,ridge,clipped,rmse,85.86394913243718,reconstructed,259,True
C07,FD002,primary,13,C07_FD002_8b6c6bf96f05_seed_13,outputs/c07_final_8b6c6bf,8b6c6bf96f05abb9a445fae98a7bba1bce888eb3,851c6ae71215de4f41bb1b5959da287b01f99597d925718aa9cef5ff14cc7c83,074de4f6b296ca99055cd8a02dc05e70ab13e404d988a760346c85b423a9c2f7,929803d31e59ae4e200f2f727723a1fb533e2047801bc328ff4784f251d47e68,ridge,clipped,mae,74.47876447876448,reconstructed,259,True
C07,FD002,primary,13,C07_FD002_8b6c6bf96f05_seed_13,outputs/c07_final_8b6c6bf,8b6c6bf96f05abb9a445fae98a7bba1bce888eb3,851c6ae71215de4f41bb1b5959da287b01f99597d925718aa9cef5ff14cc7c83,074de4f6b296ca99055cd8a02dc05e70ab13e404d988a760346c85b423a9c2f7,929803d31e59ae4e200f2f727723a1fb533e2047801bc328ff4784f251d47e68,ridge,clipped,signed_error,-72.72586872586872,reconstructed,259,True
C07,FD002,primary,13,C07_FD002_8b6c6bf96f05_seed_13,outputs/c07_final_8b6c6bf,8b6c6bf96f05abb9a445fae98a7bba1bce888eb3,851c6ae71215de4f41bb1b5959da287b01f99597d925718aa9cef5ff14cc7c83,074de4f6b296ca99055cd8a02dc05e70ab13e404d988a760346c85b423a9c2f7,929803d31e59ae4e200f2f727723a1fb533e2047801bc328ff4784f251d47e68,ridge,clipped,nasa_score,1309180.3305938772,reconstructed,259,True
C07,FD002,primary,13,C07_FD002_8b6c6bf96f05_seed_13,outputs/c07_final_8b6c6bf,8b6c6bf96f05abb9a445fae98a7bba1bce888eb3,851c6ae71215de4f41bb1b5959da287b01f99597d925718aa9cef5ff14cc7c83,074de4f6b296ca99055cd8a02dc05e70ab13e404d988a760346c85b423a9c2f7,929803d31e59ae4e200f2f727723a1fb533e2047801bc328ff4784f251d47e68,hist_gradient_boosting,raw,rmse,45.35186275796427,reconstructed,259,PENDING
C07,FD002,primary,13,C07_FD002_8b6c6bf96f05_seed_13,outputs/c07_final_8b6c6bf,8b6c6bf96f05abb9a445fae98a7bba1bce888eb3,851c6ae71215de4f41bb1b5959da287b01f99597d925718aa9cef5ff14cc7c83,074de4f6b296ca99055cd8a02dc05e70ab13e404d988a760346c85b423a9c2f7,929803d31e59ae4e200f2f727723a1fb533e2047801bc328ff4784f251d47e68,hist_gradient_boosting,raw,mae,37.88947416764853,reconstructed,259,PENDING
C07,FD002,primary,13,C07_FD002_8b6c6bf96f05_seed_13,outputs/c07_final_8b6c6bf,8b6c6bf96f05abb9a445fae98a7bba1bce888eb3,851c6ae71215de4f41bb1b5959da287b01f99597d925718aa9cef5ff14cc7c83,074de4f6b296ca99055cd8a02dc05e70ab13e404d988a760346c85b423a9c2f7,929803d31e59ae4e200f2f727723a1fb533e2047801bc328ff4784f251d47e68,hist_gradient_boosting,raw,signed_error,2.058360017697237,reconstructed,259,PENDING
C07,FD002,primary,13,C07_FD002_8b6c6bf96f05_seed_13,outputs/c07_final_8b6c6bf,8b6c6bf96f05abb9a445fae98a7bba1bce888eb3,851c6ae71215de4f41bb1b5959da287b01f99597d925718aa9cef5ff14cc7c83,074de4f6b296ca99055cd8a02dc05e70ab13e404d988a760346c85b423a9c2f7,929803d31e59ae4e200f2f727723a1fb533e2047801bc328ff4784f251d47e68,hist_gradient_boosting,raw,nasa_score,61874.90902626668,reconstructed,259,PENDING
C07,FD002,primary,13,C07_FD002_8b6c6bf96f05_seed_13,outputs/c07_final_8b6c6bf,8b6c6bf96f05abb9a445fae98a7bba1bce888eb3,851c6ae71215de4f41bb1b5959da287b01f99597d925718aa9cef5ff14cc7c83,074de4f6b296ca99055cd8a02dc05e70ab13e404d988a760346c85b423a9c2f7,929803d31e59ae4e200f2f727723a1fb533e2047801bc328ff4784f251d47e68,hist_gradient_boosting,clipped,rmse,36.33756117629621,reconstructed,259,True
C07,FD002,primary,13,C07_FD002_8b6c6bf96f05_seed_13,outputs/c07_final_8b6c6bf,8b6c6bf96f05abb9a445fae98a7bba1bce888eb3,851c6ae71215de4f41bb1b5959da287b01f99597d925718aa9cef5ff14cc7c83,074de4f6b296ca99055cd8a02dc05e70ab13e404d988a760346c85b423a9c2f7,929803d31e59ae4e200f2f727723a1fb533e2047801bc328ff4784f251d47e68,hist_gradient_boosting,clipped,mae,30.39526567344003,reconstructed,259,True
C07,FD002,primary,13,C07_FD002_8b6c6bf96f05_seed_13,outputs/c07_final_8b6c6bf,8b6c6bf96f05abb9a445fae98a7bba1bce888eb3,851c6ae71215de4f41bb1b5959da287b01f99597d925718aa9cef5ff14cc7c83,074de4f6b296ca99055cd8a02dc05e70ab13e404d988a760346c85b423a9c2f7,929803d31e59ae4e200f2f727723a1fb533e2047801bc328ff4784f251d47e68,hist_gradient_boosting,clipped,signed_error,9.552568511905738,reconstructed,259,True
C07,FD002,primary,13,C07_FD002_8b6c6bf96f05_seed_13,outputs/c07_final_8b6c6bf,8b6c6bf96f05abb9a445fae98a7bba1bce888eb3,851c6ae71215de4f41bb1b5959da287b01f99597d925718aa9cef5ff14cc7c83,074de4f6b296ca99055cd8a02dc05e70ab13e404d988a760346c85b423a9c2f7,929803d31e59ae4e200f2f727723a1fb533e2047801bc328ff4784f251d47e68,hist_gradient_boosting,clipped,nasa_score,33939.286019836756,reconstructed,259,True
C07,FD002,primary,37,C07_FD002_8b6c6bf96f05_seed_37,outputs/c07_final_8b6c6bf,8b6c6bf96f05abb9a445fae98a7bba1bce888eb3,5fa8c8be2a7d6d1006e0c4b00a195d97158660b468eeb95ef6265d37a83f8037,abfb53a18b534d2b200fe02e204c4d78ba1d431dafea2be43627dc83e636dbb3,cdbdbfe6a1602d6d0b6a70f26977609b798fb01c805adecfa72ba58a78a9d65c,mean,raw,rmse,54.14617688746198,reconstructed,259,PENDING
C07,FD002,primary,37,C07_FD002_8b6c6bf96f05_seed_37,outputs/c07_final_8b6c6bf,8b6c6bf96f05abb9a445fae98a7bba1bce888eb3,5fa8c8be2a7d6d1006e0c4b00a195d97158660b468eeb95ef6265d37a83f8037,abfb53a18b534d2b200fe02e204c4d78ba1d431dafea2be43627dc83e636dbb3,cdbdbfe6a1602d6d0b6a70f26977609b798fb01c805adecfa72ba58a78a9d65c,mean,raw,mae,45.69877179977228,reconstructed,259,PENDING
C07,FD002,primary,37,C07_FD002_8b6c6bf96f05_seed_37,outputs/c07_final_8b6c6bf,8b6c6bf96f05abb9a445fae98a7bba1bce888eb3,5fa8c8be2a7d6d1006e0c4b00a195d97158660b468eeb95ef6265d37a83f8037,abfb53a18b534d2b200fe02e204c4d78ba1d431dafea2be43627dc83e636dbb3,cdbdbfe6a1602d6d0b6a70f26977609b798fb01c805adecfa72ba58a78a9d65c,mean,raw,signed_error,6.296806164362153,reconstructed,259,PENDING
C07,FD002,primary,37,C07_FD002_8b6c6bf96f05_seed_37,outputs/c07_final_8b6c6bf,8b6c6bf96f05abb9a445fae98a7bba1bce888eb3,5fa8c8be2a7d6d1006e0c4b00a195d97158660b468eeb95ef6265d37a83f8037,abfb53a18b534d2b200fe02e204c4d78ba1d431dafea2be43627dc83e636dbb3,cdbdbfe6a1602d6d0b6a70f26977609b798fb01c805adecfa72ba58a78a9d65c,mean,raw,nasa_score,158256.4094030522,reconstructed,259,PENDING
C07,FD002,primary,37,C07_FD002_8b6c6bf96f05_seed_37,outputs/c07_final_8b6c6bf,8b6c6bf96f05abb9a445fae98a7bba1bce888eb3,5fa8c8be2a7d6d1006e0c4b00a195d97158660b468eeb95ef6265d37a83f8037,abfb53a18b534d2b200fe02e204c4d78ba1d431dafea2be43627dc83e636dbb3,cdbdbfe6a1602d6d0b6a70f26977609b798fb01c805adecfa72ba58a78a9d65c,mean,clipped,rmse,45.09959119708452,reconstructed,259,True
C07,FD002,primary,37,C07_FD002_8b6c6bf96f05_seed_37,outputs/c07_final_8b6c6bf,8b6c6bf96f05abb9a445fae98a7bba1bce888eb3,5fa8c8be2a7d6d1006e0c4b00a195d97158660b468eeb95ef6265d37a83f8037,abfb53a18b534d2b200fe02e204c4d78ba1d431dafea2be43627dc83e636dbb3,cdbdbfe6a1602d6d0b6a70f26977609b798fb01c805adecfa72ba58a78a9d65c,mean,clipped,mae,38.20456330556378,reconstructed,259,True
C07,FD002,primary,37,C07_FD002_8b6c6bf96f05_seed_37,outputs/c07_final_8b6c6bf,8b6c6bf96f05abb9a445fae98a7bba1bce888eb3,5fa8c8be2a7d6d1006e0c4b00a195d97158660b468eeb95ef6265d37a83f8037,abfb53a18b534d2b200fe02e204c4d78ba1d431dafea2be43627dc83e636dbb3,cdbdbfe6a1602d6d0b6a70f26977609b798fb01c805adecfa72ba58a78a9d65c,mean,clipped,signed_error,13.791014658570518,reconstructed,259,True
C07,FD002,primary,37,C07_FD002_8b6c6bf96f05_seed_37,outputs/c07_final_8b6c6bf,8b6c6bf96f05abb9a445fae98a7bba1bce888eb3,5fa8c8be2a7d6d1006e0c4b00a195d97158660b468eeb95ef6265d37a83f8037,abfb53a18b534d2b200fe02e204c4d78ba1d431dafea2be43627dc83e636dbb3,cdbdbfe6a1602d6d0b6a70f26977609b798fb01c805adecfa72ba58a78a9d65c,mean,clipped,nasa_score,122228.3082621349,reconstructed,259,True
C07,FD002,primary,37,C07_FD002_8b6c6bf96f05_seed_37,outputs/c07_final_8b6c6bf,8b6c6bf96f05abb9a445fae98a7bba1bce888eb3,5fa8c8be2a7d6d1006e0c4b00a195d97158660b468eeb95ef6265d37a83f8037,abfb53a18b534d2b200fe02e204c4d78ba1d431dafea2be43627dc83e636dbb3,cdbdbfe6a1602d6d0b6a70f26977609b798fb01c805adecfa72ba58a78a9d65c,ridge,raw,rmse,762986869980540.0,reconstructed,259,PENDING
C07,FD002,primary,37,C07_FD002_8b6c6bf96f05_seed_37,outputs/c07_final_8b6c6bf,8b6c6bf96f05abb9a445fae98a7bba1bce888eb3,5fa8c8be2a7d6d1006e0c4b00a195d97158660b468eeb95ef6265d37a83f8037,abfb53a18b534d2b200fe02e204c4d78ba1d431dafea2be43627dc83e636dbb3,cdbdbfe6a1602d6d0b6a70f26977609b798fb01c805adecfa72ba58a78a9d65c,ridge,raw,mae,730506677742853.4,reconstructed,259,PENDING
C07,FD002,primary,37,C07_FD002_8b6c6bf96f05_seed_37,outputs/c07_final_8b6c6bf,8b6c6bf96f05abb9a445fae98a7bba1bce888eb3,5fa8c8be2a7d6d1006e0c4b00a195d97158660b468eeb95ef6265d37a83f8037,abfb53a18b534d2b200fe02e204c4d78ba1d431dafea2be43627dc83e636dbb3,cdbdbfe6a1602d6d0b6a70f26977609b798fb01c805adecfa72ba58a78a9d65c,ridge,raw,signed_error,730506677742853.4,reconstructed,259,PENDING
C07,FD002,primary,37,C07_FD002_8b6c6bf96f05_seed_37,outputs/c07_final_8b6c6bf,8b6c6bf96f05abb9a445fae98a7bba1bce888eb3,5fa8c8be2a7d6d1006e0c4b00a195d97158660b468eeb95ef6265d37a83f8037,abfb53a18b534d2b200fe02e204c4d78ba1d431dafea2be43627dc83e636dbb3,cdbdbfe6a1602d6d0b6a70f26977609b798fb01c805adecfa72ba58a78a9d65c,ridge,raw,nasa_score,PENDING,nonfinite_on_raw_support,259,PENDING
C07,FD002,primary,37,C07_FD002_8b6c6bf96f05_seed_37,outputs/c07_final_8b6c6bf,8b6c6bf96f05abb9a445fae98a7bba1bce888eb3,5fa8c8be2a7d6d1006e0c4b00a195d97158660b468eeb95ef6265d37a83f8037,abfb53a18b534d2b200fe02e204c4d78ba1d431dafea2be43627dc83e636dbb3,cdbdbfe6a1602d6d0b6a70f26977609b798fb01c805adecfa72ba58a78a9d65c,ridge,clipped,rmse,66.90577134584309,reconstructed,259,True
C07,FD002,primary,37,C07_FD002_8b6c6bf96f05_seed_37,outputs/c07_final_8b6c6bf,8b6c6bf96f05abb9a445fae98a7bba1bce888eb3,5fa8c8be2a7d6d1006e0c4b00a195d97158660b468eeb95ef6265d37a83f8037,abfb53a18b534d2b200fe02e204c4d78ba1d431dafea2be43627dc83e636dbb3,cdbdbfe6a1602d6d0b6a70f26977609b798fb01c805adecfa72ba58a78a9d65c,ridge,clipped,mae,51.30888030888031,reconstructed,259,True
C07,FD002,primary,37,C07_FD002_8b6c6bf96f05_seed_37,outputs/c07_final_8b6c6bf,8b6c6bf96f05abb9a445fae98a7bba1bce888eb3,5fa8c8be2a7d6d1006e0c4b00a195d97158660b468eeb95ef6265d37a83f8037,abfb53a18b534d2b200fe02e204c4d78ba1d431dafea2be43627dc83e636dbb3,cdbdbfe6a1602d6d0b6a70f26977609b798fb01c805adecfa72ba58a78a9d65c,ridge,clipped,signed_error,51.30888030888031,reconstructed,259,True
C07,FD002,primary,37,C07_FD002_8b6c6bf96f05_seed_37,outputs/c07_final_8b6c6bf,8b6c6bf96f05abb9a445fae98a7bba1bce888eb3,5fa8c8be2a7d6d1006e0c4b00a195d97158660b468eeb95ef6265d37a83f8037,abfb53a18b534d2b200fe02e204c4d78ba1d431dafea2be43627dc83e636dbb3,cdbdbfe6a1602d6d0b6a70f26977609b798fb01c805adecfa72ba58a78a9d65c,ridge,clipped,nasa_score,5161052.450362769,reconstructed,259,True
C07,FD002,primary,37,C07_FD002_8b6c6bf96f05_seed_37,outputs/c07_final_8b6c6bf,8b6c6bf96f05abb9a445fae98a7bba1bce888eb3,5fa8c8be2a7d6d1006e0c4b00a195d97158660b468eeb95ef6265d37a83f8037,abfb53a18b534d2b200fe02e204c4d78ba1d431dafea2be43627dc83e636dbb3,cdbdbfe6a1602d6d0b6a70f26977609b798fb01c805adecfa72ba58a78a9d65c,hist_gradient_boosting,raw,rmse,47.32013016914388,reconstructed,259,PENDING
C07,FD002,primary,37,C07_FD002_8b6c6bf96f05_seed_37,outputs/c07_final_8b6c6bf,8b6c6bf96f05abb9a445fae98a7bba1bce888eb3,5fa8c8be2a7d6d1006e0c4b00a195d97158660b468eeb95ef6265d37a83f8037,abfb53a18b534d2b200fe02e204c4d78ba1d431dafea2be43627dc83e636dbb3,cdbdbfe6a1602d6d0b6a70f26977609b798fb01c805adecfa72ba58a78a9d65c,hist_gradient_boosting,raw,mae,39.56885939411371,reconstructed,259,PENDING
C07,FD002,primary,37,C07_FD002_8b6c6bf96f05_seed_37,outputs/c07_final_8b6c6bf,8b6c6bf96f05abb9a445fae98a7bba1bce888eb3,5fa8c8be2a7d6d1006e0c4b00a195d97158660b468eeb95ef6265d37a83f8037,abfb53a18b534d2b200fe02e204c4d78ba1d431dafea2be43627dc83e636dbb3,cdbdbfe6a1602d6d0b6a70f26977609b798fb01c805adecfa72ba58a78a9d65c,hist_gradient_boosting,raw,signed_error,12.84540555968783,reconstructed,259,PENDING
C07,FD002,primary,37,C07_FD002_8b6c6bf96f05_seed_37,outputs/c07_final_8b6c6bf,8b6c6bf96f05abb9a445fae98a7bba1bce888eb3,5fa8c8be2a7d6d1006e0c4b00a195d97158660b468eeb95ef6265d37a83f8037,abfb53a18b534d2b200fe02e204c4d78ba1d431dafea2be43627dc83e636dbb3,cdbdbfe6a1602d6d0b6a70f26977609b798fb01c805adecfa72ba58a78a9d65c,hist_gradient_boosting,raw,nasa_score,132902.81086057093,reconstructed,259,PENDING
C07,FD002,primary,37,C07_FD002_8b6c6bf96f05_seed_37,outputs/c07_final_8b6c6bf,8b6c6bf96f05abb9a445fae98a7bba1bce888eb3,5fa8c8be2a7d6d1006e0c4b00a195d97158660b468eeb95ef6265d37a83f8037,abfb53a18b534d2b200fe02e204c4d78ba1d431dafea2be43627dc83e636dbb3,cdbdbfe6a1602d6d0b6a70f26977609b798fb01c805adecfa72ba58a78a9d65c,hist_gradient_boosting,clipped,rmse,40.772213458770025,reconstructed,259,True
C07,FD002,primary,37,C07_FD002_8b6c6bf96f05_seed_37,outputs/c07_final_8b6c6bf,8b6c6bf96f05abb9a445fae98a7bba1bce888eb3,5fa8c8be2a7d6d1006e0c4b00a195d97158660b468eeb95ef6265d37a83f8037,abfb53a18b534d2b200fe02e204c4d78ba1d431dafea2be43627dc83e636dbb3,cdbdbfe6a1602d6d0b6a70f26977609b798fb01c805adecfa72ba58a78a9d65c,hist_gradient_boosting,clipped,mae,32.07465089990521,reconstructed,259,True
C07,FD002,primary,37,C07_FD002_8b6c6bf96f05_seed_37,outputs/c07_final_8b6c6bf,8b6c6bf96f05abb9a445fae98a7bba1bce888eb3,5fa8c8be2a7d6d1006e0c4b00a195d97158660b468eeb95ef6265d37a83f8037,abfb53a18b534d2b200fe02e204c4d78ba1d431dafea2be43627dc83e636dbb3,cdbdbfe6a1602d6d0b6a70f26977609b798fb01c805adecfa72ba58a78a9d65c,hist_gradient_boosting,clipped,signed_error,20.339614053896316,reconstructed,259,True
C07,FD002,primary,37,C07_FD002_8b6c6bf96f05_seed_37,outputs/c07_final_8b6c6bf,8b6c6bf96f05abb9a445fae98a7bba1bce888eb3,5fa8c8be2a7d6d1006e0c4b00a195d97158660b468eeb95ef6265d37a83f8037,abfb53a18b534d2b200fe02e204c4d78ba1d431dafea2be43627dc83e636dbb3,cdbdbfe6a1602d6d0b6a70f26977609b798fb01c805adecfa72ba58a78a9d65c,hist_gradient_boosting,clipped,nasa_score,120652.12961641492,reconstructed,259,True
C07,FD002,primary,73,C07_FD002_8b6c6bf96f05_seed_73,outputs/c07_final_8b6c6bf,8b6c6bf96f05abb9a445fae98a7bba1bce888eb3,252451e234cc6055be1a5195bc9de7a983ccaf35219e4fe6b058e5adb76e58d2,8dcf995195e5776fc0d42b320989cfdbe4e89e43e990ed251015a1aadcbbba9d,cf9dede2c623097202274f86be42a9f0c8640f7f189561810b2484fb2a5c3546,mean,raw,rmse,54.04487271063763,reconstructed,259,PENDING
C07,FD002,primary,73,C07_FD002_8b6c6bf96f05_seed_73,outputs/c07_final_8b6c6bf,8b6c6bf96f05abb9a445fae98a7bba1bce888eb3,252451e234cc6055be1a5195bc9de7a983ccaf35219e4fe6b058e5adb76e58d2,8dcf995195e5776fc0d42b320989cfdbe4e89e43e990ed251015a1aadcbbba9d,cf9dede2c623097202274f86be42a9f0c8640f7f189561810b2484fb2a5c3546,mean,raw,mae,45.59699994406164,reconstructed,259,PENDING
C07,FD002,primary,73,C07_FD002_8b6c6bf96f05_seed_73,outputs/c07_final_8b6c6bf,8b6c6bf96f05abb9a445fae98a7bba1bce888eb3,252451e234cc6055be1a5195bc9de7a983ccaf35219e4fe6b058e5adb76e58d2,8dcf995195e5776fc0d42b320989cfdbe4e89e43e990ed251015a1aadcbbba9d,cf9dede2c623097202274f86be42a9f0c8640f7f189561810b2484fb2a5c3546,mean,raw,signed_error,5.3562638706705465,reconstructed,259,PENDING
C07,FD002,primary,73,C07_FD002_8b6c6bf96f05_seed_73,outputs/c07_final_8b6c6bf,8b6c6bf96f05abb9a445fae98a7bba1bce888eb3,252451e234cc6055be1a5195bc9de7a983ccaf35219e4fe6b058e5adb76e58d2,8dcf995195e5776fc0d42b320989cfdbe4e89e43e990ed251015a1aadcbbba9d,cf9dede2c623097202274f86be42a9f0c8640f7f189561810b2484fb2a5c3546,mean,raw,nasa_score,150185.13935612503,reconstructed,259,PENDING
C07,FD002,primary,73,C07_FD002_8b6c6bf96f05_seed_73,outputs/c07_final_8b6c6bf,8b6c6bf96f05abb9a445fae98a7bba1bce888eb3,252451e234cc6055be1a5195bc9de7a983ccaf35219e4fe6b058e5adb76e58d2,8dcf995195e5776fc0d42b320989cfdbe4e89e43e990ed251015a1aadcbbba9d,cf9dede2c623097202274f86be42a9f0c8640f7f189561810b2484fb2a5c3546,mean,clipped,rmse,44.820929049181395,reconstructed,259,True
C07,FD002,primary,73,C07_FD002_8b6c6bf96f05_seed_73,outputs/c07_final_8b6c6bf,8b6c6bf96f05abb9a445fae98a7bba1bce888eb3,252451e234cc6055be1a5195bc9de7a983ccaf35219e4fe6b058e5adb76e58d2,8dcf995195e5776fc0d42b320989cfdbe4e89e43e990ed251015a1aadcbbba9d,cf9dede2c623097202274f86be42a9f0c8640f7f189561810b2484fb2a5c3546,mean,clipped,mae,38.10279144985314,reconstructed,259,True
C07,FD002,primary,73,C07_FD002_8b6c6bf96f05_seed_73,outputs/c07_final_8b6c6bf,8b6c6bf96f05abb9a445fae98a7bba1bce888eb3,252451e234cc6055be1a5195bc9de7a983ccaf35219e4fe6b058e5adb76e58d2,8dcf995195e5776fc0d42b320989cfdbe4e89e43e990ed251015a1aadcbbba9d,cf9dede2c623097202274f86be42a9f0c8640f7f189561810b2484fb2a5c3546,mean,clipped,signed_error,12.85047236487894,reconstructed,259,True
C07,FD002,primary,73,C07_FD002_8b6c6bf96f05_seed_73,outputs/c07_final_8b6c6bf,8b6c6bf96f05abb9a445fae98a7bba1bce888eb3,252451e234cc6055be1a5195bc9de7a983ccaf35219e4fe6b058e5adb76e58d2,8dcf995195e5776fc0d42b320989cfdbe4e89e43e990ed251015a1aadcbbba9d,cf9dede2c623097202274f86be42a9f0c8640f7f189561810b2484fb2a5c3546,mean,clipped,nasa_score,111453.8172894873,reconstructed,259,True
C07,FD002,primary,73,C07_FD002_8b6c6bf96f05_seed_73,outputs/c07_final_8b6c6bf,8b6c6bf96f05abb9a445fae98a7bba1bce888eb3,252451e234cc6055be1a5195bc9de7a983ccaf35219e4fe6b058e5adb76e58d2,8dcf995195e5776fc0d42b320989cfdbe4e89e43e990ed251015a1aadcbbba9d,cf9dede2c623097202274f86be42a9f0c8640f7f189561810b2484fb2a5c3546,ridge,raw,rmse,45500885316718.33,reconstructed,259,PENDING
C07,FD002,primary,73,C07_FD002_8b6c6bf96f05_seed_73,outputs/c07_final_8b6c6bf,8b6c6bf96f05abb9a445fae98a7bba1bce888eb3,252451e234cc6055be1a5195bc9de7a983ccaf35219e4fe6b058e5adb76e58d2,8dcf995195e5776fc0d42b320989cfdbe4e89e43e990ed251015a1aadcbbba9d,cf9dede2c623097202274f86be42a9f0c8640f7f189561810b2484fb2a5c3546,ridge,raw,mae,38229296887100.54,reconstructed,259,PENDING
C07,FD002,primary,73,C07_FD002_8b6c6bf96f05_seed_73,outputs/c07_final_8b6c6bf,8b6c6bf96f05abb9a445fae98a7bba1bce888eb3,252451e234cc6055be1a5195bc9de7a983ccaf35219e4fe6b058e5adb76e58d2,8dcf995195e5776fc0d42b320989cfdbe4e89e43e990ed251015a1aadcbbba9d,cf9dede2c623097202274f86be42a9f0c8640f7f189561810b2484fb2a5c3546,ridge,raw,signed_error,30676186987810.418,reconstructed,259,PENDING
C07,FD002,primary,73,C07_FD002_8b6c6bf96f05_seed_73,outputs/c07_final_8b6c6bf,8b6c6bf96f05abb9a445fae98a7bba1bce888eb3,252451e234cc6055be1a5195bc9de7a983ccaf35219e4fe6b058e5adb76e58d2,8dcf995195e5776fc0d42b320989cfdbe4e89e43e990ed251015a1aadcbbba9d,cf9dede2c623097202274f86be42a9f0c8640f7f189561810b2484fb2a5c3546,ridge,raw,nasa_score,PENDING,nonfinite_on_raw_support,259,PENDING
C07,FD002,primary,73,C07_FD002_8b6c6bf96f05_seed_73,outputs/c07_final_8b6c6bf,8b6c6bf96f05abb9a445fae98a7bba1bce888eb3,252451e234cc6055be1a5195bc9de7a983ccaf35219e4fe6b058e5adb76e58d2,8dcf995195e5776fc0d42b320989cfdbe4e89e43e990ed251015a1aadcbbba9d,cf9dede2c623097202274f86be42a9f0c8640f7f189561810b2484fb2a5c3546,ridge,clipped,rmse,74.98411672226166,reconstructed,259,True
C07,FD002,primary,73,C07_FD002_8b6c6bf96f05_seed_73,outputs/c07_final_8b6c6bf,8b6c6bf96f05abb9a445fae98a7bba1bce888eb3,252451e234cc6055be1a5195bc9de7a983ccaf35219e4fe6b058e5adb76e58d2,8dcf995195e5776fc0d42b320989cfdbe4e89e43e990ed251015a1aadcbbba9d,cf9dede2c623097202274f86be42a9f0c8640f7f189561810b2484fb2a5c3546,ridge,clipped,mae,60.47876447876448,reconstructed,259,True
C07,FD002,primary,73,C07_FD002_8b6c6bf96f05_seed_73,outputs/c07_final_8b6c6bf,8b6c6bf96f05abb9a445fae98a7bba1bce888eb3,252451e234cc6055be1a5195bc9de7a983ccaf35219e4fe6b058e5adb76e58d2,8dcf995195e5776fc0d42b320989cfdbe4e89e43e990ed251015a1aadcbbba9d,cf9dede2c623097202274f86be42a9f0c8640f7f189561810b2484fb2a5c3546,ridge,clipped,signed_error,26.694980694980696,reconstructed,259,True
C07,FD002,primary,73,C07_FD002_8b6c6bf96f05_seed_73,outputs/c07_final_8b6c6bf,8b6c6bf96f05abb9a445fae98a7bba1bce888eb3,252451e234cc6055be1a5195bc9de7a983ccaf35219e4fe6b058e5adb76e58d2,8dcf995195e5776fc0d42b320989cfdbe4e89e43e990ed251015a1aadcbbba9d,cf9dede2c623097202274f86be42a9f0c8640f7f189561810b2484fb2a5c3546,ridge,clipped,nasa_score,4826470.734250202,reconstructed,259,True
C07,FD002,primary,73,C07_FD002_8b6c6bf96f05_seed_73,outputs/c07_final_8b6c6bf,8b6c6bf96f05abb9a445fae98a7bba1bce888eb3,252451e234cc6055be1a5195bc9de7a983ccaf35219e4fe6b058e5adb76e58d2,8dcf995195e5776fc0d42b320989cfdbe4e89e43e990ed251015a1aadcbbba9d,cf9dede2c623097202274f86be42a9f0c8640f7f189561810b2484fb2a5c3546,hist_gradient_boosting,raw,rmse,45.972012947644906,reconstructed,259,PENDING
C07,FD002,primary,73,C07_FD002_8b6c6bf96f05_seed_73,outputs/c07_final_8b6c6bf,8b6c6bf96f05abb9a445fae98a7bba1bce888eb3,252451e234cc6055be1a5195bc9de7a983ccaf35219e4fe6b058e5adb76e58d2,8dcf995195e5776fc0d42b320989cfdbe4e89e43e990ed251015a1aadcbbba9d,cf9dede2c623097202274f86be42a9f0c8640f7f189561810b2484fb2a5c3546,hist_gradient_boosting,raw,mae,37.44434287752772,reconstructed,259,PENDING
C07,FD002,primary,73,C07_FD002_8b6c6bf96f05_seed_73,outputs/c07_final_8b6c6bf,8b6c6bf96f05abb9a445fae98a7bba1bce888eb3,252451e234cc6055be1a5195bc9de7a983ccaf35219e4fe6b058e5adb76e58d2,8dcf995195e5776fc0d42b320989cfdbe4e89e43e990ed251015a1aadcbbba9d,cf9dede2c623097202274f86be42a9f0c8640f7f189561810b2484fb2a5c3546,hist_gradient_boosting,raw,signed_error,-15.160060277887721,reconstructed,259,PENDING
C07,FD002,primary,73,C07_FD002_8b6c6bf96f05_seed_73,outputs/c07_final_8b6c6bf,8b6c6bf96f05abb9a445fae98a7bba1bce888eb3,252451e234cc6055be1a5195bc9de7a983ccaf35219e4fe6b058e5adb76e58d2,8dcf995195e5776fc0d42b320989cfdbe4e89e43e990ed251015a1aadcbbba9d,cf9dede2c623097202274f86be42a9f0c8640f7f189561810b2484fb2a5c3546,hist_gradient_boosting,raw,nasa_score,119522.96964546766,reconstructed,259,PENDING
C07,FD002,primary,73,C07_FD002_8b6c6bf96f05_seed_73,outputs/c07_final_8b6c6bf,8b6c6bf96f05abb9a445fae98a7bba1bce888eb3,252451e234cc6055be1a5195bc9de7a983ccaf35219e4fe6b058e5adb76e58d2,8dcf995195e5776fc0d42b320989cfdbe4e89e43e990ed251015a1aadcbbba9d,cf9dede2c623097202274f86be42a9f0c8640f7f189561810b2484fb2a5c3546,hist_gradient_boosting,clipped,rmse,34.37468504363296,reconstructed,259,True
C07,FD002,primary,73,C07_FD002_8b6c6bf96f05_seed_73,outputs/c07_final_8b6c6bf,8b6c6bf96f05abb9a445fae98a7bba1bce888eb3,252451e234cc6055be1a5195bc9de7a983ccaf35219e4fe6b058e5adb76e58d2,8dcf995195e5776fc0d42b320989cfdbe4e89e43e990ed251015a1aadcbbba9d,cf9dede2c623097202274f86be42a9f0c8640f7f189561810b2484fb2a5c3546,hist_gradient_boosting,clipped,mae,29.950134383319227,reconstructed,259,True
C07,FD002,primary,73,C07_FD002_8b6c6bf96f05_seed_73,outputs/c07_final_8b6c6bf,8b6c6bf96f05abb9a445fae98a7bba1bce888eb3,252451e234cc6055be1a5195bc9de7a983ccaf35219e4fe6b058e5adb76e58d2,8dcf995195e5776fc0d42b320989cfdbe4e89e43e990ed251015a1aadcbbba9d,cf9dede2c623097202274f86be42a9f0c8640f7f189561810b2484fb2a5c3546,hist_gradient_boosting,clipped,signed_error,-7.665851783679236,reconstructed,259,True
C07,FD002,primary,73,C07_FD002_8b6c6bf96f05_seed_73,outputs/c07_final_8b6c6bf,8b6c6bf96f05abb9a445fae98a7bba1bce888eb3,252451e234cc6055be1a5195bc9de7a983ccaf35219e4fe6b058e5adb76e58d2,8dcf995195e5776fc0d42b320989cfdbe4e89e43e990ed251015a1aadcbbba9d,cf9dede2c623097202274f86be42a9f0c8640f7f189561810b2484fb2a5c3546,hist_gradient_boosting,clipped,nasa_score,8718.821095791865,reconstructed,259,True
C07,FD002,primary,101,C07_FD002_8b6c6bf96f05_seed_101,outputs/c07_final_8b6c6bf,8b6c6bf96f05abb9a445fae98a7bba1bce888eb3,1759ffb6253e2068e9b06e2d4019b6e87dae83d43ffc8f3b6805f8ba5513520d,c0e84d2647e6e5ae3c8fa6bae4d22cd98351802dac172cee89deb25713617336,79a8141b3f315920ddff20473153ade24f36c25c9568331bfa3426a049be9e59,mean,raw,rmse,54.06435205607104,reconstructed,259,PENDING
C07,FD002,primary,101,C07_FD002_8b6c6bf96f05_seed_101,outputs/c07_final_8b6c6bf,8b6c6bf96f05abb9a445fae98a7bba1bce888eb3,1759ffb6253e2068e9b06e2d4019b6e87dae83d43ffc8f3b6805f8ba5513520d,c0e84d2647e6e5ae3c8fa6bae4d22cd98351802dac172cee89deb25713617336,79a8141b3f315920ddff20473153ade24f36c25c9568331bfa3426a049be9e59,mean,raw,mae,45.61713024978331,reconstructed,259,PENDING
C07,FD002,primary,101,C07_FD002_8b6c6bf96f05_seed_101,outputs/c07_final_8b6c6bf,8b6c6bf96f05abb9a445fae98a7bba1bce888eb3,1759ffb6253e2068e9b06e2d4019b6e87dae83d43ffc8f3b6805f8ba5513520d,c0e84d2647e6e5ae3c8fa6bae4d22cd98351802dac172cee89deb25713617336,79a8141b3f315920ddff20473153ade24f36c25c9568331bfa3426a049be9e59,mean,raw,signed_error,5.549365692222888,reconstructed,259,PENDING
C07,FD002,primary,101,C07_FD002_8b6c6bf96f05_seed_101,outputs/c07_final_8b6c6bf,8b6c6bf96f05abb9a445fae98a7bba1bce888eb3,1759ffb6253e2068e9b06e2d4019b6e87dae83d43ffc8f3b6805f8ba5513520d,c0e84d2647e6e5ae3c8fa6bae4d22cd98351802dac172cee89deb25713617336,79a8141b3f315920ddff20473153ade24f36c25c9568331bfa3426a049be9e59,mean,raw,nasa_score,151742.90081366547,reconstructed,259,PENDING
C07,FD002,primary,101,C07_FD002_8b6c6bf96f05_seed_101,outputs/c07_final_8b6c6bf,8b6c6bf96f05abb9a445fae98a7bba1bce888eb3,1759ffb6253e2068e9b06e2d4019b6e87dae83d43ffc8f3b6805f8ba5513520d,c0e84d2647e6e5ae3c8fa6bae4d22cd98351802dac172cee89deb25713617336,79a8141b3f315920ddff20473153ade24f36c25c9568331bfa3426a049be9e59,mean,clipped,rmse,44.87667398981537,reconstructed,259,True
C07,FD002,primary,101,C07_FD002_8b6c6bf96f05_seed_101,outputs/c07_final_8b6c6bf,8b6c6bf96f05abb9a445fae98a7bba1bce888eb3,1759ffb6253e2068e9b06e2d4019b6e87dae83d43ffc8f3b6805f8ba5513520d,c0e84d2647e6e5ae3c8fa6bae4d22cd98351802dac172cee89deb25713617336,79a8141b3f315920ddff20473153ade24f36c25c9568331bfa3426a049be9e59,mean,clipped,mae,38.122921755574815,reconstructed,259,True
C07,FD002,primary,101,C07_FD002_8b6c6bf96f05_seed_101,outputs/c07_final_8b6c6bf,8b6c6bf96f05abb9a445fae98a7bba1bce888eb3,1759ffb6253e2068e9b06e2d4019b6e87dae83d43ffc8f3b6805f8ba5513520d,c0e84d2647e6e5ae3c8fa6bae4d22cd98351802dac172cee89deb25713617336,79a8141b3f315920ddff20473153ade24f36c25c9568331bfa3426a049be9e59,mean,clipped,signed_error,13.043574186431266,reconstructed,259,True
C07,FD002,primary,101,C07_FD002_8b6c6bf96f05_seed_101,outputs/c07_final_8b6c6bf,8b6c6bf96f05abb9a445fae98a7bba1bce888eb3,1759ffb6253e2068e9b06e2d4019b6e87dae83d43ffc8f3b6805f8ba5513520d,c0e84d2647e6e5ae3c8fa6bae4d22cd98351802dac172cee89deb25713617336,79a8141b3f315920ddff20473153ade24f36c25c9568331bfa3426a049be9e59,mean,clipped,nasa_score,113582.64149430084,reconstructed,259,True
C07,FD002,primary,101,C07_FD002_8b6c6bf96f05_seed_101,outputs/c07_final_8b6c6bf,8b6c6bf96f05abb9a445fae98a7bba1bce888eb3,1759ffb6253e2068e9b06e2d4019b6e87dae83d43ffc8f3b6805f8ba5513520d,c0e84d2647e6e5ae3c8fa6bae4d22cd98351802dac172cee89deb25713617336,79a8141b3f315920ddff20473153ade24f36c25c9568331bfa3426a049be9e59,ridge,raw,rmse,678763071602529.6,reconstructed,259,PENDING
C07,FD002,primary,101,C07_FD002_8b6c6bf96f05_seed_101,outputs/c07_final_8b6c6bf,8b6c6bf96f05abb9a445fae98a7bba1bce888eb3,1759ffb6253e2068e9b06e2d4019b6e87dae83d43ffc8f3b6805f8ba5513520d,c0e84d2647e6e5ae3c8fa6bae4d22cd98351802dac172cee89deb25713617336,79a8141b3f315920ddff20473153ade24f36c25c9568331bfa3426a049be9e59,ridge,raw,mae,656427332631097.6,reconstructed,259,PENDING
C07,FD002,primary,101,C07_FD002_8b6c6bf96f05_seed_101,outputs/c07_final_8b6c6bf,8b6c6bf96f05abb9a445fae98a7bba1bce888eb3,1759ffb6253e2068e9b06e2d4019b6e87dae83d43ffc8f3b6805f8ba5513520d,c0e84d2647e6e5ae3c8fa6bae4d22cd98351802dac172cee89deb25713617336,79a8141b3f315920ddff20473153ade24f36c25c9568331bfa3426a049be9e59,ridge,raw,signed_error,656427332631097.6,reconstructed,259,PENDING
C07,FD002,primary,101,C07_FD002_8b6c6bf96f05_seed_101,outputs/c07_final_8b6c6bf,8b6c6bf96f05abb9a445fae98a7bba1bce888eb3,1759ffb6253e2068e9b06e2d4019b6e87dae83d43ffc8f3b6805f8ba5513520d,c0e84d2647e6e5ae3c8fa6bae4d22cd98351802dac172cee89deb25713617336,79a8141b3f315920ddff20473153ade24f36c25c9568331bfa3426a049be9e59,ridge,raw,nasa_score,PENDING,nonfinite_on_raw_support,259,PENDING
C07,FD002,primary,101,C07_FD002_8b6c6bf96f05_seed_101,outputs/c07_final_8b6c6bf,8b6c6bf96f05abb9a445fae98a7bba1bce888eb3,1759ffb6253e2068e9b06e2d4019b6e87dae83d43ffc8f3b6805f8ba5513520d,c0e84d2647e6e5ae3c8fa6bae4d22cd98351802dac172cee89deb25713617336,79a8141b3f315920ddff20473153ade24f36c25c9568331bfa3426a049be9e59,ridge,clipped,rmse,66.90577134584309,reconstructed,259,True
C07,FD002,primary,101,C07_FD002_8b6c6bf96f05_seed_101,outputs/c07_final_8b6c6bf,8b6c6bf96f05abb9a445fae98a7bba1bce888eb3,1759ffb6253e2068e9b06e2d4019b6e87dae83d43ffc8f3b6805f8ba5513520d,c0e84d2647e6e5ae3c8fa6bae4d22cd98351802dac172cee89deb25713617336,79a8141b3f315920ddff20473153ade24f36c25c9568331bfa3426a049be9e59,ridge,clipped,mae,51.30888030888031,reconstructed,259,True
C07,FD002,primary,101,C07_FD002_8b6c6bf96f05_seed_101,outputs/c07_final_8b6c6bf,8b6c6bf96f05abb9a445fae98a7bba1bce888eb3,1759ffb6253e2068e9b06e2d4019b6e87dae83d43ffc8f3b6805f8ba5513520d,c0e84d2647e6e5ae3c8fa6bae4d22cd98351802dac172cee89deb25713617336,79a8141b3f315920ddff20473153ade24f36c25c9568331bfa3426a049be9e59,ridge,clipped,signed_error,51.30888030888031,reconstructed,259,True
C07,FD002,primary,101,C07_FD002_8b6c6bf96f05_seed_101,outputs/c07_final_8b6c6bf,8b6c6bf96f05abb9a445fae98a7bba1bce888eb3,1759ffb6253e2068e9b06e2d4019b6e87dae83d43ffc8f3b6805f8ba5513520d,c0e84d2647e6e5ae3c8fa6bae4d22cd98351802dac172cee89deb25713617336,79a8141b3f315920ddff20473153ade24f36c25c9568331bfa3426a049be9e59,ridge,clipped,nasa_score,5161052.450362769,reconstructed,259,True
C07,FD002,primary,101,C07_FD002_8b6c6bf96f05_seed_101,outputs/c07_final_8b6c6bf,8b6c6bf96f05abb9a445fae98a7bba1bce888eb3,1759ffb6253e2068e9b06e2d4019b6e87dae83d43ffc8f3b6805f8ba5513520d,c0e84d2647e6e5ae3c8fa6bae4d22cd98351802dac172cee89deb25713617336,79a8141b3f315920ddff20473153ade24f36c25c9568331bfa3426a049be9e59,hist_gradient_boosting,raw,rmse,46.11941978851809,reconstructed,259,PENDING
C07,FD002,primary,101,C07_FD002_8b6c6bf96f05_seed_101,outputs/c07_final_8b6c6bf,8b6c6bf96f05abb9a445fae98a7bba1bce888eb3,1759ffb6253e2068e9b06e2d4019b6e87dae83d43ffc8f3b6805f8ba5513520d,c0e84d2647e6e5ae3c8fa6bae4d22cd98351802dac172cee89deb25713617336,79a8141b3f315920ddff20473153ade24f36c25c9568331bfa3426a049be9e59,hist_gradient_boosting,raw,mae,38.51379723612493,reconstructed,259,PENDING
C07,FD002,primary,101,C07_FD002_8b6c6bf96f05_seed_101,outputs/c07_final_8b6c6bf,8b6c6bf96f05abb9a445fae98a7bba1bce888eb3,1759ffb6253e2068e9b06e2d4019b6e87dae83d43ffc8f3b6805f8ba5513520d,c0e84d2647e6e5ae3c8fa6bae4d22cd98351802dac172cee89deb25713617336,79a8141b3f315920ddff20473153ade24f36c25c9568331bfa3426a049be9e59,hist_gradient_boosting,raw,signed_error,-1.4153731540285457,reconstructed,259,PENDING
C07,FD002,primary,101,C07_FD002_8b6c6bf96f05_seed_101,outputs/c07_final_8b6c6bf,8b6c6bf96f05abb9a445fae98a7bba1bce888eb3,1759ffb6253e2068e9b06e2d4019b6e87dae83d43ffc8f3b6805f8ba5513520d,c0e84d2647e6e5ae3c8fa6bae4d22cd98351802dac172cee89deb25713617336,79a8141b3f315920ddff20473153ade24f36c25c9568331bfa3426a049be9e59,hist_gradient_boosting,raw,nasa_score,75050.92018205242,reconstructed,259,PENDING
C07,FD002,primary,101,C07_FD002_8b6c6bf96f05_seed_101,outputs/c07_final_8b6c6bf,8b6c6bf96f05abb9a445fae98a7bba1bce888eb3,1759ffb6253e2068e9b06e2d4019b6e87dae83d43ffc8f3b6805f8ba5513520d,c0e84d2647e6e5ae3c8fa6bae4d22cd98351802dac172cee89deb25713617336,79a8141b3f315920ddff20473153ade24f36c25c9568331bfa3426a049be9e59,hist_gradient_boosting,clipped,rmse,36.398235413390616,reconstructed,259,True
C07,FD002,primary,101,C07_FD002_8b6c6bf96f05_seed_101,outputs/c07_final_8b6c6bf,8b6c6bf96f05abb9a445fae98a7bba1bce888eb3,1759ffb6253e2068e9b06e2d4019b6e87dae83d43ffc8f3b6805f8ba5513520d,c0e84d2647e6e5ae3c8fa6bae4d22cd98351802dac172cee89deb25713617336,79a8141b3f315920ddff20473153ade24f36c25c9568331bfa3426a049be9e59,hist_gradient_boosting,clipped,mae,31.01958874191643,reconstructed,259,True
C07,FD002,primary,101,C07_FD002_8b6c6bf96f05_seed_101,outputs/c07_final_8b6c6bf,8b6c6bf96f05abb9a445fae98a7bba1bce888eb3,1759ffb6253e2068e9b06e2d4019b6e87dae83d43ffc8f3b6805f8ba5513520d,c0e84d2647e6e5ae3c8fa6bae4d22cd98351802dac172cee89deb25713617336,79a8141b3f315920ddff20473153ade24f36c25c9568331bfa3426a049be9e59,hist_gradient_boosting,clipped,signed_error,6.078835340179939,reconstructed,259,True
C07,FD002,primary,101,C07_FD002_8b6c6bf96f05_seed_101,outputs/c07_final_8b6c6bf,8b6c6bf96f05abb9a445fae98a7bba1bce888eb3,1759ffb6253e2068e9b06e2d4019b6e87dae83d43ffc8f3b6805f8ba5513520d,c0e84d2647e6e5ae3c8fa6bae4d22cd98351802dac172cee89deb25713617336,79a8141b3f315920ddff20473153ade24f36c25c9568331bfa3426a049be9e59,hist_gradient_boosting,clipped,nasa_score,32388.13494342231,reconstructed,259,True
C07,FD002,primary,137,C07_FD002_8b6c6bf96f05_seed_137,outputs/c07_final_8b6c6bf,8b6c6bf96f05abb9a445fae98a7bba1bce888eb3,5bbfb4089f8029c74f40422e4e86f7cd9103392ccae8c4d608ca48d4151e57b8,eca66e9c002e5c5a1bf1df3181c12272eead0872c0ba0268806c24189dd1b2d2,1c68f92e55b2fad4dc206b3dbcbb51b5957c0a30328293bf439f17f0cb59672b,mean,raw,rmse,54.08138308750092,reconstructed,259,PENDING
C07,FD002,primary,137,C07_FD002_8b6c6bf96f05_seed_137,outputs/c07_final_8b6c6bf,8b6c6bf96f05abb9a445fae98a7bba1bce888eb3,5bbfb4089f8029c74f40422e4e86f7cd9103392ccae8c4d608ca48d4151e57b8,eca66e9c002e5c5a1bf1df3181c12272eead0872c0ba0268806c24189dd1b2d2,1c68f92e55b2fad4dc206b3dbcbb51b5957c0a30328293bf439f17f0cb59672b,mean,raw,mae,45.63417883537229,reconstructed,259,PENDING
C07,FD002,primary,137,C07_FD002_8b6c6bf96f05_seed_137,outputs/c07_final_8b6c6bf,8b6c6bf96f05abb9a445fae98a7bba1bce888eb3,5bbfb4089f8029c74f40422e4e86f7cd9103392ccae8c4d608ca48d4151e57b8,eca66e9c002e5c5a1bf1df3181c12272eead0872c0ba0268806c24189dd1b2d2,1c68f92e55b2fad4dc206b3dbcbb51b5957c0a30328293bf439f17f0cb59672b,mean,raw,signed_error,5.71290582805779,reconstructed,259,PENDING
C07,FD002,primary,137,C07_FD002_8b6c6bf96f05_seed_137,outputs/c07_final_8b6c6bf,8b6c6bf96f05abb9a445fae98a7bba1bce888eb3,5bbfb4089f8029c74f40422e4e86f7cd9103392ccae8c4d608ca48d4151e57b8,eca66e9c002e5c5a1bf1df3181c12272eead0872c0ba0268806c24189dd1b2d2,1c68f92e55b2fad4dc206b3dbcbb51b5957c0a30328293bf439f17f0cb59672b,mean,raw,nasa_score,153101.77577692742,reconstructed,259,PENDING
C07,FD002,primary,137,C07_FD002_8b6c6bf96f05_seed_137,outputs/c07_final_8b6c6bf,8b6c6bf96f05abb9a445fae98a7bba1bce888eb3,5bbfb4089f8029c74f40422e4e86f7cd9103392ccae8c4d608ca48d4151e57b8,eca66e9c002e5c5a1bf1df3181c12272eead0872c0ba0268806c24189dd1b2d2,1c68f92e55b2fad4dc206b3dbcbb51b5957c0a30328293bf439f17f0cb59672b,mean,clipped,rmse,44.92448006992008,reconstructed,259,True
C07,FD002,primary,137,C07_FD002_8b6c6bf96f05_seed_137,outputs/c07_final_8b6c6bf,8b6c6bf96f05abb9a445fae98a7bba1bce888eb3,5bbfb4089f8029c74f40422e4e86f7cd9103392ccae8c4d608ca48d4151e57b8,eca66e9c002e5c5a1bf1df3181c12272eead0872c0ba0268806c24189dd1b2d2,1c68f92e55b2fad4dc206b3dbcbb51b5957c0a30328293bf439f17f0cb59672b,mean,clipped,mae,38.139970341163796,reconstructed,259,True
C07,FD002,primary,137,C07_FD002_8b6c6bf96f05_seed_137,outputs/c07_final_8b6c6bf,8b6c6bf96f05abb9a445fae98a7bba1bce888eb3,5bbfb4089f8029c74f40422e4e86f7cd9103392ccae8c4d608ca48d4151e57b8,eca66e9c002e5c5a1bf1df3181c12272eead0872c0ba0268806c24189dd1b2d2,1c68f92e55b2fad4dc206b3dbcbb51b5957c0a30328293bf439f17f0cb59672b,mean,clipped,signed_error,13.2071143222664,reconstructed,259,True
C07,FD002,primary,137,C07_FD002_8b6c6bf96f05_seed_137,outputs/c07_final_8b6c6bf,8b6c6bf96f05abb9a445fae98a7bba1bce888eb3,5bbfb4089f8029c74f40422e4e86f7cd9103392ccae8c4d608ca48d4151e57b8,eca66e9c002e5c5a1bf1df3181c12272eead0872c0ba0268806c24189dd1b2d2,1c68f92e55b2fad4dc206b3dbcbb51b5957c0a30328293bf439f17f0cb59672b,mean,clipped,nasa_score,115418.56598318409,reconstructed,259,True
C07,FD002,primary,137,C07_FD002_8b6c6bf96f05_seed_137,outputs/c07_final_8b6c6bf,8b6c6bf96f05abb9a445fae98a7bba1bce888eb3,5bbfb4089f8029c74f40422e4e86f7cd9103392ccae8c4d608ca48d4151e57b8,eca66e9c002e5c5a1bf1df3181c12272eead0872c0ba0268806c24189dd1b2d2,1c68f92e55b2fad4dc206b3dbcbb51b5957c0a30328293bf439f17f0cb59672b,ridge,raw,rmse,2598504473195521.0,reconstructed,259,PENDING
C07,FD002,primary,137,C07_FD002_8b6c6bf96f05_seed_137,outputs/c07_final_8b6c6bf,8b6c6bf96f05abb9a445fae98a7bba1bce888eb3,5bbfb4089f8029c74f40422e4e86f7cd9103392ccae8c4d608ca48d4151e57b8,eca66e9c002e5c5a1bf1df3181c12272eead0872c0ba0268806c24189dd1b2d2,1c68f92e55b2fad4dc206b3dbcbb51b5957c0a30328293bf439f17f0cb59672b,ridge,raw,mae,2528961366894515.0,reconstructed,259,PENDING
C07,FD002,primary,137,C07_FD002_8b6c6bf96f05_seed_137,outputs/c07_final_8b6c6bf,8b6c6bf96f05abb9a445fae98a7bba1bce888eb3,5bbfb4089f8029c74f40422e4e86f7cd9103392ccae8c4d608ca48d4151e57b8,eca66e9c002e5c5a1bf1df3181c12272eead0872c0ba0268806c24189dd1b2d2,1c68f92e55b2fad4dc206b3dbcbb51b5957c0a30328293bf439f17f0cb59672b,ridge,raw,signed_error,2528961366894515.0,reconstructed,259,PENDING
C07,FD002,primary,137,C07_FD002_8b6c6bf96f05_seed_137,outputs/c07_final_8b6c6bf,8b6c6bf96f05abb9a445fae98a7bba1bce888eb3,5bbfb4089f8029c74f40422e4e86f7cd9103392ccae8c4d608ca48d4151e57b8,eca66e9c002e5c5a1bf1df3181c12272eead0872c0ba0268806c24189dd1b2d2,1c68f92e55b2fad4dc206b3dbcbb51b5957c0a30328293bf439f17f0cb59672b,ridge,raw,nasa_score,PENDING,nonfinite_on_raw_support,259,PENDING
C07,FD002,primary,137,C07_FD002_8b6c6bf96f05_seed_137,outputs/c07_final_8b6c6bf,8b6c6bf96f05abb9a445fae98a7bba1bce888eb3,5bbfb4089f8029c74f40422e4e86f7cd9103392ccae8c4d608ca48d4151e57b8,eca66e9c002e5c5a1bf1df3181c12272eead0872c0ba0268806c24189dd1b2d2,1c68f92e55b2fad4dc206b3dbcbb51b5957c0a30328293bf439f17f0cb59672b,ridge,clipped,rmse,66.90577134584309,reconstructed,259,True
C07,FD002,primary,137,C07_FD002_8b6c6bf96f05_seed_137,outputs/c07_final_8b6c6bf,8b6c6bf96f05abb9a445fae98a7bba1bce888eb3,5bbfb4089f8029c74f40422e4e86f7cd9103392ccae8c4d608ca48d4151e57b8,eca66e9c002e5c5a1bf1df3181c12272eead0872c0ba0268806c24189dd1b2d2,1c68f92e55b2fad4dc206b3dbcbb51b5957c0a30328293bf439f17f0cb59672b,ridge,clipped,mae,51.30888030888031,reconstructed,259,True
C07,FD002,primary,137,C07_FD002_8b6c6bf96f05_seed_137,outputs/c07_final_8b6c6bf,8b6c6bf96f05abb9a445fae98a7bba1bce888eb3,5bbfb4089f8029c74f40422e4e86f7cd9103392ccae8c4d608ca48d4151e57b8,eca66e9c002e5c5a1bf1df3181c12272eead0872c0ba0268806c24189dd1b2d2,1c68f92e55b2fad4dc206b3dbcbb51b5957c0a30328293bf439f17f0cb59672b,ridge,clipped,signed_error,51.30888030888031,reconstructed,259,True
C07,FD002,primary,137,C07_FD002_8b6c6bf96f05_seed_137,outputs/c07_final_8b6c6bf,8b6c6bf96f05abb9a445fae98a7bba1bce888eb3,5bbfb4089f8029c74f40422e4e86f7cd9103392ccae8c4d608ca48d4151e57b8,eca66e9c002e5c5a1bf1df3181c12272eead0872c0ba0268806c24189dd1b2d2,1c68f92e55b2fad4dc206b3dbcbb51b5957c0a30328293bf439f17f0cb59672b,ridge,clipped,nasa_score,5161052.450362769,reconstructed,259,True
C07,FD002,primary,137,C07_FD002_8b6c6bf96f05_seed_137,outputs/c07_final_8b6c6bf,8b6c6bf96f05abb9a445fae98a7bba1bce888eb3,5bbfb4089f8029c74f40422e4e86f7cd9103392ccae8c4d608ca48d4151e57b8,eca66e9c002e5c5a1bf1df3181c12272eead0872c0ba0268806c24189dd1b2d2,1c68f92e55b2fad4dc206b3dbcbb51b5957c0a30328293bf439f17f0cb59672b,hist_gradient_boosting,raw,rmse,48.159401112908846,reconstructed,259,PENDING
C07,FD002,primary,137,C07_FD002_8b6c6bf96f05_seed_137,outputs/c07_final_8b6c6bf,8b6c6bf96f05abb9a445fae98a7bba1bce888eb3,5bbfb4089f8029c74f40422e4e86f7cd9103392ccae8c4d608ca48d4151e57b8,eca66e9c002e5c5a1bf1df3181c12272eead0872c0ba0268806c24189dd1b2d2,1c68f92e55b2fad4dc206b3dbcbb51b5957c0a30328293bf439f17f0cb59672b,hist_gradient_boosting,raw,mae,39.85505061287005,reconstructed,259,PENDING
C07,FD002,primary,137,C07_FD002_8b6c6bf96f05_seed_137,outputs/c07_final_8b6c6bf,8b6c6bf96f05abb9a445fae98a7bba1bce888eb3,5bbfb4089f8029c74f40422e4e86f7cd9103392ccae8c4d608ca48d4151e57b8,eca66e9c002e5c5a1bf1df3181c12272eead0872c0ba0268806c24189dd1b2d2,1c68f92e55b2fad4dc206b3dbcbb51b5957c0a30328293bf439f17f0cb59672b,hist_gradient_boosting,raw,signed_error,-9.138285055458702,reconstructed,259,PENDING
C07,FD002,primary,137,C07_FD002_8b6c6bf96f05_seed_137,outputs/c07_final_8b6c6bf,8b6c6bf96f05abb9a445fae98a7bba1bce888eb3,5bbfb4089f8029c74f40422e4e86f7cd9103392ccae8c4d608ca48d4151e57b8,eca66e9c002e5c5a1bf1df3181c12272eead0872c0ba0268806c24189dd1b2d2,1c68f92e55b2fad4dc206b3dbcbb51b5957c0a30328293bf439f17f0cb59672b,hist_gradient_boosting,raw,nasa_score,95083.48882924228,reconstructed,259,PENDING
C07,FD002,primary,137,C07_FD002_8b6c6bf96f05_seed_137,outputs/c07_final_8b6c6bf,8b6c6bf96f05abb9a445fae98a7bba1bce888eb3,5bbfb4089f8029c74f40422e4e86f7cd9103392ccae8c4d608ca48d4151e57b8,eca66e9c002e5c5a1bf1df3181c12272eead0872c0ba0268806c24189dd1b2d2,1c68f92e55b2fad4dc206b3dbcbb51b5957c0a30328293bf439f17f0cb59672b,hist_gradient_boosting,clipped,rmse,36.89607283984533,reconstructed,259,True
C07,FD002,primary,137,C07_FD002_8b6c6bf96f05_seed_137,outputs/c07_final_8b6c6bf,8b6c6bf96f05abb9a445fae98a7bba1bce888eb3,5bbfb4089f8029c74f40422e4e86f7cd9103392ccae8c4d608ca48d4151e57b8,eca66e9c002e5c5a1bf1df3181c12272eead0872c0ba0268806c24189dd1b2d2,1c68f92e55b2fad4dc206b3dbcbb51b5957c0a30328293bf439f17f0cb59672b,hist_gradient_boosting,clipped,mae,32.36084211866155,reconstructed,259,True
C07,FD002,primary,137,C07_FD002_8b6c6bf96f05_seed_137,outputs/c07_final_8b6c6bf,8b6c6bf96f05abb9a445fae98a7bba1bce888eb3,5bbfb4089f8029c74f40422e4e86f7cd9103392ccae8c4d608ca48d4151e57b8,eca66e9c002e5c5a1bf1df3181c12272eead0872c0ba0268806c24189dd1b2d2,1c68f92e55b2fad4dc206b3dbcbb51b5957c0a30328293bf439f17f0cb59672b,hist_gradient_boosting,clipped,signed_error,-1.6440765612502064,reconstructed,259,True
C07,FD002,primary,137,C07_FD002_8b6c6bf96f05_seed_137,outputs/c07_final_8b6c6bf,8b6c6bf96f05abb9a445fae98a7bba1bce888eb3,5bbfb4089f8029c74f40422e4e86f7cd9103392ccae8c4d608ca48d4151e57b8,eca66e9c002e5c5a1bf1df3181c12272eead0872c0ba0268806c24189dd1b2d2,1c68f92e55b2fad4dc206b3dbcbb51b5957c0a30328293bf439f17f0cb59672b,hist_gradient_boosting,clipped,nasa_score,17670.32545856463,reconstructed,259,True
C07,FD004,primary,13,C07_FD004_8b6c6bf96f05_seed_13,outputs/c07_final_8b6c6bf,8b6c6bf96f05abb9a445fae98a7bba1bce888eb3,43dbdc130184aeffecbb6903fcdf01d82d38e06597714e4487e40e4b0e0154a5,ab66c83a8c60904dee209014a246674da9925e8cb45f1aaf3a253b4f6faa7dbd,fa3cede489b1afdeed35466134728cb2bd5e5242649ba073ba927cd7a77398a0,mean,raw,rmse,54.537551850288985,reconstructed,248,PENDING
C07,FD004,primary,13,C07_FD004_8b6c6bf96f05_seed_13,outputs/c07_final_8b6c6bf,8b6c6bf96f05abb9a445fae98a7bba1bce888eb3,43dbdc130184aeffecbb6903fcdf01d82d38e06597714e4487e40e4b0e0154a5,ab66c83a8c60904dee209014a246674da9925e8cb45f1aaf3a253b4f6faa7dbd,fa3cede489b1afdeed35466134728cb2bd5e5242649ba073ba927cd7a77398a0,mean,raw,mae,46.50695742260502,reconstructed,248,PENDING
C07,FD004,primary,13,C07_FD004_8b6c6bf96f05_seed_13,outputs/c07_final_8b6c6bf,8b6c6bf96f05abb9a445fae98a7bba1bce888eb3,43dbdc130184aeffecbb6903fcdf01d82d38e06597714e4487e40e4b0e0154a5,ab66c83a8c60904dee209014a246674da9925e8cb45f1aaf3a253b4f6faa7dbd,fa3cede489b1afdeed35466134728cb2bd5e5242649ba073ba927cd7a77398a0,mean,raw,signed_error,-1.224963435443253,reconstructed,248,PENDING
C07,FD004,primary,13,C07_FD004_8b6c6bf96f05_seed_13,outputs/c07_final_8b6c6bf,8b6c6bf96f05abb9a445fae98a7bba1bce888eb3,43dbdc130184aeffecbb6903fcdf01d82d38e06597714e4487e40e4b0e0154a5,ab66c83a8c60904dee209014a246674da9925e8cb45f1aaf3a253b4f6faa7dbd,fa3cede489b1afdeed35466134728cb2bd5e5242649ba073ba927cd7a77398a0,mean,raw,nasa_score,122812.4468002112,reconstructed,248,PENDING
C07,FD004,primary,13,C07_FD004_8b6c6bf96f05_seed_13,outputs/c07_final_8b6c6bf,8b6c6bf96f05abb9a445fae98a7bba1bce888eb3,43dbdc130184aeffecbb6903fcdf01d82d38e06597714e4487e40e4b0e0154a5,ab66c83a8c60904dee209014a246674da9925e8cb45f1aaf3a253b4f6faa7dbd,fa3cede489b1afdeed35466134728cb2bd5e5242649ba073ba927cd7a77398a0,mean,clipped,rmse,43.62521102899912,reconstructed,248,True
C07,FD004,primary,13,C07_FD004_8b6c6bf96f05_seed_13,outputs/c07_final_8b6c6bf,8b6c6bf96f05abb9a445fae98a7bba1bce888eb3,43dbdc130184aeffecbb6903fcdf01d82d38e06597714e4487e40e4b0e0154a5,ab66c83a8c60904dee209014a246674da9925e8cb45f1aaf3a253b4f6faa7dbd,fa3cede489b1afdeed35466134728cb2bd5e5242649ba073ba927cd7a77398a0,mean,clipped,mae,37.81340903550825,reconstructed,248,True
C07,FD004,primary,13,C07_FD004_8b6c6bf96f05_seed_13,outputs/c07_final_8b6c6bf,8b6c6bf96f05abb9a445fae98a7bba1bce888eb3,43dbdc130184aeffecbb6903fcdf01d82d38e06597714e4487e40e4b0e0154a5,ab66c83a8c60904dee209014a246674da9925e8cb45f1aaf3a253b4f6faa7dbd,fa3cede489b1afdeed35466134728cb2bd5e5242649ba073ba927cd7a77398a0,mean,clipped,signed_error,7.468584951653569,reconstructed,248,True
C07,FD004,primary,13,C07_FD004_8b6c6bf96f05_seed_13,outputs/c07_final_8b6c6bf,8b6c6bf96f05abb9a445fae98a7bba1bce888eb3,43dbdc130184aeffecbb6903fcdf01d82d38e06597714e4487e40e4b0e0154a5,ab66c83a8c60904dee209014a246674da9925e8cb45f1aaf3a253b4f6faa7dbd,fa3cede489b1afdeed35466134728cb2bd5e5242649ba073ba927cd7a77398a0,mean,clipped,nasa_score,77751.45934099765,reconstructed,248,True
C07,FD004,primary,13,C07_FD004_8b6c6bf96f05_seed_13,outputs/c07_final_8b6c6bf,8b6c6bf96f05abb9a445fae98a7bba1bce888eb3,43dbdc130184aeffecbb6903fcdf01d82d38e06597714e4487e40e4b0e0154a5,ab66c83a8c60904dee209014a246674da9925e8cb45f1aaf3a253b4f6faa7dbd,fa3cede489b1afdeed35466134728cb2bd5e5242649ba073ba927cd7a77398a0,ridge,raw,rmse,362396371126029.0,reconstructed,248,PENDING
C07,FD004,primary,13,C07_FD004_8b6c6bf96f05_seed_13,outputs/c07_final_8b6c6bf,8b6c6bf96f05abb9a445fae98a7bba1bce888eb3,43dbdc130184aeffecbb6903fcdf01d82d38e06597714e4487e40e4b0e0154a5,ab66c83a8c60904dee209014a246674da9925e8cb45f1aaf3a253b4f6faa7dbd,fa3cede489b1afdeed35466134728cb2bd5e5242649ba073ba927cd7a77398a0,ridge,raw,mae,344254733806005.7,reconstructed,248,PENDING
C07,FD004,primary,13,C07_FD004_8b6c6bf96f05_seed_13,outputs/c07_final_8b6c6bf,8b6c6bf96f05abb9a445fae98a7bba1bce888eb3,43dbdc130184aeffecbb6903fcdf01d82d38e06597714e4487e40e4b0e0154a5,ab66c83a8c60904dee209014a246674da9925e8cb45f1aaf3a253b4f6faa7dbd,fa3cede489b1afdeed35466134728cb2bd5e5242649ba073ba927cd7a77398a0,ridge,raw,signed_error,-343067048219926.25,reconstructed,248,PENDING
C07,FD004,primary,13,C07_FD004_8b6c6bf96f05_seed_13,outputs/c07_final_8b6c6bf,8b6c6bf96f05abb9a445fae98a7bba1bce888eb3,43dbdc130184aeffecbb6903fcdf01d82d38e06597714e4487e40e4b0e0154a5,ab66c83a8c60904dee209014a246674da9925e8cb45f1aaf3a253b4f6faa7dbd,fa3cede489b1afdeed35466134728cb2bd5e5242649ba073ba927cd7a77398a0,ridge,raw,nasa_score,PENDING,nonfinite_on_raw_support,248,PENDING
C07,FD004,primary,13,C07_FD004_8b6c6bf96f05_seed_13,outputs/c07_final_8b6c6bf,8b6c6bf96f05abb9a445fae98a7bba1bce888eb3,43dbdc130184aeffecbb6903fcdf01d82d38e06597714e4487e40e4b0e0154a5,ab66c83a8c60904dee209014a246674da9925e8cb45f1aaf3a253b4f6faa7dbd,fa3cede489b1afdeed35466134728cb2bd5e5242649ba073ba927cd7a77398a0,ridge,clipped,rmse,89.52218593283762,reconstructed,248,True
C07,FD004,primary,13,C07_FD004_8b6c6bf96f05_seed_13,outputs/c07_final_8b6c6bf,8b6c6bf96f05abb9a445fae98a7bba1bce888eb3,43dbdc130184aeffecbb6903fcdf01d82d38e06597714e4487e40e4b0e0154a5,ab66c83a8c60904dee209014a246674da9925e8cb45f1aaf3a253b4f6faa7dbd,fa3cede489b1afdeed35466134728cb2bd5e5242649ba073ba927cd7a77398a0,ridge,clipped,mae,78.6975806451613,reconstructed,248,True
C07,FD004,primary,13,C07_FD004_8b6c6bf96f05_seed_13,outputs/c07_final_8b6c6bf,8b6c6bf96f05abb9a445fae98a7bba1bce888eb3,43dbdc130184aeffecbb6903fcdf01d82d38e06597714e4487e40e4b0e0154a5,ab66c83a8c60904dee209014a246674da9925e8cb45f1aaf3a253b4f6faa7dbd,fa3cede489b1afdeed35466134728cb2bd5e5242649ba073ba927cd7a77398a0,ridge,clipped,signed_error,-76.8508064516129,reconstructed,248,True
C07,FD004,primary,13,C07_FD004_8b6c6bf96f05_seed_13,outputs/c07_final_8b6c6bf,8b6c6bf96f05abb9a445fae98a7bba1bce888eb3,43dbdc130184aeffecbb6903fcdf01d82d38e06597714e4487e40e4b0e0154a5,ab66c83a8c60904dee209014a246674da9925e8cb45f1aaf3a253b4f6faa7dbd,fa3cede489b1afdeed35466134728cb2bd5e5242649ba073ba927cd7a77398a0,ridge,clipped,nasa_score,1458112.1708468227,reconstructed,248,True
C07,FD004,primary,13,C07_FD004_8b6c6bf96f05_seed_13,outputs/c07_final_8b6c6bf,8b6c6bf96f05abb9a445fae98a7bba1bce888eb3,43dbdc130184aeffecbb6903fcdf01d82d38e06597714e4487e40e4b0e0154a5,ab66c83a8c60904dee209014a246674da9925e8cb45f1aaf3a253b4f6faa7dbd,fa3cede489b1afdeed35466134728cb2bd5e5242649ba073ba927cd7a77398a0,hist_gradient_boosting,raw,rmse,49.29155412571962,reconstructed,248,PENDING
C07,FD004,primary,13,C07_FD004_8b6c6bf96f05_seed_13,outputs/c07_final_8b6c6bf,8b6c6bf96f05abb9a445fae98a7bba1bce888eb3,43dbdc130184aeffecbb6903fcdf01d82d38e06597714e4487e40e4b0e0154a5,ab66c83a8c60904dee209014a246674da9925e8cb45f1aaf3a253b4f6faa7dbd,fa3cede489b1afdeed35466134728cb2bd5e5242649ba073ba927cd7a77398a0,hist_gradient_boosting,raw,mae,41.630648622719924,reconstructed,248,PENDING
C07,FD004,primary,13,C07_FD004_8b6c6bf96f05_seed_13,outputs/c07_final_8b6c6bf,8b6c6bf96f05abb9a445fae98a7bba1bce888eb3,43dbdc130184aeffecbb6903fcdf01d82d38e06597714e4487e40e4b0e0154a5,ab66c83a8c60904dee209014a246674da9925e8cb45f1aaf3a253b4f6faa7dbd,fa3cede489b1afdeed35466134728cb2bd5e5242649ba073ba927cd7a77398a0,hist_gradient_boosting,raw,signed_error,-6.5524768080798825,reconstructed,248,PENDING
C07,FD004,primary,13,C07_FD004_8b6c6bf96f05_seed_13,outputs/c07_final_8b6c6bf,8b6c6bf96f05abb9a445fae98a7bba1bce888eb3,43dbdc130184aeffecbb6903fcdf01d82d38e06597714e4487e40e4b0e0154a5,ab66c83a8c60904dee209014a246674da9925e8cb45f1aaf3a253b4f6faa7dbd,fa3cede489b1afdeed35466134728cb2bd5e5242649ba073ba927cd7a77398a0,hist_gradient_boosting,raw,nasa_score,83316.02286836035,reconstructed,248,PENDING
C07,FD004,primary,13,C07_FD004_8b6c6bf96f05_seed_13,outputs/c07_final_8b6c6bf,8b6c6bf96f05abb9a445fae98a7bba1bce888eb3,43dbdc130184aeffecbb6903fcdf01d82d38e06597714e4487e40e4b0e0154a5,ab66c83a8c60904dee209014a246674da9925e8cb45f1aaf3a253b4f6faa7dbd,fa3cede489b1afdeed35466134728cb2bd5e5242649ba073ba927cd7a77398a0,hist_gradient_boosting,clipped,rmse,38.05863709706716,reconstructed,248,True
C07,FD004,primary,13,C07_FD004_8b6c6bf96f05_seed_13,outputs/c07_final_8b6c6bf,8b6c6bf96f05abb9a445fae98a7bba1bce888eb3,43dbdc130184aeffecbb6903fcdf01d82d38e06597714e4487e40e4b0e0154a5,ab66c83a8c60904dee209014a246674da9925e8cb45f1aaf3a253b4f6faa7dbd,fa3cede489b1afdeed35466134728cb2bd5e5242649ba073ba927cd7a77398a0,hist_gradient_boosting,clipped,mae,32.93710023562315,reconstructed,248,True
C07,FD004,primary,13,C07_FD004_8b6c6bf96f05_seed_13,outputs/c07_final_8b6c6bf,8b6c6bf96f05abb9a445fae98a7bba1bce888eb3,43dbdc130184aeffecbb6903fcdf01d82d38e06597714e4487e40e4b0e0154a5,ab66c83a8c60904dee209014a246674da9925e8cb45f1aaf3a253b4f6faa7dbd,fa3cede489b1afdeed35466134728cb2bd5e5242649ba073ba927cd7a77398a0,hist_gradient_boosting,clipped,signed_error,2.141071579016898,reconstructed,248,True
C07,FD004,primary,13,C07_FD004_8b6c6bf96f05_seed_13,outputs/c07_final_8b6c6bf,8b6c6bf96f05abb9a445fae98a7bba1bce888eb3,43dbdc130184aeffecbb6903fcdf01d82d38e06597714e4487e40e4b0e0154a5,ab66c83a8c60904dee209014a246674da9925e8cb45f1aaf3a253b4f6faa7dbd,fa3cede489b1afdeed35466134728cb2bd5e5242649ba073ba927cd7a77398a0,hist_gradient_boosting,clipped,nasa_score,25049.10463353295,reconstructed,248,True
C07,FD004,primary,37,C07_FD004_8b6c6bf96f05_seed_37,outputs/c07_final_8b6c6bf,8b6c6bf96f05abb9a445fae98a7bba1bce888eb3,a322bb46b08cf2769a1ba91dc02d96ccfdb139c3761043263387978b0365c2f4,d0dcc4385a59343bf8a51b5701aa8af93854b1333e41cc64e91e0fcae8f7530c,89602c805fa97837bd126b9f75334225fcc55ec9abaecbbf6b365f34ab3481ad,mean,raw,rmse,54.5317191767914,reconstructed,248,PENDING
C07,FD004,primary,37,C07_FD004_8b6c6bf96f05_seed_37,outputs/c07_final_8b6c6bf,8b6c6bf96f05abb9a445fae98a7bba1bce888eb3,a322bb46b08cf2769a1ba91dc02d96ccfdb139c3761043263387978b0365c2f4,d0dcc4385a59343bf8a51b5701aa8af93854b1333e41cc64e91e0fcae8f7530c,89602c805fa97837bd126b9f75334225fcc55ec9abaecbbf6b365f34ab3481ad,mean,raw,mae,46.45982149717992,reconstructed,248,PENDING
C07,FD004,primary,37,C07_FD004_8b6c6bf96f05_seed_37,outputs/c07_final_8b6c6bf,8b6c6bf96f05abb9a445fae98a7bba1bce888eb3,a322bb46b08cf2769a1ba91dc02d96ccfdb139c3761043263387978b0365c2f4,d0dcc4385a59343bf8a51b5701aa8af93854b1333e41cc64e91e0fcae8f7530c,89602c805fa97837bd126b9f75334225fcc55ec9abaecbbf6b365f34ab3481ad,mean,raw,signed_error,0.9297149948516258,reconstructed,248,PENDING
C07,FD004,primary,37,C07_FD004_8b6c6bf96f05_seed_37,outputs/c07_final_8b6c6bf,8b6c6bf96f05abb9a445fae98a7bba1bce888eb3,a322bb46b08cf2769a1ba91dc02d96ccfdb139c3761043263387978b0365c2f4,d0dcc4385a59343bf8a51b5701aa8af93854b1333e41cc64e91e0fcae8f7530c,89602c805fa97837bd126b9f75334225fcc55ec9abaecbbf6b365f34ab3481ad,mean,raw,nasa_score,133986.74195133618,reconstructed,248,PENDING
C07,FD004,primary,37,C07_FD004_8b6c6bf96f05_seed_37,outputs/c07_final_8b6c6bf,8b6c6bf96f05abb9a445fae98a7bba1bce888eb3,a322bb46b08cf2769a1ba91dc02d96ccfdb139c3761043263387978b0365c2f4,d0dcc4385a59343bf8a51b5701aa8af93854b1333e41cc64e91e0fcae8f7530c,89602c805fa97837bd126b9f75334225fcc55ec9abaecbbf6b365f34ab3481ad,mean,clipped,rmse,44.0452775478029,reconstructed,248,True
C07,FD004,primary,37,C07_FD004_8b6c6bf96f05_seed_37,outputs/c07_final_8b6c6bf,8b6c6bf96f05abb9a445fae98a7bba1bce888eb3,a322bb46b08cf2769a1ba91dc02d96ccfdb139c3761043263387978b0365c2f4,d0dcc4385a59343bf8a51b5701aa8af93854b1333e41cc64e91e0fcae8f7530c,89602c805fa97837bd126b9f75334225fcc55ec9abaecbbf6b365f34ab3481ad,mean,clipped,mae,37.76627311008314,reconstructed,248,True
C07,FD004,primary,37,C07_FD004_8b6c6bf96f05_seed_37,outputs/c07_final_8b6c6bf,8b6c6bf96f05abb9a445fae98a7bba1bce888eb3,a322bb46b08cf2769a1ba91dc02d96ccfdb139c3761043263387978b0365c2f4,d0dcc4385a59343bf8a51b5701aa8af93854b1333e41cc64e91e0fcae8f7530c,89602c805fa97837bd126b9f75334225fcc55ec9abaecbbf6b365f34ab3481ad,mean,clipped,signed_error,9.623263381948355,reconstructed,248,True
C07,FD004,primary,37,C07_FD004_8b6c6bf96f05_seed_37,outputs/c07_final_8b6c6bf,8b6c6bf96f05abb9a445fae98a7bba1bce888eb3,a322bb46b08cf2769a1ba91dc02d96ccfdb139c3761043263387978b0365c2f4,d0dcc4385a59343bf8a51b5701aa8af93854b1333e41cc64e91e0fcae8f7530c,89602c805fa97837bd126b9f75334225fcc55ec9abaecbbf6b365f34ab3481ad,mean,clipped,nasa_score,95808.24865150174,reconstructed,248,True
C07,FD004,primary,37,C07_FD004_8b6c6bf96f05_seed_37,outputs/c07_final_8b6c6bf,8b6c6bf96f05abb9a445fae98a7bba1bce888eb3,a322bb46b08cf2769a1ba91dc02d96ccfdb139c3761043263387978b0365c2f4,d0dcc4385a59343bf8a51b5701aa8af93854b1333e41cc64e91e0fcae8f7530c,89602c805fa97837bd126b9f75334225fcc55ec9abaecbbf6b365f34ab3481ad,ridge,raw,rmse,794742298582095.6,reconstructed,248,PENDING
C07,FD004,primary,37,C07_FD004_8b6c6bf96f05_seed_37,outputs/c07_final_8b6c6bf,8b6c6bf96f05abb9a445fae98a7bba1bce888eb3,a322bb46b08cf2769a1ba91dc02d96ccfdb139c3761043263387978b0365c2f4,d0dcc4385a59343bf8a51b5701aa8af93854b1333e41cc64e91e0fcae8f7530c,89602c805fa97837bd126b9f75334225fcc55ec9abaecbbf6b365f34ab3481ad,ridge,raw,mae,763505639971026.4,reconstructed,248,PENDING
C07,FD004,primary,37,C07_FD004_8b6c6bf96f05_seed_37,outputs/c07_final_8b6c6bf,8b6c6bf96f05abb9a445fae98a7bba1bce888eb3,a322bb46b08cf2769a1ba91dc02d96ccfdb139c3761043263387978b0365c2f4,d0dcc4385a59343bf8a51b5701aa8af93854b1333e41cc64e91e0fcae8f7530c,89602c805fa97837bd126b9f75334225fcc55ec9abaecbbf6b365f34ab3481ad,ridge,raw,signed_error,763505639971026.4,reconstructed,248,PENDING
C07,FD004,primary,37,C07_FD004_8b6c6bf96f05_seed_37,outputs/c07_final_8b6c6bf,8b6c6bf96f05abb9a445fae98a7bba1bce888eb3,a322bb46b08cf2769a1ba91dc02d96ccfdb139c3761043263387978b0365c2f4,d0dcc4385a59343bf8a51b5701aa8af93854b1333e41cc64e91e0fcae8f7530c,89602c805fa97837bd126b9f75334225fcc55ec9abaecbbf6b365f34ab3481ad,ridge,raw,nasa_score,PENDING,nonfinite_on_raw_support,248,PENDING
C07,FD004,primary,37,C07_FD004_8b6c6bf96f05_seed_37,outputs/c07_final_8b6c6bf,8b6c6bf96f05abb9a445fae98a7bba1bce888eb3,a322bb46b08cf2769a1ba91dc02d96ccfdb139c3761043263387978b0365c2f4,d0dcc4385a59343bf8a51b5701aa8af93854b1333e41cc64e91e0fcae8f7530c,89602c805fa97837bd126b9f75334225fcc55ec9abaecbbf6b365f34ab3481ad,ridge,clipped,rmse,63.793928571460825,reconstructed,248,True
C07,FD004,primary,37,C07_FD004_8b6c6bf96f05_seed_37,outputs/c07_final_8b6c6bf,8b6c6bf96f05abb9a445fae98a7bba1bce888eb3,a322bb46b08cf2769a1ba91dc02d96ccfdb139c3761043263387978b0365c2f4,d0dcc4385a59343bf8a51b5701aa8af93854b1333e41cc64e91e0fcae8f7530c,89602c805fa97837bd126b9f75334225fcc55ec9abaecbbf6b365f34ab3481ad,ridge,clipped,mae,47.141129032258064,reconstructed,248,True
C07,FD004,primary,37,C07_FD004_8b6c6bf96f05_seed_37,outputs/c07_final_8b6c6bf,8b6c6bf96f05abb9a445fae98a7bba1bce888eb3,a322bb46b08cf2769a1ba91dc02d96ccfdb139c3761043263387978b0365c2f4,d0dcc4385a59343bf8a51b5701aa8af93854b1333e41cc64e91e0fcae8f7530c,89602c805fa97837bd126b9f75334225fcc55ec9abaecbbf6b365f34ab3481ad,ridge,clipped,signed_error,47.141129032258064,reconstructed,248,True
C07,FD004,primary,37,C07_FD004_8b6c6bf96f05_seed_37,outputs/c07_final_8b6c6bf,8b6c6bf96f05abb9a445fae98a7bba1bce888eb3,a322bb46b08cf2769a1ba91dc02d96ccfdb139c3761043263387978b0365c2f4,d0dcc4385a59343bf8a51b5701aa8af93854b1333e41cc64e91e0fcae8f7530c,89602c805fa97837bd126b9f75334225fcc55ec9abaecbbf6b365f34ab3481ad,ridge,clipped,nasa_score,4028362.3307686197,reconstructed,248,True
C07,FD004,primary,37,C07_FD004_8b6c6bf96f05_seed_37,outputs/c07_final_8b6c6bf,8b6c6bf96f05abb9a445fae98a7bba1bce888eb3,a322bb46b08cf2769a1ba91dc02d96ccfdb139c3761043263387978b0365c2f4,d0dcc4385a59343bf8a51b5701aa8af93854b1333e41cc64e91e0fcae8f7530c,89602c805fa97837bd126b9f75334225fcc55ec9abaecbbf6b365f34ab3481ad,hist_gradient_boosting,raw,rmse,49.33270030665694,reconstructed,248,PENDING
C07,FD004,primary,37,C07_FD004_8b6c6bf96f05_seed_37,outputs/c07_final_8b6c6bf,8b6c6bf96f05abb9a445fae98a7bba1bce888eb3,a322bb46b08cf2769a1ba91dc02d96ccfdb139c3761043263387978b0365c2f4,d0dcc4385a59343bf8a51b5701aa8af93854b1333e41cc64e91e0fcae8f7530c,89602c805fa97837bd126b9f75334225fcc55ec9abaecbbf6b365f34ab3481ad,hist_gradient_boosting,raw,mae,41.958755650660564,reconstructed,248,PENDING
C07,FD004,primary,37,C07_FD004_8b6c6bf96f05_seed_37,outputs/c07_final_8b6c6bf,8b6c6bf96f05abb9a445fae98a7bba1bce888eb3,a322bb46b08cf2769a1ba91dc02d96ccfdb139c3761043263387978b0365c2f4,d0dcc4385a59343bf8a51b5701aa8af93854b1333e41cc64e91e0fcae8f7530c,89602c805fa97837bd126b9f75334225fcc55ec9abaecbbf6b365f34ab3481ad,hist_gradient_boosting,raw,signed_error,4.5328088991837,reconstructed,248,PENDING
C07,FD004,primary,37,C07_FD004_8b6c6bf96f05_seed_37,outputs/c07_final_8b6c6bf,8b6c6bf96f05abb9a445fae98a7bba1bce888eb3,a322bb46b08cf2769a1ba91dc02d96ccfdb139c3761043263387978b0365c2f4,d0dcc4385a59343bf8a51b5701aa8af93854b1333e41cc64e91e0fcae8f7530c,89602c805fa97837bd126b9f75334225fcc55ec9abaecbbf6b365f34ab3481ad,hist_gradient_boosting,raw,nasa_score,101030.85485950828,reconstructed,248,PENDING
C07,FD004,primary,37,C07_FD004_8b6c6bf96f05_seed_37,outputs/c07_final_8b6c6bf,8b6c6bf96f05abb9a445fae98a7bba1bce888eb3,a322bb46b08cf2769a1ba91dc02d96ccfdb139c3761043263387978b0365c2f4,d0dcc4385a59343bf8a51b5701aa8af93854b1333e41cc64e91e0fcae8f7530c,89602c805fa97837bd126b9f75334225fcc55ec9abaecbbf6b365f34ab3481ad,hist_gradient_boosting,clipped,rmse,40.63302930965304,reconstructed,248,True
C07,FD004,primary,37,C07_FD004_8b6c6bf96f05_seed_37,outputs/c07_final_8b6c6bf,8b6c6bf96f05abb9a445fae98a7bba1bce888eb3,a322bb46b08cf2769a1ba91dc02d96ccfdb139c3761043263387978b0365c2f4,d0dcc4385a59343bf8a51b5701aa8af93854b1333e41cc64e91e0fcae8f7530c,89602c805fa97837bd126b9f75334225fcc55ec9abaecbbf6b365f34ab3481ad,hist_gradient_boosting,clipped,mae,33.26520726356378,reconstructed,248,True
C07,FD004,primary,37,C07_FD004_8b6c6bf96f05_seed_37,outputs/c07_final_8b6c6bf,8b6c6bf96f05abb9a445fae98a7bba1bce888eb3,a322bb46b08cf2769a1ba91dc02d96ccfdb139c3761043263387978b0365c2f4,d0dcc4385a59343bf8a51b5701aa8af93854b1333e41cc64e91e0fcae8f7530c,89602c805fa97837bd126b9f75334225fcc55ec9abaecbbf6b365f34ab3481ad,hist_gradient_boosting,clipped,signed_error,13.22635728628047,reconstructed,248,True
C07,FD004,primary,37,C07_FD004_8b6c6bf96f05_seed_37,outputs/c07_final_8b6c6bf,8b6c6bf96f05abb9a445fae98a7bba1bce888eb3,a322bb46b08cf2769a1ba91dc02d96ccfdb139c3761043263387978b0365c2f4,d0dcc4385a59343bf8a51b5701aa8af93854b1333e41cc64e91e0fcae8f7530c,89602c805fa97837bd126b9f75334225fcc55ec9abaecbbf6b365f34ab3481ad,hist_gradient_boosting,clipped,nasa_score,79207.70290207573,reconstructed,248,True
C07,FD004,primary,73,C07_FD004_8b6c6bf96f05_seed_73,outputs/c07_final_8b6c6bf,8b6c6bf96f05abb9a445fae98a7bba1bce888eb3,9478a3bbb523a2c5cc5196ccaced88e2e6568d51fff0eb57a5f879d3f41b31aa,bbbdb7cbbeee572eef30661b0033fc38cae37502b1dce7d645a3d22ee2315ff4,ecbfe11191a8f811612edbe39237e2edfd38ab372acba59e179669574fef83c3,mean,raw,rmse,54.52379428868819,reconstructed,248,PENDING
C07,FD004,primary,73,C07_FD004_8b6c6bf96f05_seed_73,outputs/c07_final_8b6c6bf,8b6c6bf96f05abb9a445fae98a7bba1bce888eb3,9478a3bbb523a2c5cc5196ccaced88e2e6568d51fff0eb57a5f879d3f41b31aa,bbbdb7cbbeee572eef30661b0033fc38cae37502b1dce7d645a3d22ee2315ff4,ecbfe11191a8f811612edbe39237e2edfd38ab372acba59e179669574fef83c3,mean,raw,mae,46.4711033539355,reconstructed,248,PENDING
C07,FD004,primary,73,C07_FD004_8b6c6bf96f05_seed_73,outputs/c07_final_8b6c6bf,8b6c6bf96f05abb9a445fae98a7bba1bce888eb3,9478a3bbb523a2c5cc5196ccaced88e2e6568d51fff0eb57a5f879d3f41b31aa,bbbdb7cbbeee572eef30661b0033fc38cae37502b1dce7d645a3d22ee2315ff4,ecbfe11191a8f811612edbe39237e2edfd38ab372acba59e179669574fef83c3,mean,raw,signed_error,-0.010827298840012413,reconstructed,248,PENDING
C07,FD004,primary,73,C07_FD004_8b6c6bf96f05_seed_73,outputs/c07_final_8b6c6bf,8b6c6bf96f05abb9a445fae98a7bba1bce888eb3,9478a3bbb523a2c5cc5196ccaced88e2e6568d51fff0eb57a5f879d3f41b31aa,bbbdb7cbbeee572eef30661b0033fc38cae37502b1dce7d645a3d22ee2315ff4,ecbfe11191a8f811612edbe39237e2edfd38ab372acba59e179669574fef83c3,mean,raw,nasa_score,128476.18261481091,reconstructed,248,PENDING
C07,FD004,primary,73,C07_FD004_8b6c6bf96f05_seed_73,outputs/c07_final_8b6c6bf,8b6c6bf96f05abb9a445fae98a7bba1bce888eb3,9478a3bbb523a2c5cc5196ccaced88e2e6568d51fff0eb57a5f879d3f41b31aa,bbbdb7cbbeee572eef30661b0033fc38cae37502b1dce7d645a3d22ee2315ff4,ecbfe11191a8f811612edbe39237e2edfd38ab372acba59e179669574fef83c3,mean,clipped,rmse,43.849389068048595,reconstructed,248,True
C07,FD004,primary,73,C07_FD004_8b6c6bf96f05_seed_73,outputs/c07_final_8b6c6bf,8b6c6bf96f05abb9a445fae98a7bba1bce888eb3,9478a3bbb523a2c5cc5196ccaced88e2e6568d51fff0eb57a5f879d3f41b31aa,bbbdb7cbbeee572eef30661b0033fc38cae37502b1dce7d645a3d22ee2315ff4,ecbfe11191a8f811612edbe39237e2edfd38ab372acba59e179669574fef83c3,mean,clipped,mae,37.777554966838736,reconstructed,248,True
C07,FD004,primary,73,C07_FD004_8b6c6bf96f05_seed_73,outputs/c07_final_8b6c6bf,8b6c6bf96f05abb9a445fae98a7bba1bce888eb3,9478a3bbb523a2c5cc5196ccaced88e2e6568d51fff0eb57a5f879d3f41b31aa,bbbdb7cbbeee572eef30661b0033fc38cae37502b1dce7d645a3d22ee2315ff4,ecbfe11191a8f811612edbe39237e2edfd38ab372acba59e179669574fef83c3,mean,clipped,signed_error,8.682721088256768,reconstructed,248,True
C07,FD004,primary,73,C07_FD004_8b6c6bf96f05_seed_73,outputs/c07_final_8b6c6bf,8b6c6bf96f05abb9a445fae98a7bba1bce888eb3,9478a3bbb523a2c5cc5196ccaced88e2e6568d51fff0eb57a5f879d3f41b31aa,bbbdb7cbbeee572eef30661b0033fc38cae37502b1dce7d645a3d22ee2315ff4,ecbfe11191a8f811612edbe39237e2edfd38ab372acba59e179669574fef83c3,mean,clipped,nasa_score,87433.12252593246,reconstructed,248,True
C07,FD004,primary,73,C07_FD004_8b6c6bf96f05_seed_73,outputs/c07_final_8b6c6bf,8b6c6bf96f05abb9a445fae98a7bba1bce888eb3,9478a3bbb523a2c5cc5196ccaced88e2e6568d51fff0eb57a5f879d3f41b31aa,bbbdb7cbbeee572eef30661b0033fc38cae37502b1dce7d645a3d22ee2315ff4,ecbfe11191a8f811612edbe39237e2edfd38ab372acba59e179669574fef83c3,ridge,raw,rmse,46364627431317.01,reconstructed,248,PENDING
C07,FD004,primary,73,C07_FD004_8b6c6bf96f05_seed_73,outputs/c07_final_8b6c6bf,8b6c6bf96f05abb9a445fae98a7bba1bce888eb3,9478a3bbb523a2c5cc5196ccaced88e2e6568d51fff0eb57a5f879d3f41b31aa,bbbdb7cbbeee572eef30661b0033fc38cae37502b1dce7d645a3d22ee2315ff4,ecbfe11191a8f811612edbe39237e2edfd38ab372acba59e179669574fef83c3,ridge,raw,mae,38261058903513.06,reconstructed,248,PENDING
C07,FD004,primary,73,C07_FD004_8b6c6bf96f05_seed_73,outputs/c07_final_8b6c6bf,8b6c6bf96f05abb9a445fae98a7bba1bce888eb3,9478a3bbb523a2c5cc5196ccaced88e2e6568d51fff0eb57a5f879d3f41b31aa,bbbdb7cbbeee572eef30661b0033fc38cae37502b1dce7d645a3d22ee2315ff4,ecbfe11191a8f811612edbe39237e2edfd38ab372acba59e179669574fef83c3,ridge,raw,signed_error,32336360257038.008,reconstructed,248,PENDING
C07,FD004,primary,73,C07_FD004_8b6c6bf96f05_seed_73,outputs/c07_final_8b6c6bf,8b6c6bf96f05abb9a445fae98a7bba1bce888eb3,9478a3bbb523a2c5cc5196ccaced88e2e6568d51fff0eb57a5f879d3f41b31aa,bbbdb7cbbeee572eef30661b0033fc38cae37502b1dce7d645a3d22ee2315ff4,ecbfe11191a8f811612edbe39237e2edfd38ab372acba59e179669574fef83c3,ridge,raw,nasa_score,PENDING,nonfinite_on_raw_support,248,PENDING
C07,FD004,primary,73,C07_FD004_8b6c6bf96f05_seed_73,outputs/c07_final_8b6c6bf,8b6c6bf96f05abb9a445fae98a7bba1bce888eb3,9478a3bbb523a2c5cc5196ccaced88e2e6568d51fff0eb57a5f879d3f41b31aa,bbbdb7cbbeee572eef30661b0033fc38cae37502b1dce7d645a3d22ee2315ff4,ecbfe11191a8f811612edbe39237e2edfd38ab372acba59e179669574fef83c3,ridge,clipped,rmse,71.16971991133634,reconstructed,248,True
C07,FD004,primary,73,C07_FD004_8b6c6bf96f05_seed_73,outputs/c07_final_8b6c6bf,8b6c6bf96f05abb9a445fae98a7bba1bce888eb3,9478a3bbb523a2c5cc5196ccaced88e2e6568d51fff0eb57a5f879d3f41b31aa,bbbdb7cbbeee572eef30661b0033fc38cae37502b1dce7d645a3d22ee2315ff4,ecbfe11191a8f811612edbe39237e2edfd38ab372acba59e179669574fef83c3,ridge,clipped,mae,55.104838709677416,reconstructed,248,True
C07,FD004,primary,73,C07_FD004_8b6c6bf96f05_seed_73,outputs/c07_final_8b6c6bf,8b6c6bf96f05abb9a445fae98a7bba1bce888eb3,9478a3bbb523a2c5cc5196ccaced88e2e6568d51fff0eb57a5f879d3f41b31aa,bbbdb7cbbeee572eef30661b0033fc38cae37502b1dce7d645a3d22ee2315ff4,ecbfe11191a8f811612edbe39237e2edfd38ab372acba59e179669574fef83c3,ridge,clipped,signed_error,25.467741935483872,reconstructed,248,True
C07,FD004,primary,73,C07_FD004_8b6c6bf96f05_seed_73,outputs/c07_final_8b6c6bf,8b6c6bf96f05abb9a445fae98a7bba1bce888eb3,9478a3bbb523a2c5cc5196ccaced88e2e6568d51fff0eb57a5f879d3f41b31aa,bbbdb7cbbeee572eef30661b0033fc38cae37502b1dce7d645a3d22ee2315ff4,ecbfe11191a8f811612edbe39237e2edfd38ab372acba59e179669574fef83c3,ridge,clipped,nasa_score,3825106.5795476167,reconstructed,248,True
C07,FD004,primary,73,C07_FD004_8b6c6bf96f05_seed_73,outputs/c07_final_8b6c6bf,8b6c6bf96f05abb9a445fae98a7bba1bce888eb3,9478a3bbb523a2c5cc5196ccaced88e2e6568d51fff0eb57a5f879d3f41b31aa,bbbdb7cbbeee572eef30661b0033fc38cae37502b1dce7d645a3d22ee2315ff4,ecbfe11191a8f811612edbe39237e2edfd38ab372acba59e179669574fef83c3,hist_gradient_boosting,raw,rmse,53.52077560023986,reconstructed,248,PENDING
C07,FD004,primary,73,C07_FD004_8b6c6bf96f05_seed_73,outputs/c07_final_8b6c6bf,8b6c6bf96f05abb9a445fae98a7bba1bce888eb3,9478a3bbb523a2c5cc5196ccaced88e2e6568d51fff0eb57a5f879d3f41b31aa,bbbdb7cbbeee572eef30661b0033fc38cae37502b1dce7d645a3d22ee2315ff4,ecbfe11191a8f811612edbe39237e2edfd38ab372acba59e179669574fef83c3,hist_gradient_boosting,raw,mae,44.15492197207539,reconstructed,248,PENDING
C07,FD004,primary,73,C07_FD004_8b6c6bf96f05_seed_73,outputs/c07_final_8b6c6bf,8b6c6bf96f05abb9a445fae98a7bba1bce888eb3,9478a3bbb523a2c5cc5196ccaced88e2e6568d51fff0eb57a5f879d3f41b31aa,bbbdb7cbbeee572eef30661b0033fc38cae37502b1dce7d645a3d22ee2315ff4,ecbfe11191a8f811612edbe39237e2edfd38ab372acba59e179669574fef83c3,hist_gradient_boosting,raw,signed_error,-23.566205575439426,reconstructed,248,PENDING
C07,FD004,primary,73,C07_FD004_8b6c6bf96f05_seed_73,outputs/c07_final_8b6c6bf,8b6c6bf96f05abb9a445fae98a7bba1bce888eb3,9478a3bbb523a2c5cc5196ccaced88e2e6568d51fff0eb57a5f879d3f41b31aa,bbbdb7cbbeee572eef30661b0033fc38cae37502b1dce7d645a3d22ee2315ff4,ecbfe11191a8f811612edbe39237e2edfd38ab372acba59e179669574fef83c3,hist_gradient_boosting,raw,nasa_score,233885.7615548216,reconstructed,248,PENDING
C07,FD004,primary,73,C07_FD004_8b6c6bf96f05_seed_73,outputs/c07_final_8b6c6bf,8b6c6bf96f05abb9a445fae98a7bba1bce888eb3,9478a3bbb523a2c5cc5196ccaced88e2e6568d51fff0eb57a5f879d3f41b31aa,bbbdb7cbbeee572eef30661b0033fc38cae37502b1dce7d645a3d22ee2315ff4,ecbfe11191a8f811612edbe39237e2edfd38ab372acba59e179669574fef83c3,hist_gradient_boosting,clipped,rmse,40.55705025111984,reconstructed,248,True
C07,FD004,primary,73,C07_FD004_8b6c6bf96f05_seed_73,outputs/c07_final_8b6c6bf,8b6c6bf96f05abb9a445fae98a7bba1bce888eb3,9478a3bbb523a2c5cc5196ccaced88e2e6568d51fff0eb57a5f879d3f41b31aa,bbbdb7cbbeee572eef30661b0033fc38cae37502b1dce7d645a3d22ee2315ff4,ecbfe11191a8f811612edbe39237e2edfd38ab372acba59e179669574fef83c3,hist_gradient_boosting,clipped,mae,35.46137358497862,reconstructed,248,True
C07,FD004,primary,73,C07_FD004_8b6c6bf96f05_seed_73,outputs/c07_final_8b6c6bf,8b6c6bf96f05abb9a445fae98a7bba1bce888eb3,9478a3bbb523a2c5cc5196ccaced88e2e6568d51fff0eb57a5f879d3f41b31aa,bbbdb7cbbeee572eef30661b0033fc38cae37502b1dce7d645a3d22ee2315ff4,ecbfe11191a8f811612edbe39237e2edfd38ab372acba59e179669574fef83c3,hist_gradient_boosting,clipped,signed_error,-14.872657188342655,reconstructed,248,True
C07,FD004,primary,73,C07_FD004_8b6c6bf96f05_seed_73,outputs/c07_final_8b6c6bf,8b6c6bf96f05abb9a445fae98a7bba1bce888eb3,9478a3bbb523a2c5cc5196ccaced88e2e6568d51fff0eb57a5f879d3f41b31aa,bbbdb7cbbeee572eef30661b0033fc38cae37502b1dce7d645a3d22ee2315ff4,ecbfe11191a8f811612edbe39237e2edfd38ab372acba59e179669574fef83c3,hist_gradient_boosting,clipped,nasa_score,13996.77944936053,reconstructed,248,True
C07,FD004,primary,101,C07_FD004_8b6c6bf96f05_seed_101,outputs/c07_final_8b6c6bf,8b6c6bf96f05abb9a445fae98a7bba1bce888eb3,cbdb81022c5c0662398eebbc77ba09d53893314a92ad6edd146e0fb80ed82250,ee0ffd300d45749b208dd782c1169271bb893987fd205b5e6e824bf545063ea0,23a80e04ae84c5d3401af62d283770c016fe924479b372bc7047c480beb3c0d6,mean,raw,rmse,54.524097887139924,reconstructed,248,PENDING
C07,FD004,primary,101,C07_FD004_8b6c6bf96f05_seed_101,outputs/c07_final_8b6c6bf,8b6c6bf96f05abb9a445fae98a7bba1bce888eb3,cbdb81022c5c0662398eebbc77ba09d53893314a92ad6edd146e0fb80ed82250,ee0ffd300d45749b208dd782c1169271bb893987fd205b5e6e824bf545063ea0,23a80e04ae84c5d3401af62d283770c016fe924479b372bc7047c480beb3c0d6,mean,raw,mae,46.4679888084266,reconstructed,248,PENDING
C07,FD004,primary,101,C07_FD004_8b6c6bf96f05_seed_101,outputs/c07_final_8b6c6bf,8b6c6bf96f05abb9a445fae98a7bba1bce888eb3,cbdb81022c5c0662398eebbc77ba09d53893314a92ad6edd146e0fb80ed82250,ee0ffd300d45749b208dd782c1169271bb893987fd205b5e6e824bf545063ea0,23a80e04ae84c5d3401af62d283770c016fe924479b372bc7047c480beb3c0d6,mean,raw,signed_error,0.18227452271231512,reconstructed,248,PENDING
C07,FD004,primary,101,C07_FD004_8b6c6bf96f05_seed_101,outputs/c07_final_8b6c6bf,8b6c6bf96f05abb9a445fae98a7bba1bce888eb3,cbdb81022c5c0662398eebbc77ba09d53893314a92ad6edd146e0fb80ed82250,ee0ffd300d45749b208dd782c1169271bb893987fd205b5e6e824bf545063ea0,23a80e04ae84c5d3401af62d283770c016fe924479b372bc7047c480beb3c0d6,mean,raw,nasa_score,129525.32078744032,reconstructed,248,PENDING
C07,FD004,primary,101,C07_FD004_8b6c6bf96f05_seed_101,outputs/c07_final_8b6c6bf,8b6c6bf96f05abb9a445fae98a7bba1bce888eb3,cbdb81022c5c0662398eebbc77ba09d53893314a92ad6edd146e0fb80ed82250,ee0ffd300d45749b208dd782c1169271bb893987fd205b5e6e824bf545063ea0,23a80e04ae84c5d3401af62d283770c016fe924479b372bc7047c480beb3c0d6,mean,clipped,rmse,43.88803377312469,reconstructed,248,True
C07,FD004,primary,101,C07_FD004_8b6c6bf96f05_seed_101,outputs/c07_final_8b6c6bf,8b6c6bf96f05abb9a445fae98a7bba1bce888eb3,cbdb81022c5c0662398eebbc77ba09d53893314a92ad6edd146e0fb80ed82250,ee0ffd300d45749b208dd782c1169271bb893987fd205b5e6e824bf545063ea0,23a80e04ae84c5d3401af62d283770c016fe924479b372bc7047c480beb3c0d6,mean,clipped,mae,37.77444042132983,reconstructed,248,True
C07,FD004,primary,101,C07_FD004_8b6c6bf96f05_seed_101,outputs/c07_final_8b6c6bf,8b6c6bf96f05abb9a445fae98a7bba1bce888eb3,cbdb81022c5c0662398eebbc77ba09d53893314a92ad6edd146e0fb80ed82250,ee0ffd300d45749b208dd782c1169271bb893987fd205b5e6e824bf545063ea0,23a80e04ae84c5d3401af62d283770c016fe924479b372bc7047c480beb3c0d6,mean,clipped,signed_error,8.8758229098091,reconstructed,248,True
C07,FD004,primary,101,C07_FD004_8b6c6bf96f05_seed_101,outputs/c07_final_8b6c6bf,8b6c6bf96f05abb9a445fae98a7bba1bce888eb3,cbdb81022c5c0662398eebbc77ba09d53893314a92ad6edd146e0fb80ed82250,ee0ffd300d45749b208dd782c1169271bb893987fd205b5e6e824bf545063ea0,23a80e04ae84c5d3401af62d283770c016fe924479b372bc7047c480beb3c0d6,mean,clipped,nasa_score,89087.40819676843,reconstructed,248,True
C07,FD004,primary,101,C07_FD004_8b6c6bf96f05_seed_101,outputs/c07_final_8b6c6bf,8b6c6bf96f05abb9a445fae98a7bba1bce888eb3,cbdb81022c5c0662398eebbc77ba09d53893314a92ad6edd146e0fb80ed82250,ee0ffd300d45749b208dd782c1169271bb893987fd205b5e6e824bf545063ea0,23a80e04ae84c5d3401af62d283770c016fe924479b372bc7047c480beb3c0d6,ridge,raw,rmse,702396416672504.9,reconstructed,248,PENDING
C07,FD004,primary,101,C07_FD004_8b6c6bf96f05_seed_101,outputs/c07_final_8b6c6bf,8b6c6bf96f05abb9a445fae98a7bba1bce888eb3,cbdb81022c5c0662398eebbc77ba09d53893314a92ad6edd146e0fb80ed82250,ee0ffd300d45749b208dd782c1169271bb893987fd205b5e6e824bf545063ea0,23a80e04ae84c5d3401af62d283770c016fe924479b372bc7047c480beb3c0d6,ridge,raw,mae,682429634305791.0,reconstructed,248,PENDING
C07,FD004,primary,101,C07_FD004_8b6c6bf96f05_seed_101,outputs/c07_final_8b6c6bf,8b6c6bf96f05abb9a445fae98a7bba1bce888eb3,cbdb81022c5c0662398eebbc77ba09d53893314a92ad6edd146e0fb80ed82250,ee0ffd300d45749b208dd782c1169271bb893987fd205b5e6e824bf545063ea0,23a80e04ae84c5d3401af62d283770c016fe924479b372bc7047c480beb3c0d6,ridge,raw,signed_error,682429634305791.0,reconstructed,248,PENDING
C07,FD004,primary,101,C07_FD004_8b6c6bf96f05_seed_101,outputs/c07_final_8b6c6bf,8b6c6bf96f05abb9a445fae98a7bba1bce888eb3,cbdb81022c5c0662398eebbc77ba09d53893314a92ad6edd146e0fb80ed82250,ee0ffd300d45749b208dd782c1169271bb893987fd205b5e6e824bf545063ea0,23a80e04ae84c5d3401af62d283770c016fe924479b372bc7047c480beb3c0d6,ridge,raw,nasa_score,PENDING,nonfinite_on_raw_support,248,PENDING
C07,FD004,primary,101,C07_FD004_8b6c6bf96f05_seed_101,outputs/c07_final_8b6c6bf,8b6c6bf96f05abb9a445fae98a7bba1bce888eb3,cbdb81022c5c0662398eebbc77ba09d53893314a92ad6edd146e0fb80ed82250,ee0ffd300d45749b208dd782c1169271bb893987fd205b5e6e824bf545063ea0,23a80e04ae84c5d3401af62d283770c016fe924479b372bc7047c480beb3c0d6,ridge,clipped,rmse,63.793928571460825,reconstructed,248,True
C07,FD004,primary,101,C07_FD004_8b6c6bf96f05_seed_101,outputs/c07_final_8b6c6bf,8b6c6bf96f05abb9a445fae98a7bba1bce888eb3,cbdb81022c5c0662398eebbc77ba09d53893314a92ad6edd146e0fb80ed82250,ee0ffd300d45749b208dd782c1169271bb893987fd205b5e6e824bf545063ea0,23a80e04ae84c5d3401af62d283770c016fe924479b372bc7047c480beb3c0d6,ridge,clipped,mae,47.141129032258064,reconstructed,248,True
C07,FD004,primary,101,C07_FD004_8b6c6bf96f05_seed_101,outputs/c07_final_8b6c6bf,8b6c6bf96f05abb9a445fae98a7bba1bce888eb3,cbdb81022c5c0662398eebbc77ba09d53893314a92ad6edd146e0fb80ed82250,ee0ffd300d45749b208dd782c1169271bb893987fd205b5e6e824bf545063ea0,23a80e04ae84c5d3401af62d283770c016fe924479b372bc7047c480beb3c0d6,ridge,clipped,signed_error,47.141129032258064,reconstructed,248,True
C07,FD004,primary,101,C07_FD004_8b6c6bf96f05_seed_101,outputs/c07_final_8b6c6bf,8b6c6bf96f05abb9a445fae98a7bba1bce888eb3,cbdb81022c5c0662398eebbc77ba09d53893314a92ad6edd146e0fb80ed82250,ee0ffd300d45749b208dd782c1169271bb893987fd205b5e6e824bf545063ea0,23a80e04ae84c5d3401af62d283770c016fe924479b372bc7047c480beb3c0d6,ridge,clipped,nasa_score,4028362.3307686197,reconstructed,248,True
C07,FD004,primary,101,C07_FD004_8b6c6bf96f05_seed_101,outputs/c07_final_8b6c6bf,8b6c6bf96f05abb9a445fae98a7bba1bce888eb3,cbdb81022c5c0662398eebbc77ba09d53893314a92ad6edd146e0fb80ed82250,ee0ffd300d45749b208dd782c1169271bb893987fd205b5e6e824bf545063ea0,23a80e04ae84c5d3401af62d283770c016fe924479b372bc7047c480beb3c0d6,hist_gradient_boosting,raw,rmse,49.91846260123437,reconstructed,248,PENDING
C07,FD004,primary,101,C07_FD004_8b6c6bf96f05_seed_101,outputs/c07_final_8b6c6bf,8b6c6bf96f05abb9a445fae98a7bba1bce888eb3,cbdb81022c5c0662398eebbc77ba09d53893314a92ad6edd146e0fb80ed82250,ee0ffd300d45749b208dd782c1169271bb893987fd205b5e6e824bf545063ea0,23a80e04ae84c5d3401af62d283770c016fe924479b372bc7047c480beb3c0d6,hist_gradient_boosting,raw,mae,42.37582047439279,reconstructed,248,PENDING
C07,FD004,primary,101,C07_FD004_8b6c6bf96f05_seed_101,outputs/c07_final_8b6c6bf,8b6c6bf96f05abb9a445fae98a7bba1bce888eb3,cbdb81022c5c0662398eebbc77ba09d53893314a92ad6edd146e0fb80ed82250,ee0ffd300d45749b208dd782c1169271bb893987fd205b5e6e824bf545063ea0,23a80e04ae84c5d3401af62d283770c016fe924479b372bc7047c480beb3c0d6,hist_gradient_boosting,raw,signed_error,-9.467298104998132,reconstructed,248,PENDING
C07,FD004,primary,101,C07_FD004_8b6c6bf96f05_seed_101,outputs/c07_final_8b6c6bf,8b6c6bf96f05abb9a445fae98a7bba1bce888eb3,cbdb81022c5c0662398eebbc77ba09d53893314a92ad6edd146e0fb80ed82250,ee0ffd300d45749b208dd782c1169271bb893987fd205b5e6e824bf545063ea0,23a80e04ae84c5d3401af62d283770c016fe924479b372bc7047c480beb3c0d6,hist_gradient_boosting,raw,nasa_score,86180.57929114882,reconstructed,248,PENDING
C07,FD004,primary,101,C07_FD004_8b6c6bf96f05_seed_101,outputs/c07_final_8b6c6bf,8b6c6bf96f05abb9a445fae98a7bba1bce888eb3,cbdb81022c5c0662398eebbc77ba09d53893314a92ad6edd146e0fb80ed82250,ee0ffd300d45749b208dd782c1169271bb893987fd205b5e6e824bf545063ea0,23a80e04ae84c5d3401af62d283770c016fe924479b372bc7047c480beb3c0d6,hist_gradient_boosting,clipped,rmse,38.46494356623428,reconstructed,248,True
C07,FD004,primary,101,C07_FD004_8b6c6bf96f05_seed_101,outputs/c07_final_8b6c6bf,8b6c6bf96f05abb9a445fae98a7bba1bce888eb3,cbdb81022c5c0662398eebbc77ba09d53893314a92ad6edd146e0fb80ed82250,ee0ffd300d45749b208dd782c1169271bb893987fd205b5e6e824bf545063ea0,23a80e04ae84c5d3401af62d283770c016fe924479b372bc7047c480beb3c0d6,hist_gradient_boosting,clipped,mae,33.68227208729601,reconstructed,248,True
C07,FD004,primary,101,C07_FD004_8b6c6bf96f05_seed_101,outputs/c07_final_8b6c6bf,8b6c6bf96f05abb9a445fae98a7bba1bce888eb3,cbdb81022c5c0662398eebbc77ba09d53893314a92ad6edd146e0fb80ed82250,ee0ffd300d45749b208dd782c1169271bb893987fd205b5e6e824bf545063ea0,23a80e04ae84c5d3401af62d283770c016fe924479b372bc7047c480beb3c0d6,hist_gradient_boosting,clipped,signed_error,-0.773749717901365,reconstructed,248,True
C07,FD004,primary,101,C07_FD004_8b6c6bf96f05_seed_101,outputs/c07_final_8b6c6bf,8b6c6bf96f05abb9a445fae98a7bba1bce888eb3,cbdb81022c5c0662398eebbc77ba09d53893314a92ad6edd146e0fb80ed82250,ee0ffd300d45749b208dd782c1169271bb893987fd205b5e6e824bf545063ea0,23a80e04ae84c5d3401af62d283770c016fe924479b372bc7047c480beb3c0d6,hist_gradient_boosting,clipped,nasa_score,23572.05542745196,reconstructed,248,True
C07,FD004,primary,137,C07_FD004_8b6c6bf96f05_seed_137,outputs/c07_final_8b6c6bf,8b6c6bf96f05abb9a445fae98a7bba1bce888eb3,c0ba64f841f371f33c3e2477f96954aa3371e3320f09857760768a4e90e766fd,b933906ce695cd239e926b4834e698b78f8cbc7a380c0e0bc2099a3999195855,f851924c02c96face15a14e8a33ea4686003114de870cf4f1bd3c9fb192de61f,mean,raw,rmse,54.52488985942891,reconstructed,248,PENDING
C07,FD004,primary,137,C07_FD004_8b6c6bf96f05_seed_137,outputs/c07_final_8b6c6bf,8b6c6bf96f05abb9a445fae98a7bba1bce888eb3,c0ba64f841f371f33c3e2477f96954aa3371e3320f09857760768a4e90e766fd,b933906ce695cd239e926b4834e698b78f8cbc7a380c0e0bc2099a3999195855,f851924c02c96face15a14e8a33ea4686003114de870cf4f1bd3c9fb192de61f,mean,raw,mae,46.46535106430022,reconstructed,248,PENDING
C07,FD004,primary,137,C07_FD004_8b6c6bf96f05_seed_137,outputs/c07_final_8b6c6bf,8b6c6bf96f05abb9a445fae98a7bba1bce888eb3,c0ba64f841f371f33c3e2477f96954aa3371e3320f09857760768a4e90e766fd,b933906ce695cd239e926b4834e698b78f8cbc7a380c0e0bc2099a3999195855,f851924c02c96face15a14e8a33ea4686003114de870cf4f1bd3c9fb192de61f,mean,raw,signed_error,0.34581465854730015,reconstructed,248,PENDING
C07,FD004,primary,137,C07_FD004_8b6c6bf96f05_seed_137,outputs/c07_final_8b6c6bf,8b6c6bf96f05abb9a445fae98a7bba1bce888eb3,c0ba64f841f371f33c3e2477f96954aa3371e3320f09857760768a4e90e766fd,b933906ce695cd239e926b4834e698b78f8cbc7a380c0e0bc2099a3999195855,f851924c02c96face15a14e8a33ea4686003114de870cf4f1bd3c9fb192de61f,mean,raw,nasa_score,130446.67001811249,reconstructed,248,PENDING
C07,FD004,primary,137,C07_FD004_8b6c6bf96f05_seed_137,outputs/c07_final_8b6c6bf,8b6c6bf96f05abb9a445fae98a7bba1bce888eb3,c0ba64f841f371f33c3e2477f96954aa3371e3320f09857760768a4e90e766fd,b933906ce695cd239e926b4834e698b78f8cbc7a380c0e0bc2099a3999195855,f851924c02c96face15a14e8a33ea4686003114de870cf4f1bd3c9fb192de61f,mean,clipped,rmse,43.921399800275005,reconstructed,248,True
C07,FD004,primary,137,C07_FD004_8b6c6bf96f05_seed_137,outputs/c07_final_8b6c6bf,8b6c6bf96f05abb9a445fae98a7bba1bce888eb3,c0ba64f841f371f33c3e2477f96954aa3371e3320f09857760768a4e90e766fd,b933906ce695cd239e926b4834e698b78f8cbc7a380c0e0bc2099a3999195855,f851924c02c96face15a14e8a33ea4686003114de870cf4f1bd3c9fb192de61f,mean,clipped,mae,37.771802677203446,reconstructed,248,True
C07,FD004,primary,137,C07_FD004_8b6c6bf96f05_seed_137,outputs/c07_final_8b6c6bf,8b6c6bf96f05abb9a445fae98a7bba1bce888eb3,c0ba64f841f371f33c3e2477f96954aa3371e3320f09857760768a4e90e766fd,b933906ce695cd239e926b4834e698b78f8cbc7a380c0e0bc2099a3999195855,f851924c02c96face15a14e8a33ea4686003114de870cf4f1bd3c9fb192de61f,mean,clipped,signed_error,9.039363045644082,reconstructed,248,True
C07,FD004,primary,137,C07_FD004_8b6c6bf96f05_seed_137,outputs/c07_final_8b6c6bf,8b6c6bf96f05abb9a445fae98a7bba1bce888eb3,c0ba64f841f371f33c3e2477f96954aa3371e3320f09857760768a4e90e766fd,b933906ce695cd239e926b4834e698b78f8cbc7a380c0e0bc2099a3999195855,f851924c02c96face15a14e8a33ea4686003114de870cf4f1bd3c9fb192de61f,mean,clipped,nasa_score,90514.28038149186,reconstructed,248,True
C07,FD004,primary,137,C07_FD004_8b6c6bf96f05_seed_137,outputs/c07_final_8b6c6bf,8b6c6bf96f05abb9a445fae98a7bba1bce888eb3,c0ba64f841f371f33c3e2477f96954aa3371e3320f09857760768a4e90e766fd,b933906ce695cd239e926b4834e698b78f8cbc7a380c0e0bc2099a3999195855,f851924c02c96face15a14e8a33ea4686003114de870cf4f1bd3c9fb192de61f,ridge,raw,rmse,2674508277211957.5,reconstructed,248,PENDING
C07,FD004,primary,137,C07_FD004_8b6c6bf96f05_seed_137,outputs/c07_final_8b6c6bf,8b6c6bf96f05abb9a445fae98a7bba1bce888eb3,c0ba64f841f371f33c3e2477f96954aa3371e3320f09857760768a4e90e766fd,b933906ce695cd239e926b4834e698b78f8cbc7a380c0e0bc2099a3999195855,f851924c02c96face15a14e8a33ea4686003114de870cf4f1bd3c9fb192de61f,ridge,raw,mae,2614423656526668.0,reconstructed,248,PENDING
C07,FD004,primary,137,C07_FD004_8b6c6bf96f05_seed_137,outputs/c07_final_8b6c6bf,8b6c6bf96f05abb9a445fae98a7bba1bce888eb3,c0ba64f841f371f33c3e2477f96954aa3371e3320f09857760768a4e90e766fd,b933906ce695cd239e926b4834e698b78f8cbc7a380c0e0bc2099a3999195855,f851924c02c96face15a14e8a33ea4686003114de870cf4f1bd3c9fb192de61f,ridge,raw,signed_error,2614423656526668.0,reconstructed,248,PENDING
C07,FD004,primary,137,C07_FD004_8b6c6bf96f05_seed_137,outputs/c07_final_8b6c6bf,8b6c6bf96f05abb9a445fae98a7bba1bce888eb3,c0ba64f841f371f33c3e2477f96954aa3371e3320f09857760768a4e90e766fd,b933906ce695cd239e926b4834e698b78f8cbc7a380c0e0bc2099a3999195855,f851924c02c96face15a14e8a33ea4686003114de870cf4f1bd3c9fb192de61f,ridge,raw,nasa_score,PENDING,nonfinite_on_raw_support,248,PENDING
C07,FD004,primary,137,C07_FD004_8b6c6bf96f05_seed_137,outputs/c07_final_8b6c6bf,8b6c6bf96f05abb9a445fae98a7bba1bce888eb3,c0ba64f841f371f33c3e2477f96954aa3371e3320f09857760768a4e90e766fd,b933906ce695cd239e926b4834e698b78f8cbc7a380c0e0bc2099a3999195855,f851924c02c96face15a14e8a33ea4686003114de870cf4f1bd3c9fb192de61f,ridge,clipped,rmse,63.793928571460825,reconstructed,248,True
C07,FD004,primary,137,C07_FD004_8b6c6bf96f05_seed_137,outputs/c07_final_8b6c6bf,8b6c6bf96f05abb9a445fae98a7bba1bce888eb3,c0ba64f841f371f33c3e2477f96954aa3371e3320f09857760768a4e90e766fd,b933906ce695cd239e926b4834e698b78f8cbc7a380c0e0bc2099a3999195855,f851924c02c96face15a14e8a33ea4686003114de870cf4f1bd3c9fb192de61f,ridge,clipped,mae,47.141129032258064,reconstructed,248,True
C07,FD004,primary,137,C07_FD004_8b6c6bf96f05_seed_137,outputs/c07_final_8b6c6bf,8b6c6bf96f05abb9a445fae98a7bba1bce888eb3,c0ba64f841f371f33c3e2477f96954aa3371e3320f09857760768a4e90e766fd,b933906ce695cd239e926b4834e698b78f8cbc7a380c0e0bc2099a3999195855,f851924c02c96face15a14e8a33ea4686003114de870cf4f1bd3c9fb192de61f,ridge,clipped,signed_error,47.141129032258064,reconstructed,248,True
C07,FD004,primary,137,C07_FD004_8b6c6bf96f05_seed_137,outputs/c07_final_8b6c6bf,8b6c6bf96f05abb9a445fae98a7bba1bce888eb3,c0ba64f841f371f33c3e2477f96954aa3371e3320f09857760768a4e90e766fd,b933906ce695cd239e926b4834e698b78f8cbc7a380c0e0bc2099a3999195855,f851924c02c96face15a14e8a33ea4686003114de870cf4f1bd3c9fb192de61f,ridge,clipped,nasa_score,4028362.3307686197,reconstructed,248,True
C07,FD004,primary,137,C07_FD004_8b6c6bf96f05_seed_137,outputs/c07_final_8b6c6bf,8b6c6bf96f05abb9a445fae98a7bba1bce888eb3,c0ba64f841f371f33c3e2477f96954aa3371e3320f09857760768a4e90e766fd,b933906ce695cd239e926b4834e698b78f8cbc7a380c0e0bc2099a3999195855,f851924c02c96face15a14e8a33ea4686003114de870cf4f1bd3c9fb192de61f,hist_gradient_boosting,raw,rmse,52.59178827809491,reconstructed,248,PENDING
C07,FD004,primary,137,C07_FD004_8b6c6bf96f05_seed_137,outputs/c07_final_8b6c6bf,8b6c6bf96f05abb9a445fae98a7bba1bce888eb3,c0ba64f841f371f33c3e2477f96954aa3371e3320f09857760768a4e90e766fd,b933906ce695cd239e926b4834e698b78f8cbc7a380c0e0bc2099a3999195855,f851924c02c96face15a14e8a33ea4686003114de870cf4f1bd3c9fb192de61f,hist_gradient_boosting,raw,mae,44.31919673803756,reconstructed,248,PENDING
C07,FD004,primary,137,C07_FD004_8b6c6bf96f05_seed_137,outputs/c07_final_8b6c6bf,8b6c6bf96f05abb9a445fae98a7bba1bce888eb3,c0ba64f841f371f33c3e2477f96954aa3371e3320f09857760768a4e90e766fd,b933906ce695cd239e926b4834e698b78f8cbc7a380c0e0bc2099a3999195855,f851924c02c96face15a14e8a33ea4686003114de870cf4f1bd3c9fb192de61f,hist_gradient_boosting,raw,signed_error,-16.38910366381409,reconstructed,248,PENDING
C07,FD004,primary,137,C07_FD004_8b6c6bf96f05_seed_137,outputs/c07_final_8b6c6bf,8b6c6bf96f05abb9a445fae98a7bba1bce888eb3,c0ba64f841f371f33c3e2477f96954aa3371e3320f09857760768a4e90e766fd,b933906ce695cd239e926b4834e698b78f8cbc7a380c0e0bc2099a3999195855,f851924c02c96face15a14e8a33ea4686003114de870cf4f1bd3c9fb192de61f,hist_gradient_boosting,raw,nasa_score,135301.98271206996,reconstructed,248,PENDING
C07,FD004,primary,137,C07_FD004_8b6c6bf96f05_seed_137,outputs/c07_final_8b6c6bf,8b6c6bf96f05abb9a445fae98a7bba1bce888eb3,c0ba64f841f371f33c3e2477f96954aa3371e3320f09857760768a4e90e766fd,b933906ce695cd239e926b4834e698b78f8cbc7a380c0e0bc2099a3999195855,f851924c02c96face15a14e8a33ea4686003114de870cf4f1bd3c9fb192de61f,hist_gradient_boosting,clipped,rmse,39.872543718526586,reconstructed,248,True
C07,FD004,primary,137,C07_FD004_8b6c6bf96f05_seed_137,outputs/c07_final_8b6c6bf,8b6c6bf96f05abb9a445fae98a7bba1bce888eb3,c0ba64f841f371f33c3e2477f96954aa3371e3320f09857760768a4e90e766fd,b933906ce695cd239e926b4834e698b78f8cbc7a380c0e0bc2099a3999195855,f851924c02c96face15a14e8a33ea4686003114de870cf4f1bd3c9fb192de61f,hist_gradient_boosting,clipped,mae,35.62564835094078,reconstructed,248,True
C07,FD004,primary,137,C07_FD004_8b6c6bf96f05_seed_137,outputs/c07_final_8b6c6bf,8b6c6bf96f05abb9a445fae98a7bba1bce888eb3,c0ba64f841f371f33c3e2477f96954aa3371e3320f09857760768a4e90e766fd,b933906ce695cd239e926b4834e698b78f8cbc7a380c0e0bc2099a3999195855,f851924c02c96face15a14e8a33ea4686003114de870cf4f1bd3c9fb192de61f,hist_gradient_boosting,clipped,signed_error,-7.695555276717319,reconstructed,248,True
C07,FD004,primary,137,C07_FD004_8b6c6bf96f05_seed_137,outputs/c07_final_8b6c6bf,8b6c6bf96f05abb9a445fae98a7bba1bce888eb3,c0ba64f841f371f33c3e2477f96954aa3371e3320f09857760768a4e90e766fd,b933906ce695cd239e926b4834e698b78f8cbc7a380c0e0bc2099a3999195855,f851924c02c96face15a14e8a33ea4686003114de870cf4f1bd3c9fb192de61f,hist_gradient_boosting,clipped,nasa_score,15958.972619657337,reconstructed,248,True
C08,FD001,primary,13,C08_FD001_8468e13b7f2c_seed_13,outputs/c08_final_8468e13,8468e13b7f2c7c3d937f0b4de6f5198e95e7b0b8,ab3bae9650ee71583be60d0ac47740bbb065d35acabb9fea725cb332b904c5ee,92c2d37e26ea4fe49795a412f64253cc8e2d4f367eac12d73be432aac7942ce1,8c452503eb03f274dac75d37a0e40315d67c7505ea62d23d29bc23bd21954493,mean,raw,rmse,42.6972574249317,reconstructed,100,PENDING
C08,FD001,primary,13,C08_FD001_8468e13b7f2c_seed_13,outputs/c08_final_8468e13,8468e13b7f2c7c3d937f0b4de6f5198e95e7b0b8,ab3bae9650ee71583be60d0ac47740bbb065d35acabb9fea725cb332b904c5ee,92c2d37e26ea4fe49795a412f64253cc8e2d4f367eac12d73be432aac7942ce1,8c452503eb03f274dac75d37a0e40315d67c7505ea62d23d29bc23bd21954493,mean,raw,mae,35.9,reconstructed,100,PENDING
C08,FD001,primary,13,C08_FD001_8468e13b7f2c_seed_13,outputs/c08_final_8468e13,8468e13b7f2c7c3d937f0b4de6f5198e95e7b0b8,ab3bae9650ee71583be60d0ac47740bbb065d35acabb9fea725cb332b904c5ee,92c2d37e26ea4fe49795a412f64253cc8e2d4f367eac12d73be432aac7942ce1,8c452503eb03f274dac75d37a0e40315d67c7505ea62d23d29bc23bd21954493,mean,raw,signed_error,9.807455919395451,reconstructed,100,PENDING
C08,FD001,primary,13,C08_FD001_8468e13b7f2c_seed_13,outputs/c08_final_8468e13,8468e13b7f2c7c3d937f0b4de6f5198e95e7b0b8,ab3bae9650ee71583be60d0ac47740bbb065d35acabb9fea725cb332b904c5ee,92c2d37e26ea4fe49795a412f64253cc8e2d4f367eac12d73be432aac7942ce1,8c452503eb03f274dac75d37a0e40315d67c7505ea62d23d29bc23bd21954493,mean,raw,nasa_score,29107.961611339386,reconstructed,100,PENDING
C08,FD001,primary,13,C08_FD001_8468e13b7f2c_seed_13,outputs/c08_final_8468e13,8468e13b7f2c7c3d937f0b4de6f5198e95e7b0b8,ab3bae9650ee71583be60d0ac47740bbb065d35acabb9fea725cb332b904c5ee,92c2d37e26ea4fe49795a412f64253cc8e2d4f367eac12d73be432aac7942ce1,8c452503eb03f274dac75d37a0e40315d67c7505ea62d23d29bc23bd21954493,mean,clipped,rmse,41.523325339842316,reconstructed,100,PENDING
C08,FD001,primary,13,C08_FD001_8468e13b7f2c_seed_13,outputs/c08_final_8468e13,8468e13b7f2c7c3d937f0b4de6f5198e95e7b0b8,ab3bae9650ee71583be60d0ac47740bbb065d35acabb9fea725cb332b904c5ee,92c2d37e26ea4fe49795a412f64253cc8e2d4f367eac12d73be432aac7942ce1,8c452503eb03f274dac75d37a0e40315d67c7505ea62d23d29bc23bd21954493,mean,clipped,mae,34.83,reconstructed,100,PENDING
C08,FD001,primary,13,C08_FD001_8468e13b7f2c_seed_13,outputs/c08_final_8468e13,8468e13b7f2c7c3d937f0b4de6f5198e95e7b0b8,ab3bae9650ee71583be60d0ac47740bbb065d35acabb9fea725cb332b904c5ee,92c2d37e26ea4fe49795a412f64253cc8e2d4f367eac12d73be432aac7942ce1,8c452503eb03f274dac75d37a0e40315d67c7505ea62d23d29bc23bd21954493,mean,clipped,signed_error,10.877455919395459,reconstructed,100,PENDING
C08,FD001,primary,13,C08_FD001_8468e13b7f2c_seed_13,outputs/c08_final_8468e13,8468e13b7f2c7c3d937f0b4de6f5198e95e7b0b8,ab3bae9650ee71583be60d0ac47740bbb065d35acabb9fea725cb332b904c5ee,92c2d37e26ea4fe49795a412f64253cc8e2d4f367eac12d73be432aac7942ce1,8c452503eb03f274dac75d37a0e40315d67c7505ea62d23d29bc23bd21954493,mean,clipped,nasa_score,28799.55497154869,reconstructed,100,PENDING
C08,FD001,primary,13,C08_FD001_8468e13b7f2c_seed_13,outputs/c08_final_8468e13,8468e13b7f2c7c3d937f0b4de6f5198e95e7b0b8,ab3bae9650ee71583be60d0ac47740bbb065d35acabb9fea725cb332b904c5ee,92c2d37e26ea4fe49795a412f64253cc8e2d4f367eac12d73be432aac7942ce1,8c452503eb03f274dac75d37a0e40315d67c7505ea62d23d29bc23bd21954493,ridge,raw,rmse,20.116943049074276,reconstructed,100,PENDING
C08,FD001,primary,13,C08_FD001_8468e13b7f2c_seed_13,outputs/c08_final_8468e13,8468e13b7f2c7c3d937f0b4de6f5198e95e7b0b8,ab3bae9650ee71583be60d0ac47740bbb065d35acabb9fea725cb332b904c5ee,92c2d37e26ea4fe49795a412f64253cc8e2d4f367eac12d73be432aac7942ce1,8c452503eb03f274dac75d37a0e40315d67c7505ea62d23d29bc23bd21954493,ridge,raw,mae,15.520629605044277,reconstructed,100,PENDING
C08,FD001,primary,13,C08_FD001_8468e13b7f2c_seed_13,outputs/c08_final_8468e13,8468e13b7f2c7c3d937f0b4de6f5198e95e7b0b8,ab3bae9650ee71583be60d0ac47740bbb065d35acabb9fea725cb332b904c5ee,92c2d37e26ea4fe49795a412f64253cc8e2d4f367eac12d73be432aac7942ce1,8c452503eb03f274dac75d37a0e40315d67c7505ea62d23d29bc23bd21954493,ridge,raw,signed_error,-2.480058848241517,reconstructed,100,PENDING
C08,FD001,primary,13,C08_FD001_8468e13b7f2c_seed_13,outputs/c08_final_8468e13,8468e13b7f2c7c3d937f0b4de6f5198e95e7b0b8,ab3bae9650ee71583be60d0ac47740bbb065d35acabb9fea725cb332b904c5ee,92c2d37e26ea4fe49795a412f64253cc8e2d4f367eac12d73be432aac7942ce1,8c452503eb03f274dac75d37a0e40315d67c7505ea62d23d29bc23bd21954493,ridge,raw,nasa_score,656.7451446483229,reconstructed,100,PENDING
C08,FD001,primary,13,C08_FD001_8468e13b7f2c_seed_13,outputs/c08_final_8468e13,8468e13b7f2c7c3d937f0b4de6f5198e95e7b0b8,ab3bae9650ee71583be60d0ac47740bbb065d35acabb9fea725cb332b904c5ee,92c2d37e26ea4fe49795a412f64253cc8e2d4f367eac12d73be432aac7942ce1,8c452503eb03f274dac75d37a0e40315d67c7505ea62d23d29bc23bd21954493,ridge,clipped,rmse,18.757302031911998,reconstructed,100,PENDING
C08,FD001,primary,13,C08_FD001_8468e13b7f2c_seed_13,outputs/c08_final_8468e13,8468e13b7f2c7c3d937f0b4de6f5198e95e7b0b8,ab3bae9650ee71583be60d0ac47740bbb065d35acabb9fea725cb332b904c5ee,92c2d37e26ea4fe49795a412f64253cc8e2d4f367eac12d73be432aac7942ce1,8c452503eb03f274dac75d37a0e40315d67c7505ea62d23d29bc23bd21954493,ridge,clipped,mae,14.426285007018455,reconstructed,100,PENDING
C08,FD001,primary,13,C08_FD001_8468e13b7f2c_seed_13,outputs/c08_final_8468e13,8468e13b7f2c7c3d937f0b4de6f5198e95e7b0b8,ab3bae9650ee71583be60d0ac47740bbb065d35acabb9fea725cb332b904c5ee,92c2d37e26ea4fe49795a412f64253cc8e2d4f367eac12d73be432aac7942ce1,8c452503eb03f274dac75d37a0e40315d67c7505ea62d23d29bc23bd21954493,ridge,clipped,signed_error,-1.3857142502156952,reconstructed,100,PENDING
C08,FD001,primary,13,C08_FD001_8468e13b7f2c_seed_13,outputs/c08_final_8468e13,8468e13b7f2c7c3d937f0b4de6f5198e95e7b0b8,ab3bae9650ee71583be60d0ac47740bbb065d35acabb9fea725cb332b904c5ee,92c2d37e26ea4fe49795a412f64253cc8e2d4f367eac12d73be432aac7942ce1,8c452503eb03f274dac75d37a0e40315d67c7505ea62d23d29bc23bd21954493,ridge,clipped,nasa_score,571.388059042254,reconstructed,100,PENDING
C08,FD001,primary,13,C08_FD001_8468e13b7f2c_seed_13,outputs/c08_final_8468e13,8468e13b7f2c7c3d937f0b4de6f5198e95e7b0b8,ab3bae9650ee71583be60d0ac47740bbb065d35acabb9fea725cb332b904c5ee,92c2d37e26ea4fe49795a412f64253cc8e2d4f367eac12d73be432aac7942ce1,8c452503eb03f274dac75d37a0e40315d67c7505ea62d23d29bc23bd21954493,hist_gradient_boosting,raw,rmse,17.7993505617479,reconstructed,100,PENDING
C08,FD001,primary,13,C08_FD001_8468e13b7f2c_seed_13,outputs/c08_final_8468e13,8468e13b7f2c7c3d937f0b4de6f5198e95e7b0b8,ab3bae9650ee71583be60d0ac47740bbb065d35acabb9fea725cb332b904c5ee,92c2d37e26ea4fe49795a412f64253cc8e2d4f367eac12d73be432aac7942ce1,8c452503eb03f274dac75d37a0e40315d67c7505ea62d23d29bc23bd21954493,hist_gradient_boosting,raw,mae,14.006307245117574,reconstructed,100,PENDING
C08,FD001,primary,13,C08_FD001_8468e13b7f2c_seed_13,outputs/c08_final_8468e13,8468e13b7f2c7c3d937f0b4de6f5198e95e7b0b8,ab3bae9650ee71583be60d0ac47740bbb065d35acabb9fea725cb332b904c5ee,92c2d37e26ea4fe49795a412f64253cc8e2d4f367eac12d73be432aac7942ce1,8c452503eb03f274dac75d37a0e40315d67c7505ea62d23d29bc23bd21954493,hist_gradient_boosting,raw,signed_error,-0.601513103812219,reconstructed,100,PENDING
C08,FD001,primary,13,C08_FD001_8468e13b7f2c_seed_13,outputs/c08_final_8468e13,8468e13b7f2c7c3d937f0b4de6f5198e95e7b0b8,ab3bae9650ee71583be60d0ac47740bbb065d35acabb9fea725cb332b904c5ee,92c2d37e26ea4fe49795a412f64253cc8e2d4f367eac12d73be432aac7942ce1,8c452503eb03f274dac75d37a0e40315d67c7505ea62d23d29bc23bd21954493,hist_gradient_boosting,raw,nasa_score,447.0682201015349,reconstructed,100,PENDING
C08,FD001,primary,13,C08_FD001_8468e13b7f2c_seed_13,outputs/c08_final_8468e13,8468e13b7f2c7c3d937f0b4de6f5198e95e7b0b8,ab3bae9650ee71583be60d0ac47740bbb065d35acabb9fea725cb332b904c5ee,92c2d37e26ea4fe49795a412f64253cc8e2d4f367eac12d73be432aac7942ce1,8c452503eb03f274dac75d37a0e40315d67c7505ea62d23d29bc23bd21954493,hist_gradient_boosting,clipped,rmse,16.408302836831606,reconstructed,100,PENDING
C08,FD001,primary,13,C08_FD001_8468e13b7f2c_seed_13,outputs/c08_final_8468e13,8468e13b7f2c7c3d937f0b4de6f5198e95e7b0b8,ab3bae9650ee71583be60d0ac47740bbb065d35acabb9fea725cb332b904c5ee,92c2d37e26ea4fe49795a412f64253cc8e2d4f367eac12d73be432aac7942ce1,8c452503eb03f274dac75d37a0e40315d67c7505ea62d23d29bc23bd21954493,hist_gradient_boosting,clipped,mae,12.936307245117574,reconstructed,100,PENDING
C08,FD001,primary,13,C08_FD001_8468e13b7f2c_seed_13,outputs/c08_final_8468e13,8468e13b7f2c7c3d937f0b4de6f5198e95e7b0b8,ab3bae9650ee71583be60d0ac47740bbb065d35acabb9fea725cb332b904c5ee,92c2d37e26ea4fe49795a412f64253cc8e2d4f367eac12d73be432aac7942ce1,8c452503eb03f274dac75d37a0e40315d67c7505ea62d23d29bc23bd21954493,hist_gradient_boosting,clipped,signed_error,0.46848689618778083,reconstructed,100,PENDING
C08,FD001,primary,13,C08_FD001_8468e13b7f2c_seed_13,outputs/c08_final_8468e13,8468e13b7f2c7c3d937f0b4de6f5198e95e7b0b8,ab3bae9650ee71583be60d0ac47740bbb065d35acabb9fea725cb332b904c5ee,92c2d37e26ea4fe49795a412f64253cc8e2d4f367eac12d73be432aac7942ce1,8c452503eb03f274dac75d37a0e40315d67c7505ea62d23d29bc23bd21954493,hist_gradient_boosting,clipped,nasa_score,384.8227758548457,reconstructed,100,PENDING
C08,FD001,primary,37,C08_FD001_8468e13b7f2c_seed_37,outputs/c08_final_8468e13,8468e13b7f2c7c3d937f0b4de6f5198e95e7b0b8,94684685af8a146f8fde8232ff40ed5e71973df4d6ede1e5babefc89af7c9aa2,b6c232606759a8aa945a8800049f6d2812454f6ae0ec1c7d58000dc49fd806c7,725611b9812fdb8f8fb1d207a2ed24271d4b51fbf7fa0c0e8c0d3f7fbe19228d,mean,raw,rmse,43.24306023167234,reconstructed,100,PENDING
C08,FD001,primary,37,C08_FD001_8468e13b7f2c_seed_37,outputs/c08_final_8468e13,8468e13b7f2c7c3d937f0b4de6f5198e95e7b0b8,94684685af8a146f8fde8232ff40ed5e71973df4d6ede1e5babefc89af7c9aa2,b6c232606759a8aa945a8800049f6d2812454f6ae0ec1c7d58000dc49fd806c7,725611b9812fdb8f8fb1d207a2ed24271d4b51fbf7fa0c0e8c0d3f7fbe19228d,mean,raw,mae,35.909642686993806,reconstructed,100,PENDING
C08,FD001,primary,37,C08_FD001_8468e13b7f2c_seed_37,outputs/c08_final_8468e13,8468e13b7f2c7c3d937f0b4de6f5198e95e7b0b8,94684685af8a146f8fde8232ff40ed5e71973df4d6ede1e5babefc89af7c9aa2,b6c232606759a8aa945a8800049f6d2812454f6ae0ec1c7d58000dc49fd806c7,725611b9812fdb8f8fb1d207a2ed24271d4b51fbf7fa0c0e8c0d3f7fbe19228d,mean,raw,signed_error,11.962134349690334,reconstructed,100,PENDING
C08,FD001,primary,37,C08_FD001_8468e13b7f2c_seed_37,outputs/c08_final_8468e13,8468e13b7f2c7c3d937f0b4de6f5198e95e7b0b8,94684685af8a146f8fde8232ff40ed5e71973df4d6ede1e5babefc89af7c9aa2,b6c232606759a8aa945a8800049f6d2812454f6ae0ec1c7d58000dc49fd806c7,725611b9812fdb8f8fb1d207a2ed24271d4b51fbf7fa0c0e8c0d3f7fbe19228d,mean,raw,nasa_score,35823.76432364773,reconstructed,100,PENDING
C08,FD001,primary,37,C08_FD001_8468e13b7f2c_seed_37,outputs/c08_final_8468e13,8468e13b7f2c7c3d937f0b4de6f5198e95e7b0b8,94684685af8a146f8fde8232ff40ed5e71973df4d6ede1e5babefc89af7c9aa2,b6c232606759a8aa945a8800049f6d2812454f6ae0ec1c7d58000dc49fd806c7,725611b9812fdb8f8fb1d207a2ed24271d4b51fbf7fa0c0e8c0d3f7fbe19228d,mean,clipped,rmse,42.13910328552779,reconstructed,100,PENDING
C08,FD001,primary,37,C08_FD001_8468e13b7f2c_seed_37,outputs/c08_final_8468e13,8468e13b7f2c7c3d937f0b4de6f5198e95e7b0b8,94684685af8a146f8fde8232ff40ed5e71973df4d6ede1e5babefc89af7c9aa2,b6c232606759a8aa945a8800049f6d2812454f6ae0ec1c7d58000dc49fd806c7,725611b9812fdb8f8fb1d207a2ed24271d4b51fbf7fa0c0e8c0d3f7fbe19228d,mean,clipped,mae,34.839642686993805,reconstructed,100,PENDING
C08,FD001,primary,37,C08_FD001_8468e13b7f2c_seed_37,outputs/c08_final_8468e13,8468e13b7f2c7c3d937f0b4de6f5198e95e7b0b8,94684685af8a146f8fde8232ff40ed5e71973df4d6ede1e5babefc89af7c9aa2,b6c232606759a8aa945a8800049f6d2812454f6ae0ec1c7d58000dc49fd806c7,725611b9812fdb8f8fb1d207a2ed24271d4b51fbf7fa0c0e8c0d3f7fbe19228d,mean,clipped,signed_error,13.032134349690335,reconstructed,100,PENDING
C08,FD001,primary,37,C08_FD001_8468e13b7f2c_seed_37,outputs/c08_final_8468e13,8468e13b7f2c7c3d937f0b4de6f5198e95e7b0b8,94684685af8a146f8fde8232ff40ed5e71973df4d6ede1e5babefc89af7c9aa2,b6c232606759a8aa945a8800049f6d2812454f6ae0ec1c7d58000dc49fd806c7,725611b9812fdb8f8fb1d207a2ed24271d4b51fbf7fa0c0e8c0d3f7fbe19228d,mean,clipped,nasa_score,35562.46288542401,reconstructed,100,PENDING
C08,FD001,primary,37,C08_FD001_8468e13b7f2c_seed_37,outputs/c08_final_8468e13,8468e13b7f2c7c3d937f0b4de6f5198e95e7b0b8,94684685af8a146f8fde8232ff40ed5e71973df4d6ede1e5babefc89af7c9aa2,b6c232606759a8aa945a8800049f6d2812454f6ae0ec1c7d58000dc49fd806c7,725611b9812fdb8f8fb1d207a2ed24271d4b51fbf7fa0c0e8c0d3f7fbe19228d,ridge,raw,rmse,18.48038572847197,reconstructed,100,PENDING
C08,FD001,primary,37,C08_FD001_8468e13b7f2c_seed_37,outputs/c08_final_8468e13,8468e13b7f2c7c3d937f0b4de6f5198e95e7b0b8,94684685af8a146f8fde8232ff40ed5e71973df4d6ede1e5babefc89af7c9aa2,b6c232606759a8aa945a8800049f6d2812454f6ae0ec1c7d58000dc49fd806c7,725611b9812fdb8f8fb1d207a2ed24271d4b51fbf7fa0c0e8c0d3f7fbe19228d,ridge,raw,mae,14.534084883070147,reconstructed,100,PENDING
C08,FD001,primary,37,C08_FD001_8468e13b7f2c_seed_37,outputs/c08_final_8468e13,8468e13b7f2c7c3d937f0b4de6f5198e95e7b0b8,94684685af8a146f8fde8232ff40ed5e71973df4d6ede1e5babefc89af7c9aa2,b6c232606759a8aa945a8800049f6d2812454f6ae0ec1c7d58000dc49fd806c7,725611b9812fdb8f8fb1d207a2ed24271d4b51fbf7fa0c0e8c0d3f7fbe19228d,ridge,raw,signed_error,1.9195463221298428,reconstructed,100,PENDING
C08,FD001,primary,37,C08_FD001_8468e13b7f2c_seed_37,outputs/c08_final_8468e13,8468e13b7f2c7c3d937f0b4de6f5198e95e7b0b8,94684685af8a146f8fde8232ff40ed5e71973df4d6ede1e5babefc89af7c9aa2,b6c232606759a8aa945a8800049f6d2812454f6ae0ec1c7d58000dc49fd806c7,725611b9812fdb8f8fb1d207a2ed24271d4b51fbf7fa0c0e8c0d3f7fbe19228d,ridge,raw,nasa_score,582.212670070333,reconstructed,100,PENDING
C08,FD001,primary,37,C08_FD001_8468e13b7f2c_seed_37,outputs/c08_final_8468e13,8468e13b7f2c7c3d937f0b4de6f5198e95e7b0b8,94684685af8a146f8fde8232ff40ed5e71973df4d6ede1e5babefc89af7c9aa2,b6c232606759a8aa945a8800049f6d2812454f6ae0ec1c7d58000dc49fd806c7,725611b9812fdb8f8fb1d207a2ed24271d4b51fbf7fa0c0e8c0d3f7fbe19228d,ridge,clipped,rmse,17.35317009247391,reconstructed,100,PENDING
C08,FD001,primary,37,C08_FD001_8468e13b7f2c_seed_37,outputs/c08_final_8468e13,8468e13b7f2c7c3d937f0b4de6f5198e95e7b0b8,94684685af8a146f8fde8232ff40ed5e71973df4d6ede1e5babefc89af7c9aa2,b6c232606759a8aa945a8800049f6d2812454f6ae0ec1c7d58000dc49fd806c7,725611b9812fdb8f8fb1d207a2ed24271d4b51fbf7fa0c0e8c0d3f7fbe19228d,ridge,clipped,mae,13.460964052832376,reconstructed,100,PENDING
C08,FD001,primary,37,C08_FD001_8468e13b7f2c_seed_37,outputs/c08_final_8468e13,8468e13b7f2c7c3d937f0b4de6f5198e95e7b0b8,94684685af8a146f8fde8232ff40ed5e71973df4d6ede1e5babefc89af7c9aa2,b6c232606759a8aa945a8800049f6d2812454f6ae0ec1c7d58000dc49fd806c7,725611b9812fdb8f8fb1d207a2ed24271d4b51fbf7fa0c0e8c0d3f7fbe19228d,ridge,clipped,signed_error,2.992667152367612,reconstructed,100,PENDING
C08,FD001,primary,37,C08_FD001_8468e13b7f2c_seed_37,outputs/c08_final_8468e13,8468e13b7f2c7c3d937f0b4de6f5198e95e7b0b8,94684685af8a146f8fde8232ff40ed5e71973df4d6ede1e5babefc89af7c9aa2,b6c232606759a8aa945a8800049f6d2812454f6ae0ec1c7d58000dc49fd806c7,725611b9812fdb8f8fb1d207a2ed24271d4b51fbf7fa0c0e8c0d3f7fbe19228d,ridge,clipped,nasa_score,539.7013601577119,reconstructed,100,PENDING
C08,FD001,primary,37,C08_FD001_8468e13b7f2c_seed_37,outputs/c08_final_8468e13,8468e13b7f2c7c3d937f0b4de6f5198e95e7b0b8,94684685af8a146f8fde8232ff40ed5e71973df4d6ede1e5babefc89af7c9aa2,b6c232606759a8aa945a8800049f6d2812454f6ae0ec1c7d58000dc49fd806c7,725611b9812fdb8f8fb1d207a2ed24271d4b51fbf7fa0c0e8c0d3f7fbe19228d,hist_gradient_boosting,raw,rmse,17.202447026929242,reconstructed,100,PENDING
C08,FD001,primary,37,C08_FD001_8468e13b7f2c_seed_37,outputs/c08_final_8468e13,8468e13b7f2c7c3d937f0b4de6f5198e95e7b0b8,94684685af8a146f8fde8232ff40ed5e71973df4d6ede1e5babefc89af7c9aa2,b6c232606759a8aa945a8800049f6d2812454f6ae0ec1c7d58000dc49fd806c7,725611b9812fdb8f8fb1d207a2ed24271d4b51fbf7fa0c0e8c0d3f7fbe19228d,hist_gradient_boosting,raw,mae,13.544686450830925,reconstructed,100,PENDING
C08,FD001,primary,37,C08_FD001_8468e13b7f2c_seed_37,outputs/c08_final_8468e13,8468e13b7f2c7c3d937f0b4de6f5198e95e7b0b8,94684685af8a146f8fde8232ff40ed5e71973df4d6ede1e5babefc89af7c9aa2,b6c232606759a8aa945a8800049f6d2812454f6ae0ec1c7d58000dc49fd806c7,725611b9812fdb8f8fb1d207a2ed24271d4b51fbf7fa0c0e8c0d3f7fbe19228d,hist_gradient_boosting,raw,signed_error,3.6157650849530993,reconstructed,100,PENDING
C08,FD001,primary,37,C08_FD001_8468e13b7f2c_seed_37,outputs/c08_final_8468e13,8468e13b7f2c7c3d937f0b4de6f5198e95e7b0b8,94684685af8a146f8fde8232ff40ed5e71973df4d6ede1e5babefc89af7c9aa2,b6c232606759a8aa945a8800049f6d2812454f6ae0ec1c7d58000dc49fd806c7,725611b9812fdb8f8fb1d207a2ed24271d4b51fbf7fa0c0e8c0d3f7fbe19228d,hist_gradient_boosting,raw,nasa_score,540.0344490575861,reconstructed,100,PENDING
C08,FD001,primary,37,C08_FD001_8468e13b7f2c_seed_37,outputs/c08_final_8468e13,8468e13b7f2c7c3d937f0b4de6f5198e95e7b0b8,94684685af8a146f8fde8232ff40ed5e71973df4d6ede1e5babefc89af7c9aa2,b6c232606759a8aa945a8800049f6d2812454f6ae0ec1c7d58000dc49fd806c7,725611b9812fdb8f8fb1d207a2ed24271d4b51fbf7fa0c0e8c0d3f7fbe19228d,hist_gradient_boosting,clipped,rmse,16.050156665242344,reconstructed,100,PENDING
C08,FD001,primary,37,C08_FD001_8468e13b7f2c_seed_37,outputs/c08_final_8468e13,8468e13b7f2c7c3d937f0b4de6f5198e95e7b0b8,94684685af8a146f8fde8232ff40ed5e71973df4d6ede1e5babefc89af7c9aa2,b6c232606759a8aa945a8800049f6d2812454f6ae0ec1c7d58000dc49fd806c7,725611b9812fdb8f8fb1d207a2ed24271d4b51fbf7fa0c0e8c0d3f7fbe19228d,hist_gradient_boosting,clipped,mae,12.474686450830925,reconstructed,100,PENDING
C08,FD001,primary,37,C08_FD001_8468e13b7f2c_seed_37,outputs/c08_final_8468e13,8468e13b7f2c7c3d937f0b4de6f5198e95e7b0b8,94684685af8a146f8fde8232ff40ed5e71973df4d6ede1e5babefc89af7c9aa2,b6c232606759a8aa945a8800049f6d2812454f6ae0ec1c7d58000dc49fd806c7,725611b9812fdb8f8fb1d207a2ed24271d4b51fbf7fa0c0e8c0d3f7fbe19228d,hist_gradient_boosting,clipped,signed_error,4.6857650849531005,reconstructed,100,PENDING
C08,FD001,primary,37,C08_FD001_8468e13b7f2c_seed_37,outputs/c08_final_8468e13,8468e13b7f2c7c3d937f0b4de6f5198e95e7b0b8,94684685af8a146f8fde8232ff40ed5e71973df4d6ede1e5babefc89af7c9aa2,b6c232606759a8aa945a8800049f6d2812454f6ae0ec1c7d58000dc49fd806c7,725611b9812fdb8f8fb1d207a2ed24271d4b51fbf7fa0c0e8c0d3f7fbe19228d,hist_gradient_boosting,clipped,nasa_score,501.67496445920347,reconstructed,100,PENDING
C08,FD001,primary,73,C08_FD001_8468e13b7f2c_seed_73,outputs/c08_final_8468e13,8468e13b7f2c7c3d937f0b4de6f5198e95e7b0b8,44a7939414f5e85427ca2c4ab1112e2e3ce4ab87bab40d29528e4f7a37583071,d86f784728d229732ea26ca46a2a7031ff074859d76e42e155108bf2ac77512a,d21ddf9a0f14fec2d58ae86404cd16c1b4a29157bf3640566f7bc82ece4bc320,mean,raw,rmse,42.99238410984966,reconstructed,100,PENDING
C08,FD001,primary,73,C08_FD001_8468e13b7f2c_seed_73,outputs/c08_final_8468e13,8468e13b7f2c7c3d937f0b4de6f5198e95e7b0b8,44a7939414f5e85427ca2c4ab1112e2e3ce4ab87bab40d29528e4f7a37583071,d86f784728d229732ea26ca46a2a7031ff074859d76e42e155108bf2ac77512a,d21ddf9a0f14fec2d58ae86404cd16c1b4a29157bf3640566f7bc82ece4bc320,mean,raw,mae,35.9,reconstructed,100,PENDING
C08,FD001,primary,73,C08_FD001_8468e13b7f2c_seed_73,outputs/c08_final_8468e13,8468e13b7f2c7c3d937f0b4de6f5198e95e7b0b8,44a7939414f5e85427ca2c4ab1112e2e3ce4ab87bab40d29528e4f7a37583071,d86f784728d229732ea26ca46a2a7031ff074859d76e42e155108bf2ac77512a,d21ddf9a0f14fec2d58ae86404cd16c1b4a29157bf3640566f7bc82ece4bc320,mean,raw,signed_error,11.021592055998688,reconstructed,100,PENDING
C08,FD001,primary,73,C08_FD001_8468e13b7f2c_seed_73,outputs/c08_final_8468e13,8468e13b7f2c7c3d937f0b4de6f5198e95e7b0b8,44a7939414f5e85427ca2c4ab1112e2e3ce4ab87bab40d29528e4f7a37583071,d86f784728d229732ea26ca46a2a7031ff074859d76e42e155108bf2ac77512a,d21ddf9a0f14fec2d58ae86404cd16c1b4a29157bf3640566f7bc82ece4bc320,mean,raw,nasa_score,32707.992398466104,reconstructed,100,PENDING
C08,FD001,primary,73,C08_FD001_8468e13b7f2c_seed_73,outputs/c08_final_8468e13,8468e13b7f2c7c3d937f0b4de6f5198e95e7b0b8,44a7939414f5e85427ca2c4ab1112e2e3ce4ab87bab40d29528e4f7a37583071,d86f784728d229732ea26ca46a2a7031ff074859d76e42e155108bf2ac77512a,d21ddf9a0f14fec2d58ae86404cd16c1b4a29157bf3640566f7bc82ece4bc320,mean,clipped,rmse,41.857784203761796,reconstructed,100,PENDING
C08,FD001,primary,73,C08_FD001_8468e13b7f2c_seed_73,outputs/c08_final_8468e13,8468e13b7f2c7c3d937f0b4de6f5198e95e7b0b8,44a7939414f5e85427ca2c4ab1112e2e3ce4ab87bab40d29528e4f7a37583071,d86f784728d229732ea26ca46a2a7031ff074859d76e42e155108bf2ac77512a,d21ddf9a0f14fec2d58ae86404cd16c1b4a29157bf3640566f7bc82ece4bc320,mean,clipped,mae,34.83,reconstructed,100,PENDING
C08,FD001,primary,73,C08_FD001_8468e13b7f2c_seed_73,outputs/c08_final_8468e13,8468e13b7f2c7c3d937f0b4de6f5198e95e7b0b8,44a7939414f5e85427ca2c4ab1112e2e3ce4ab87bab40d29528e4f7a37583071,d86f784728d229732ea26ca46a2a7031ff074859d76e42e155108bf2ac77512a,d21ddf9a0f14fec2d58ae86404cd16c1b4a29157bf3640566f7bc82ece4bc320,mean,clipped,signed_error,12.091592055998687,reconstructed,100,PENDING
C08,FD001,primary,73,C08_FD001_8468e13b7f2c_seed_73,outputs/c08_final_8468e13,8468e13b7f2c7c3d937f0b4de6f5198e95e7b0b8,44a7939414f5e85427ca2c4ab1112e2e3ce4ab87bab40d29528e4f7a37583071,d86f784728d229732ea26ca46a2a7031ff074859d76e42e155108bf2ac77512a,d21ddf9a0f14fec2d58ae86404cd16c1b4a29157bf3640566f7bc82ece4bc320,mean,clipped,nasa_score,32427.085277640228,reconstructed,100,PENDING
C08,FD001,primary,73,C08_FD001_8468e13b7f2c_seed_73,outputs/c08_final_8468e13,8468e13b7f2c7c3d937f0b4de6f5198e95e7b0b8,44a7939414f5e85427ca2c4ab1112e2e3ce4ab87bab40d29528e4f7a37583071,d86f784728d229732ea26ca46a2a7031ff074859d76e42e155108bf2ac77512a,d21ddf9a0f14fec2d58ae86404cd16c1b4a29157bf3640566f7bc82ece4bc320,ridge,raw,rmse,18.812936543548002,reconstructed,100,PENDING
C08,FD001,primary,73,C08_FD001_8468e13b7f2c_seed_73,outputs/c08_final_8468e13,8468e13b7f2c7c3d937f0b4de6f5198e95e7b0b8,44a7939414f5e85427ca2c4ab1112e2e3ce4ab87bab40d29528e4f7a37583071,d86f784728d229732ea26ca46a2a7031ff074859d76e42e155108bf2ac77512a,d21ddf9a0f14fec2d58ae86404cd16c1b4a29157bf3640566f7bc82ece4bc320,ridge,raw,mae,14.562164111864314,reconstructed,100,PENDING
C08,FD001,primary,73,C08_FD001_8468e13b7f2c_seed_73,outputs/c08_final_8468e13,8468e13b7f2c7c3d937f0b4de6f5198e95e7b0b8,44a7939414f5e85427ca2c4ab1112e2e3ce4ab87bab40d29528e4f7a37583071,d86f784728d229732ea26ca46a2a7031ff074859d76e42e155108bf2ac77512a,d21ddf9a0f14fec2d58ae86404cd16c1b4a29157bf3640566f7bc82ece4bc320,ridge,raw,signed_error,-0.94267530495146,reconstructed,100,PENDING
C08,FD001,primary,73,C08_FD001_8468e13b7f2c_seed_73,outputs/c08_final_8468e13,8468e13b7f2c7c3d937f0b4de6f5198e95e7b0b8,44a7939414f5e85427ca2c4ab1112e2e3ce4ab87bab40d29528e4f7a37583071,d86f784728d229732ea26ca46a2a7031ff074859d76e42e155108bf2ac77512a,d21ddf9a0f14fec2d58ae86404cd16c1b4a29157bf3640566f7bc82ece4bc320,ridge,raw,nasa_score,579.8134941284014,reconstructed,100,PENDING
C08,FD001,primary,73,C08_FD001_8468e13b7f2c_seed_73,outputs/c08_final_8468e13,8468e13b7f2c7c3d937f0b4de6f5198e95e7b0b8,44a7939414f5e85427ca2c4ab1112e2e3ce4ab87bab40d29528e4f7a37583071,d86f784728d229732ea26ca46a2a7031ff074859d76e42e155108bf2ac77512a,d21ddf9a0f14fec2d58ae86404cd16c1b4a29157bf3640566f7bc82ece4bc320,ridge,clipped,rmse,17.50008462725087,reconstructed,100,PENDING
C08,FD001,primary,73,C08_FD001_8468e13b7f2c_seed_73,outputs/c08_final_8468e13,8468e13b7f2c7c3d937f0b4de6f5198e95e7b0b8,44a7939414f5e85427ca2c4ab1112e2e3ce4ab87bab40d29528e4f7a37583071,d86f784728d229732ea26ca46a2a7031ff074859d76e42e155108bf2ac77512a,d21ddf9a0f14fec2d58ae86404cd16c1b4a29157bf3640566f7bc82ece4bc320,ridge,clipped,mae,13.53740993136226,reconstructed,100,PENDING
C08,FD001,primary,73,C08_FD001_8468e13b7f2c_seed_73,outputs/c08_final_8468e13,8468e13b7f2c7c3d937f0b4de6f5198e95e7b0b8,44a7939414f5e85427ca2c4ab1112e2e3ce4ab87bab40d29528e4f7a37583071,d86f784728d229732ea26ca46a2a7031ff074859d76e42e155108bf2ac77512a,d21ddf9a0f14fec2d58ae86404cd16c1b4a29157bf3640566f7bc82ece4bc320,ridge,clipped,signed_error,0.08207887555059572,reconstructed,100,PENDING
C08,FD001,primary,73,C08_FD001_8468e13b7f2c_seed_73,outputs/c08_final_8468e13,8468e13b7f2c7c3d937f0b4de6f5198e95e7b0b8,44a7939414f5e85427ca2c4ab1112e2e3ce4ab87bab40d29528e4f7a37583071,d86f784728d229732ea26ca46a2a7031ff074859d76e42e155108bf2ac77512a,d21ddf9a0f14fec2d58ae86404cd16c1b4a29157bf3640566f7bc82ece4bc320,ridge,clipped,nasa_score,514.650950042355,reconstructed,100,PENDING
C08,FD001,primary,73,C08_FD001_8468e13b7f2c_seed_73,outputs/c08_final_8468e13,8468e13b7f2c7c3d937f0b4de6f5198e95e7b0b8,44a7939414f5e85427ca2c4ab1112e2e3ce4ab87bab40d29528e4f7a37583071,d86f784728d229732ea26ca46a2a7031ff074859d76e42e155108bf2ac77512a,d21ddf9a0f14fec2d58ae86404cd16c1b4a29157bf3640566f7bc82ece4bc320,hist_gradient_boosting,raw,rmse,17.631366819624937,reconstructed,100,PENDING
C08,FD001,primary,73,C08_FD001_8468e13b7f2c_seed_73,outputs/c08_final_8468e13,8468e13b7f2c7c3d937f0b4de6f5198e95e7b0b8,44a7939414f5e85427ca2c4ab1112e2e3ce4ab87bab40d29528e4f7a37583071,d86f784728d229732ea26ca46a2a7031ff074859d76e42e155108bf2ac77512a,d21ddf9a0f14fec2d58ae86404cd16c1b4a29157bf3640566f7bc82ece4bc320,hist_gradient_boosting,raw,mae,13.409978908049782,reconstructed,100,PENDING
C08,FD001,primary,73,C08_FD001_8468e13b7f2c_seed_73,outputs/c08_final_8468e13,8468e13b7f2c7c3d937f0b4de6f5198e95e7b0b8,44a7939414f5e85427ca2c4ab1112e2e3ce4ab87bab40d29528e4f7a37583071,d86f784728d229732ea26ca46a2a7031ff074859d76e42e155108bf2ac77512a,d21ddf9a0f14fec2d58ae86404cd16c1b4a29157bf3640566f7bc82ece4bc320,hist_gradient_boosting,raw,signed_error,-0.8651339695805977,reconstructed,100,PENDING
C08,FD001,primary,73,C08_FD001_8468e13b7f2c_seed_73,outputs/c08_final_8468e13,8468e13b7f2c7c3d937f0b4de6f5198e95e7b0b8,44a7939414f5e85427ca2c4ab1112e2e3ce4ab87bab40d29528e4f7a37583071,d86f784728d229732ea26ca46a2a7031ff074859d76e42e155108bf2ac77512a,d21ddf9a0f14fec2d58ae86404cd16c1b4a29157bf3640566f7bc82ece4bc320,hist_gradient_boosting,raw,nasa_score,485.2613587499263,reconstructed,100,PENDING
C08,FD001,primary,73,C08_FD001_8468e13b7f2c_seed_73,outputs/c08_final_8468e13,8468e13b7f2c7c3d937f0b4de6f5198e95e7b0b8,44a7939414f5e85427ca2c4ab1112e2e3ce4ab87bab40d29528e4f7a37583071,d86f784728d229732ea26ca46a2a7031ff074859d76e42e155108bf2ac77512a,d21ddf9a0f14fec2d58ae86404cd16c1b4a29157bf3640566f7bc82ece4bc320,hist_gradient_boosting,clipped,rmse,16.311307907559797,reconstructed,100,PENDING
C08,FD001,primary,73,C08_FD001_8468e13b7f2c_seed_73,outputs/c08_final_8468e13,8468e13b7f2c7c3d937f0b4de6f5198e95e7b0b8,44a7939414f5e85427ca2c4ab1112e2e3ce4ab87bab40d29528e4f7a37583071,d86f784728d229732ea26ca46a2a7031ff074859d76e42e155108bf2ac77512a,d21ddf9a0f14fec2d58ae86404cd16c1b4a29157bf3640566f7bc82ece4bc320,hist_gradient_boosting,clipped,mae,12.339978908049781,reconstructed,100,PENDING
C08,FD001,primary,73,C08_FD001_8468e13b7f2c_seed_73,outputs/c08_final_8468e13,8468e13b7f2c7c3d937f0b4de6f5198e95e7b0b8,44a7939414f5e85427ca2c4ab1112e2e3ce4ab87bab40d29528e4f7a37583071,d86f784728d229732ea26ca46a2a7031ff074859d76e42e155108bf2ac77512a,d21ddf9a0f14fec2d58ae86404cd16c1b4a29157bf3640566f7bc82ece4bc320,hist_gradient_boosting,clipped,signed_error,0.20486603041940085,reconstructed,100,PENDING
C08,FD001,primary,73,C08_FD001_8468e13b7f2c_seed_73,outputs/c08_final_8468e13,8468e13b7f2c7c3d937f0b4de6f5198e95e7b0b8,44a7939414f5e85427ca2c4ab1112e2e3ce4ab87bab40d29528e4f7a37583071,d86f784728d229732ea26ca46a2a7031ff074859d76e42e155108bf2ac77512a,d21ddf9a0f14fec2d58ae86404cd16c1b4a29157bf3640566f7bc82ece4bc320,hist_gradient_boosting,clipped,nasa_score,411.464582258393,reconstructed,100,PENDING
C08,FD001,primary,101,C08_FD001_8468e13b7f2c_seed_101,outputs/c08_final_8468e13,8468e13b7f2c7c3d937f0b4de6f5198e95e7b0b8,4141544af1d2dd1db2eae48163b356f6c670744959b6a86f370de28f6a7aa3be,f300769e4c4a0a42ec6079a84980dbb0fc57325be1218e89ba6255e38d655e2c,58f18cb2e3bb1e262f561fd1a7bcf988c703dd0de37885ac71a89776d51f0547,mean,raw,rmse,43.042292675543905,reconstructed,100,PENDING
C08,FD001,primary,101,C08_FD001_8468e13b7f2c_seed_101,outputs/c08_final_8468e13,8468e13b7f2c7c3d937f0b4de6f5198e95e7b0b8,4141544af1d2dd1db2eae48163b356f6c670744959b6a86f370de28f6a7aa3be,f300769e4c4a0a42ec6079a84980dbb0fc57325be1218e89ba6255e38d655e2c,58f18cb2e3bb1e262f561fd1a7bcf988c703dd0de37885ac71a89776d51f0547,mean,raw,mae,35.9,reconstructed,100,PENDING
C08,FD001,primary,101,C08_FD001_8468e13b7f2c_seed_101,outputs/c08_final_8468e13,8468e13b7f2c7c3d937f0b4de6f5198e95e7b0b8,4141544af1d2dd1db2eae48163b356f6c670744959b6a86f370de28f6a7aa3be,f300769e4c4a0a42ec6079a84980dbb0fc57325be1218e89ba6255e38d655e2c,58f18cb2e3bb1e262f561fd1a7bcf988c703dd0de37885ac71a89776d51f0547,mean,raw,signed_error,11.214693877551053,reconstructed,100,PENDING
C08,FD001,primary,101,C08_FD001_8468e13b7f2c_seed_101,outputs/c08_final_8468e13,8468e13b7f2c7c3d937f0b4de6f5198e95e7b0b8,4141544af1d2dd1db2eae48163b356f6c670744959b6a86f370de28f6a7aa3be,f300769e4c4a0a42ec6079a84980dbb0fc57325be1218e89ba6255e38d655e2c,58f18cb2e3bb1e262f561fd1a7bcf988c703dd0de37885ac71a89776d51f0547,mean,raw,nasa_score,33323.315941896195,reconstructed,100,PENDING
C08,FD001,primary,101,C08_FD001_8468e13b7f2c_seed_101,outputs/c08_final_8468e13,8468e13b7f2c7c3d937f0b4de6f5198e95e7b0b8,4141544af1d2dd1db2eae48163b356f6c670744959b6a86f370de28f6a7aa3be,f300769e4c4a0a42ec6079a84980dbb0fc57325be1218e89ba6255e38d655e2c,58f18cb2e3bb1e262f561fd1a7bcf988c703dd0de37885ac71a89776d51f0547,mean,clipped,rmse,41.91397384721639,reconstructed,100,PENDING
C08,FD001,primary,101,C08_FD001_8468e13b7f2c_seed_101,outputs/c08_final_8468e13,8468e13b7f2c7c3d937f0b4de6f5198e95e7b0b8,4141544af1d2dd1db2eae48163b356f6c670744959b6a86f370de28f6a7aa3be,f300769e4c4a0a42ec6079a84980dbb0fc57325be1218e89ba6255e38d655e2c,58f18cb2e3bb1e262f561fd1a7bcf988c703dd0de37885ac71a89776d51f0547,mean,clipped,mae,34.83,reconstructed,100,PENDING
C08,FD001,primary,101,C08_FD001_8468e13b7f2c_seed_101,outputs/c08_final_8468e13,8468e13b7f2c7c3d937f0b4de6f5198e95e7b0b8,4141544af1d2dd1db2eae48163b356f6c670744959b6a86f370de28f6a7aa3be,f300769e4c4a0a42ec6079a84980dbb0fc57325be1218e89ba6255e38d655e2c,58f18cb2e3bb1e262f561fd1a7bcf988c703dd0de37885ac71a89776d51f0547,mean,clipped,signed_error,12.284693877551057,reconstructed,100,PENDING
C08,FD001,primary,101,C08_FD001_8468e13b7f2c_seed_101,outputs/c08_final_8468e13,8468e13b7f2c7c3d937f0b4de6f5198e95e7b0b8,4141544af1d2dd1db2eae48163b356f6c670744959b6a86f370de28f6a7aa3be,f300769e4c4a0a42ec6079a84980dbb0fc57325be1218e89ba6255e38d655e2c,58f18cb2e3bb1e262f561fd1a7bcf988c703dd0de37885ac71a89776d51f0547,mean,clipped,nasa_score,33046.550574658584,reconstructed,100,PENDING
C08,FD001,primary,101,C08_FD001_8468e13b7f2c_seed_101,outputs/c08_final_8468e13,8468e13b7f2c7c3d937f0b4de6f5198e95e7b0b8,4141544af1d2dd1db2eae48163b356f6c670744959b6a86f370de28f6a7aa3be,f300769e4c4a0a42ec6079a84980dbb0fc57325be1218e89ba6255e38d655e2c,58f18cb2e3bb1e262f561fd1a7bcf988c703dd0de37885ac71a89776d51f0547,ridge,raw,rmse,19.232441279894303,reconstructed,100,PENDING
C08,FD001,primary,101,C08_FD001_8468e13b7f2c_seed_101,outputs/c08_final_8468e13,8468e13b7f2c7c3d937f0b4de6f5198e95e7b0b8,4141544af1d2dd1db2eae48163b356f6c670744959b6a86f370de28f6a7aa3be,f300769e4c4a0a42ec6079a84980dbb0fc57325be1218e89ba6255e38d655e2c,58f18cb2e3bb1e262f561fd1a7bcf988c703dd0de37885ac71a89776d51f0547,ridge,raw,mae,14.946996014897513,reconstructed,100,PENDING
C08,FD001,primary,101,C08_FD001_8468e13b7f2c_seed_101,outputs/c08_final_8468e13,8468e13b7f2c7c3d937f0b4de6f5198e95e7b0b8,4141544af1d2dd1db2eae48163b356f6c670744959b6a86f370de28f6a7aa3be,f300769e4c4a0a42ec6079a84980dbb0fc57325be1218e89ba6255e38d655e2c,58f18cb2e3bb1e262f561fd1a7bcf988c703dd0de37885ac71a89776d51f0547,ridge,raw,signed_error,-0.3920299735144407,reconstructed,100,PENDING
C08,FD001,primary,101,C08_FD001_8468e13b7f2c_seed_101,outputs/c08_final_8468e13,8468e13b7f2c7c3d937f0b4de6f5198e95e7b0b8,4141544af1d2dd1db2eae48163b356f6c670744959b6a86f370de28f6a7aa3be,f300769e4c4a0a42ec6079a84980dbb0fc57325be1218e89ba6255e38d655e2c,58f18cb2e3bb1e262f561fd1a7bcf988c703dd0de37885ac71a89776d51f0547,ridge,raw,nasa_score,621.4766848843976,reconstructed,100,PENDING
C08,FD001,primary,101,C08_FD001_8468e13b7f2c_seed_101,outputs/c08_final_8468e13,8468e13b7f2c7c3d937f0b4de6f5198e95e7b0b8,4141544af1d2dd1db2eae48163b356f6c670744959b6a86f370de28f6a7aa3be,f300769e4c4a0a42ec6079a84980dbb0fc57325be1218e89ba6255e38d655e2c,58f18cb2e3bb1e262f561fd1a7bcf988c703dd0de37885ac71a89776d51f0547,ridge,clipped,rmse,17.98959072113871,reconstructed,100,PENDING
C08,FD001,primary,101,C08_FD001_8468e13b7f2c_seed_101,outputs/c08_final_8468e13,8468e13b7f2c7c3d937f0b4de6f5198e95e7b0b8,4141544af1d2dd1db2eae48163b356f6c670744959b6a86f370de28f6a7aa3be,f300769e4c4a0a42ec6079a84980dbb0fc57325be1218e89ba6255e38d655e2c,58f18cb2e3bb1e262f561fd1a7bcf988c703dd0de37885ac71a89776d51f0547,ridge,clipped,mae,13.949546028006619,reconstructed,100,PENDING
C08,FD001,primary,101,C08_FD001_8468e13b7f2c_seed_101,outputs/c08_final_8468e13,8468e13b7f2c7c3d937f0b4de6f5198e95e7b0b8,4141544af1d2dd1db2eae48163b356f6c670744959b6a86f370de28f6a7aa3be,f300769e4c4a0a42ec6079a84980dbb0fc57325be1218e89ba6255e38d655e2c,58f18cb2e3bb1e262f561fd1a7bcf988c703dd0de37885ac71a89776d51f0547,ridge,clipped,signed_error,0.6054200133764543,reconstructed,100,PENDING
C08,FD001,primary,101,C08_FD001_8468e13b7f2c_seed_101,outputs/c08_final_8468e13,8468e13b7f2c7c3d937f0b4de6f5198e95e7b0b8,4141544af1d2dd1db2eae48163b356f6c670744959b6a86f370de28f6a7aa3be,f300769e4c4a0a42ec6079a84980dbb0fc57325be1218e89ba6255e38d655e2c,58f18cb2e3bb1e262f561fd1a7bcf988c703dd0de37885ac71a89776d51f0547,ridge,clipped,nasa_score,556.0055453668418,reconstructed,100,PENDING
C08,FD001,primary,101,C08_FD001_8468e13b7f2c_seed_101,outputs/c08_final_8468e13,8468e13b7f2c7c3d937f0b4de6f5198e95e7b0b8,4141544af1d2dd1db2eae48163b356f6c670744959b6a86f370de28f6a7aa3be,f300769e4c4a0a42ec6079a84980dbb0fc57325be1218e89ba6255e38d655e2c,58f18cb2e3bb1e262f561fd1a7bcf988c703dd0de37885ac71a89776d51f0547,hist_gradient_boosting,raw,rmse,17.045336146807543,reconstructed,100,PENDING
C08,FD001,primary,101,C08_FD001_8468e13b7f2c_seed_101,outputs/c08_final_8468e13,8468e13b7f2c7c3d937f0b4de6f5198e95e7b0b8,4141544af1d2dd1db2eae48163b356f6c670744959b6a86f370de28f6a7aa3be,f300769e4c4a0a42ec6079a84980dbb0fc57325be1218e89ba6255e38d655e2c,58f18cb2e3bb1e262f561fd1a7bcf988c703dd0de37885ac71a89776d51f0547,hist_gradient_boosting,raw,mae,13.51529337418203,reconstructed,100,PENDING
C08,FD001,primary,101,C08_FD001_8468e13b7f2c_seed_101,outputs/c08_final_8468e13,8468e13b7f2c7c3d937f0b4de6f5198e95e7b0b8,4141544af1d2dd1db2eae48163b356f6c670744959b6a86f370de28f6a7aa3be,f300769e4c4a0a42ec6079a84980dbb0fc57325be1218e89ba6255e38d655e2c,58f18cb2e3bb1e262f561fd1a7bcf988c703dd0de37885ac71a89776d51f0547,hist_gradient_boosting,raw,signed_error,1.9275583929384397,reconstructed,100,PENDING
C08,FD001,primary,101,C08_FD001_8468e13b7f2c_seed_101,outputs/c08_final_8468e13,8468e13b7f2c7c3d937f0b4de6f5198e95e7b0b8,4141544af1d2dd1db2eae48163b356f6c670744959b6a86f370de28f6a7aa3be,f300769e4c4a0a42ec6079a84980dbb0fc57325be1218e89ba6255e38d655e2c,58f18cb2e3bb1e262f561fd1a7bcf988c703dd0de37885ac71a89776d51f0547,hist_gradient_boosting,raw,nasa_score,448.1034569399057,reconstructed,100,PENDING
C08,FD001,primary,101,C08_FD001_8468e13b7f2c_seed_101,outputs/c08_final_8468e13,8468e13b7f2c7c3d937f0b4de6f5198e95e7b0b8,4141544af1d2dd1db2eae48163b356f6c670744959b6a86f370de28f6a7aa3be,f300769e4c4a0a42ec6079a84980dbb0fc57325be1218e89ba6255e38d655e2c,58f18cb2e3bb1e262f561fd1a7bcf988c703dd0de37885ac71a89776d51f0547,hist_gradient_boosting,clipped,rmse,15.752643567410813,reconstructed,100,PENDING
C08,FD001,primary,101,C08_FD001_8468e13b7f2c_seed_101,outputs/c08_final_8468e13,8468e13b7f2c7c3d937f0b4de6f5198e95e7b0b8,4141544af1d2dd1db2eae48163b356f6c670744959b6a86f370de28f6a7aa3be,f300769e4c4a0a42ec6079a84980dbb0fc57325be1218e89ba6255e38d655e2c,58f18cb2e3bb1e262f561fd1a7bcf988c703dd0de37885ac71a89776d51f0547,hist_gradient_boosting,clipped,mae,12.445293374182029,reconstructed,100,PENDING
C08,FD001,primary,101,C08_FD001_8468e13b7f2c_seed_101,outputs/c08_final_8468e13,8468e13b7f2c7c3d937f0b4de6f5198e95e7b0b8,4141544af1d2dd1db2eae48163b356f6c670744959b6a86f370de28f6a7aa3be,f300769e4c4a0a42ec6079a84980dbb0fc57325be1218e89ba6255e38d655e2c,58f18cb2e3bb1e262f561fd1a7bcf988c703dd0de37885ac71a89776d51f0547,hist_gradient_boosting,clipped,signed_error,2.997558392938439,reconstructed,100,PENDING
C08,FD001,primary,101,C08_FD001_8468e13b7f2c_seed_101,outputs/c08_final_8468e13,8468e13b7f2c7c3d937f0b4de6f5198e95e7b0b8,4141544af1d2dd1db2eae48163b356f6c670744959b6a86f370de28f6a7aa3be,f300769e4c4a0a42ec6079a84980dbb0fc57325be1218e89ba6255e38d655e2c,58f18cb2e3bb1e262f561fd1a7bcf988c703dd0de37885ac71a89776d51f0547,hist_gradient_boosting,clipped,nasa_score,397.0738471289633,reconstructed,100,PENDING
C08,FD001,primary,137,C08_FD001_8468e13b7f2c_seed_137,outputs/c08_final_8468e13,8468e13b7f2c7c3d937f0b4de6f5198e95e7b0b8,6d7412be60bfa6a329621318ea485760a1766e36e9a190de0c8af1aff812091e,b3f12acbb1e045338a327ba34b2b1d85bdc1ea2ff2c635f95426412e7c97f661,6c329c4252644f8c48438c74979923bd36ab55f48679ca51bf60bf1ab979ff50,mean,raw,rmse,43.085192459398094,reconstructed,100,PENDING
C08,FD001,primary,137,C08_FD001_8468e13b7f2c_seed_137,outputs/c08_final_8468e13,8468e13b7f2c7c3d937f0b4de6f5198e95e7b0b8,6d7412be60bfa6a329621318ea485760a1766e36e9a190de0c8af1aff812091e,b3f12acbb1e045338a327ba34b2b1d85bdc1ea2ff2c635f95426412e7c97f661,6c329c4252644f8c48438c74979923bd36ab55f48679ca51bf60bf1ab979ff50,mean,raw,mae,35.900000000000006,reconstructed,100,PENDING
C08,FD001,primary,137,C08_FD001_8468e13b7f2c_seed_137,outputs/c08_final_8468e13,8468e13b7f2c7c3d937f0b4de6f5198e95e7b0b8,6d7412be60bfa6a329621318ea485760a1766e36e9a190de0c8af1aff812091e,b3f12acbb1e045338a327ba34b2b1d85bdc1ea2ff2c635f95426412e7c97f661,6c329c4252644f8c48438c74979923bd36ab55f48679ca51bf60bf1ab979ff50,mean,raw,signed_error,11.378234013386022,reconstructed,100,PENDING
C08,FD001,primary,137,C08_FD001_8468e13b7f2c_seed_137,outputs/c08_final_8468e13,8468e13b7f2c7c3d937f0b4de6f5198e95e7b0b8,6d7412be60bfa6a329621318ea485760a1766e36e9a190de0c8af1aff812091e,b3f12acbb1e045338a327ba34b2b1d85bdc1ea2ff2c635f95426412e7c97f661,6c329c4252644f8c48438c74979923bd36ab55f48679ca51bf60bf1ab979ff50,mean,raw,nasa_score,33854.095080262014,reconstructed,100,PENDING
C08,FD001,primary,137,C08_FD001_8468e13b7f2c_seed_137,outputs/c08_final_8468e13,8468e13b7f2c7c3d937f0b4de6f5198e95e7b0b8,6d7412be60bfa6a329621318ea485760a1766e36e9a190de0c8af1aff812091e,b3f12acbb1e045338a327ba34b2b1d85bdc1ea2ff2c635f95426412e7c97f661,6c329c4252644f8c48438c74979923bd36ab55f48679ca51bf60bf1ab979ff50,mean,clipped,rmse,41.96219763134457,reconstructed,100,PENDING
C08,FD001,primary,137,C08_FD001_8468e13b7f2c_seed_137,outputs/c08_final_8468e13,8468e13b7f2c7c3d937f0b4de6f5198e95e7b0b8,6d7412be60bfa6a329621318ea485760a1766e36e9a190de0c8af1aff812091e,b3f12acbb1e045338a327ba34b2b1d85bdc1ea2ff2c635f95426412e7c97f661,6c329c4252644f8c48438c74979923bd36ab55f48679ca51bf60bf1ab979ff50,mean,clipped,mae,34.830000000000005,reconstructed,100,PENDING
C08,FD001,primary,137,C08_FD001_8468e13b7f2c_seed_137,outputs/c08_final_8468e13,8468e13b7f2c7c3d937f0b4de6f5198e95e7b0b8,6d7412be60bfa6a329621318ea485760a1766e36e9a190de0c8af1aff812091e,b3f12acbb1e045338a327ba34b2b1d85bdc1ea2ff2c635f95426412e7c97f661,6c329c4252644f8c48438c74979923bd36ab55f48679ca51bf60bf1ab979ff50,mean,clipped,signed_error,12.448234013386019,reconstructed,100,PENDING
C08,FD001,primary,137,C08_FD001_8468e13b7f2c_seed_137,outputs/c08_final_8468e13,8468e13b7f2c7c3d937f0b4de6f5198e95e7b0b8,6d7412be60bfa6a329621318ea485760a1766e36e9a190de0c8af1aff812091e,b3f12acbb1e045338a327ba34b2b1d85bdc1ea2ff2c635f95426412e7c97f661,6c329c4252644f8c48438c74979923bd36ab55f48679ca51bf60bf1ab979ff50,mean,clipped,nasa_score,33580.789615800306,reconstructed,100,PENDING
C08,FD001,primary,137,C08_FD001_8468e13b7f2c_seed_137,outputs/c08_final_8468e13,8468e13b7f2c7c3d937f0b4de6f5198e95e7b0b8,6d7412be60bfa6a329621318ea485760a1766e36e9a190de0c8af1aff812091e,b3f12acbb1e045338a327ba34b2b1d85bdc1ea2ff2c635f95426412e7c97f661,6c329c4252644f8c48438c74979923bd36ab55f48679ca51bf60bf1ab979ff50,ridge,raw,rmse,18.624112896843656,reconstructed,100,PENDING
C08,FD001,primary,137,C08_FD001_8468e13b7f2c_seed_137,outputs/c08_final_8468e13,8468e13b7f2c7c3d937f0b4de6f5198e95e7b0b8,6d7412be60bfa6a329621318ea485760a1766e36e9a190de0c8af1aff812091e,b3f12acbb1e045338a327ba34b2b1d85bdc1ea2ff2c635f95426412e7c97f661,6c329c4252644f8c48438c74979923bd36ab55f48679ca51bf60bf1ab979ff50,ridge,raw,mae,14.779721502533295,reconstructed,100,PENDING
C08,FD001,primary,137,C08_FD001_8468e13b7f2c_seed_137,outputs/c08_final_8468e13,8468e13b7f2c7c3d937f0b4de6f5198e95e7b0b8,6d7412be60bfa6a329621318ea485760a1766e36e9a190de0c8af1aff812091e,b3f12acbb1e045338a327ba34b2b1d85bdc1ea2ff2c635f95426412e7c97f661,6c329c4252644f8c48438c74979923bd36ab55f48679ca51bf60bf1ab979ff50,ridge,raw,signed_error,0.6651357603147773,reconstructed,100,PENDING
C08,FD001,primary,137,C08_FD001_8468e13b7f2c_seed_137,outputs/c08_final_8468e13,8468e13b7f2c7c3d937f0b4de6f5198e95e7b0b8,6d7412be60bfa6a329621318ea485760a1766e36e9a190de0c8af1aff812091e,b3f12acbb1e045338a327ba34b2b1d85bdc1ea2ff2c635f95426412e7c97f661,6c329c4252644f8c48438c74979923bd36ab55f48679ca51bf60bf1ab979ff50,ridge,raw,nasa_score,548.2030888670612,reconstructed,100,PENDING
C08,FD001,primary,137,C08_FD001_8468e13b7f2c_seed_137,outputs/c08_final_8468e13,8468e13b7f2c7c3d937f0b4de6f5198e95e7b0b8,6d7412be60bfa6a329621318ea485760a1766e36e9a190de0c8af1aff812091e,b3f12acbb1e045338a327ba34b2b1d85bdc1ea2ff2c635f95426412e7c97f661,6c329c4252644f8c48438c74979923bd36ab55f48679ca51bf60bf1ab979ff50,ridge,clipped,rmse,17.3621103584765,reconstructed,100,PENDING
C08,FD001,primary,137,C08_FD001_8468e13b7f2c_seed_137,outputs/c08_final_8468e13,8468e13b7f2c7c3d937f0b4de6f5198e95e7b0b8,6d7412be60bfa6a329621318ea485760a1766e36e9a190de0c8af1aff812091e,b3f12acbb1e045338a327ba34b2b1d85bdc1ea2ff2c635f95426412e7c97f661,6c329c4252644f8c48438c74979923bd36ab55f48679ca51bf60bf1ab979ff50,ridge,clipped,mae,13.66290070952892,reconstructed,100,PENDING
C08,FD001,primary,137,C08_FD001_8468e13b7f2c_seed_137,outputs/c08_final_8468e13,8468e13b7f2c7c3d937f0b4de6f5198e95e7b0b8,6d7412be60bfa6a329621318ea485760a1766e36e9a190de0c8af1aff812091e,b3f12acbb1e045338a327ba34b2b1d85bdc1ea2ff2c635f95426412e7c97f661,6c329c4252644f8c48438c74979923bd36ab55f48679ca51bf60bf1ab979ff50,ridge,clipped,signed_error,1.742657529382232,reconstructed,100,PENDING
C08,FD001,primary,137,C08_FD001_8468e13b7f2c_seed_137,outputs/c08_final_8468e13,8468e13b7f2c7c3d937f0b4de6f5198e95e7b0b8,6d7412be60bfa6a329621318ea485760a1766e36e9a190de0c8af1aff812091e,b3f12acbb1e045338a327ba34b2b1d85bdc1ea2ff2c635f95426412e7c97f661,6c329c4252644f8c48438c74979923bd36ab55f48679ca51bf60bf1ab979ff50,ridge,clipped,nasa_score,493.2130284026379,reconstructed,100,PENDING
C08,FD001,primary,137,C08_FD001_8468e13b7f2c_seed_137,outputs/c08_final_8468e13,8468e13b7f2c7c3d937f0b4de6f5198e95e7b0b8,6d7412be60bfa6a329621318ea485760a1766e36e9a190de0c8af1aff812091e,b3f12acbb1e045338a327ba34b2b1d85bdc1ea2ff2c635f95426412e7c97f661,6c329c4252644f8c48438c74979923bd36ab55f48679ca51bf60bf1ab979ff50,hist_gradient_boosting,raw,rmse,16.770030228077772,reconstructed,100,PENDING
C08,FD001,primary,137,C08_FD001_8468e13b7f2c_seed_137,outputs/c08_final_8468e13,8468e13b7f2c7c3d937f0b4de6f5198e95e7b0b8,6d7412be60bfa6a329621318ea485760a1766e36e9a190de0c8af1aff812091e,b3f12acbb1e045338a327ba34b2b1d85bdc1ea2ff2c635f95426412e7c97f661,6c329c4252644f8c48438c74979923bd36ab55f48679ca51bf60bf1ab979ff50,hist_gradient_boosting,raw,mae,13.383370795760062,reconstructed,100,PENDING
C08,FD001,primary,137,C08_FD001_8468e13b7f2c_seed_137,outputs/c08_final_8468e13,8468e13b7f2c7c3d937f0b4de6f5198e95e7b0b8,6d7412be60bfa6a329621318ea485760a1766e36e9a190de0c8af1aff812091e,b3f12acbb1e045338a327ba34b2b1d85bdc1ea2ff2c635f95426412e7c97f661,6c329c4252644f8c48438c74979923bd36ab55f48679ca51bf60bf1ab979ff50,hist_gradient_boosting,raw,signed_error,2.166615638625143,reconstructed,100,PENDING
C08,FD001,primary,137,C08_FD001_8468e13b7f2c_seed_137,outputs/c08_final_8468e13,8468e13b7f2c7c3d937f0b4de6f5198e95e7b0b8,6d7412be60bfa6a329621318ea485760a1766e36e9a190de0c8af1aff812091e,b3f12acbb1e045338a327ba34b2b1d85bdc1ea2ff2c635f95426412e7c97f661,6c329c4252644f8c48438c74979923bd36ab55f48679ca51bf60bf1ab979ff50,hist_gradient_boosting,raw,nasa_score,432.24297923018287,reconstructed,100,PENDING
C08,FD001,primary,137,C08_FD001_8468e13b7f2c_seed_137,outputs/c08_final_8468e13,8468e13b7f2c7c3d937f0b4de6f5198e95e7b0b8,6d7412be60bfa6a329621318ea485760a1766e36e9a190de0c8af1aff812091e,b3f12acbb1e045338a327ba34b2b1d85bdc1ea2ff2c635f95426412e7c97f661,6c329c4252644f8c48438c74979923bd36ab55f48679ca51bf60bf1ab979ff50,hist_gradient_boosting,clipped,rmse,15.57096036136792,reconstructed,100,PENDING
C08,FD001,primary,137,C08_FD001_8468e13b7f2c_seed_137,outputs/c08_final_8468e13,8468e13b7f2c7c3d937f0b4de6f5198e95e7b0b8,6d7412be60bfa6a329621318ea485760a1766e36e9a190de0c8af1aff812091e,b3f12acbb1e045338a327ba34b2b1d85bdc1ea2ff2c635f95426412e7c97f661,6c329c4252644f8c48438c74979923bd36ab55f48679ca51bf60bf1ab979ff50,hist_gradient_boosting,clipped,mae,12.313370795760061,reconstructed,100,PENDING
C08,FD001,primary,137,C08_FD001_8468e13b7f2c_seed_137,outputs/c08_final_8468e13,8468e13b7f2c7c3d937f0b4de6f5198e95e7b0b8,6d7412be60bfa6a329621318ea485760a1766e36e9a190de0c8af1aff812091e,b3f12acbb1e045338a327ba34b2b1d85bdc1ea2ff2c635f95426412e7c97f661,6c329c4252644f8c48438c74979923bd36ab55f48679ca51bf60bf1ab979ff50,hist_gradient_boosting,clipped,signed_error,3.236615638625143,reconstructed,100,PENDING
C08,FD001,primary,137,C08_FD001_8468e13b7f2c_seed_137,outputs/c08_final_8468e13,8468e13b7f2c7c3d937f0b4de6f5198e95e7b0b8,6d7412be60bfa6a329621318ea485760a1766e36e9a190de0c8af1aff812091e,b3f12acbb1e045338a327ba34b2b1d85bdc1ea2ff2c635f95426412e7c97f661,6c329c4252644f8c48438c74979923bd36ab55f48679ca51bf60bf1ab979ff50,hist_gradient_boosting,clipped,nasa_score,394.8346682141801,reconstructed,100,PENDING
C08,FD002,primary,13,C08_FD002_8468e13b7f2c_seed_13,outputs/c08_final_8468e13,8468e13b7f2c7c3d937f0b4de6f5198e95e7b0b8,f60e0de8aa48b2687272a1e9bedc9005af72c0d4d1aa2433c4fc887f2d819d89,fb691009b24ce0863081609b0aa829318eaa16c598033c2659f718770ef582c1,70888406c04b36133a64bc607f9eca6dc7abf0c023c901e66c7f7c29f3316888,mean,raw,rmse,53.93807491765073,reconstructed,259,PENDING
C08,FD002,primary,13,C08_FD002_8468e13b7f2c_seed_13,outputs/c08_final_8468e13,8468e13b7f2c7c3d937f0b4de6f5198e95e7b0b8,f60e0de8aa48b2687272a1e9bedc9005af72c0d4d1aa2433c4fc887f2d819d89,fb691009b24ce0863081609b0aa829318eaa16c598033c2659f718770ef582c1,70888406c04b36133a64bc607f9eca6dc7abf0c023c901e66c7f7c29f3316888,mean,raw,mae,45.486009939410444,reconstructed,259,PENDING
C08,FD002,primary,13,C08_FD002_8468e13b7f2c_seed_13,outputs/c08_final_8468e13,8468e13b7f2c7c3d937f0b4de6f5198e95e7b0b8,f60e0de8aa48b2687272a1e9bedc9005af72c0d4d1aa2433c4fc887f2d819d89,fb691009b24ce0863081609b0aa829318eaa16c598033c2659f718770ef582c1,70888406c04b36133a64bc607f9eca6dc7abf0c023c901e66c7f7c29f3316888,mean,raw,signed_error,4.142127734067332,reconstructed,259,PENDING
C08,FD002,primary,13,C08_FD002_8468e13b7f2c_seed_13,outputs/c08_final_8468e13,8468e13b7f2c7c3d937f0b4de6f5198e95e7b0b8,f60e0de8aa48b2687272a1e9bedc9005af72c0d4d1aa2433c4fc887f2d819d89,fb691009b24ce0863081609b0aa829318eaa16c598033c2659f718770ef582c1,70888406c04b36133a64bc607f9eca6dc7abf0c023c901e66c7f7c29f3316888,mean,raw,nasa_score,141510.47498401118,reconstructed,259,PENDING
C08,FD002,primary,13,C08_FD002_8468e13b7f2c_seed_13,outputs/c08_final_8468e13,8468e13b7f2c7c3d937f0b4de6f5198e95e7b0b8,f60e0de8aa48b2687272a1e9bedc9005af72c0d4d1aa2433c4fc887f2d819d89,fb691009b24ce0863081609b0aa829318eaa16c598033c2659f718770ef582c1,70888406c04b36133a64bc607f9eca6dc7abf0c023c901e66c7f7c29f3316888,mean,clipped,rmse,44.48803616309352,reconstructed,259,PENDING
C08,FD002,primary,13,C08_FD002_8468e13b7f2c_seed_13,outputs/c08_final_8468e13,8468e13b7f2c7c3d937f0b4de6f5198e95e7b0b8,f60e0de8aa48b2687272a1e9bedc9005af72c0d4d1aa2433c4fc887f2d819d89,fb691009b24ce0863081609b0aa829318eaa16c598033c2659f718770ef582c1,70888406c04b36133a64bc607f9eca6dc7abf0c023c901e66c7f7c29f3316888,mean,clipped,mae,37.99180144520195,reconstructed,259,PENDING
C08,FD002,primary,13,C08_FD002_8468e13b7f2c_seed_13,outputs/c08_final_8468e13,8468e13b7f2c7c3d937f0b4de6f5198e95e7b0b8,f60e0de8aa48b2687272a1e9bedc9005af72c0d4d1aa2433c4fc887f2d819d89,fb691009b24ce0863081609b0aa829318eaa16c598033c2659f718770ef582c1,70888406c04b36133a64bc607f9eca6dc7abf0c023c901e66c7f7c29f3316888,mean,clipped,signed_error,11.636336228275846,reconstructed,259,PENDING
C08,FD002,primary,13,C08_FD002_8468e13b7f2c_seed_13,outputs/c08_final_8468e13,8468e13b7f2c7c3d937f0b4de6f5198e95e7b0b8,f60e0de8aa48b2687272a1e9bedc9005af72c0d4d1aa2433c4fc887f2d819d89,fb691009b24ce0863081609b0aa829318eaa16c598033c2659f718770ef582c1,70888406c04b36133a64bc607f9eca6dc7abf0c023c901e66c7f7c29f3316888,mean,clipped,nasa_score,98987.53409841082,reconstructed,259,PENDING
C08,FD002,primary,13,C08_FD002_8468e13b7f2c_seed_13,outputs/c08_final_8468e13,8468e13b7f2c7c3d937f0b4de6f5198e95e7b0b8,f60e0de8aa48b2687272a1e9bedc9005af72c0d4d1aa2433c4fc887f2d819d89,fb691009b24ce0863081609b0aa829318eaa16c598033c2659f718770ef582c1,70888406c04b36133a64bc607f9eca6dc7abf0c023c901e66c7f7c29f3316888,ridge,raw,rmse,26992786736335.688,reconstructed,259,PENDING
C08,FD002,primary,13,C08_FD002_8468e13b7f2c_seed_13,outputs/c08_final_8468e13,8468e13b7f2c7c3d937f0b4de6f5198e95e7b0b8,f60e0de8aa48b2687272a1e9bedc9005af72c0d4d1aa2433c4fc887f2d819d89,fb691009b24ce0863081609b0aa829318eaa16c598033c2659f718770ef582c1,70888406c04b36133a64bc607f9eca6dc7abf0c023c901e66c7f7c29f3316888,ridge,raw,mae,21587000712094.555,reconstructed,259,PENDING
C08,FD002,primary,13,C08_FD002_8468e13b7f2c_seed_13,outputs/c08_final_8468e13,8468e13b7f2c7c3d937f0b4de6f5198e95e7b0b8,f60e0de8aa48b2687272a1e9bedc9005af72c0d4d1aa2433c4fc887f2d819d89,fb691009b24ce0863081609b0aa829318eaa16c598033c2659f718770ef582c1,70888406c04b36133a64bc607f9eca6dc7abf0c023c901e66c7f7c29f3316888,ridge,raw,signed_error,-49530845529.28472,reconstructed,259,PENDING
C08,FD002,primary,13,C08_FD002_8468e13b7f2c_seed_13,outputs/c08_final_8468e13,8468e13b7f2c7c3d937f0b4de6f5198e95e7b0b8,f60e0de8aa48b2687272a1e9bedc9005af72c0d4d1aa2433c4fc887f2d819d89,fb691009b24ce0863081609b0aa829318eaa16c598033c2659f718770ef582c1,70888406c04b36133a64bc607f9eca6dc7abf0c023c901e66c7f7c29f3316888,ridge,raw,nasa_score,PENDING,nonfinite_on_raw_support,259,PENDING
C08,FD002,primary,13,C08_FD002_8468e13b7f2c_seed_13,outputs/c08_final_8468e13,8468e13b7f2c7c3d937f0b4de6f5198e95e7b0b8,f60e0de8aa48b2687272a1e9bedc9005af72c0d4d1aa2433c4fc887f2d819d89,fb691009b24ce0863081609b0aa829318eaa16c598033c2659f718770ef582c1,70888406c04b36133a64bc607f9eca6dc7abf0c023c901e66c7f7c29f3316888,ridge,clipped,rmse,78.3118949825178,reconstructed,259,PENDING
C08,FD002,primary,13,C08_FD002_8468e13b7f2c_seed_13,outputs/c08_final_8468e13,8468e13b7f2c7c3d937f0b4de6f5198e95e7b0b8,f60e0de8aa48b2687272a1e9bedc9005af72c0d4d1aa2433c4fc887f2d819d89,fb691009b24ce0863081609b0aa829318eaa16c598033c2659f718770ef582c1,70888406c04b36133a64bc607f9eca6dc7abf0c023c901e66c7f7c29f3316888,ridge,clipped,mae,64.55984555984556,reconstructed,259,PENDING
C08,FD002,primary,13,C08_FD002_8468e13b7f2c_seed_13,outputs/c08_final_8468e13,8468e13b7f2c7c3d937f0b4de6f5198e95e7b0b8,f60e0de8aa48b2687272a1e9bedc9005af72c0d4d1aa2433c4fc887f2d819d89,fb691009b24ce0863081609b0aa829318eaa16c598033c2659f718770ef582c1,70888406c04b36133a64bc607f9eca6dc7abf0c023c901e66c7f7c29f3316888,ridge,clipped,signed_error,-9.501930501930502,reconstructed,259,PENDING
C08,FD002,primary,13,C08_FD002_8468e13b7f2c_seed_13,outputs/c08_final_8468e13,8468e13b7f2c7c3d937f0b4de6f5198e95e7b0b8,f60e0de8aa48b2687272a1e9bedc9005af72c0d4d1aa2433c4fc887f2d819d89,fb691009b24ce0863081609b0aa829318eaa16c598033c2659f718770ef582c1,70888406c04b36133a64bc607f9eca6dc7abf0c023c901e66c7f7c29f3316888,ridge,clipped,nasa_score,3429037.0036011087,reconstructed,259,PENDING
C08,FD002,primary,13,C08_FD002_8468e13b7f2c_seed_13,outputs/c08_final_8468e13,8468e13b7f2c7c3d937f0b4de6f5198e95e7b0b8,f60e0de8aa48b2687272a1e9bedc9005af72c0d4d1aa2433c4fc887f2d819d89,fb691009b24ce0863081609b0aa829318eaa16c598033c2659f718770ef582c1,70888406c04b36133a64bc607f9eca6dc7abf0c023c901e66c7f7c29f3316888,hist_gradient_boosting,raw,rmse,44.95501329910612,reconstructed,259,PENDING
C08,FD002,primary,13,C08_FD002_8468e13b7f2c_seed_13,outputs/c08_final_8468e13,8468e13b7f2c7c3d937f0b4de6f5198e95e7b0b8,f60e0de8aa48b2687272a1e9bedc9005af72c0d4d1aa2433c4fc887f2d819d89,fb691009b24ce0863081609b0aa829318eaa16c598033c2659f718770ef582c1,70888406c04b36133a64bc607f9eca6dc7abf0c023c901e66c7f7c29f3316888,hist_gradient_boosting,raw,mae,37.16490618987525,reconstructed,259,PENDING
C08,FD002,primary,13,C08_FD002_8468e13b7f2c_seed_13,outputs/c08_final_8468e13,8468e13b7f2c7c3d937f0b4de6f5198e95e7b0b8,f60e0de8aa48b2687272a1e9bedc9005af72c0d4d1aa2433c4fc887f2d819d89,fb691009b24ce0863081609b0aa829318eaa16c598033c2659f718770ef582c1,70888406c04b36133a64bc607f9eca6dc7abf0c023c901e66c7f7c29f3316888,hist_gradient_boosting,raw,signed_error,-10.833037925068398,reconstructed,259,PENDING
C08,FD002,primary,13,C08_FD002_8468e13b7f2c_seed_13,outputs/c08_final_8468e13,8468e13b7f2c7c3d937f0b4de6f5198e95e7b0b8,f60e0de8aa48b2687272a1e9bedc9005af72c0d4d1aa2433c4fc887f2d819d89,fb691009b24ce0863081609b0aa829318eaa16c598033c2659f718770ef582c1,70888406c04b36133a64bc607f9eca6dc7abf0c023c901e66c7f7c29f3316888,hist_gradient_boosting,raw,nasa_score,97726.17527520352,reconstructed,259,PENDING
C08,FD002,primary,13,C08_FD002_8468e13b7f2c_seed_13,outputs/c08_final_8468e13,8468e13b7f2c7c3d937f0b4de6f5198e95e7b0b8,f60e0de8aa48b2687272a1e9bedc9005af72c0d4d1aa2433c4fc887f2d819d89,fb691009b24ce0863081609b0aa829318eaa16c598033c2659f718770ef582c1,70888406c04b36133a64bc607f9eca6dc7abf0c023c901e66c7f7c29f3316888,hist_gradient_boosting,clipped,rmse,33.839400660773535,reconstructed,259,PENDING
C08,FD002,primary,13,C08_FD002_8468e13b7f2c_seed_13,outputs/c08_final_8468e13,8468e13b7f2c7c3d937f0b4de6f5198e95e7b0b8,f60e0de8aa48b2687272a1e9bedc9005af72c0d4d1aa2433c4fc887f2d819d89,fb691009b24ce0863081609b0aa829318eaa16c598033c2659f718770ef582c1,70888406c04b36133a64bc607f9eca6dc7abf0c023c901e66c7f7c29f3316888,hist_gradient_boosting,clipped,mae,29.67069769566676,reconstructed,259,PENDING
C08,FD002,primary,13,C08_FD002_8468e13b7f2c_seed_13,outputs/c08_final_8468e13,8468e13b7f2c7c3d937f0b4de6f5198e95e7b0b8,f60e0de8aa48b2687272a1e9bedc9005af72c0d4d1aa2433c4fc887f2d819d89,fb691009b24ce0863081609b0aa829318eaa16c598033c2659f718770ef582c1,70888406c04b36133a64bc607f9eca6dc7abf0c023c901e66c7f7c29f3316888,hist_gradient_boosting,clipped,signed_error,-3.338829430859903,reconstructed,259,PENDING
C08,FD002,primary,13,C08_FD002_8468e13b7f2c_seed_13,outputs/c08_final_8468e13,8468e13b7f2c7c3d937f0b4de6f5198e95e7b0b8,f60e0de8aa48b2687272a1e9bedc9005af72c0d4d1aa2433c4fc887f2d819d89,fb691009b24ce0863081609b0aa829318eaa16c598033c2659f718770ef582c1,70888406c04b36133a64bc607f9eca6dc7abf0c023c901e66c7f7c29f3316888,hist_gradient_boosting,clipped,nasa_score,9475.858523299894,reconstructed,259,PENDING
C08,FD002,primary,37,C08_FD002_8468e13b7f2c_seed_37,outputs/c08_final_8468e13,8468e13b7f2c7c3d937f0b4de6f5198e95e7b0b8,932ece49b8a11ce509e334e95730c2bc3b5b68c6353827060c574083d997389f,59f8774cf60a580fb04f16bb7f7c423c9745b7c0ab89baddf28d8c762814babe,ee5f28b7cda7c4549310756a6b218d6e761c8fa2ab07e576d4e1ff93c0de8245,mean,raw,rmse,54.14617688746198,reconstructed,259,PENDING
C08,FD002,primary,37,C08_FD002_8468e13b7f2c_seed_37,outputs/c08_final_8468e13,8468e13b7f2c7c3d937f0b4de6f5198e95e7b0b8,932ece49b8a11ce509e334e95730c2bc3b5b68c6353827060c574083d997389f,59f8774cf60a580fb04f16bb7f7c423c9745b7c0ab89baddf28d8c762814babe,ee5f28b7cda7c4549310756a6b218d6e761c8fa2ab07e576d4e1ff93c0de8245,mean,raw,mae,45.69877179977228,reconstructed,259,PENDING
C08,FD002,primary,37,C08_FD002_8468e13b7f2c_seed_37,outputs/c08_final_8468e13,8468e13b7f2c7c3d937f0b4de6f5198e95e7b0b8,932ece49b8a11ce509e334e95730c2bc3b5b68c6353827060c574083d997389f,59f8774cf60a580fb04f16bb7f7c423c9745b7c0ab89baddf28d8c762814babe,ee5f28b7cda7c4549310756a6b218d6e761c8fa2ab07e576d4e1ff93c0de8245,mean,raw,signed_error,6.296806164362153,reconstructed,259,PENDING
C08,FD002,primary,37,C08_FD002_8468e13b7f2c_seed_37,outputs/c08_final_8468e13,8468e13b7f2c7c3d937f0b4de6f5198e95e7b0b8,932ece49b8a11ce509e334e95730c2bc3b5b68c6353827060c574083d997389f,59f8774cf60a580fb04f16bb7f7c423c9745b7c0ab89baddf28d8c762814babe,ee5f28b7cda7c4549310756a6b218d6e761c8fa2ab07e576d4e1ff93c0de8245,mean,raw,nasa_score,158256.4094030522,reconstructed,259,PENDING
C08,FD002,primary,37,C08_FD002_8468e13b7f2c_seed_37,outputs/c08_final_8468e13,8468e13b7f2c7c3d937f0b4de6f5198e95e7b0b8,932ece49b8a11ce509e334e95730c2bc3b5b68c6353827060c574083d997389f,59f8774cf60a580fb04f16bb7f7c423c9745b7c0ab89baddf28d8c762814babe,ee5f28b7cda7c4549310756a6b218d6e761c8fa2ab07e576d4e1ff93c0de8245,mean,clipped,rmse,45.09959119708452,reconstructed,259,PENDING
C08,FD002,primary,37,C08_FD002_8468e13b7f2c_seed_37,outputs/c08_final_8468e13,8468e13b7f2c7c3d937f0b4de6f5198e95e7b0b8,932ece49b8a11ce509e334e95730c2bc3b5b68c6353827060c574083d997389f,59f8774cf60a580fb04f16bb7f7c423c9745b7c0ab89baddf28d8c762814babe,ee5f28b7cda7c4549310756a6b218d6e761c8fa2ab07e576d4e1ff93c0de8245,mean,clipped,mae,38.20456330556378,reconstructed,259,PENDING
C08,FD002,primary,37,C08_FD002_8468e13b7f2c_seed_37,outputs/c08_final_8468e13,8468e13b7f2c7c3d937f0b4de6f5198e95e7b0b8,932ece49b8a11ce509e334e95730c2bc3b5b68c6353827060c574083d997389f,59f8774cf60a580fb04f16bb7f7c423c9745b7c0ab89baddf28d8c762814babe,ee5f28b7cda7c4549310756a6b218d6e761c8fa2ab07e576d4e1ff93c0de8245,mean,clipped,signed_error,13.791014658570518,reconstructed,259,PENDING
C08,FD002,primary,37,C08_FD002_8468e13b7f2c_seed_37,outputs/c08_final_8468e13,8468e13b7f2c7c3d937f0b4de6f5198e95e7b0b8,932ece49b8a11ce509e334e95730c2bc3b5b68c6353827060c574083d997389f,59f8774cf60a580fb04f16bb7f7c423c9745b7c0ab89baddf28d8c762814babe,ee5f28b7cda7c4549310756a6b218d6e761c8fa2ab07e576d4e1ff93c0de8245,mean,clipped,nasa_score,122228.3082621349,reconstructed,259,PENDING
C08,FD002,primary,37,C08_FD002_8468e13b7f2c_seed_37,outputs/c08_final_8468e13,8468e13b7f2c7c3d937f0b4de6f5198e95e7b0b8,932ece49b8a11ce509e334e95730c2bc3b5b68c6353827060c574083d997389f,59f8774cf60a580fb04f16bb7f7c423c9745b7c0ab89baddf28d8c762814babe,ee5f28b7cda7c4549310756a6b218d6e761c8fa2ab07e576d4e1ff93c0de8245,ridge,raw,rmse,17206683966295.57,reconstructed,259,PENDING
C08,FD002,primary,37,C08_FD002_8468e13b7f2c_seed_37,outputs/c08_final_8468e13,8468e13b7f2c7c3d937f0b4de6f5198e95e7b0b8,932ece49b8a11ce509e334e95730c2bc3b5b68c6353827060c574083d997389f,59f8774cf60a580fb04f16bb7f7c423c9745b7c0ab89baddf28d8c762814babe,ee5f28b7cda7c4549310756a6b218d6e761c8fa2ab07e576d4e1ff93c0de8245,ridge,raw,mae,13694329199007.582,reconstructed,259,PENDING
C08,FD002,primary,37,C08_FD002_8468e13b7f2c_seed_37,outputs/c08_final_8468e13,8468e13b7f2c7c3d937f0b4de6f5198e95e7b0b8,932ece49b8a11ce509e334e95730c2bc3b5b68c6353827060c574083d997389f,59f8774cf60a580fb04f16bb7f7c423c9745b7c0ab89baddf28d8c762814babe,ee5f28b7cda7c4549310756a6b218d6e761c8fa2ab07e576d4e1ff93c0de8245,ridge,raw,signed_error,-293983986630.04675,reconstructed,259,PENDING
C08,FD002,primary,37,C08_FD002_8468e13b7f2c_seed_37,outputs/c08_final_8468e13,8468e13b7f2c7c3d937f0b4de6f5198e95e7b0b8,932ece49b8a11ce509e334e95730c2bc3b5b68c6353827060c574083d997389f,59f8774cf60a580fb04f16bb7f7c423c9745b7c0ab89baddf28d8c762814babe,ee5f28b7cda7c4549310756a6b218d6e761c8fa2ab07e576d4e1ff93c0de8245,ridge,raw,nasa_score,PENDING,nonfinite_on_raw_support,259,PENDING
C08,FD002,primary,37,C08_FD002_8468e13b7f2c_seed_37,outputs/c08_final_8468e13,8468e13b7f2c7c3d937f0b4de6f5198e95e7b0b8,932ece49b8a11ce509e334e95730c2bc3b5b68c6353827060c574083d997389f,59f8774cf60a580fb04f16bb7f7c423c9745b7c0ab89baddf28d8c762814babe,ee5f28b7cda7c4549310756a6b218d6e761c8fa2ab07e576d4e1ff93c0de8245,ridge,clipped,rmse,79.97062684699401,reconstructed,259,PENDING
C08,FD002,primary,37,C08_FD002_8468e13b7f2c_seed_37,outputs/c08_final_8468e13,8468e13b7f2c7c3d937f0b4de6f5198e95e7b0b8,932ece49b8a11ce509e334e95730c2bc3b5b68c6353827060c574083d997389f,59f8774cf60a580fb04f16bb7f7c423c9745b7c0ab89baddf28d8c762814babe,ee5f28b7cda7c4549310756a6b218d6e761c8fa2ab07e576d4e1ff93c0de8245,ridge,clipped,mae,66.66023166023166,reconstructed,259,PENDING
C08,FD002,primary,37,C08_FD002_8468e13b7f2c_seed_37,outputs/c08_final_8468e13,8468e13b7f2c7c3d937f0b4de6f5198e95e7b0b8,932ece49b8a11ce509e334e95730c2bc3b5b68c6353827060c574083d997389f,59f8774cf60a580fb04f16bb7f7c423c9745b7c0ab89baddf28d8c762814babe,ee5f28b7cda7c4549310756a6b218d6e761c8fa2ab07e576d4e1ff93c0de8245,ridge,clipped,signed_error,-7.571428571428571,reconstructed,259,PENDING
C08,FD002,primary,37,C08_FD002_8468e13b7f2c_seed_37,outputs/c08_final_8468e13,8468e13b7f2c7c3d937f0b4de6f5198e95e7b0b8,932ece49b8a11ce509e334e95730c2bc3b5b68c6353827060c574083d997389f,59f8774cf60a580fb04f16bb7f7c423c9745b7c0ab89baddf28d8c762814babe,ee5f28b7cda7c4549310756a6b218d6e761c8fa2ab07e576d4e1ff93c0de8245,ridge,clipped,nasa_score,3627781.157479643,reconstructed,259,PENDING
C08,FD002,primary,37,C08_FD002_8468e13b7f2c_seed_37,outputs/c08_final_8468e13,8468e13b7f2c7c3d937f0b4de6f5198e95e7b0b8,932ece49b8a11ce509e334e95730c2bc3b5b68c6353827060c574083d997389f,59f8774cf60a580fb04f16bb7f7c423c9745b7c0ab89baddf28d8c762814babe,ee5f28b7cda7c4549310756a6b218d6e761c8fa2ab07e576d4e1ff93c0de8245,hist_gradient_boosting,raw,rmse,42.50213076650574,reconstructed,259,PENDING
C08,FD002,primary,37,C08_FD002_8468e13b7f2c_seed_37,outputs/c08_final_8468e13,8468e13b7f2c7c3d937f0b4de6f5198e95e7b0b8,932ece49b8a11ce509e334e95730c2bc3b5b68c6353827060c574083d997389f,59f8774cf60a580fb04f16bb7f7c423c9745b7c0ab89baddf28d8c762814babe,ee5f28b7cda7c4549310756a6b218d6e761c8fa2ab07e576d4e1ff93c0de8245,hist_gradient_boosting,raw,mae,35.70321625538577,reconstructed,259,PENDING
C08,FD002,primary,37,C08_FD002_8468e13b7f2c_seed_37,outputs/c08_final_8468e13,8468e13b7f2c7c3d937f0b4de6f5198e95e7b0b8,932ece49b8a11ce509e334e95730c2bc3b5b68c6353827060c574083d997389f,59f8774cf60a580fb04f16bb7f7c423c9745b7c0ab89baddf28d8c762814babe,ee5f28b7cda7c4549310756a6b218d6e761c8fa2ab07e576d4e1ff93c0de8245,hist_gradient_boosting,raw,signed_error,0.26803707034398033,reconstructed,259,PENDING
C08,FD002,primary,37,C08_FD002_8468e13b7f2c_seed_37,outputs/c08_final_8468e13,8468e13b7f2c7c3d937f0b4de6f5198e95e7b0b8,932ece49b8a11ce509e334e95730c2bc3b5b68c6353827060c574083d997389f,59f8774cf60a580fb04f16bb7f7c423c9745b7c0ab89baddf28d8c762814babe,ee5f28b7cda7c4549310756a6b218d6e761c8fa2ab07e576d4e1ff93c0de8245,hist_gradient_boosting,raw,nasa_score,53089.04589165508,reconstructed,259,PENDING
C08,FD002,primary,37,C08_FD002_8468e13b7f2c_seed_37,outputs/c08_final_8468e13,8468e13b7f2c7c3d937f0b4de6f5198e95e7b0b8,932ece49b8a11ce509e334e95730c2bc3b5b68c6353827060c574083d997389f,59f8774cf60a580fb04f16bb7f7c423c9745b7c0ab89baddf28d8c762814babe,ee5f28b7cda7c4549310756a6b218d6e761c8fa2ab07e576d4e1ff93c0de8245,hist_gradient_boosting,clipped,rmse,33.72468363238086,reconstructed,259,PENDING
C08,FD002,primary,37,C08_FD002_8468e13b7f2c_seed_37,outputs/c08_final_8468e13,8468e13b7f2c7c3d937f0b4de6f5198e95e7b0b8,932ece49b8a11ce509e334e95730c2bc3b5b68c6353827060c574083d997389f,59f8774cf60a580fb04f16bb7f7c423c9745b7c0ab89baddf28d8c762814babe,ee5f28b7cda7c4549310756a6b218d6e761c8fa2ab07e576d4e1ff93c0de8245,hist_gradient_boosting,clipped,mae,28.209007761177276,reconstructed,259,PENDING
C08,FD002,primary,37,C08_FD002_8468e13b7f2c_seed_37,outputs/c08_final_8468e13,8468e13b7f2c7c3d937f0b4de6f5198e95e7b0b8,932ece49b8a11ce509e334e95730c2bc3b5b68c6353827060c574083d997389f,59f8774cf60a580fb04f16bb7f7c423c9745b7c0ab89baddf28d8c762814babe,ee5f28b7cda7c4549310756a6b218d6e761c8fa2ab07e576d4e1ff93c0de8245,hist_gradient_boosting,clipped,signed_error,7.76224556455247,reconstructed,259,PENDING
C08,FD002,primary,37,C08_FD002_8468e13b7f2c_seed_37,outputs/c08_final_8468e13,8468e13b7f2c7c3d937f0b4de6f5198e95e7b0b8,932ece49b8a11ce509e334e95730c2bc3b5b68c6353827060c574083d997389f,59f8774cf60a580fb04f16bb7f7c423c9745b7c0ab89baddf28d8c762814babe,ee5f28b7cda7c4549310756a6b218d6e761c8fa2ab07e576d4e1ff93c0de8245,hist_gradient_boosting,clipped,nasa_score,19404.759513201272,reconstructed,259,PENDING
C08,FD002,primary,73,C08_FD002_8468e13b7f2c_seed_73,outputs/c08_final_8468e13,8468e13b7f2c7c3d937f0b4de6f5198e95e7b0b8,48e0718ac62097b2c394c7da184d85436efca39d6de07569904ad0c9fbde5e71,197b900ad934536a06e319c2443df185d13e0445f6ed821eb75bece8362b8207,973068cf8e96476f45dfbe28f7e7920df819089382aaffecc28f158965ecaf8d,mean,raw,rmse,54.04487271063763,reconstructed,259,PENDING
C08,FD002,primary,73,C08_FD002_8468e13b7f2c_seed_73,outputs/c08_final_8468e13,8468e13b7f2c7c3d937f0b4de6f5198e95e7b0b8,48e0718ac62097b2c394c7da184d85436efca39d6de07569904ad0c9fbde5e71,197b900ad934536a06e319c2443df185d13e0445f6ed821eb75bece8362b8207,973068cf8e96476f45dfbe28f7e7920df819089382aaffecc28f158965ecaf8d,mean,raw,mae,45.59699994406164,reconstructed,259,PENDING
C08,FD002,primary,73,C08_FD002_8468e13b7f2c_seed_73,outputs/c08_final_8468e13,8468e13b7f2c7c3d937f0b4de6f5198e95e7b0b8,48e0718ac62097b2c394c7da184d85436efca39d6de07569904ad0c9fbde5e71,197b900ad934536a06e319c2443df185d13e0445f6ed821eb75bece8362b8207,973068cf8e96476f45dfbe28f7e7920df819089382aaffecc28f158965ecaf8d,mean,raw,signed_error,5.3562638706705465,reconstructed,259,PENDING
C08,FD002,primary,73,C08_FD002_8468e13b7f2c_seed_73,outputs/c08_final_8468e13,8468e13b7f2c7c3d937f0b4de6f5198e95e7b0b8,48e0718ac62097b2c394c7da184d85436efca39d6de07569904ad0c9fbde5e71,197b900ad934536a06e319c2443df185d13e0445f6ed821eb75bece8362b8207,973068cf8e96476f45dfbe28f7e7920df819089382aaffecc28f158965ecaf8d,mean,raw,nasa_score,150185.13935612503,reconstructed,259,PENDING
C08,FD002,primary,73,C08_FD002_8468e13b7f2c_seed_73,outputs/c08_final_8468e13,8468e13b7f2c7c3d937f0b4de6f5198e95e7b0b8,48e0718ac62097b2c394c7da184d85436efca39d6de07569904ad0c9fbde5e71,197b900ad934536a06e319c2443df185d13e0445f6ed821eb75bece8362b8207,973068cf8e96476f45dfbe28f7e7920df819089382aaffecc28f158965ecaf8d,mean,clipped,rmse,44.820929049181395,reconstructed,259,PENDING
C08,FD002,primary,73,C08_FD002_8468e13b7f2c_seed_73,outputs/c08_final_8468e13,8468e13b7f2c7c3d937f0b4de6f5198e95e7b0b8,48e0718ac62097b2c394c7da184d85436efca39d6de07569904ad0c9fbde5e71,197b900ad934536a06e319c2443df185d13e0445f6ed821eb75bece8362b8207,973068cf8e96476f45dfbe28f7e7920df819089382aaffecc28f158965ecaf8d,mean,clipped,mae,38.10279144985314,reconstructed,259,PENDING
C08,FD002,primary,73,C08_FD002_8468e13b7f2c_seed_73,outputs/c08_final_8468e13,8468e13b7f2c7c3d937f0b4de6f5198e95e7b0b8,48e0718ac62097b2c394c7da184d85436efca39d6de07569904ad0c9fbde5e71,197b900ad934536a06e319c2443df185d13e0445f6ed821eb75bece8362b8207,973068cf8e96476f45dfbe28f7e7920df819089382aaffecc28f158965ecaf8d,mean,clipped,signed_error,12.85047236487894,reconstructed,259,PENDING
C08,FD002,primary,73,C08_FD002_8468e13b7f2c_seed_73,outputs/c08_final_8468e13,8468e13b7f2c7c3d937f0b4de6f5198e95e7b0b8,48e0718ac62097b2c394c7da184d85436efca39d6de07569904ad0c9fbde5e71,197b900ad934536a06e319c2443df185d13e0445f6ed821eb75bece8362b8207,973068cf8e96476f45dfbe28f7e7920df819089382aaffecc28f158965ecaf8d,mean,clipped,nasa_score,111453.8172894873,reconstructed,259,PENDING
C08,FD002,primary,73,C08_FD002_8468e13b7f2c_seed_73,outputs/c08_final_8468e13,8468e13b7f2c7c3d937f0b4de6f5198e95e7b0b8,48e0718ac62097b2c394c7da184d85436efca39d6de07569904ad0c9fbde5e71,197b900ad934536a06e319c2443df185d13e0445f6ed821eb75bece8362b8207,973068cf8e96476f45dfbe28f7e7920df819089382aaffecc28f158965ecaf8d,ridge,raw,rmse,27644461857094.008,reconstructed,259,PENDING
C08,FD002,primary,73,C08_FD002_8468e13b7f2c_seed_73,outputs/c08_final_8468e13,8468e13b7f2c7c3d937f0b4de6f5198e95e7b0b8,48e0718ac62097b2c394c7da184d85436efca39d6de07569904ad0c9fbde5e71,197b900ad934536a06e319c2443df185d13e0445f6ed821eb75bece8362b8207,973068cf8e96476f45dfbe28f7e7920df819089382aaffecc28f158965ecaf8d,ridge,raw,mae,22010154539553.24,reconstructed,259,PENDING
C08,FD002,primary,73,C08_FD002_8468e13b7f2c_seed_73,outputs/c08_final_8468e13,8468e13b7f2c7c3d937f0b4de6f5198e95e7b0b8,48e0718ac62097b2c394c7da184d85436efca39d6de07569904ad0c9fbde5e71,197b900ad934536a06e319c2443df185d13e0445f6ed821eb75bece8362b8207,973068cf8e96476f45dfbe28f7e7920df819089382aaffecc28f158965ecaf8d,ridge,raw,signed_error,-330032658401.69653,reconstructed,259,PENDING
C08,FD002,primary,73,C08_FD002_8468e13b7f2c_seed_73,outputs/c08_final_8468e13,8468e13b7f2c7c3d937f0b4de6f5198e95e7b0b8,48e0718ac62097b2c394c7da184d85436efca39d6de07569904ad0c9fbde5e71,197b900ad934536a06e319c2443df185d13e0445f6ed821eb75bece8362b8207,973068cf8e96476f45dfbe28f7e7920df819089382aaffecc28f158965ecaf8d,ridge,raw,nasa_score,PENDING,nonfinite_on_raw_support,259,PENDING
C08,FD002,primary,73,C08_FD002_8468e13b7f2c_seed_73,outputs/c08_final_8468e13,8468e13b7f2c7c3d937f0b4de6f5198e95e7b0b8,48e0718ac62097b2c394c7da184d85436efca39d6de07569904ad0c9fbde5e71,197b900ad934536a06e319c2443df185d13e0445f6ed821eb75bece8362b8207,973068cf8e96476f45dfbe28f7e7920df819089382aaffecc28f158965ecaf8d,ridge,clipped,rmse,79.18218570372083,reconstructed,259,PENDING
C08,FD002,primary,73,C08_FD002_8468e13b7f2c_seed_73,outputs/c08_final_8468e13,8468e13b7f2c7c3d937f0b4de6f5198e95e7b0b8,48e0718ac62097b2c394c7da184d85436efca39d6de07569904ad0c9fbde5e71,197b900ad934536a06e319c2443df185d13e0445f6ed821eb75bece8362b8207,973068cf8e96476f45dfbe28f7e7920df819089382aaffecc28f158965ecaf8d,ridge,clipped,mae,65.65637065637065,reconstructed,259,PENDING
C08,FD002,primary,73,C08_FD002_8468e13b7f2c_seed_73,outputs/c08_final_8468e13,8468e13b7f2c7c3d937f0b4de6f5198e95e7b0b8,48e0718ac62097b2c394c7da184d85436efca39d6de07569904ad0c9fbde5e71,197b900ad934536a06e319c2443df185d13e0445f6ed821eb75bece8362b8207,973068cf8e96476f45dfbe28f7e7920df819089382aaffecc28f158965ecaf8d,ridge,clipped,signed_error,-11.432432432432432,reconstructed,259,PENDING
C08,FD002,primary,73,C08_FD002_8468e13b7f2c_seed_73,outputs/c08_final_8468e13,8468e13b7f2c7c3d937f0b4de6f5198e95e7b0b8,48e0718ac62097b2c394c7da184d85436efca39d6de07569904ad0c9fbde5e71,197b900ad934536a06e319c2443df185d13e0445f6ed821eb75bece8362b8207,973068cf8e96476f45dfbe28f7e7920df819089382aaffecc28f158965ecaf8d,ridge,clipped,nasa_score,3346904.5934386062,reconstructed,259,PENDING
C08,FD002,primary,73,C08_FD002_8468e13b7f2c_seed_73,outputs/c08_final_8468e13,8468e13b7f2c7c3d937f0b4de6f5198e95e7b0b8,48e0718ac62097b2c394c7da184d85436efca39d6de07569904ad0c9fbde5e71,197b900ad934536a06e319c2443df185d13e0445f6ed821eb75bece8362b8207,973068cf8e96476f45dfbe28f7e7920df819089382aaffecc28f158965ecaf8d,hist_gradient_boosting,raw,rmse,48.17750822524849,reconstructed,259,PENDING
C08,FD002,primary,73,C08_FD002_8468e13b7f2c_seed_73,outputs/c08_final_8468e13,8468e13b7f2c7c3d937f0b4de6f5198e95e7b0b8,48e0718ac62097b2c394c7da184d85436efca39d6de07569904ad0c9fbde5e71,197b900ad934536a06e319c2443df185d13e0445f6ed821eb75bece8362b8207,973068cf8e96476f45dfbe28f7e7920df819089382aaffecc28f158965ecaf8d,hist_gradient_boosting,raw,mae,39.87065397919919,reconstructed,259,PENDING
C08,FD002,primary,73,C08_FD002_8468e13b7f2c_seed_73,outputs/c08_final_8468e13,8468e13b7f2c7c3d937f0b4de6f5198e95e7b0b8,48e0718ac62097b2c394c7da184d85436efca39d6de07569904ad0c9fbde5e71,197b900ad934536a06e319c2443df185d13e0445f6ed821eb75bece8362b8207,973068cf8e96476f45dfbe28f7e7920df819089382aaffecc28f158965ecaf8d,hist_gradient_boosting,raw,signed_error,-13.324844751474327,reconstructed,259,PENDING
C08,FD002,primary,73,C08_FD002_8468e13b7f2c_seed_73,outputs/c08_final_8468e13,8468e13b7f2c7c3d937f0b4de6f5198e95e7b0b8,48e0718ac62097b2c394c7da184d85436efca39d6de07569904ad0c9fbde5e71,197b900ad934536a06e319c2443df185d13e0445f6ed821eb75bece8362b8207,973068cf8e96476f45dfbe28f7e7920df819089382aaffecc28f158965ecaf8d,hist_gradient_boosting,raw,nasa_score,103864.08602354275,reconstructed,259,PENDING
C08,FD002,primary,73,C08_FD002_8468e13b7f2c_seed_73,outputs/c08_final_8468e13,8468e13b7f2c7c3d937f0b4de6f5198e95e7b0b8,48e0718ac62097b2c394c7da184d85436efca39d6de07569904ad0c9fbde5e71,197b900ad934536a06e319c2443df185d13e0445f6ed821eb75bece8362b8207,973068cf8e96476f45dfbe28f7e7920df819089382aaffecc28f158965ecaf8d,hist_gradient_boosting,clipped,rmse,36.403397829038404,reconstructed,259,PENDING
C08,FD002,primary,73,C08_FD002_8468e13b7f2c_seed_73,outputs/c08_final_8468e13,8468e13b7f2c7c3d937f0b4de6f5198e95e7b0b8,48e0718ac62097b2c394c7da184d85436efca39d6de07569904ad0c9fbde5e71,197b900ad934536a06e319c2443df185d13e0445f6ed821eb75bece8362b8207,973068cf8e96476f45dfbe28f7e7920df819089382aaffecc28f158965ecaf8d,hist_gradient_boosting,clipped,mae,32.37644548499069,reconstructed,259,PENDING
C08,FD002,primary,73,C08_FD002_8468e13b7f2c_seed_73,outputs/c08_final_8468e13,8468e13b7f2c7c3d937f0b4de6f5198e95e7b0b8,48e0718ac62097b2c394c7da184d85436efca39d6de07569904ad0c9fbde5e71,197b900ad934536a06e319c2443df185d13e0445f6ed821eb75bece8362b8207,973068cf8e96476f45dfbe28f7e7920df819089382aaffecc28f158965ecaf8d,hist_gradient_boosting,clipped,signed_error,-5.830636257265837,reconstructed,259,PENDING
C08,FD002,primary,73,C08_FD002_8468e13b7f2c_seed_73,outputs/c08_final_8468e13,8468e13b7f2c7c3d937f0b4de6f5198e95e7b0b8,48e0718ac62097b2c394c7da184d85436efca39d6de07569904ad0c9fbde5e71,197b900ad934536a06e319c2443df185d13e0445f6ed821eb75bece8362b8207,973068cf8e96476f45dfbe28f7e7920df819089382aaffecc28f158965ecaf8d,hist_gradient_boosting,clipped,nasa_score,11548.458035824027,reconstructed,259,PENDING
C08,FD002,primary,101,C08_FD002_8468e13b7f2c_seed_101,outputs/c08_final_8468e13,8468e13b7f2c7c3d937f0b4de6f5198e95e7b0b8,76301ed76681bc2a41be1f4e12b81d41107068fe3cc20e7bd9e915c463f25100,90bd3dac10a11359ecc0304aee02ecce1e35c31a19727304f9893ad4420afa63,b1675cdf249d8450d2ce4f644276cca57be13990a993c3398f0172b52fad4cf7,mean,raw,rmse,54.06435205607104,reconstructed,259,PENDING
C08,FD002,primary,101,C08_FD002_8468e13b7f2c_seed_101,outputs/c08_final_8468e13,8468e13b7f2c7c3d937f0b4de6f5198e95e7b0b8,76301ed76681bc2a41be1f4e12b81d41107068fe3cc20e7bd9e915c463f25100,90bd3dac10a11359ecc0304aee02ecce1e35c31a19727304f9893ad4420afa63,b1675cdf249d8450d2ce4f644276cca57be13990a993c3398f0172b52fad4cf7,mean,raw,mae,45.61713024978331,reconstructed,259,PENDING
C08,FD002,primary,101,C08_FD002_8468e13b7f2c_seed_101,outputs/c08_final_8468e13,8468e13b7f2c7c3d937f0b4de6f5198e95e7b0b8,76301ed76681bc2a41be1f4e12b81d41107068fe3cc20e7bd9e915c463f25100,90bd3dac10a11359ecc0304aee02ecce1e35c31a19727304f9893ad4420afa63,b1675cdf249d8450d2ce4f644276cca57be13990a993c3398f0172b52fad4cf7,mean,raw,signed_error,5.549365692222888,reconstructed,259,PENDING
C08,FD002,primary,101,C08_FD002_8468e13b7f2c_seed_101,outputs/c08_final_8468e13,8468e13b7f2c7c3d937f0b4de6f5198e95e7b0b8,76301ed76681bc2a41be1f4e12b81d41107068fe3cc20e7bd9e915c463f25100,90bd3dac10a11359ecc0304aee02ecce1e35c31a19727304f9893ad4420afa63,b1675cdf249d8450d2ce4f644276cca57be13990a993c3398f0172b52fad4cf7,mean,raw,nasa_score,151742.90081366547,reconstructed,259,PENDING
C08,FD002,primary,101,C08_FD002_8468e13b7f2c_seed_101,outputs/c08_final_8468e13,8468e13b7f2c7c3d937f0b4de6f5198e95e7b0b8,76301ed76681bc2a41be1f4e12b81d41107068fe3cc20e7bd9e915c463f25100,90bd3dac10a11359ecc0304aee02ecce1e35c31a19727304f9893ad4420afa63,b1675cdf249d8450d2ce4f644276cca57be13990a993c3398f0172b52fad4cf7,mean,clipped,rmse,44.87667398981537,reconstructed,259,PENDING
C08,FD002,primary,101,C08_FD002_8468e13b7f2c_seed_101,outputs/c08_final_8468e13,8468e13b7f2c7c3d937f0b4de6f5198e95e7b0b8,76301ed76681bc2a41be1f4e12b81d41107068fe3cc20e7bd9e915c463f25100,90bd3dac10a11359ecc0304aee02ecce1e35c31a19727304f9893ad4420afa63,b1675cdf249d8450d2ce4f644276cca57be13990a993c3398f0172b52fad4cf7,mean,clipped,mae,38.122921755574815,reconstructed,259,PENDING
C08,FD002,primary,101,C08_FD002_8468e13b7f2c_seed_101,outputs/c08_final_8468e13,8468e13b7f2c7c3d937f0b4de6f5198e95e7b0b8,76301ed76681bc2a41be1f4e12b81d41107068fe3cc20e7bd9e915c463f25100,90bd3dac10a11359ecc0304aee02ecce1e35c31a19727304f9893ad4420afa63,b1675cdf249d8450d2ce4f644276cca57be13990a993c3398f0172b52fad4cf7,mean,clipped,signed_error,13.043574186431266,reconstructed,259,PENDING
C08,FD002,primary,101,C08_FD002_8468e13b7f2c_seed_101,outputs/c08_final_8468e13,8468e13b7f2c7c3d937f0b4de6f5198e95e7b0b8,76301ed76681bc2a41be1f4e12b81d41107068fe3cc20e7bd9e915c463f25100,90bd3dac10a11359ecc0304aee02ecce1e35c31a19727304f9893ad4420afa63,b1675cdf249d8450d2ce4f644276cca57be13990a993c3398f0172b52fad4cf7,mean,clipped,nasa_score,113582.64149430084,reconstructed,259,PENDING
C08,FD002,primary,101,C08_FD002_8468e13b7f2c_seed_101,outputs/c08_final_8468e13,8468e13b7f2c7c3d937f0b4de6f5198e95e7b0b8,76301ed76681bc2a41be1f4e12b81d41107068fe3cc20e7bd9e915c463f25100,90bd3dac10a11359ecc0304aee02ecce1e35c31a19727304f9893ad4420afa63,b1675cdf249d8450d2ce4f644276cca57be13990a993c3398f0172b52fad4cf7,ridge,raw,rmse,21132844375338.312,reconstructed,259,PENDING
C08,FD002,primary,101,C08_FD002_8468e13b7f2c_seed_101,outputs/c08_final_8468e13,8468e13b7f2c7c3d937f0b4de6f5198e95e7b0b8,76301ed76681bc2a41be1f4e12b81d41107068fe3cc20e7bd9e915c463f25100,90bd3dac10a11359ecc0304aee02ecce1e35c31a19727304f9893ad4420afa63,b1675cdf249d8450d2ce4f644276cca57be13990a993c3398f0172b52fad4cf7,ridge,raw,mae,16747252326193.1,reconstructed,259,PENDING
C08,FD002,primary,101,C08_FD002_8468e13b7f2c_seed_101,outputs/c08_final_8468e13,8468e13b7f2c7c3d937f0b4de6f5198e95e7b0b8,76301ed76681bc2a41be1f4e12b81d41107068fe3cc20e7bd9e915c463f25100,90bd3dac10a11359ecc0304aee02ecce1e35c31a19727304f9893ad4420afa63,b1675cdf249d8450d2ce4f644276cca57be13990a993c3398f0172b52fad4cf7,ridge,raw,signed_error,-1020415803524.0406,reconstructed,259,PENDING
C08,FD002,primary,101,C08_FD002_8468e13b7f2c_seed_101,outputs/c08_final_8468e13,8468e13b7f2c7c3d937f0b4de6f5198e95e7b0b8,76301ed76681bc2a41be1f4e12b81d41107068fe3cc20e7bd9e915c463f25100,90bd3dac10a11359ecc0304aee02ecce1e35c31a19727304f9893ad4420afa63,b1675cdf249d8450d2ce4f644276cca57be13990a993c3398f0172b52fad4cf7,ridge,raw,nasa_score,PENDING,nonfinite_on_raw_support,259,PENDING
C08,FD002,primary,101,C08_FD002_8468e13b7f2c_seed_101,outputs/c08_final_8468e13,8468e13b7f2c7c3d937f0b4de6f5198e95e7b0b8,76301ed76681bc2a41be1f4e12b81d41107068fe3cc20e7bd9e915c463f25100,90bd3dac10a11359ecc0304aee02ecce1e35c31a19727304f9893ad4420afa63,b1675cdf249d8450d2ce4f644276cca57be13990a993c3398f0172b52fad4cf7,ridge,clipped,rmse,80.13340710566932,reconstructed,259,PENDING
C08,FD002,primary,101,C08_FD002_8468e13b7f2c_seed_101,outputs/c08_final_8468e13,8468e13b7f2c7c3d937f0b4de6f5198e95e7b0b8,76301ed76681bc2a41be1f4e12b81d41107068fe3cc20e7bd9e915c463f25100,90bd3dac10a11359ecc0304aee02ecce1e35c31a19727304f9893ad4420afa63,b1675cdf249d8450d2ce4f644276cca57be13990a993c3398f0172b52fad4cf7,ridge,clipped,mae,66.86872586872587,reconstructed,259,PENDING
C08,FD002,primary,101,C08_FD002_8468e13b7f2c_seed_101,outputs/c08_final_8468e13,8468e13b7f2c7c3d937f0b4de6f5198e95e7b0b8,76301ed76681bc2a41be1f4e12b81d41107068fe3cc20e7bd9e915c463f25100,90bd3dac10a11359ecc0304aee02ecce1e35c31a19727304f9893ad4420afa63,b1675cdf249d8450d2ce4f644276cca57be13990a993c3398f0172b52fad4cf7,ridge,clipped,signed_error,-12.397683397683398,reconstructed,259,PENDING
C08,FD002,primary,101,C08_FD002_8468e13b7f2c_seed_101,outputs/c08_final_8468e13,8468e13b7f2c7c3d937f0b4de6f5198e95e7b0b8,76301ed76681bc2a41be1f4e12b81d41107068fe3cc20e7bd9e915c463f25100,90bd3dac10a11359ecc0304aee02ecce1e35c31a19727304f9893ad4420afa63,b1675cdf249d8450d2ce4f644276cca57be13990a993c3398f0172b52fad4cf7,ridge,clipped,nasa_score,3502235.8646291457,reconstructed,259,PENDING
C08,FD002,primary,101,C08_FD002_8468e13b7f2c_seed_101,outputs/c08_final_8468e13,8468e13b7f2c7c3d937f0b4de6f5198e95e7b0b8,76301ed76681bc2a41be1f4e12b81d41107068fe3cc20e7bd9e915c463f25100,90bd3dac10a11359ecc0304aee02ecce1e35c31a19727304f9893ad4420afa63,b1675cdf249d8450d2ce4f644276cca57be13990a993c3398f0172b52fad4cf7,hist_gradient_boosting,raw,rmse,47.29322946973636,reconstructed,259,PENDING
C08,FD002,primary,101,C08_FD002_8468e13b7f2c_seed_101,outputs/c08_final_8468e13,8468e13b7f2c7c3d937f0b4de6f5198e95e7b0b8,76301ed76681bc2a41be1f4e12b81d41107068fe3cc20e7bd9e915c463f25100,90bd3dac10a11359ecc0304aee02ecce1e35c31a19727304f9893ad4420afa63,b1675cdf249d8450d2ce4f644276cca57be13990a993c3398f0172b52fad4cf7,hist_gradient_boosting,raw,mae,39.77412108626223,reconstructed,259,PENDING
C08,FD002,primary,101,C08_FD002_8468e13b7f2c_seed_101,outputs/c08_final_8468e13,8468e13b7f2c7c3d937f0b4de6f5198e95e7b0b8,76301ed76681bc2a41be1f4e12b81d41107068fe3cc20e7bd9e915c463f25100,90bd3dac10a11359ecc0304aee02ecce1e35c31a19727304f9893ad4420afa63,b1675cdf249d8450d2ce4f644276cca57be13990a993c3398f0172b52fad4cf7,hist_gradient_boosting,raw,signed_error,6.939779523052984,reconstructed,259,PENDING
C08,FD002,primary,101,C08_FD002_8468e13b7f2c_seed_101,outputs/c08_final_8468e13,8468e13b7f2c7c3d937f0b4de6f5198e95e7b0b8,76301ed76681bc2a41be1f4e12b81d41107068fe3cc20e7bd9e915c463f25100,90bd3dac10a11359ecc0304aee02ecce1e35c31a19727304f9893ad4420afa63,b1675cdf249d8450d2ce4f644276cca57be13990a993c3398f0172b52fad4cf7,hist_gradient_boosting,raw,nasa_score,104516.82593870215,reconstructed,259,PENDING
C08,FD002,primary,101,C08_FD002_8468e13b7f2c_seed_101,outputs/c08_final_8468e13,8468e13b7f2c7c3d937f0b4de6f5198e95e7b0b8,76301ed76681bc2a41be1f4e12b81d41107068fe3cc20e7bd9e915c463f25100,90bd3dac10a11359ecc0304aee02ecce1e35c31a19727304f9893ad4420afa63,b1675cdf249d8450d2ce4f644276cca57be13990a993c3398f0172b52fad4cf7,hist_gradient_boosting,clipped,rmse,39.296290636833604,reconstructed,259,PENDING
C08,FD002,primary,101,C08_FD002_8468e13b7f2c_seed_101,outputs/c08_final_8468e13,8468e13b7f2c7c3d937f0b4de6f5198e95e7b0b8,76301ed76681bc2a41be1f4e12b81d41107068fe3cc20e7bd9e915c463f25100,90bd3dac10a11359ecc0304aee02ecce1e35c31a19727304f9893ad4420afa63,b1675cdf249d8450d2ce4f644276cca57be13990a993c3398f0172b52fad4cf7,hist_gradient_boosting,clipped,mae,32.27991259205373,reconstructed,259,PENDING
C08,FD002,primary,101,C08_FD002_8468e13b7f2c_seed_101,outputs/c08_final_8468e13,8468e13b7f2c7c3d937f0b4de6f5198e95e7b0b8,76301ed76681bc2a41be1f4e12b81d41107068fe3cc20e7bd9e915c463f25100,90bd3dac10a11359ecc0304aee02ecce1e35c31a19727304f9893ad4420afa63,b1675cdf249d8450d2ce4f644276cca57be13990a993c3398f0172b52fad4cf7,hist_gradient_boosting,clipped,signed_error,14.4339880172615,reconstructed,259,PENDING
C08,FD002,primary,101,C08_FD002_8468e13b7f2c_seed_101,outputs/c08_final_8468e13,8468e13b7f2c7c3d937f0b4de6f5198e95e7b0b8,76301ed76681bc2a41be1f4e12b81d41107068fe3cc20e7bd9e915c463f25100,90bd3dac10a11359ecc0304aee02ecce1e35c31a19727304f9893ad4420afa63,b1675cdf249d8450d2ce4f644276cca57be13990a993c3398f0172b52fad4cf7,hist_gradient_boosting,clipped,nasa_score,82234.78572918085,reconstructed,259,PENDING
C08,FD002,primary,137,C08_FD002_8468e13b7f2c_seed_137,outputs/c08_final_8468e13,8468e13b7f2c7c3d937f0b4de6f5198e95e7b0b8,408b17765a0f96e93d30f313b059e2421719a7e915306c226016e25cea8cbcc9,7f10fad80b84541771250dedf66f4eabb64fd3dfe3d5d3df43e83050856ba871,8ec45e4a5f165037881d3ca3fa405adbd0afbe17731f32b12ad40c41ca5e06d4,mean,raw,rmse,54.08138308750092,reconstructed,259,PENDING
C08,FD002,primary,137,C08_FD002_8468e13b7f2c_seed_137,outputs/c08_final_8468e13,8468e13b7f2c7c3d937f0b4de6f5198e95e7b0b8,408b17765a0f96e93d30f313b059e2421719a7e915306c226016e25cea8cbcc9,7f10fad80b84541771250dedf66f4eabb64fd3dfe3d5d3df43e83050856ba871,8ec45e4a5f165037881d3ca3fa405adbd0afbe17731f32b12ad40c41ca5e06d4,mean,raw,mae,45.63417883537229,reconstructed,259,PENDING
C08,FD002,primary,137,C08_FD002_8468e13b7f2c_seed_137,outputs/c08_final_8468e13,8468e13b7f2c7c3d937f0b4de6f5198e95e7b0b8,408b17765a0f96e93d30f313b059e2421719a7e915306c226016e25cea8cbcc9,7f10fad80b84541771250dedf66f4eabb64fd3dfe3d5d3df43e83050856ba871,8ec45e4a5f165037881d3ca3fa405adbd0afbe17731f32b12ad40c41ca5e06d4,mean,raw,signed_error,5.71290582805779,reconstructed,259,PENDING
C08,FD002,primary,137,C08_FD002_8468e13b7f2c_seed_137,outputs/c08_final_8468e13,8468e13b7f2c7c3d937f0b4de6f5198e95e7b0b8,408b17765a0f96e93d30f313b059e2421719a7e915306c226016e25cea8cbcc9,7f10fad80b84541771250dedf66f4eabb64fd3dfe3d5d3df43e83050856ba871,8ec45e4a5f165037881d3ca3fa405adbd0afbe17731f32b12ad40c41ca5e06d4,mean,raw,nasa_score,153101.77577692742,reconstructed,259,PENDING
C08,FD002,primary,137,C08_FD002_8468e13b7f2c_seed_137,outputs/c08_final_8468e13,8468e13b7f2c7c3d937f0b4de6f5198e95e7b0b8,408b17765a0f96e93d30f313b059e2421719a7e915306c226016e25cea8cbcc9,7f10fad80b84541771250dedf66f4eabb64fd3dfe3d5d3df43e83050856ba871,8ec45e4a5f165037881d3ca3fa405adbd0afbe17731f32b12ad40c41ca5e06d4,mean,clipped,rmse,44.92448006992008,reconstructed,259,PENDING
C08,FD002,primary,137,C08_FD002_8468e13b7f2c_seed_137,outputs/c08_final_8468e13,8468e13b7f2c7c3d937f0b4de6f5198e95e7b0b8,408b17765a0f96e93d30f313b059e2421719a7e915306c226016e25cea8cbcc9,7f10fad80b84541771250dedf66f4eabb64fd3dfe3d5d3df43e83050856ba871,8ec45e4a5f165037881d3ca3fa405adbd0afbe17731f32b12ad40c41ca5e06d4,mean,clipped,mae,38.139970341163796,reconstructed,259,PENDING
C08,FD002,primary,137,C08_FD002_8468e13b7f2c_seed_137,outputs/c08_final_8468e13,8468e13b7f2c7c3d937f0b4de6f5198e95e7b0b8,408b17765a0f96e93d30f313b059e2421719a7e915306c226016e25cea8cbcc9,7f10fad80b84541771250dedf66f4eabb64fd3dfe3d5d3df43e83050856ba871,8ec45e4a5f165037881d3ca3fa405adbd0afbe17731f32b12ad40c41ca5e06d4,mean,clipped,signed_error,13.2071143222664,reconstructed,259,PENDING
C08,FD002,primary,137,C08_FD002_8468e13b7f2c_seed_137,outputs/c08_final_8468e13,8468e13b7f2c7c3d937f0b4de6f5198e95e7b0b8,408b17765a0f96e93d30f313b059e2421719a7e915306c226016e25cea8cbcc9,7f10fad80b84541771250dedf66f4eabb64fd3dfe3d5d3df43e83050856ba871,8ec45e4a5f165037881d3ca3fa405adbd0afbe17731f32b12ad40c41ca5e06d4,mean,clipped,nasa_score,115418.56598318409,reconstructed,259,PENDING
C08,FD002,primary,137,C08_FD002_8468e13b7f2c_seed_137,outputs/c08_final_8468e13,8468e13b7f2c7c3d937f0b4de6f5198e95e7b0b8,408b17765a0f96e93d30f313b059e2421719a7e915306c226016e25cea8cbcc9,7f10fad80b84541771250dedf66f4eabb64fd3dfe3d5d3df43e83050856ba871,8ec45e4a5f165037881d3ca3fa405adbd0afbe17731f32b12ad40c41ca5e06d4,ridge,raw,rmse,11533786481163.914,reconstructed,259,PENDING
C08,FD002,primary,137,C08_FD002_8468e13b7f2c_seed_137,outputs/c08_final_8468e13,8468e13b7f2c7c3d937f0b4de6f5198e95e7b0b8,408b17765a0f96e93d30f313b059e2421719a7e915306c226016e25cea8cbcc9,7f10fad80b84541771250dedf66f4eabb64fd3dfe3d5d3df43e83050856ba871,8ec45e4a5f165037881d3ca3fa405adbd0afbe17731f32b12ad40c41ca5e06d4,ridge,raw,mae,9070716517083.24,reconstructed,259,PENDING
C08,FD002,primary,137,C08_FD002_8468e13b7f2c_seed_137,outputs/c08_final_8468e13,8468e13b7f2c7c3d937f0b4de6f5198e95e7b0b8,408b17765a0f96e93d30f313b059e2421719a7e915306c226016e25cea8cbcc9,7f10fad80b84541771250dedf66f4eabb64fd3dfe3d5d3df43e83050856ba871,8ec45e4a5f165037881d3ca3fa405adbd0afbe17731f32b12ad40c41ca5e06d4,ridge,raw,signed_error,-516671466052.55115,reconstructed,259,PENDING
C08,FD002,primary,137,C08_FD002_8468e13b7f2c_seed_137,outputs/c08_final_8468e13,8468e13b7f2c7c3d937f0b4de6f5198e95e7b0b8,408b17765a0f96e93d30f313b059e2421719a7e915306c226016e25cea8cbcc9,7f10fad80b84541771250dedf66f4eabb64fd3dfe3d5d3df43e83050856ba871,8ec45e4a5f165037881d3ca3fa405adbd0afbe17731f32b12ad40c41ca5e06d4,ridge,raw,nasa_score,PENDING,nonfinite_on_raw_support,259,PENDING
C08,FD002,primary,137,C08_FD002_8468e13b7f2c_seed_137,outputs/c08_final_8468e13,8468e13b7f2c7c3d937f0b4de6f5198e95e7b0b8,408b17765a0f96e93d30f313b059e2421719a7e915306c226016e25cea8cbcc9,7f10fad80b84541771250dedf66f4eabb64fd3dfe3d5d3df43e83050856ba871,8ec45e4a5f165037881d3ca3fa405adbd0afbe17731f32b12ad40c41ca5e06d4,ridge,clipped,rmse,78.73904900262536,reconstructed,259,PENDING
C08,FD002,primary,137,C08_FD002_8468e13b7f2c_seed_137,outputs/c08_final_8468e13,8468e13b7f2c7c3d937f0b4de6f5198e95e7b0b8,408b17765a0f96e93d30f313b059e2421719a7e915306c226016e25cea8cbcc9,7f10fad80b84541771250dedf66f4eabb64fd3dfe3d5d3df43e83050856ba871,8ec45e4a5f165037881d3ca3fa405adbd0afbe17731f32b12ad40c41ca5e06d4,ridge,clipped,mae,65.0965250965251,reconstructed,259,PENDING
C08,FD002,primary,137,C08_FD002_8468e13b7f2c_seed_137,outputs/c08_final_8468e13,8468e13b7f2c7c3d937f0b4de6f5198e95e7b0b8,408b17765a0f96e93d30f313b059e2421719a7e915306c226016e25cea8cbcc9,7f10fad80b84541771250dedf66f4eabb64fd3dfe3d5d3df43e83050856ba871,8ec45e4a5f165037881d3ca3fa405adbd0afbe17731f32b12ad40c41ca5e06d4,ridge,clipped,signed_error,-10.94980694980695,reconstructed,259,PENDING
C08,FD002,primary,137,C08_FD002_8468e13b7f2c_seed_137,outputs/c08_final_8468e13,8468e13b7f2c7c3d937f0b4de6f5198e95e7b0b8,408b17765a0f96e93d30f313b059e2421719a7e915306c226016e25cea8cbcc9,7f10fad80b84541771250dedf66f4eabb64fd3dfe3d5d3df43e83050856ba871,8ec45e4a5f165037881d3ca3fa405adbd0afbe17731f32b12ad40c41ca5e06d4,ridge,clipped,nasa_score,3289717.7701491015,reconstructed,259,PENDING
C08,FD002,primary,137,C08_FD002_8468e13b7f2c_seed_137,outputs/c08_final_8468e13,8468e13b7f2c7c3d937f0b4de6f5198e95e7b0b8,408b17765a0f96e93d30f313b059e2421719a7e915306c226016e25cea8cbcc9,7f10fad80b84541771250dedf66f4eabb64fd3dfe3d5d3df43e83050856ba871,8ec45e4a5f165037881d3ca3fa405adbd0afbe17731f32b12ad40c41ca5e06d4,hist_gradient_boosting,raw,rmse,47.159281812801005,reconstructed,259,PENDING
C08,FD002,primary,137,C08_FD002_8468e13b7f2c_seed_137,outputs/c08_final_8468e13,8468e13b7f2c7c3d937f0b4de6f5198e95e7b0b8,408b17765a0f96e93d30f313b059e2421719a7e915306c226016e25cea8cbcc9,7f10fad80b84541771250dedf66f4eabb64fd3dfe3d5d3df43e83050856ba871,8ec45e4a5f165037881d3ca3fa405adbd0afbe17731f32b12ad40c41ca5e06d4,hist_gradient_boosting,raw,mae,39.26460685257859,reconstructed,259,PENDING
C08,FD002,primary,137,C08_FD002_8468e13b7f2c_seed_137,outputs/c08_final_8468e13,8468e13b7f2c7c3d937f0b4de6f5198e95e7b0b8,408b17765a0f96e93d30f313b059e2421719a7e915306c226016e25cea8cbcc9,7f10fad80b84541771250dedf66f4eabb64fd3dfe3d5d3df43e83050856ba871,8ec45e4a5f165037881d3ca3fa405adbd0afbe17731f32b12ad40c41ca5e06d4,hist_gradient_boosting,raw,signed_error,-4.32370088584912,reconstructed,259,PENDING
C08,FD002,primary,137,C08_FD002_8468e13b7f2c_seed_137,outputs/c08_final_8468e13,8468e13b7f2c7c3d937f0b4de6f5198e95e7b0b8,408b17765a0f96e93d30f313b059e2421719a7e915306c226016e25cea8cbcc9,7f10fad80b84541771250dedf66f4eabb64fd3dfe3d5d3df43e83050856ba871,8ec45e4a5f165037881d3ca3fa405adbd0afbe17731f32b12ad40c41ca5e06d4,hist_gradient_boosting,raw,nasa_score,79002.11513059238,reconstructed,259,PENDING
C08,FD002,primary,137,C08_FD002_8468e13b7f2c_seed_137,outputs/c08_final_8468e13,8468e13b7f2c7c3d937f0b4de6f5198e95e7b0b8,408b17765a0f96e93d30f313b059e2421719a7e915306c226016e25cea8cbcc9,7f10fad80b84541771250dedf66f4eabb64fd3dfe3d5d3df43e83050856ba871,8ec45e4a5f165037881d3ca3fa405adbd0afbe17731f32b12ad40c41ca5e06d4,hist_gradient_boosting,clipped,rmse,36.67765607962547,reconstructed,259,PENDING
C08,FD002,primary,137,C08_FD002_8468e13b7f2c_seed_137,outputs/c08_final_8468e13,8468e13b7f2c7c3d937f0b4de6f5198e95e7b0b8,408b17765a0f96e93d30f313b059e2421719a7e915306c226016e25cea8cbcc9,7f10fad80b84541771250dedf66f4eabb64fd3dfe3d5d3df43e83050856ba871,8ec45e4a5f165037881d3ca3fa405adbd0afbe17731f32b12ad40c41ca5e06d4,hist_gradient_boosting,clipped,mae,31.770398358370095,reconstructed,259,PENDING
C08,FD002,primary,137,C08_FD002_8468e13b7f2c_seed_137,outputs/c08_final_8468e13,8468e13b7f2c7c3d937f0b4de6f5198e95e7b0b8,408b17765a0f96e93d30f313b059e2421719a7e915306c226016e25cea8cbcc9,7f10fad80b84541771250dedf66f4eabb64fd3dfe3d5d3df43e83050856ba871,8ec45e4a5f165037881d3ca3fa405adbd0afbe17731f32b12ad40c41ca5e06d4,hist_gradient_boosting,clipped,signed_error,3.170507608359375,reconstructed,259,PENDING
C08,FD002,primary,137,C08_FD002_8468e13b7f2c_seed_137,outputs/c08_final_8468e13,8468e13b7f2c7c3d937f0b4de6f5198e95e7b0b8,408b17765a0f96e93d30f313b059e2421719a7e915306c226016e25cea8cbcc9,7f10fad80b84541771250dedf66f4eabb64fd3dfe3d5d3df43e83050856ba871,8ec45e4a5f165037881d3ca3fa405adbd0afbe17731f32b12ad40c41ca5e06d4,hist_gradient_boosting,clipped,nasa_score,22581.796796049715,reconstructed,259,PENDING
C08,FD003,primary,13,C08_FD003_8468e13b7f2c_seed_13,outputs/c08_final_8468e13,8468e13b7f2c7c3d937f0b4de6f5198e95e7b0b8,745d404b574a13d18fb7409ad2fffd4372e0114667dd510dffe8fea7eb42e01f,51e4671bddefa2f3164401395d5af3b99af5214635cf2a44b92c8efd995ad556,dd449ecc618071c976cc895a4a0f6196264d5a2c8ceb84cfc0a7fb4afb62663a,mean,raw,rmse,42.5881060153964,reconstructed,100,PENDING
C08,FD003,primary,13,C08_FD003_8468e13b7f2c_seed_13,outputs/c08_final_8468e13,8468e13b7f2c7c3d937f0b4de6f5198e95e7b0b8,745d404b574a13d18fb7409ad2fffd4372e0114667dd510dffe8fea7eb42e01f,51e4671bddefa2f3164401395d5af3b99af5214635cf2a44b92c8efd995ad556,dd449ecc618071c976cc895a4a0f6196264d5a2c8ceb84cfc0a7fb4afb62663a,mean,raw,mae,36.272745591939554,reconstructed,100,PENDING
C08,FD003,primary,13,C08_FD003_8468e13b7f2c_seed_13,outputs/c08_final_8468e13,8468e13b7f2c7c3d937f0b4de6f5198e95e7b0b8,745d404b574a13d18fb7409ad2fffd4372e0114667dd510dffe8fea7eb42e01f,51e4671bddefa2f3164401395d5af3b99af5214635cf2a44b92c8efd995ad556,dd449ecc618071c976cc895a4a0f6196264d5a2c8ceb84cfc0a7fb4afb62663a,mean,raw,signed_error,10.00745591939545,reconstructed,100,PENDING
C08,FD003,primary,13,C08_FD003_8468e13b7f2c_seed_13,outputs/c08_final_8468e13,8468e13b7f2c7c3d937f0b4de6f5198e95e7b0b8,745d404b574a13d18fb7409ad2fffd4372e0114667dd510dffe8fea7eb42e01f,51e4671bddefa2f3164401395d5af3b99af5214635cf2a44b92c8efd995ad556,dd449ecc618071c976cc895a4a0f6196264d5a2c8ceb84cfc0a7fb4afb62663a,mean,raw,nasa_score,27207.95500862659,reconstructed,100,PENDING
C08,FD003,primary,13,C08_FD003_8468e13b7f2c_seed_13,outputs/c08_final_8468e13,8468e13b7f2c7c3d937f0b4de6f5198e95e7b0b8,745d404b574a13d18fb7409ad2fffd4372e0114667dd510dffe8fea7eb42e01f,51e4671bddefa2f3164401395d5af3b99af5214635cf2a44b92c8efd995ad556,dd449ecc618071c976cc895a4a0f6196264d5a2c8ceb84cfc0a7fb4afb62663a,mean,clipped,rmse,40.83856555325073,reconstructed,100,PENDING
C08,FD003,primary,13,C08_FD003_8468e13b7f2c_seed_13,outputs/c08_final_8468e13,8468e13b7f2c7c3d937f0b4de6f5198e95e7b0b8,745d404b574a13d18fb7409ad2fffd4372e0114667dd510dffe8fea7eb42e01f,51e4671bddefa2f3164401395d5af3b99af5214635cf2a44b92c8efd995ad556,dd449ecc618071c976cc895a4a0f6196264d5a2c8ceb84cfc0a7fb4afb62663a,mean,clipped,mae,34.71274559193955,reconstructed,100,PENDING
C08,FD003,primary,13,C08_FD003_8468e13b7f2c_seed_13,outputs/c08_final_8468e13,8468e13b7f2c7c3d937f0b4de6f5198e95e7b0b8,745d404b574a13d18fb7409ad2fffd4372e0114667dd510dffe8fea7eb42e01f,51e4671bddefa2f3164401395d5af3b99af5214635cf2a44b92c8efd995ad556,dd449ecc618071c976cc895a4a0f6196264d5a2c8ceb84cfc0a7fb4afb62663a,mean,clipped,signed_error,11.567455919395455,reconstructed,100,PENDING
C08,FD003,primary,13,C08_FD003_8468e13b7f2c_seed_13,outputs/c08_final_8468e13,8468e13b7f2c7c3d937f0b4de6f5198e95e7b0b8,745d404b574a13d18fb7409ad2fffd4372e0114667dd510dffe8fea7eb42e01f,51e4671bddefa2f3164401395d5af3b99af5214635cf2a44b92c8efd995ad556,dd449ecc618071c976cc895a4a0f6196264d5a2c8ceb84cfc0a7fb4afb62663a,mean,clipped,nasa_score,26728.67588791434,reconstructed,100,PENDING
C08,FD003,primary,13,C08_FD003_8468e13b7f2c_seed_13,outputs/c08_final_8468e13,8468e13b7f2c7c3d937f0b4de6f5198e95e7b0b8,745d404b574a13d18fb7409ad2fffd4372e0114667dd510dffe8fea7eb42e01f,51e4671bddefa2f3164401395d5af3b99af5214635cf2a44b92c8efd995ad556,dd449ecc618071c976cc895a4a0f6196264d5a2c8ceb84cfc0a7fb4afb62663a,ridge,raw,rmse,81293841747.95866,reconstructed,100,PENDING
C08,FD003,primary,13,C08_FD003_8468e13b7f2c_seed_13,outputs/c08_final_8468e13,8468e13b7f2c7c3d937f0b4de6f5198e95e7b0b8,745d404b574a13d18fb7409ad2fffd4372e0114667dd510dffe8fea7eb42e01f,51e4671bddefa2f3164401395d5af3b99af5214635cf2a44b92c8efd995ad556,dd449ecc618071c976cc895a4a0f6196264d5a2c8ceb84cfc0a7fb4afb62663a,ridge,raw,mae,21869022977.88733,reconstructed,100,PENDING
C08,FD003,primary,13,C08_FD003_8468e13b7f2c_seed_13,outputs/c08_final_8468e13,8468e13b7f2c7c3d937f0b4de6f5198e95e7b0b8,745d404b574a13d18fb7409ad2fffd4372e0114667dd510dffe8fea7eb42e01f,51e4671bddefa2f3164401395d5af3b99af5214635cf2a44b92c8efd995ad556,dd449ecc618071c976cc895a4a0f6196264d5a2c8ceb84cfc0a7fb4afb62663a,ridge,raw,signed_error,-17080509143.380892,reconstructed,100,PENDING
C08,FD003,primary,13,C08_FD003_8468e13b7f2c_seed_13,outputs/c08_final_8468e13,8468e13b7f2c7c3d937f0b4de6f5198e95e7b0b8,745d404b574a13d18fb7409ad2fffd4372e0114667dd510dffe8fea7eb42e01f,51e4671bddefa2f3164401395d5af3b99af5214635cf2a44b92c8efd995ad556,dd449ecc618071c976cc895a4a0f6196264d5a2c8ceb84cfc0a7fb4afb62663a,ridge,raw,nasa_score,PENDING,nonfinite_on_raw_support,100,PENDING
C08,FD003,primary,13,C08_FD003_8468e13b7f2c_seed_13,outputs/c08_final_8468e13,8468e13b7f2c7c3d937f0b4de6f5198e95e7b0b8,745d404b574a13d18fb7409ad2fffd4372e0114667dd510dffe8fea7eb42e01f,51e4671bddefa2f3164401395d5af3b99af5214635cf2a44b92c8efd995ad556,dd449ecc618071c976cc895a4a0f6196264d5a2c8ceb84cfc0a7fb4afb62663a,ridge,clipped,rmse,46.43079390479501,reconstructed,100,PENDING
C08,FD003,primary,13,C08_FD003_8468e13b7f2c_seed_13,outputs/c08_final_8468e13,8468e13b7f2c7c3d937f0b4de6f5198e95e7b0b8,745d404b574a13d18fb7409ad2fffd4372e0114667dd510dffe8fea7eb42e01f,51e4671bddefa2f3164401395d5af3b99af5214635cf2a44b92c8efd995ad556,dd449ecc618071c976cc895a4a0f6196264d5a2c8ceb84cfc0a7fb4afb62663a,ridge,clipped,mae,32.44127416083114,reconstructed,100,PENDING
C08,FD003,primary,13,C08_FD003_8468e13b7f2c_seed_13,outputs/c08_final_8468e13,8468e13b7f2c7c3d937f0b4de6f5198e95e7b0b8,745d404b574a13d18fb7409ad2fffd4372e0114667dd510dffe8fea7eb42e01f,51e4671bddefa2f3164401395d5af3b99af5214635cf2a44b92c8efd995ad556,dd449ecc618071c976cc895a4a0f6196264d5a2c8ceb84cfc0a7fb4afb62663a,ridge,clipped,signed_error,5.877361243049471,reconstructed,100,PENDING
C08,FD003,primary,13,C08_FD003_8468e13b7f2c_seed_13,outputs/c08_final_8468e13,8468e13b7f2c7c3d937f0b4de6f5198e95e7b0b8,745d404b574a13d18fb7409ad2fffd4372e0114667dd510dffe8fea7eb42e01f,51e4671bddefa2f3164401395d5af3b99af5214635cf2a44b92c8efd995ad556,dd449ecc618071c976cc895a4a0f6196264d5a2c8ceb84cfc0a7fb4afb62663a,ridge,clipped,nasa_score,868752.2778693407,reconstructed,100,PENDING
C08,FD003,primary,13,C08_FD003_8468e13b7f2c_seed_13,outputs/c08_final_8468e13,8468e13b7f2c7c3d937f0b4de6f5198e95e7b0b8,745d404b574a13d18fb7409ad2fffd4372e0114667dd510dffe8fea7eb42e01f,51e4671bddefa2f3164401395d5af3b99af5214635cf2a44b92c8efd995ad556,dd449ecc618071c976cc895a4a0f6196264d5a2c8ceb84cfc0a7fb4afb62663a,hist_gradient_boosting,raw,rmse,24.00994369486756,reconstructed,100,PENDING
C08,FD003,primary,13,C08_FD003_8468e13b7f2c_seed_13,outputs/c08_final_8468e13,8468e13b7f2c7c3d937f0b4de6f5198e95e7b0b8,745d404b574a13d18fb7409ad2fffd4372e0114667dd510dffe8fea7eb42e01f,51e4671bddefa2f3164401395d5af3b99af5214635cf2a44b92c8efd995ad556,dd449ecc618071c976cc895a4a0f6196264d5a2c8ceb84cfc0a7fb4afb62663a,hist_gradient_boosting,raw,mae,18.825898520119434,reconstructed,100,PENDING
C08,FD003,primary,13,C08_FD003_8468e13b7f2c_seed_13,outputs/c08_final_8468e13,8468e13b7f2c7c3d937f0b4de6f5198e95e7b0b8,745d404b574a13d18fb7409ad2fffd4372e0114667dd510dffe8fea7eb42e01f,51e4671bddefa2f3164401395d5af3b99af5214635cf2a44b92c8efd995ad556,dd449ecc618071c976cc895a4a0f6196264d5a2c8ceb84cfc0a7fb4afb62663a,hist_gradient_boosting,raw,signed_error,7.3888736507115,reconstructed,100,PENDING
C08,FD003,primary,13,C08_FD003_8468e13b7f2c_seed_13,outputs/c08_final_8468e13,8468e13b7f2c7c3d937f0b4de6f5198e95e7b0b8,745d404b574a13d18fb7409ad2fffd4372e0114667dd510dffe8fea7eb42e01f,51e4671bddefa2f3164401395d5af3b99af5214635cf2a44b92c8efd995ad556,dd449ecc618071c976cc895a4a0f6196264d5a2c8ceb84cfc0a7fb4afb62663a,hist_gradient_boosting,raw,nasa_score,1996.674127932777,reconstructed,100,PENDING
C08,FD003,primary,13,C08_FD003_8468e13b7f2c_seed_13,outputs/c08_final_8468e13,8468e13b7f2c7c3d937f0b4de6f5198e95e7b0b8,745d404b574a13d18fb7409ad2fffd4372e0114667dd510dffe8fea7eb42e01f,51e4671bddefa2f3164401395d5af3b99af5214635cf2a44b92c8efd995ad556,dd449ecc618071c976cc895a4a0f6196264d5a2c8ceb84cfc0a7fb4afb62663a,hist_gradient_boosting,clipped,rmse,22.642123409235335,reconstructed,100,PENDING
C08,FD003,primary,13,C08_FD003_8468e13b7f2c_seed_13,outputs/c08_final_8468e13,8468e13b7f2c7c3d937f0b4de6f5198e95e7b0b8,745d404b574a13d18fb7409ad2fffd4372e0114667dd510dffe8fea7eb42e01f,51e4671bddefa2f3164401395d5af3b99af5214635cf2a44b92c8efd995ad556,dd449ecc618071c976cc895a4a0f6196264d5a2c8ceb84cfc0a7fb4afb62663a,hist_gradient_boosting,clipped,mae,17.265898520119435,reconstructed,100,PENDING
C08,FD003,primary,13,C08_FD003_8468e13b7f2c_seed_13,outputs/c08_final_8468e13,8468e13b7f2c7c3d937f0b4de6f5198e95e7b0b8,745d404b574a13d18fb7409ad2fffd4372e0114667dd510dffe8fea7eb42e01f,51e4671bddefa2f3164401395d5af3b99af5214635cf2a44b92c8efd995ad556,dd449ecc618071c976cc895a4a0f6196264d5a2c8ceb84cfc0a7fb4afb62663a,hist_gradient_boosting,clipped,signed_error,8.948873650711498,reconstructed,100,PENDING
C08,FD003,primary,13,C08_FD003_8468e13b7f2c_seed_13,outputs/c08_final_8468e13,8468e13b7f2c7c3d937f0b4de6f5198e95e7b0b8,745d404b574a13d18fb7409ad2fffd4372e0114667dd510dffe8fea7eb42e01f,51e4671bddefa2f3164401395d5af3b99af5214635cf2a44b92c8efd995ad556,dd449ecc618071c976cc895a4a0f6196264d5a2c8ceb84cfc0a7fb4afb62663a,hist_gradient_boosting,clipped,nasa_score,1922.736005115495,reconstructed,100,PENDING
C08,FD003,primary,37,C08_FD003_8468e13b7f2c_seed_37,outputs/c08_final_8468e13,8468e13b7f2c7c3d937f0b4de6f5198e95e7b0b8,ba0f952fe28efb318d2b8a661daf9a3c36ed78a422e0660dc509e82a8e2117db,b658207798c142148caed2780990fa9574b403bfd8a6d62a407d1f96bda81283,f12b951da70d114803877a2f7ae399266b2d590b85790f6472b54dd542e7dfba,mean,raw,rmse,43.145279138509665,reconstructed,100,PENDING
C08,FD003,primary,37,C08_FD003_8468e13b7f2c_seed_37,outputs/c08_final_8468e13,8468e13b7f2c7c3d937f0b4de6f5198e95e7b0b8,ba0f952fe28efb318d2b8a661daf9a3c36ed78a422e0660dc509e82a8e2117db,b658207798c142148caed2780990fa9574b403bfd8a6d62a407d1f96bda81283,f12b951da70d114803877a2f7ae399266b2d590b85790f6472b54dd542e7dfba,mean,raw,mae,36.556426869938065,reconstructed,100,PENDING
C08,FD003,primary,37,C08_FD003_8468e13b7f2c_seed_37,outputs/c08_final_8468e13,8468e13b7f2c7c3d937f0b4de6f5198e95e7b0b8,ba0f952fe28efb318d2b8a661daf9a3c36ed78a422e0660dc509e82a8e2117db,b658207798c142148caed2780990fa9574b403bfd8a6d62a407d1f96bda81283,f12b951da70d114803877a2f7ae399266b2d590b85790f6472b54dd542e7dfba,mean,raw,signed_error,12.162134349690339,reconstructed,100,PENDING
C08,FD003,primary,37,C08_FD003_8468e13b7f2c_seed_37,outputs/c08_final_8468e13,8468e13b7f2c7c3d937f0b4de6f5198e95e7b0b8,ba0f952fe28efb318d2b8a661daf9a3c36ed78a422e0660dc509e82a8e2117db,b658207798c142148caed2780990fa9574b403bfd8a6d62a407d1f96bda81283,f12b951da70d114803877a2f7ae399266b2d590b85790f6472b54dd542e7dfba,mean,raw,nasa_score,33384.151333184076,reconstructed,100,PENDING
C08,FD003,primary,37,C08_FD003_8468e13b7f2c_seed_37,outputs/c08_final_8468e13,8468e13b7f2c7c3d937f0b4de6f5198e95e7b0b8,ba0f952fe28efb318d2b8a661daf9a3c36ed78a422e0660dc509e82a8e2117db,b658207798c142148caed2780990fa9574b403bfd8a6d62a407d1f96bda81283,f12b951da70d114803877a2f7ae399266b2d590b85790f6472b54dd542e7dfba,mean,clipped,rmse,41.50035386729794,reconstructed,100,PENDING
C08,FD003,primary,37,C08_FD003_8468e13b7f2c_seed_37,outputs/c08_final_8468e13,8468e13b7f2c7c3d937f0b4de6f5198e95e7b0b8,ba0f952fe28efb318d2b8a661daf9a3c36ed78a422e0660dc509e82a8e2117db,b658207798c142148caed2780990fa9574b403bfd8a6d62a407d1f96bda81283,f12b951da70d114803877a2f7ae399266b2d590b85790f6472b54dd542e7dfba,mean,clipped,mae,34.99642686993806,reconstructed,100,PENDING
C08,FD003,primary,37,C08_FD003_8468e13b7f2c_seed_37,outputs/c08_final_8468e13,8468e13b7f2c7c3d937f0b4de6f5198e95e7b0b8,ba0f952fe28efb318d2b8a661daf9a3c36ed78a422e0660dc509e82a8e2117db,b658207798c142148caed2780990fa9574b403bfd8a6d62a407d1f96bda81283,f12b951da70d114803877a2f7ae399266b2d590b85790f6472b54dd542e7dfba,mean,clipped,signed_error,13.72213434969034,reconstructed,100,PENDING
C08,FD003,primary,37,C08_FD003_8468e13b7f2c_seed_37,outputs/c08_final_8468e13,8468e13b7f2c7c3d937f0b4de6f5198e95e7b0b8,ba0f952fe28efb318d2b8a661daf9a3c36ed78a422e0660dc509e82a8e2117db,b658207798c142148caed2780990fa9574b403bfd8a6d62a407d1f96bda81283,f12b951da70d114803877a2f7ae399266b2d590b85790f6472b54dd542e7dfba,mean,clipped,nasa_score,32978.076017692474,reconstructed,100,PENDING
C08,FD003,primary,37,C08_FD003_8468e13b7f2c_seed_37,outputs/c08_final_8468e13,8468e13b7f2c7c3d937f0b4de6f5198e95e7b0b8,ba0f952fe28efb318d2b8a661daf9a3c36ed78a422e0660dc509e82a8e2117db,b658207798c142148caed2780990fa9574b403bfd8a6d62a407d1f96bda81283,f12b951da70d114803877a2f7ae399266b2d590b85790f6472b54dd542e7dfba,ridge,raw,rmse,99195816772.07375,reconstructed,100,PENDING
C08,FD003,primary,37,C08_FD003_8468e13b7f2c_seed_37,outputs/c08_final_8468e13,8468e13b7f2c7c3d937f0b4de6f5198e95e7b0b8,ba0f952fe28efb318d2b8a661daf9a3c36ed78a422e0660dc509e82a8e2117db,b658207798c142148caed2780990fa9574b403bfd8a6d62a407d1f96bda81283,f12b951da70d114803877a2f7ae399266b2d590b85790f6472b54dd542e7dfba,ridge,raw,mae,27377620897.530052,reconstructed,100,PENDING
C08,FD003,primary,37,C08_FD003_8468e13b7f2c_seed_37,outputs/c08_final_8468e13,8468e13b7f2c7c3d937f0b4de6f5198e95e7b0b8,ba0f952fe28efb318d2b8a661daf9a3c36ed78a422e0660dc509e82a8e2117db,b658207798c142148caed2780990fa9574b403bfd8a6d62a407d1f96bda81283,f12b951da70d114803877a2f7ae399266b2d590b85790f6472b54dd542e7dfba,ridge,raw,signed_error,-24626499632.472095,reconstructed,100,PENDING
C08,FD003,primary,37,C08_FD003_8468e13b7f2c_seed_37,outputs/c08_final_8468e13,8468e13b7f2c7c3d937f0b4de6f5198e95e7b0b8,ba0f952fe28efb318d2b8a661daf9a3c36ed78a422e0660dc509e82a8e2117db,b658207798c142148caed2780990fa9574b403bfd8a6d62a407d1f96bda81283,f12b951da70d114803877a2f7ae399266b2d590b85790f6472b54dd542e7dfba,ridge,raw,nasa_score,PENDING,nonfinite_on_raw_support,100,PENDING
C08,FD003,primary,37,C08_FD003_8468e13b7f2c_seed_37,outputs/c08_final_8468e13,8468e13b7f2c7c3d937f0b4de6f5198e95e7b0b8,ba0f952fe28efb318d2b8a661daf9a3c36ed78a422e0660dc509e82a8e2117db,b658207798c142148caed2780990fa9574b403bfd8a6d62a407d1f96bda81283,f12b951da70d114803877a2f7ae399266b2d590b85790f6472b54dd542e7dfba,ridge,clipped,rmse,47.505648243958966,reconstructed,100,PENDING
C08,FD003,primary,37,C08_FD003_8468e13b7f2c_seed_37,outputs/c08_final_8468e13,8468e13b7f2c7c3d937f0b4de6f5198e95e7b0b8,ba0f952fe28efb318d2b8a661daf9a3c36ed78a422e0660dc509e82a8e2117db,b658207798c142148caed2780990fa9574b403bfd8a6d62a407d1f96bda81283,f12b951da70d114803877a2f7ae399266b2d590b85790f6472b54dd542e7dfba,ridge,clipped,mae,33.113268509920374,reconstructed,100,PENDING
C08,FD003,primary,37,C08_FD003_8468e13b7f2c_seed_37,outputs/c08_final_8468e13,8468e13b7f2c7c3d937f0b4de6f5198e95e7b0b8,ba0f952fe28efb318d2b8a661daf9a3c36ed78a422e0660dc509e82a8e2117db,b658207798c142148caed2780990fa9574b403bfd8a6d62a407d1f96bda81283,f12b951da70d114803877a2f7ae399266b2d590b85790f6472b54dd542e7dfba,ridge,clipped,signed_error,8.398667377625456,reconstructed,100,PENDING
C08,FD003,primary,37,C08_FD003_8468e13b7f2c_seed_37,outputs/c08_final_8468e13,8468e13b7f2c7c3d937f0b4de6f5198e95e7b0b8,ba0f952fe28efb318d2b8a661daf9a3c36ed78a422e0660dc509e82a8e2117db,b658207798c142148caed2780990fa9574b403bfd8a6d62a407d1f96bda81283,f12b951da70d114803877a2f7ae399266b2d590b85790f6472b54dd542e7dfba,ridge,clipped,nasa_score,882484.4155347488,reconstructed,100,PENDING
C08,FD003,primary,37,C08_FD003_8468e13b7f2c_seed_37,outputs/c08_final_8468e13,8468e13b7f2c7c3d937f0b4de6f5198e95e7b0b8,ba0f952fe28efb318d2b8a661daf9a3c36ed78a422e0660dc509e82a8e2117db,b658207798c142148caed2780990fa9574b403bfd8a6d62a407d1f96bda81283,f12b951da70d114803877a2f7ae399266b2d590b85790f6472b54dd542e7dfba,hist_gradient_boosting,raw,rmse,23.406070765420864,reconstructed,100,PENDING
C08,FD003,primary,37,C08_FD003_8468e13b7f2c_seed_37,outputs/c08_final_8468e13,8468e13b7f2c7c3d937f0b4de6f5198e95e7b0b8,ba0f952fe28efb318d2b8a661daf9a3c36ed78a422e0660dc509e82a8e2117db,b658207798c142148caed2780990fa9574b403bfd8a6d62a407d1f96bda81283,f12b951da70d114803877a2f7ae399266b2d590b85790f6472b54dd542e7dfba,hist_gradient_boosting,raw,mae,18.883364582653158,reconstructed,100,PENDING
C08,FD003,primary,37,C08_FD003_8468e13b7f2c_seed_37,outputs/c08_final_8468e13,8468e13b7f2c7c3d937f0b4de6f5198e95e7b0b8,ba0f952fe28efb318d2b8a661daf9a3c36ed78a422e0660dc509e82a8e2117db,b658207798c142148caed2780990fa9574b403bfd8a6d62a407d1f96bda81283,f12b951da70d114803877a2f7ae399266b2d590b85790f6472b54dd542e7dfba,hist_gradient_boosting,raw,signed_error,10.210953862752168,reconstructed,100,PENDING
C08,FD003,primary,37,C08_FD003_8468e13b7f2c_seed_37,outputs/c08_final_8468e13,8468e13b7f2c7c3d937f0b4de6f5198e95e7b0b8,ba0f952fe28efb318d2b8a661daf9a3c36ed78a422e0660dc509e82a8e2117db,b658207798c142148caed2780990fa9574b403bfd8a6d62a407d1f96bda81283,f12b951da70d114803877a2f7ae399266b2d590b85790f6472b54dd542e7dfba,hist_gradient_boosting,raw,nasa_score,1621.2532812245938,reconstructed,100,PENDING
C08,FD003,primary,37,C08_FD003_8468e13b7f2c_seed_37,outputs/c08_final_8468e13,8468e13b7f2c7c3d937f0b4de6f5198e95e7b0b8,ba0f952fe28efb318d2b8a661daf9a3c36ed78a422e0660dc509e82a8e2117db,b658207798c142148caed2780990fa9574b403bfd8a6d62a407d1f96bda81283,f12b951da70d114803877a2f7ae399266b2d590b85790f6472b54dd542e7dfba,hist_gradient_boosting,clipped,rmse,22.28721846827504,reconstructed,100,PENDING
C08,FD003,primary,37,C08_FD003_8468e13b7f2c_seed_37,outputs/c08_final_8468e13,8468e13b7f2c7c3d937f0b4de6f5198e95e7b0b8,ba0f952fe28efb318d2b8a661daf9a3c36ed78a422e0660dc509e82a8e2117db,b658207798c142148caed2780990fa9574b403bfd8a6d62a407d1f96bda81283,f12b951da70d114803877a2f7ae399266b2d590b85790f6472b54dd542e7dfba,hist_gradient_boosting,clipped,mae,17.32336458265316,reconstructed,100,PENDING
C08,FD003,primary,37,C08_FD003_8468e13b7f2c_seed_37,outputs/c08_final_8468e13,8468e13b7f2c7c3d937f0b4de6f5198e95e7b0b8,ba0f952fe28efb318d2b8a661daf9a3c36ed78a422e0660dc509e82a8e2117db,b658207798c142148caed2780990fa9574b403bfd8a6d62a407d1f96bda81283,f12b951da70d114803877a2f7ae399266b2d590b85790f6472b54dd542e7dfba,hist_gradient_boosting,clipped,signed_error,11.770953862752162,reconstructed,100,PENDING
C08,FD003,primary,37,C08_FD003_8468e13b7f2c_seed_37,outputs/c08_final_8468e13,8468e13b7f2c7c3d937f0b4de6f5198e95e7b0b8,ba0f952fe28efb318d2b8a661daf9a3c36ed78a422e0660dc509e82a8e2117db,b658207798c142148caed2780990fa9574b403bfd8a6d62a407d1f96bda81283,f12b951da70d114803877a2f7ae399266b2d590b85790f6472b54dd542e7dfba,hist_gradient_boosting,clipped,nasa_score,1570.243276279877,reconstructed,100,PENDING
C08,FD003,primary,73,C08_FD003_8468e13b7f2c_seed_73,outputs/c08_final_8468e13,8468e13b7f2c7c3d937f0b4de6f5198e95e7b0b8,5c87c1340ab5c22528d6b88e4ebd8ee70978603c0819643d315ab9ccb60873e7,b6c817ac753b7c2b43d81d2b01e9e3932b48adebbcf13ef10c064d8712fe9abb,6cce097aafd256f06d8b1336b0b00a5c2897df3fdce2a6941661a71851323cdb,mean,raw,rmse,42.8896459331533,reconstructed,100,PENDING
C08,FD003,primary,73,C08_FD003_8468e13b7f2c_seed_73,outputs/c08_final_8468e13,8468e13b7f2c7c3d937f0b4de6f5198e95e7b0b8,5c87c1340ab5c22528d6b88e4ebd8ee70978603c0819643d315ab9ccb60873e7,b6c817ac753b7c2b43d81d2b01e9e3932b48adebbcf13ef10c064d8712fe9abb,6cce097aafd256f06d8b1336b0b00a5c2897df3fdce2a6941661a71851323cdb,mean,raw,mae,36.40499104671984,reconstructed,100,PENDING
C08,FD003,primary,73,C08_FD003_8468e13b7f2c_seed_73,outputs/c08_final_8468e13,8468e13b7f2c7c3d937f0b4de6f5198e95e7b0b8,5c87c1340ab5c22528d6b88e4ebd8ee70978603c0819643d315ab9ccb60873e7,b6c817ac753b7c2b43d81d2b01e9e3932b48adebbcf13ef10c064d8712fe9abb,6cce097aafd256f06d8b1336b0b00a5c2897df3fdce2a6941661a71851323cdb,mean,raw,signed_error,11.221592055998691,reconstructed,100,PENDING
C08,FD003,primary,73,C08_FD003_8468e13b7f2c_seed_73,outputs/c08_final_8468e13,8468e13b7f2c7c3d937f0b4de6f5198e95e7b0b8,5c87c1340ab5c22528d6b88e4ebd8ee70978603c0819643d315ab9ccb60873e7,b6c817ac753b7c2b43d81d2b01e9e3932b48adebbcf13ef10c064d8712fe9abb,6cce097aafd256f06d8b1336b0b00a5c2897df3fdce2a6941661a71851323cdb,mean,raw,nasa_score,30516.571875862144,reconstructed,100,PENDING
C08,FD003,primary,73,C08_FD003_8468e13b7f2c_seed_73,outputs/c08_final_8468e13,8468e13b7f2c7c3d937f0b4de6f5198e95e7b0b8,5c87c1340ab5c22528d6b88e4ebd8ee70978603c0819643d315ab9ccb60873e7,b6c817ac753b7c2b43d81d2b01e9e3932b48adebbcf13ef10c064d8712fe9abb,6cce097aafd256f06d8b1336b0b00a5c2897df3fdce2a6941661a71851323cdb,mean,clipped,rmse,41.19892590209081,reconstructed,100,PENDING
C08,FD003,primary,73,C08_FD003_8468e13b7f2c_seed_73,outputs/c08_final_8468e13,8468e13b7f2c7c3d937f0b4de6f5198e95e7b0b8,5c87c1340ab5c22528d6b88e4ebd8ee70978603c0819643d315ab9ccb60873e7,b6c817ac753b7c2b43d81d2b01e9e3932b48adebbcf13ef10c064d8712fe9abb,6cce097aafd256f06d8b1336b0b00a5c2897df3fdce2a6941661a71851323cdb,mean,clipped,mae,34.84499104671984,reconstructed,100,PENDING
C08,FD003,primary,73,C08_FD003_8468e13b7f2c_seed_73,outputs/c08_final_8468e13,8468e13b7f2c7c3d937f0b4de6f5198e95e7b0b8,5c87c1340ab5c22528d6b88e4ebd8ee70978603c0819643d315ab9ccb60873e7,b6c817ac753b7c2b43d81d2b01e9e3932b48adebbcf13ef10c064d8712fe9abb,6cce097aafd256f06d8b1336b0b00a5c2897df3fdce2a6941661a71851323cdb,mean,clipped,signed_error,12.781592055998694,reconstructed,100,PENDING
C08,FD003,primary,73,C08_FD003_8468e13b7f2c_seed_73,outputs/c08_final_8468e13,8468e13b7f2c7c3d937f0b4de6f5198e95e7b0b8,5c87c1340ab5c22528d6b88e4ebd8ee70978603c0819643d315ab9ccb60873e7,b6c817ac753b7c2b43d81d2b01e9e3932b48adebbcf13ef10c064d8712fe9abb,6cce097aafd256f06d8b1336b0b00a5c2897df3fdce2a6941661a71851323cdb,mean,clipped,nasa_score,30080.02836317186,reconstructed,100,PENDING
C08,FD003,primary,73,C08_FD003_8468e13b7f2c_seed_73,outputs/c08_final_8468e13,8468e13b7f2c7c3d937f0b4de6f5198e95e7b0b8,5c87c1340ab5c22528d6b88e4ebd8ee70978603c0819643d315ab9ccb60873e7,b6c817ac753b7c2b43d81d2b01e9e3932b48adebbcf13ef10c064d8712fe9abb,6cce097aafd256f06d8b1336b0b00a5c2897df3fdce2a6941661a71851323cdb,ridge,raw,rmse,108113314314.06892,reconstructed,100,PENDING
C08,FD003,primary,73,C08_FD003_8468e13b7f2c_seed_73,outputs/c08_final_8468e13,8468e13b7f2c7c3d937f0b4de6f5198e95e7b0b8,5c87c1340ab5c22528d6b88e4ebd8ee70978603c0819643d315ab9ccb60873e7,b6c817ac753b7c2b43d81d2b01e9e3932b48adebbcf13ef10c064d8712fe9abb,6cce097aafd256f06d8b1336b0b00a5c2897df3fdce2a6941661a71851323cdb,ridge,raw,mae,29988438398.67081,reconstructed,100,PENDING
C08,FD003,primary,73,C08_FD003_8468e13b7f2c_seed_73,outputs/c08_final_8468e13,8468e13b7f2c7c3d937f0b4de6f5198e95e7b0b8,5c87c1340ab5c22528d6b88e4ebd8ee70978603c0819643d315ab9ccb60873e7,b6c817ac753b7c2b43d81d2b01e9e3932b48adebbcf13ef10c064d8712fe9abb,6cce097aafd256f06d8b1336b0b00a5c2897df3fdce2a6941661a71851323cdb,ridge,raw,signed_error,-26652108337.260387,reconstructed,100,PENDING
C08,FD003,primary,73,C08_FD003_8468e13b7f2c_seed_73,outputs/c08_final_8468e13,8468e13b7f2c7c3d937f0b4de6f5198e95e7b0b8,5c87c1340ab5c22528d6b88e4ebd8ee70978603c0819643d315ab9ccb60873e7,b6c817ac753b7c2b43d81d2b01e9e3932b48adebbcf13ef10c064d8712fe9abb,6cce097aafd256f06d8b1336b0b00a5c2897df3fdce2a6941661a71851323cdb,ridge,raw,nasa_score,PENDING,nonfinite_on_raw_support,100,PENDING
C08,FD003,primary,73,C08_FD003_8468e13b7f2c_seed_73,outputs/c08_final_8468e13,8468e13b7f2c7c3d937f0b4de6f5198e95e7b0b8,5c87c1340ab5c22528d6b88e4ebd8ee70978603c0819643d315ab9ccb60873e7,b6c817ac753b7c2b43d81d2b01e9e3932b48adebbcf13ef10c064d8712fe9abb,6cce097aafd256f06d8b1336b0b00a5c2897df3fdce2a6941661a71851323cdb,ridge,clipped,rmse,48.66807728437431,reconstructed,100,PENDING
C08,FD003,primary,73,C08_FD003_8468e13b7f2c_seed_73,outputs/c08_final_8468e13,8468e13b7f2c7c3d937f0b4de6f5198e95e7b0b8,5c87c1340ab5c22528d6b88e4ebd8ee70978603c0819643d315ab9ccb60873e7,b6c817ac753b7c2b43d81d2b01e9e3932b48adebbcf13ef10c064d8712fe9abb,6cce097aafd256f06d8b1336b0b00a5c2897df3fdce2a6941661a71851323cdb,ridge,clipped,mae,33.64236145179868,reconstructed,100,PENDING
C08,FD003,primary,73,C08_FD003_8468e13b7f2c_seed_73,outputs/c08_final_8468e13,8468e13b7f2c7c3d937f0b4de6f5198e95e7b0b8,5c87c1340ab5c22528d6b88e4ebd8ee70978603c0819643d315ab9ccb60873e7,b6c817ac753b7c2b43d81d2b01e9e3932b48adebbcf13ef10c064d8712fe9abb,6cce097aafd256f06d8b1336b0b00a5c2897df3fdce2a6941661a71851323cdb,ridge,clipped,signed_error,6.682213229494416,reconstructed,100,PENDING
C08,FD003,primary,73,C08_FD003_8468e13b7f2c_seed_73,outputs/c08_final_8468e13,8468e13b7f2c7c3d937f0b4de6f5198e95e7b0b8,5c87c1340ab5c22528d6b88e4ebd8ee70978603c0819643d315ab9ccb60873e7,b6c817ac753b7c2b43d81d2b01e9e3932b48adebbcf13ef10c064d8712fe9abb,6cce097aafd256f06d8b1336b0b00a5c2897df3fdce2a6941661a71851323cdb,ridge,clipped,nasa_score,885380.4170491367,reconstructed,100,PENDING
C08,FD003,primary,73,C08_FD003_8468e13b7f2c_seed_73,outputs/c08_final_8468e13,8468e13b7f2c7c3d937f0b4de6f5198e95e7b0b8,5c87c1340ab5c22528d6b88e4ebd8ee70978603c0819643d315ab9ccb60873e7,b6c817ac753b7c2b43d81d2b01e9e3932b48adebbcf13ef10c064d8712fe9abb,6cce097aafd256f06d8b1336b0b00a5c2897df3fdce2a6941661a71851323cdb,hist_gradient_boosting,raw,rmse,23.321075261944713,reconstructed,100,PENDING
C08,FD003,primary,73,C08_FD003_8468e13b7f2c_seed_73,outputs/c08_final_8468e13,8468e13b7f2c7c3d937f0b4de6f5198e95e7b0b8,5c87c1340ab5c22528d6b88e4ebd8ee70978603c0819643d315ab9ccb60873e7,b6c817ac753b7c2b43d81d2b01e9e3932b48adebbcf13ef10c064d8712fe9abb,6cce097aafd256f06d8b1336b0b00a5c2897df3fdce2a6941661a71851323cdb,hist_gradient_boosting,raw,mae,18.888839266098714,reconstructed,100,PENDING
C08,FD003,primary,73,C08_FD003_8468e13b7f2c_seed_73,outputs/c08_final_8468e13,8468e13b7f2c7c3d937f0b4de6f5198e95e7b0b8,5c87c1340ab5c22528d6b88e4ebd8ee70978603c0819643d315ab9ccb60873e7,b6c817ac753b7c2b43d81d2b01e9e3932b48adebbcf13ef10c064d8712fe9abb,6cce097aafd256f06d8b1336b0b00a5c2897df3fdce2a6941661a71851323cdb,hist_gradient_boosting,raw,signed_error,7.5767657834431335,reconstructed,100,PENDING
C08,FD003,primary,73,C08_FD003_8468e13b7f2c_seed_73,outputs/c08_final_8468e13,8468e13b7f2c7c3d937f0b4de6f5198e95e7b0b8,5c87c1340ab5c22528d6b88e4ebd8ee70978603c0819643d315ab9ccb60873e7,b6c817ac753b7c2b43d81d2b01e9e3932b48adebbcf13ef10c064d8712fe9abb,6cce097aafd256f06d8b1336b0b00a5c2897df3fdce2a6941661a71851323cdb,hist_gradient_boosting,raw,nasa_score,1468.6736489656548,reconstructed,100,PENDING
C08,FD003,primary,73,C08_FD003_8468e13b7f2c_seed_73,outputs/c08_final_8468e13,8468e13b7f2c7c3d937f0b4de6f5198e95e7b0b8,5c87c1340ab5c22528d6b88e4ebd8ee70978603c0819643d315ab9ccb60873e7,b6c817ac753b7c2b43d81d2b01e9e3932b48adebbcf13ef10c064d8712fe9abb,6cce097aafd256f06d8b1336b0b00a5c2897df3fdce2a6941661a71851323cdb,hist_gradient_boosting,clipped,rmse,21.982808581882498,reconstructed,100,PENDING
C08,FD003,primary,73,C08_FD003_8468e13b7f2c_seed_73,outputs/c08_final_8468e13,8468e13b7f2c7c3d937f0b4de6f5198e95e7b0b8,5c87c1340ab5c22528d6b88e4ebd8ee70978603c0819643d315ab9ccb60873e7,b6c817ac753b7c2b43d81d2b01e9e3932b48adebbcf13ef10c064d8712fe9abb,6cce097aafd256f06d8b1336b0b00a5c2897df3fdce2a6941661a71851323cdb,hist_gradient_boosting,clipped,mae,17.32883926609871,reconstructed,100,PENDING
C08,FD003,primary,73,C08_FD003_8468e13b7f2c_seed_73,outputs/c08_final_8468e13,8468e13b7f2c7c3d937f0b4de6f5198e95e7b0b8,5c87c1340ab5c22528d6b88e4ebd8ee70978603c0819643d315ab9ccb60873e7,b6c817ac753b7c2b43d81d2b01e9e3932b48adebbcf13ef10c064d8712fe9abb,6cce097aafd256f06d8b1336b0b00a5c2897df3fdce2a6941661a71851323cdb,hist_gradient_boosting,clipped,signed_error,9.136765783443133,reconstructed,100,PENDING
C08,FD003,primary,73,C08_FD003_8468e13b7f2c_seed_73,outputs/c08_final_8468e13,8468e13b7f2c7c3d937f0b4de6f5198e95e7b0b8,5c87c1340ab5c22528d6b88e4ebd8ee70978603c0819643d315ab9ccb60873e7,b6c817ac753b7c2b43d81d2b01e9e3932b48adebbcf13ef10c064d8712fe9abb,6cce097aafd256f06d8b1336b0b00a5c2897df3fdce2a6941661a71851323cdb,hist_gradient_boosting,clipped,nasa_score,1392.945975780299,reconstructed,100,PENDING
C08,FD003,primary,101,C08_FD003_8468e13b7f2c_seed_101,outputs/c08_final_8468e13,8468e13b7f2c7c3d937f0b4de6f5198e95e7b0b8,d2256344c125d1c6d4d32196b06bfbcc62e23e41e3d3563ffad8c4b5e4902992,c4f36966fba1f2d135a4e6d19277dd6993904d214032a74fbcb62fc5fd424359,3f20e098f5572757912d2832cde21c0d61b73bf23cfa60b1621846c17657117b,mean,raw,rmse,42.94057331147549,reconstructed,100,PENDING
C08,FD003,primary,101,C08_FD003_8468e13b7f2c_seed_101,outputs/c08_final_8468e13,8468e13b7f2c7c3d937f0b4de6f5198e95e7b0b8,d2256344c125d1c6d4d32196b06bfbcc62e23e41e3d3563ffad8c4b5e4902992,c4f36966fba1f2d135a4e6d19277dd6993904d214032a74fbcb62fc5fd424359,3f20e098f5572757912d2832cde21c0d61b73bf23cfa60b1621846c17657117b,mean,raw,mae,36.42816326530612,reconstructed,100,PENDING
C08,FD003,primary,101,C08_FD003_8468e13b7f2c_seed_101,outputs/c08_final_8468e13,8468e13b7f2c7c3d937f0b4de6f5198e95e7b0b8,d2256344c125d1c6d4d32196b06bfbcc62e23e41e3d3563ffad8c4b5e4902992,c4f36966fba1f2d135a4e6d19277dd6993904d214032a74fbcb62fc5fd424359,3f20e098f5572757912d2832cde21c0d61b73bf23cfa60b1621846c17657117b,mean,raw,signed_error,11.414693877551038,reconstructed,100,PENDING
C08,FD003,primary,101,C08_FD003_8468e13b7f2c_seed_101,outputs/c08_final_8468e13,8468e13b7f2c7c3d937f0b4de6f5198e95e7b0b8,d2256344c125d1c6d4d32196b06bfbcc62e23e41e3d3563ffad8c4b5e4902992,c4f36966fba1f2d135a4e6d19277dd6993904d214032a74fbcb62fc5fd424359,3f20e098f5572757912d2832cde21c0d61b73bf23cfa60b1621846c17657117b,mean,raw,nasa_score,31082.593394644526,reconstructed,100,PENDING
C08,FD003,primary,101,C08_FD003_8468e13b7f2c_seed_101,outputs/c08_final_8468e13,8468e13b7f2c7c3d937f0b4de6f5198e95e7b0b8,d2256344c125d1c6d4d32196b06bfbcc62e23e41e3d3563ffad8c4b5e4902992,c4f36966fba1f2d135a4e6d19277dd6993904d214032a74fbcb62fc5fd424359,3f20e098f5572757912d2832cde21c0d61b73bf23cfa60b1621846c17657117b,mean,clipped,rmse,41.259242373269046,reconstructed,100,PENDING
C08,FD003,primary,101,C08_FD003_8468e13b7f2c_seed_101,outputs/c08_final_8468e13,8468e13b7f2c7c3d937f0b4de6f5198e95e7b0b8,d2256344c125d1c6d4d32196b06bfbcc62e23e41e3d3563ffad8c4b5e4902992,c4f36966fba1f2d135a4e6d19277dd6993904d214032a74fbcb62fc5fd424359,3f20e098f5572757912d2832cde21c0d61b73bf23cfa60b1621846c17657117b,mean,clipped,mae,34.86816326530612,reconstructed,100,PENDING
C08,FD003,primary,101,C08_FD003_8468e13b7f2c_seed_101,outputs/c08_final_8468e13,8468e13b7f2c7c3d937f0b4de6f5198e95e7b0b8,d2256344c125d1c6d4d32196b06bfbcc62e23e41e3d3563ffad8c4b5e4902992,c4f36966fba1f2d135a4e6d19277dd6993904d214032a74fbcb62fc5fd424359,3f20e098f5572757912d2832cde21c0d61b73bf23cfa60b1621846c17657117b,mean,clipped,signed_error,12.974693877551042,reconstructed,100,PENDING
C08,FD003,primary,101,C08_FD003_8468e13b7f2c_seed_101,outputs/c08_final_8468e13,8468e13b7f2c7c3d937f0b4de6f5198e95e7b0b8,d2256344c125d1c6d4d32196b06bfbcc62e23e41e3d3563ffad8c4b5e4902992,c4f36966fba1f2d135a4e6d19277dd6993904d214032a74fbcb62fc5fd424359,3f20e098f5572757912d2832cde21c0d61b73bf23cfa60b1621846c17657117b,mean,clipped,nasa_score,30652.486371192394,reconstructed,100,PENDING
C08,FD003,primary,101,C08_FD003_8468e13b7f2c_seed_101,outputs/c08_final_8468e13,8468e13b7f2c7c3d937f0b4de6f5198e95e7b0b8,d2256344c125d1c6d4d32196b06bfbcc62e23e41e3d3563ffad8c4b5e4902992,c4f36966fba1f2d135a4e6d19277dd6993904d214032a74fbcb62fc5fd424359,3f20e098f5572757912d2832cde21c0d61b73bf23cfa60b1621846c17657117b,ridge,raw,rmse,97779445069.64491,reconstructed,100,PENDING
C08,FD003,primary,101,C08_FD003_8468e13b7f2c_seed_101,outputs/c08_final_8468e13,8468e13b7f2c7c3d937f0b4de6f5198e95e7b0b8,d2256344c125d1c6d4d32196b06bfbcc62e23e41e3d3563ffad8c4b5e4902992,c4f36966fba1f2d135a4e6d19277dd6993904d214032a74fbcb62fc5fd424359,3f20e098f5572757912d2832cde21c0d61b73bf23cfa60b1621846c17657117b,ridge,raw,mae,27011705390.113995,reconstructed,100,PENDING
C08,FD003,primary,101,C08_FD003_8468e13b7f2c_seed_101,outputs/c08_final_8468e13,8468e13b7f2c7c3d937f0b4de6f5198e95e7b0b8,d2256344c125d1c6d4d32196b06bfbcc62e23e41e3d3563ffad8c4b5e4902992,c4f36966fba1f2d135a4e6d19277dd6993904d214032a74fbcb62fc5fd424359,3f20e098f5572757912d2832cde21c0d61b73bf23cfa60b1621846c17657117b,ridge,raw,signed_error,-24424720679.317616,reconstructed,100,PENDING
C08,FD003,primary,101,C08_FD003_8468e13b7f2c_seed_101,outputs/c08_final_8468e13,8468e13b7f2c7c3d937f0b4de6f5198e95e7b0b8,d2256344c125d1c6d4d32196b06bfbcc62e23e41e3d3563ffad8c4b5e4902992,c4f36966fba1f2d135a4e6d19277dd6993904d214032a74fbcb62fc5fd424359,3f20e098f5572757912d2832cde21c0d61b73bf23cfa60b1621846c17657117b,ridge,raw,nasa_score,PENDING,nonfinite_on_raw_support,100,PENDING
C08,FD003,primary,101,C08_FD003_8468e13b7f2c_seed_101,outputs/c08_final_8468e13,8468e13b7f2c7c3d937f0b4de6f5198e95e7b0b8,d2256344c125d1c6d4d32196b06bfbcc62e23e41e3d3563ffad8c4b5e4902992,c4f36966fba1f2d135a4e6d19277dd6993904d214032a74fbcb62fc5fd424359,3f20e098f5572757912d2832cde21c0d61b73bf23cfa60b1621846c17657117b,ridge,clipped,rmse,50.5289364926238,reconstructed,100,PENDING
C08,FD003,primary,101,C08_FD003_8468e13b7f2c_seed_101,outputs/c08_final_8468e13,8468e13b7f2c7c3d937f0b4de6f5198e95e7b0b8,d2256344c125d1c6d4d32196b06bfbcc62e23e41e3d3563ffad8c4b5e4902992,c4f36966fba1f2d135a4e6d19277dd6993904d214032a74fbcb62fc5fd424359,3f20e098f5572757912d2832cde21c0d61b73bf23cfa60b1621846c17657117b,ridge,clipped,mae,35.13979797900625,reconstructed,100,PENDING
C08,FD003,primary,101,C08_FD003_8468e13b7f2c_seed_101,outputs/c08_final_8468e13,8468e13b7f2c7c3d937f0b4de6f5198e95e7b0b8,d2256344c125d1c6d4d32196b06bfbcc62e23e41e3d3563ffad8c4b5e4902992,c4f36966fba1f2d135a4e6d19277dd6993904d214032a74fbcb62fc5fd424359,3f20e098f5572757912d2832cde21c0d61b73bf23cfa60b1621846c17657117b,ridge,clipped,signed_error,-1.5852751547131156,reconstructed,100,PENDING
C08,FD003,primary,101,C08_FD003_8468e13b7f2c_seed_101,outputs/c08_final_8468e13,8468e13b7f2c7c3d937f0b4de6f5198e95e7b0b8,d2256344c125d1c6d4d32196b06bfbcc62e23e41e3d3563ffad8c4b5e4902992,c4f36966fba1f2d135a4e6d19277dd6993904d214032a74fbcb62fc5fd424359,3f20e098f5572757912d2832cde21c0d61b73bf23cfa60b1621846c17657117b,ridge,clipped,nasa_score,749729.1982142796,reconstructed,100,PENDING
C08,FD003,primary,101,C08_FD003_8468e13b7f2c_seed_101,outputs/c08_final_8468e13,8468e13b7f2c7c3d937f0b4de6f5198e95e7b0b8,d2256344c125d1c6d4d32196b06bfbcc62e23e41e3d3563ffad8c4b5e4902992,c4f36966fba1f2d135a4e6d19277dd6993904d214032a74fbcb62fc5fd424359,3f20e098f5572757912d2832cde21c0d61b73bf23cfa60b1621846c17657117b,hist_gradient_boosting,raw,rmse,24.94444298529413,reconstructed,100,PENDING
C08,FD003,primary,101,C08_FD003_8468e13b7f2c_seed_101,outputs/c08_final_8468e13,8468e13b7f2c7c3d937f0b4de6f5198e95e7b0b8,d2256344c125d1c6d4d32196b06bfbcc62e23e41e3d3563ffad8c4b5e4902992,c4f36966fba1f2d135a4e6d19277dd6993904d214032a74fbcb62fc5fd424359,3f20e098f5572757912d2832cde21c0d61b73bf23cfa60b1621846c17657117b,hist_gradient_boosting,raw,mae,19.173389277931072,reconstructed,100,PENDING
C08,FD003,primary,101,C08_FD003_8468e13b7f2c_seed_101,outputs/c08_final_8468e13,8468e13b7f2c7c3d937f0b4de6f5198e95e7b0b8,d2256344c125d1c6d4d32196b06bfbcc62e23e41e3d3563ffad8c4b5e4902992,c4f36966fba1f2d135a4e6d19277dd6993904d214032a74fbcb62fc5fd424359,3f20e098f5572757912d2832cde21c0d61b73bf23cfa60b1621846c17657117b,hist_gradient_boosting,raw,signed_error,10.464589045849795,reconstructed,100,PENDING
C08,FD003,primary,101,C08_FD003_8468e13b7f2c_seed_101,outputs/c08_final_8468e13,8468e13b7f2c7c3d937f0b4de6f5198e95e7b0b8,d2256344c125d1c6d4d32196b06bfbcc62e23e41e3d3563ffad8c4b5e4902992,c4f36966fba1f2d135a4e6d19277dd6993904d214032a74fbcb62fc5fd424359,3f20e098f5572757912d2832cde21c0d61b73bf23cfa60b1621846c17657117b,hist_gradient_boosting,raw,nasa_score,3725.295273298767,reconstructed,100,PENDING
C08,FD003,primary,101,C08_FD003_8468e13b7f2c_seed_101,outputs/c08_final_8468e13,8468e13b7f2c7c3d937f0b4de6f5198e95e7b0b8,d2256344c125d1c6d4d32196b06bfbcc62e23e41e3d3563ffad8c4b5e4902992,c4f36966fba1f2d135a4e6d19277dd6993904d214032a74fbcb62fc5fd424359,3f20e098f5572757912d2832cde21c0d61b73bf23cfa60b1621846c17657117b,hist_gradient_boosting,clipped,rmse,23.804714272858117,reconstructed,100,PENDING
C08,FD003,primary,101,C08_FD003_8468e13b7f2c_seed_101,outputs/c08_final_8468e13,8468e13b7f2c7c3d937f0b4de6f5198e95e7b0b8,d2256344c125d1c6d4d32196b06bfbcc62e23e41e3d3563ffad8c4b5e4902992,c4f36966fba1f2d135a4e6d19277dd6993904d214032a74fbcb62fc5fd424359,3f20e098f5572757912d2832cde21c0d61b73bf23cfa60b1621846c17657117b,hist_gradient_boosting,clipped,mae,17.61338927793107,reconstructed,100,PENDING
C08,FD003,primary,101,C08_FD003_8468e13b7f2c_seed_101,outputs/c08_final_8468e13,8468e13b7f2c7c3d937f0b4de6f5198e95e7b0b8,d2256344c125d1c6d4d32196b06bfbcc62e23e41e3d3563ffad8c4b5e4902992,c4f36966fba1f2d135a4e6d19277dd6993904d214032a74fbcb62fc5fd424359,3f20e098f5572757912d2832cde21c0d61b73bf23cfa60b1621846c17657117b,hist_gradient_boosting,clipped,signed_error,12.024589045849794,reconstructed,100,PENDING
C08,FD003,primary,101,C08_FD003_8468e13b7f2c_seed_101,outputs/c08_final_8468e13,8468e13b7f2c7c3d937f0b4de6f5198e95e7b0b8,d2256344c125d1c6d4d32196b06bfbcc62e23e41e3d3563ffad8c4b5e4902992,c4f36966fba1f2d135a4e6d19277dd6993904d214032a74fbcb62fc5fd424359,3f20e098f5572757912d2832cde21c0d61b73bf23cfa60b1621846c17657117b,hist_gradient_boosting,clipped,nasa_score,3658.9358947277005,reconstructed,100,PENDING
C08,FD003,primary,137,C08_FD003_8468e13b7f2c_seed_137,outputs/c08_final_8468e13,8468e13b7f2c7c3d937f0b4de6f5198e95e7b0b8,64ace9282afe9fa5c15622e29ded1fa22da304e2526a8602a4d58bfc0abd725f,9bdd094de523ee84e1817039446c509e81790e2b5aacedf85d56351975ee3d89,6ea8f76ac7030fe274ffd72ceeb0235bb4217034c99bbe615d33fc2c393ebec6,mean,raw,rmse,42.984335552253555,reconstructed,100,PENDING
C08,FD003,primary,137,C08_FD003_8468e13b7f2c_seed_137,outputs/c08_final_8468e13,8468e13b7f2c7c3d937f0b4de6f5198e95e7b0b8,64ace9282afe9fa5c15622e29ded1fa22da304e2526a8602a4d58bfc0abd725f,9bdd094de523ee84e1817039446c509e81790e2b5aacedf85d56351975ee3d89,6ea8f76ac7030fe274ffd72ceeb0235bb4217034c99bbe615d33fc2c393ebec6,mean,raw,mae,36.44778808160632,reconstructed,100,PENDING
C08,FD003,primary,137,C08_FD003_8468e13b7f2c_seed_137,outputs/c08_final_8468e13,8468e13b7f2c7c3d937f0b4de6f5198e95e7b0b8,64ace9282afe9fa5c15622e29ded1fa22da304e2526a8602a4d58bfc0abd725f,9bdd094de523ee84e1817039446c509e81790e2b5aacedf85d56351975ee3d89,6ea8f76ac7030fe274ffd72ceeb0235bb4217034c99bbe615d33fc2c393ebec6,mean,raw,signed_error,11.578234013386016,reconstructed,100,PENDING
C08,FD003,primary,137,C08_FD003_8468e13b7f2c_seed_137,outputs/c08_final_8468e13,8468e13b7f2c7c3d937f0b4de6f5198e95e7b0b8,64ace9282afe9fa5c15622e29ded1fa22da304e2526a8602a4d58bfc0abd725f,9bdd094de523ee84e1817039446c509e81790e2b5aacedf85d56351975ee3d89,6ea8f76ac7030fe274ffd72ceeb0235bb4217034c99bbe615d33fc2c393ebec6,mean,raw,nasa_score,31570.94281409137,reconstructed,100,PENDING
C08,FD003,primary,137,C08_FD003_8468e13b7f2c_seed_137,outputs/c08_final_8468e13,8468e13b7f2c7c3d937f0b4de6f5198e95e7b0b8,64ace9282afe9fa5c15622e29ded1fa22da304e2526a8602a4d58bfc0abd725f,9bdd094de523ee84e1817039446c509e81790e2b5aacedf85d56351975ee3d89,6ea8f76ac7030fe274ffd72ceeb0235bb4217034c99bbe615d33fc2c393ebec6,mean,clipped,rmse,41.31096214070175,reconstructed,100,PENDING
C08,FD003,primary,137,C08_FD003_8468e13b7f2c_seed_137,outputs/c08_final_8468e13,8468e13b7f2c7c3d937f0b4de6f5198e95e7b0b8,64ace9282afe9fa5c15622e29ded1fa22da304e2526a8602a4d58bfc0abd725f,9bdd094de523ee84e1817039446c509e81790e2b5aacedf85d56351975ee3d89,6ea8f76ac7030fe274ffd72ceeb0235bb4217034c99bbe615d33fc2c393ebec6,mean,clipped,mae,34.887788081606324,reconstructed,100,PENDING
C08,FD003,primary,137,C08_FD003_8468e13b7f2c_seed_137,outputs/c08_final_8468e13,8468e13b7f2c7c3d937f0b4de6f5198e95e7b0b8,64ace9282afe9fa5c15622e29ded1fa22da304e2526a8602a4d58bfc0abd725f,9bdd094de523ee84e1817039446c509e81790e2b5aacedf85d56351975ee3d89,6ea8f76ac7030fe274ffd72ceeb0235bb4217034c99bbe615d33fc2c393ebec6,mean,clipped,signed_error,13.138234013386013,reconstructed,100,PENDING
C08,FD003,primary,137,C08_FD003_8468e13b7f2c_seed_137,outputs/c08_final_8468e13,8468e13b7f2c7c3d937f0b4de6f5198e95e7b0b8,64ace9282afe9fa5c15622e29ded1fa22da304e2526a8602a4d58bfc0abd725f,9bdd094de523ee84e1817039446c509e81790e2b5aacedf85d56351975ee3d89,6ea8f76ac7030fe274ffd72ceeb0235bb4217034c99bbe615d33fc2c393ebec6,mean,clipped,nasa_score,31146.212650104128,reconstructed,100,PENDING
C08,FD003,primary,137,C08_FD003_8468e13b7f2c_seed_137,outputs/c08_final_8468e13,8468e13b7f2c7c3d937f0b4de6f5198e95e7b0b8,64ace9282afe9fa5c15622e29ded1fa22da304e2526a8602a4d58bfc0abd725f,9bdd094de523ee84e1817039446c509e81790e2b5aacedf85d56351975ee3d89,6ea8f76ac7030fe274ffd72ceeb0235bb4217034c99bbe615d33fc2c393ebec6,ridge,raw,rmse,15832701046.632275,reconstructed,100,PENDING
C08,FD003,primary,137,C08_FD003_8468e13b7f2c_seed_137,outputs/c08_final_8468e13,8468e13b7f2c7c3d937f0b4de6f5198e95e7b0b8,64ace9282afe9fa5c15622e29ded1fa22da304e2526a8602a4d58bfc0abd725f,9bdd094de523ee84e1817039446c509e81790e2b5aacedf85d56351975ee3d89,6ea8f76ac7030fe274ffd72ceeb0235bb4217034c99bbe615d33fc2c393ebec6,ridge,raw,mae,4394165028.883185,reconstructed,100,PENDING
C08,FD003,primary,137,C08_FD003_8468e13b7f2c_seed_137,outputs/c08_final_8468e13,8468e13b7f2c7c3d937f0b4de6f5198e95e7b0b8,64ace9282afe9fa5c15622e29ded1fa22da304e2526a8602a4d58bfc0abd725f,9bdd094de523ee84e1817039446c509e81790e2b5aacedf85d56351975ee3d89,6ea8f76ac7030fe274ffd72ceeb0235bb4217034c99bbe615d33fc2c393ebec6,ridge,raw,signed_error,-2634940686.0140977,reconstructed,100,PENDING
C08,FD003,primary,137,C08_FD003_8468e13b7f2c_seed_137,outputs/c08_final_8468e13,8468e13b7f2c7c3d937f0b4de6f5198e95e7b0b8,64ace9282afe9fa5c15622e29ded1fa22da304e2526a8602a4d58bfc0abd725f,9bdd094de523ee84e1817039446c509e81790e2b5aacedf85d56351975ee3d89,6ea8f76ac7030fe274ffd72ceeb0235bb4217034c99bbe615d33fc2c393ebec6,ridge,raw,nasa_score,PENDING,nonfinite_on_raw_support,100,PENDING
C08,FD003,primary,137,C08_FD003_8468e13b7f2c_seed_137,outputs/c08_final_8468e13,8468e13b7f2c7c3d937f0b4de6f5198e95e7b0b8,64ace9282afe9fa5c15622e29ded1fa22da304e2526a8602a4d58bfc0abd725f,9bdd094de523ee84e1817039446c509e81790e2b5aacedf85d56351975ee3d89,6ea8f76ac7030fe274ffd72ceeb0235bb4217034c99bbe615d33fc2c393ebec6,ridge,clipped,rmse,47.878707619242725,reconstructed,100,PENDING
C08,FD003,primary,137,C08_FD003_8468e13b7f2c_seed_137,outputs/c08_final_8468e13,8468e13b7f2c7c3d937f0b4de6f5198e95e7b0b8,64ace9282afe9fa5c15622e29ded1fa22da304e2526a8602a4d58bfc0abd725f,9bdd094de523ee84e1817039446c509e81790e2b5aacedf85d56351975ee3d89,6ea8f76ac7030fe274ffd72ceeb0235bb4217034c99bbe615d33fc2c393ebec6,ridge,clipped,mae,32.91489387262052,reconstructed,100,PENDING
C08,FD003,primary,137,C08_FD003_8468e13b7f2c_seed_137,outputs/c08_final_8468e13,8468e13b7f2c7c3d937f0b4de6f5198e95e7b0b8,64ace9282afe9fa5c15622e29ded1fa22da304e2526a8602a4d58bfc0abd725f,9bdd094de523ee84e1817039446c509e81790e2b5aacedf85d56351975ee3d89,6ea8f76ac7030fe274ffd72ceeb0235bb4217034c99bbe615d33fc2c393ebec6,ridge,clipped,signed_error,9.219717996380645,reconstructed,100,PENDING
C08,FD003,primary,137,C08_FD003_8468e13b7f2c_seed_137,outputs/c08_final_8468e13,8468e13b7f2c7c3d937f0b4de6f5198e95e7b0b8,64ace9282afe9fa5c15622e29ded1fa22da304e2526a8602a4d58bfc0abd725f,9bdd094de523ee84e1817039446c509e81790e2b5aacedf85d56351975ee3d89,6ea8f76ac7030fe274ffd72ceeb0235bb4217034c99bbe615d33fc2c393ebec6,ridge,clipped,nasa_score,884906.5048521913,reconstructed,100,PENDING
C08,FD003,primary,137,C08_FD003_8468e13b7f2c_seed_137,outputs/c08_final_8468e13,8468e13b7f2c7c3d937f0b4de6f5198e95e7b0b8,64ace9282afe9fa5c15622e29ded1fa22da304e2526a8602a4d58bfc0abd725f,9bdd094de523ee84e1817039446c509e81790e2b5aacedf85d56351975ee3d89,6ea8f76ac7030fe274ffd72ceeb0235bb4217034c99bbe615d33fc2c393ebec6,hist_gradient_boosting,raw,rmse,25.63725699965351,reconstructed,100,PENDING
C08,FD003,primary,137,C08_FD003_8468e13b7f2c_seed_137,outputs/c08_final_8468e13,8468e13b7f2c7c3d937f0b4de6f5198e95e7b0b8,64ace9282afe9fa5c15622e29ded1fa22da304e2526a8602a4d58bfc0abd725f,9bdd094de523ee84e1817039446c509e81790e2b5aacedf85d56351975ee3d89,6ea8f76ac7030fe274ffd72ceeb0235bb4217034c99bbe615d33fc2c393ebec6,hist_gradient_boosting,raw,mae,20.398788342472574,reconstructed,100,PENDING
C08,FD003,primary,137,C08_FD003_8468e13b7f2c_seed_137,outputs/c08_final_8468e13,8468e13b7f2c7c3d937f0b4de6f5198e95e7b0b8,64ace9282afe9fa5c15622e29ded1fa22da304e2526a8602a4d58bfc0abd725f,9bdd094de523ee84e1817039446c509e81790e2b5aacedf85d56351975ee3d89,6ea8f76ac7030fe274ffd72ceeb0235bb4217034c99bbe615d33fc2c393ebec6,hist_gradient_boosting,raw,signed_error,11.115425708525864,reconstructed,100,PENDING
C08,FD003,primary,137,C08_FD003_8468e13b7f2c_seed_137,outputs/c08_final_8468e13,8468e13b7f2c7c3d937f0b4de6f5198e95e7b0b8,64ace9282afe9fa5c15622e29ded1fa22da304e2526a8602a4d58bfc0abd725f,9bdd094de523ee84e1817039446c509e81790e2b5aacedf85d56351975ee3d89,6ea8f76ac7030fe274ffd72ceeb0235bb4217034c99bbe615d33fc2c393ebec6,hist_gradient_boosting,raw,nasa_score,3200.315566154883,reconstructed,100,PENDING
C08,FD003,primary,137,C08_FD003_8468e13b7f2c_seed_137,outputs/c08_final_8468e13,8468e13b7f2c7c3d937f0b4de6f5198e95e7b0b8,64ace9282afe9fa5c15622e29ded1fa22da304e2526a8602a4d58bfc0abd725f,9bdd094de523ee84e1817039446c509e81790e2b5aacedf85d56351975ee3d89,6ea8f76ac7030fe274ffd72ceeb0235bb4217034c99bbe615d33fc2c393ebec6,hist_gradient_boosting,clipped,rmse,24.543161308118567,reconstructed,100,PENDING
C08,FD003,primary,137,C08_FD003_8468e13b7f2c_seed_137,outputs/c08_final_8468e13,8468e13b7f2c7c3d937f0b4de6f5198e95e7b0b8,64ace9282afe9fa5c15622e29ded1fa22da304e2526a8602a4d58bfc0abd725f,9bdd094de523ee84e1817039446c509e81790e2b5aacedf85d56351975ee3d89,6ea8f76ac7030fe274ffd72ceeb0235bb4217034c99bbe615d33fc2c393ebec6,hist_gradient_boosting,clipped,mae,18.83878834247258,reconstructed,100,PENDING
C08,FD003,primary,137,C08_FD003_8468e13b7f2c_seed_137,outputs/c08_final_8468e13,8468e13b7f2c7c3d937f0b4de6f5198e95e7b0b8,64ace9282afe9fa5c15622e29ded1fa22da304e2526a8602a4d58bfc0abd725f,9bdd094de523ee84e1817039446c509e81790e2b5aacedf85d56351975ee3d89,6ea8f76ac7030fe274ffd72ceeb0235bb4217034c99bbe615d33fc2c393ebec6,hist_gradient_boosting,clipped,signed_error,12.675425708525863,reconstructed,100,PENDING
C08,FD003,primary,137,C08_FD003_8468e13b7f2c_seed_137,outputs/c08_final_8468e13,8468e13b7f2c7c3d937f0b4de6f5198e95e7b0b8,64ace9282afe9fa5c15622e29ded1fa22da304e2526a8602a4d58bfc0abd725f,9bdd094de523ee84e1817039446c509e81790e2b5aacedf85d56351975ee3d89,6ea8f76ac7030fe274ffd72ceeb0235bb4217034c99bbe615d33fc2c393ebec6,hist_gradient_boosting,clipped,nasa_score,3147.4145435306646,reconstructed,100,PENDING
C08,FD004,primary,13,C08_FD004_8468e13b7f2c_seed_13,outputs/c08_final_8468e13,8468e13b7f2c7c3d937f0b4de6f5198e95e7b0b8,acd12ea2caba8bc8665ad5380b1345fe7287ad00ce3336c7a47b6f9025dcb71f,6a62820292723f3453c951d7d6886e1ca3a2aaff193e56f52e84b233d7ef5740,f4163f656e03c14528a040b45ff867cd738d8ccaf5e69ee56c1b537ab6ad6369,mean,raw,rmse,54.537551850288985,reconstructed,248,PENDING
C08,FD004,primary,13,C08_FD004_8468e13b7f2c_seed_13,outputs/c08_final_8468e13,8468e13b7f2c7c3d937f0b4de6f5198e95e7b0b8,acd12ea2caba8bc8665ad5380b1345fe7287ad00ce3336c7a47b6f9025dcb71f,6a62820292723f3453c951d7d6886e1ca3a2aaff193e56f52e84b233d7ef5740,f4163f656e03c14528a040b45ff867cd738d8ccaf5e69ee56c1b537ab6ad6369,mean,raw,mae,46.50695742260502,reconstructed,248,PENDING
C08,FD004,primary,13,C08_FD004_8468e13b7f2c_seed_13,outputs/c08_final_8468e13,8468e13b7f2c7c3d937f0b4de6f5198e95e7b0b8,acd12ea2caba8bc8665ad5380b1345fe7287ad00ce3336c7a47b6f9025dcb71f,6a62820292723f3453c951d7d6886e1ca3a2aaff193e56f52e84b233d7ef5740,f4163f656e03c14528a040b45ff867cd738d8ccaf5e69ee56c1b537ab6ad6369,mean,raw,signed_error,-1.224963435443253,reconstructed,248,PENDING
C08,FD004,primary,13,C08_FD004_8468e13b7f2c_seed_13,outputs/c08_final_8468e13,8468e13b7f2c7c3d937f0b4de6f5198e95e7b0b8,acd12ea2caba8bc8665ad5380b1345fe7287ad00ce3336c7a47b6f9025dcb71f,6a62820292723f3453c951d7d6886e1ca3a2aaff193e56f52e84b233d7ef5740,f4163f656e03c14528a040b45ff867cd738d8ccaf5e69ee56c1b537ab6ad6369,mean,raw,nasa_score,122812.4468002112,reconstructed,248,PENDING
C08,FD004,primary,13,C08_FD004_8468e13b7f2c_seed_13,outputs/c08_final_8468e13,8468e13b7f2c7c3d937f0b4de6f5198e95e7b0b8,acd12ea2caba8bc8665ad5380b1345fe7287ad00ce3336c7a47b6f9025dcb71f,6a62820292723f3453c951d7d6886e1ca3a2aaff193e56f52e84b233d7ef5740,f4163f656e03c14528a040b45ff867cd738d8ccaf5e69ee56c1b537ab6ad6369,mean,clipped,rmse,43.62521102899912,reconstructed,248,PENDING
C08,FD004,primary,13,C08_FD004_8468e13b7f2c_seed_13,outputs/c08_final_8468e13,8468e13b7f2c7c3d937f0b4de6f5198e95e7b0b8,acd12ea2caba8bc8665ad5380b1345fe7287ad00ce3336c7a47b6f9025dcb71f,6a62820292723f3453c951d7d6886e1ca3a2aaff193e56f52e84b233d7ef5740,f4163f656e03c14528a040b45ff867cd738d8ccaf5e69ee56c1b537ab6ad6369,mean,clipped,mae,37.81340903550825,reconstructed,248,PENDING
C08,FD004,primary,13,C08_FD004_8468e13b7f2c_seed_13,outputs/c08_final_8468e13,8468e13b7f2c7c3d937f0b4de6f5198e95e7b0b8,acd12ea2caba8bc8665ad5380b1345fe7287ad00ce3336c7a47b6f9025dcb71f,6a62820292723f3453c951d7d6886e1ca3a2aaff193e56f52e84b233d7ef5740,f4163f656e03c14528a040b45ff867cd738d8ccaf5e69ee56c1b537ab6ad6369,mean,clipped,signed_error,7.468584951653569,reconstructed,248,PENDING
C08,FD004,primary,13,C08_FD004_8468e13b7f2c_seed_13,outputs/c08_final_8468e13,8468e13b7f2c7c3d937f0b4de6f5198e95e7b0b8,acd12ea2caba8bc8665ad5380b1345fe7287ad00ce3336c7a47b6f9025dcb71f,6a62820292723f3453c951d7d6886e1ca3a2aaff193e56f52e84b233d7ef5740,f4163f656e03c14528a040b45ff867cd738d8ccaf5e69ee56c1b537ab6ad6369,mean,clipped,nasa_score,77751.45934099765,reconstructed,248,PENDING
C08,FD004,primary,13,C08_FD004_8468e13b7f2c_seed_13,outputs/c08_final_8468e13,8468e13b7f2c7c3d937f0b4de6f5198e95e7b0b8,acd12ea2caba8bc8665ad5380b1345fe7287ad00ce3336c7a47b6f9025dcb71f,6a62820292723f3453c951d7d6886e1ca3a2aaff193e56f52e84b233d7ef5740,f4163f656e03c14528a040b45ff867cd738d8ccaf5e69ee56c1b537ab6ad6369,ridge,raw,rmse,27099358378485.957,reconstructed,248,PENDING
C08,FD004,primary,13,C08_FD004_8468e13b7f2c_seed_13,outputs/c08_final_8468e13,8468e13b7f2c7c3d937f0b4de6f5198e95e7b0b8,acd12ea2caba8bc8665ad5380b1345fe7287ad00ce3336c7a47b6f9025dcb71f,6a62820292723f3453c951d7d6886e1ca3a2aaff193e56f52e84b233d7ef5740,f4163f656e03c14528a040b45ff867cd738d8ccaf5e69ee56c1b537ab6ad6369,ridge,raw,mae,21541060304385.816,reconstructed,248,PENDING
C08,FD004,primary,13,C08_FD004_8468e13b7f2c_seed_13,outputs/c08_final_8468e13,8468e13b7f2c7c3d937f0b4de6f5198e95e7b0b8,acd12ea2caba8bc8665ad5380b1345fe7287ad00ce3336c7a47b6f9025dcb71f,6a62820292723f3453c951d7d6886e1ca3a2aaff193e56f52e84b233d7ef5740,f4163f656e03c14528a040b45ff867cd738d8ccaf5e69ee56c1b537ab6ad6369,ridge,raw,signed_error,2113529002039.1301,reconstructed,248,PENDING
C08,FD004,primary,13,C08_FD004_8468e13b7f2c_seed_13,outputs/c08_final_8468e13,8468e13b7f2c7c3d937f0b4de6f5198e95e7b0b8,acd12ea2caba8bc8665ad5380b1345fe7287ad00ce3336c7a47b6f9025dcb71f,6a62820292723f3453c951d7d6886e1ca3a2aaff193e56f52e84b233d7ef5740,f4163f656e03c14528a040b45ff867cd738d8ccaf5e69ee56c1b537ab6ad6369,ridge,raw,nasa_score,PENDING,nonfinite_on_raw_support,248,PENDING
C08,FD004,primary,13,C08_FD004_8468e13b7f2c_seed_13,outputs/c08_final_8468e13,8468e13b7f2c7c3d937f0b4de6f5198e95e7b0b8,acd12ea2caba8bc8665ad5380b1345fe7287ad00ce3336c7a47b6f9025dcb71f,6a62820292723f3453c951d7d6886e1ca3a2aaff193e56f52e84b233d7ef5740,f4163f656e03c14528a040b45ff867cd738d8ccaf5e69ee56c1b537ab6ad6369,ridge,clipped,rmse,77.38875991570302,reconstructed,248,PENDING
C08,FD004,primary,13,C08_FD004_8468e13b7f2c_seed_13,outputs/c08_final_8468e13,8468e13b7f2c7c3d937f0b4de6f5198e95e7b0b8,acd12ea2caba8bc8665ad5380b1345fe7287ad00ce3336c7a47b6f9025dcb71f,6a62820292723f3453c951d7d6886e1ca3a2aaff193e56f52e84b233d7ef5740,f4163f656e03c14528a040b45ff867cd738d8ccaf5e69ee56c1b537ab6ad6369,ridge,clipped,mae,62.49596774193548,reconstructed,248,PENDING
C08,FD004,primary,13,C08_FD004_8468e13b7f2c_seed_13,outputs/c08_final_8468e13,8468e13b7f2c7c3d937f0b4de6f5198e95e7b0b8,acd12ea2caba8bc8665ad5380b1345fe7287ad00ce3336c7a47b6f9025dcb71f,6a62820292723f3453c951d7d6886e1ca3a2aaff193e56f52e84b233d7ef5740,f4163f656e03c14528a040b45ff867cd738d8ccaf5e69ee56c1b537ab6ad6369,ridge,clipped,signed_error,-13.34274193548387,reconstructed,248,PENDING
C08,FD004,primary,13,C08_FD004_8468e13b7f2c_seed_13,outputs/c08_final_8468e13,8468e13b7f2c7c3d937f0b4de6f5198e95e7b0b8,acd12ea2caba8bc8665ad5380b1345fe7287ad00ce3336c7a47b6f9025dcb71f,6a62820292723f3453c951d7d6886e1ca3a2aaff193e56f52e84b233d7ef5740,f4163f656e03c14528a040b45ff867cd738d8ccaf5e69ee56c1b537ab6ad6369,ridge,clipped,nasa_score,2615067.7839836227,reconstructed,248,PENDING
C08,FD004,primary,13,C08_FD004_8468e13b7f2c_seed_13,outputs/c08_final_8468e13,8468e13b7f2c7c3d937f0b4de6f5198e95e7b0b8,acd12ea2caba8bc8665ad5380b1345fe7287ad00ce3336c7a47b6f9025dcb71f,6a62820292723f3453c951d7d6886e1ca3a2aaff193e56f52e84b233d7ef5740,f4163f656e03c14528a040b45ff867cd738d8ccaf5e69ee56c1b537ab6ad6369,hist_gradient_boosting,raw,rmse,52.44519507127068,reconstructed,248,PENDING
C08,FD004,primary,13,C08_FD004_8468e13b7f2c_seed_13,outputs/c08_final_8468e13,8468e13b7f2c7c3d937f0b4de6f5198e95e7b0b8,acd12ea2caba8bc8665ad5380b1345fe7287ad00ce3336c7a47b6f9025dcb71f,6a62820292723f3453c951d7d6886e1ca3a2aaff193e56f52e84b233d7ef5740,f4163f656e03c14528a040b45ff867cd738d8ccaf5e69ee56c1b537ab6ad6369,hist_gradient_boosting,raw,mae,43.35904246604807,reconstructed,248,PENDING
C08,FD004,primary,13,C08_FD004_8468e13b7f2c_seed_13,outputs/c08_final_8468e13,8468e13b7f2c7c3d937f0b4de6f5198e95e7b0b8,acd12ea2caba8bc8665ad5380b1345fe7287ad00ce3336c7a47b6f9025dcb71f,6a62820292723f3453c951d7d6886e1ca3a2aaff193e56f52e84b233d7ef5740,f4163f656e03c14528a040b45ff867cd738d8ccaf5e69ee56c1b537ab6ad6369,hist_gradient_boosting,raw,signed_error,-20.262804290190857,reconstructed,248,PENDING
C08,FD004,primary,13,C08_FD004_8468e13b7f2c_seed_13,outputs/c08_final_8468e13,8468e13b7f2c7c3d937f0b4de6f5198e95e7b0b8,acd12ea2caba8bc8665ad5380b1345fe7287ad00ce3336c7a47b6f9025dcb71f,6a62820292723f3453c951d7d6886e1ca3a2aaff193e56f52e84b233d7ef5740,f4163f656e03c14528a040b45ff867cd738d8ccaf5e69ee56c1b537ab6ad6369,hist_gradient_boosting,raw,nasa_score,198209.21407755165,reconstructed,248,PENDING
C08,FD004,primary,13,C08_FD004_8468e13b7f2c_seed_13,outputs/c08_final_8468e13,8468e13b7f2c7c3d937f0b4de6f5198e95e7b0b8,acd12ea2caba8bc8665ad5380b1345fe7287ad00ce3336c7a47b6f9025dcb71f,6a62820292723f3453c951d7d6886e1ca3a2aaff193e56f52e84b233d7ef5740,f4163f656e03c14528a040b45ff867cd738d8ccaf5e69ee56c1b537ab6ad6369,hist_gradient_boosting,clipped,rmse,39.58763558577195,reconstructed,248,PENDING
C08,FD004,primary,13,C08_FD004_8468e13b7f2c_seed_13,outputs/c08_final_8468e13,8468e13b7f2c7c3d937f0b4de6f5198e95e7b0b8,acd12ea2caba8bc8665ad5380b1345fe7287ad00ce3336c7a47b6f9025dcb71f,6a62820292723f3453c951d7d6886e1ca3a2aaff193e56f52e84b233d7ef5740,f4163f656e03c14528a040b45ff867cd738d8ccaf5e69ee56c1b537ab6ad6369,hist_gradient_boosting,clipped,mae,34.6654940789513,reconstructed,248,PENDING
C08,FD004,primary,13,C08_FD004_8468e13b7f2c_seed_13,outputs/c08_final_8468e13,8468e13b7f2c7c3d937f0b4de6f5198e95e7b0b8,acd12ea2caba8bc8665ad5380b1345fe7287ad00ce3336c7a47b6f9025dcb71f,6a62820292723f3453c951d7d6886e1ca3a2aaff193e56f52e84b233d7ef5740,f4163f656e03c14528a040b45ff867cd738d8ccaf5e69ee56c1b537ab6ad6369,hist_gradient_boosting,clipped,signed_error,-11.56925590309408,reconstructed,248,PENDING
C08,FD004,primary,13,C08_FD004_8468e13b7f2c_seed_13,outputs/c08_final_8468e13,8468e13b7f2c7c3d937f0b4de6f5198e95e7b0b8,acd12ea2caba8bc8665ad5380b1345fe7287ad00ce3336c7a47b6f9025dcb71f,6a62820292723f3453c951d7d6886e1ca3a2aaff193e56f52e84b233d7ef5740,f4163f656e03c14528a040b45ff867cd738d8ccaf5e69ee56c1b537ab6ad6369,hist_gradient_boosting,clipped,nasa_score,12726.639824294762,reconstructed,248,PENDING
C08,FD004,primary,37,C08_FD004_8468e13b7f2c_seed_37,outputs/c08_final_8468e13,8468e13b7f2c7c3d937f0b4de6f5198e95e7b0b8,c6f3e9790b43d97c7a58bd8abbf2ddd66597117cc59d2ec24084f1c80dc769c3,b76f8dce5e2a3d9797d2009aa0b6f4a7d0216a266540a9055195e66b8e4af085,c9743cd8e3fc539c45f3979c0277cbdf4ff08eea268a70430bb263154715084b,mean,raw,rmse,54.5317191767914,reconstructed,248,PENDING
C08,FD004,primary,37,C08_FD004_8468e13b7f2c_seed_37,outputs/c08_final_8468e13,8468e13b7f2c7c3d937f0b4de6f5198e95e7b0b8,c6f3e9790b43d97c7a58bd8abbf2ddd66597117cc59d2ec24084f1c80dc769c3,b76f8dce5e2a3d9797d2009aa0b6f4a7d0216a266540a9055195e66b8e4af085,c9743cd8e3fc539c45f3979c0277cbdf4ff08eea268a70430bb263154715084b,mean,raw,mae,46.45982149717992,reconstructed,248,PENDING
C08,FD004,primary,37,C08_FD004_8468e13b7f2c_seed_37,outputs/c08_final_8468e13,8468e13b7f2c7c3d937f0b4de6f5198e95e7b0b8,c6f3e9790b43d97c7a58bd8abbf2ddd66597117cc59d2ec24084f1c80dc769c3,b76f8dce5e2a3d9797d2009aa0b6f4a7d0216a266540a9055195e66b8e4af085,c9743cd8e3fc539c45f3979c0277cbdf4ff08eea268a70430bb263154715084b,mean,raw,signed_error,0.9297149948516258,reconstructed,248,PENDING
C08,FD004,primary,37,C08_FD004_8468e13b7f2c_seed_37,outputs/c08_final_8468e13,8468e13b7f2c7c3d937f0b4de6f5198e95e7b0b8,c6f3e9790b43d97c7a58bd8abbf2ddd66597117cc59d2ec24084f1c80dc769c3,b76f8dce5e2a3d9797d2009aa0b6f4a7d0216a266540a9055195e66b8e4af085,c9743cd8e3fc539c45f3979c0277cbdf4ff08eea268a70430bb263154715084b,mean,raw,nasa_score,133986.74195133618,reconstructed,248,PENDING
C08,FD004,primary,37,C08_FD004_8468e13b7f2c_seed_37,outputs/c08_final_8468e13,8468e13b7f2c7c3d937f0b4de6f5198e95e7b0b8,c6f3e9790b43d97c7a58bd8abbf2ddd66597117cc59d2ec24084f1c80dc769c3,b76f8dce5e2a3d9797d2009aa0b6f4a7d0216a266540a9055195e66b8e4af085,c9743cd8e3fc539c45f3979c0277cbdf4ff08eea268a70430bb263154715084b,mean,clipped,rmse,44.0452775478029,reconstructed,248,PENDING
C08,FD004,primary,37,C08_FD004_8468e13b7f2c_seed_37,outputs/c08_final_8468e13,8468e13b7f2c7c3d937f0b4de6f5198e95e7b0b8,c6f3e9790b43d97c7a58bd8abbf2ddd66597117cc59d2ec24084f1c80dc769c3,b76f8dce5e2a3d9797d2009aa0b6f4a7d0216a266540a9055195e66b8e4af085,c9743cd8e3fc539c45f3979c0277cbdf4ff08eea268a70430bb263154715084b,mean,clipped,mae,37.76627311008314,reconstructed,248,PENDING
C08,FD004,primary,37,C08_FD004_8468e13b7f2c_seed_37,outputs/c08_final_8468e13,8468e13b7f2c7c3d937f0b4de6f5198e95e7b0b8,c6f3e9790b43d97c7a58bd8abbf2ddd66597117cc59d2ec24084f1c80dc769c3,b76f8dce5e2a3d9797d2009aa0b6f4a7d0216a266540a9055195e66b8e4af085,c9743cd8e3fc539c45f3979c0277cbdf4ff08eea268a70430bb263154715084b,mean,clipped,signed_error,9.623263381948355,reconstructed,248,PENDING
C08,FD004,primary,37,C08_FD004_8468e13b7f2c_seed_37,outputs/c08_final_8468e13,8468e13b7f2c7c3d937f0b4de6f5198e95e7b0b8,c6f3e9790b43d97c7a58bd8abbf2ddd66597117cc59d2ec24084f1c80dc769c3,b76f8dce5e2a3d9797d2009aa0b6f4a7d0216a266540a9055195e66b8e4af085,c9743cd8e3fc539c45f3979c0277cbdf4ff08eea268a70430bb263154715084b,mean,clipped,nasa_score,95808.24865150174,reconstructed,248,PENDING
C08,FD004,primary,37,C08_FD004_8468e13b7f2c_seed_37,outputs/c08_final_8468e13,8468e13b7f2c7c3d937f0b4de6f5198e95e7b0b8,c6f3e9790b43d97c7a58bd8abbf2ddd66597117cc59d2ec24084f1c80dc769c3,b76f8dce5e2a3d9797d2009aa0b6f4a7d0216a266540a9055195e66b8e4af085,c9743cd8e3fc539c45f3979c0277cbdf4ff08eea268a70430bb263154715084b,ridge,raw,rmse,17117057986540.922,reconstructed,248,PENDING
C08,FD004,primary,37,C08_FD004_8468e13b7f2c_seed_37,outputs/c08_final_8468e13,8468e13b7f2c7c3d937f0b4de6f5198e95e7b0b8,c6f3e9790b43d97c7a58bd8abbf2ddd66597117cc59d2ec24084f1c80dc769c3,b76f8dce5e2a3d9797d2009aa0b6f4a7d0216a266540a9055195e66b8e4af085,c9743cd8e3fc539c45f3979c0277cbdf4ff08eea268a70430bb263154715084b,ridge,raw,mae,13632518488595.59,reconstructed,248,PENDING
C08,FD004,primary,37,C08_FD004_8468e13b7f2c_seed_37,outputs/c08_final_8468e13,8468e13b7f2c7c3d937f0b4de6f5198e95e7b0b8,c6f3e9790b43d97c7a58bd8abbf2ddd66597117cc59d2ec24084f1c80dc769c3,b76f8dce5e2a3d9797d2009aa0b6f4a7d0216a266540a9055195e66b8e4af085,c9743cd8e3fc539c45f3979c0277cbdf4ff08eea268a70430bb263154715084b,ridge,raw,signed_error,1001417785625.0728,reconstructed,248,PENDING
C08,FD004,primary,37,C08_FD004_8468e13b7f2c_seed_37,outputs/c08_final_8468e13,8468e13b7f2c7c3d937f0b4de6f5198e95e7b0b8,c6f3e9790b43d97c7a58bd8abbf2ddd66597117cc59d2ec24084f1c80dc769c3,b76f8dce5e2a3d9797d2009aa0b6f4a7d0216a266540a9055195e66b8e4af085,c9743cd8e3fc539c45f3979c0277cbdf4ff08eea268a70430bb263154715084b,ridge,raw,nasa_score,PENDING,nonfinite_on_raw_support,248,PENDING
C08,FD004,primary,37,C08_FD004_8468e13b7f2c_seed_37,outputs/c08_final_8468e13,8468e13b7f2c7c3d937f0b4de6f5198e95e7b0b8,c6f3e9790b43d97c7a58bd8abbf2ddd66597117cc59d2ec24084f1c80dc769c3,b76f8dce5e2a3d9797d2009aa0b6f4a7d0216a266540a9055195e66b8e4af085,c9743cd8e3fc539c45f3979c0277cbdf4ff08eea268a70430bb263154715084b,ridge,clipped,rmse,79.76533121924668,reconstructed,248,PENDING
C08,FD004,primary,37,C08_FD004_8468e13b7f2c_seed_37,outputs/c08_final_8468e13,8468e13b7f2c7c3d937f0b4de6f5198e95e7b0b8,c6f3e9790b43d97c7a58bd8abbf2ddd66597117cc59d2ec24084f1c80dc769c3,b76f8dce5e2a3d9797d2009aa0b6f4a7d0216a266540a9055195e66b8e4af085,c9743cd8e3fc539c45f3979c0277cbdf4ff08eea268a70430bb263154715084b,ridge,clipped,mae,65.48387096774194,reconstructed,248,PENDING
C08,FD004,primary,37,C08_FD004_8468e13b7f2c_seed_37,outputs/c08_final_8468e13,8468e13b7f2c7c3d937f0b4de6f5198e95e7b0b8,c6f3e9790b43d97c7a58bd8abbf2ddd66597117cc59d2ec24084f1c80dc769c3,b76f8dce5e2a3d9797d2009aa0b6f4a7d0216a266540a9055195e66b8e4af085,c9743cd8e3fc539c45f3979c0277cbdf4ff08eea268a70430bb263154715084b,ridge,clipped,signed_error,-14.85483870967742,reconstructed,248,PENDING
C08,FD004,primary,37,C08_FD004_8468e13b7f2c_seed_37,outputs/c08_final_8468e13,8468e13b7f2c7c3d937f0b4de6f5198e95e7b0b8,c6f3e9790b43d97c7a58bd8abbf2ddd66597117cc59d2ec24084f1c80dc769c3,b76f8dce5e2a3d9797d2009aa0b6f4a7d0216a266540a9055195e66b8e4af085,c9743cd8e3fc539c45f3979c0277cbdf4ff08eea268a70430bb263154715084b,ridge,clipped,nasa_score,2749431.9878296815,reconstructed,248,PENDING
C08,FD004,primary,37,C08_FD004_8468e13b7f2c_seed_37,outputs/c08_final_8468e13,8468e13b7f2c7c3d937f0b4de6f5198e95e7b0b8,c6f3e9790b43d97c7a58bd8abbf2ddd66597117cc59d2ec24084f1c80dc769c3,b76f8dce5e2a3d9797d2009aa0b6f4a7d0216a266540a9055195e66b8e4af085,c9743cd8e3fc539c45f3979c0277cbdf4ff08eea268a70430bb263154715084b,hist_gradient_boosting,raw,rmse,47.97694381080776,reconstructed,248,PENDING
C08,FD004,primary,37,C08_FD004_8468e13b7f2c_seed_37,outputs/c08_final_8468e13,8468e13b7f2c7c3d937f0b4de6f5198e95e7b0b8,c6f3e9790b43d97c7a58bd8abbf2ddd66597117cc59d2ec24084f1c80dc769c3,b76f8dce5e2a3d9797d2009aa0b6f4a7d0216a266540a9055195e66b8e4af085,c9743cd8e3fc539c45f3979c0277cbdf4ff08eea268a70430bb263154715084b,hist_gradient_boosting,raw,mae,40.51130612128221,reconstructed,248,PENDING
C08,FD004,primary,37,C08_FD004_8468e13b7f2c_seed_37,outputs/c08_final_8468e13,8468e13b7f2c7c3d937f0b4de6f5198e95e7b0b8,c6f3e9790b43d97c7a58bd8abbf2ddd66597117cc59d2ec24084f1c80dc769c3,b76f8dce5e2a3d9797d2009aa0b6f4a7d0216a266540a9055195e66b8e4af085,c9743cd8e3fc539c45f3979c0277cbdf4ff08eea268a70430bb263154715084b,hist_gradient_boosting,raw,signed_error,-9.58248757731672,reconstructed,248,PENDING
C08,FD004,primary,37,C08_FD004_8468e13b7f2c_seed_37,outputs/c08_final_8468e13,8468e13b7f2c7c3d937f0b4de6f5198e95e7b0b8,c6f3e9790b43d97c7a58bd8abbf2ddd66597117cc59d2ec24084f1c80dc769c3,b76f8dce5e2a3d9797d2009aa0b6f4a7d0216a266540a9055195e66b8e4af085,c9743cd8e3fc539c45f3979c0277cbdf4ff08eea268a70430bb263154715084b,hist_gradient_boosting,raw,nasa_score,78394.25318536592,reconstructed,248,PENDING
C08,FD004,primary,37,C08_FD004_8468e13b7f2c_seed_37,outputs/c08_final_8468e13,8468e13b7f2c7c3d937f0b4de6f5198e95e7b0b8,c6f3e9790b43d97c7a58bd8abbf2ddd66597117cc59d2ec24084f1c80dc769c3,b76f8dce5e2a3d9797d2009aa0b6f4a7d0216a266540a9055195e66b8e4af085,c9743cd8e3fc539c45f3979c0277cbdf4ff08eea268a70430bb263154715084b,hist_gradient_boosting,clipped,rmse,36.78711306444754,reconstructed,248,PENDING
C08,FD004,primary,37,C08_FD004_8468e13b7f2c_seed_37,outputs/c08_final_8468e13,8468e13b7f2c7c3d937f0b4de6f5198e95e7b0b8,c6f3e9790b43d97c7a58bd8abbf2ddd66597117cc59d2ec24084f1c80dc769c3,b76f8dce5e2a3d9797d2009aa0b6f4a7d0216a266540a9055195e66b8e4af085,c9743cd8e3fc539c45f3979c0277cbdf4ff08eea268a70430bb263154715084b,hist_gradient_boosting,clipped,mae,31.81775773418544,reconstructed,248,PENDING
C08,FD004,primary,37,C08_FD004_8468e13b7f2c_seed_37,outputs/c08_final_8468e13,8468e13b7f2c7c3d937f0b4de6f5198e95e7b0b8,c6f3e9790b43d97c7a58bd8abbf2ddd66597117cc59d2ec24084f1c80dc769c3,b76f8dce5e2a3d9797d2009aa0b6f4a7d0216a266540a9055195e66b8e4af085,c9743cd8e3fc539c45f3979c0277cbdf4ff08eea268a70430bb263154715084b,hist_gradient_boosting,clipped,signed_error,-0.8889391902199424,reconstructed,248,PENDING
C08,FD004,primary,37,C08_FD004_8468e13b7f2c_seed_37,outputs/c08_final_8468e13,8468e13b7f2c7c3d937f0b4de6f5198e95e7b0b8,c6f3e9790b43d97c7a58bd8abbf2ddd66597117cc59d2ec24084f1c80dc769c3,b76f8dce5e2a3d9797d2009aa0b6f4a7d0216a266540a9055195e66b8e4af085,c9743cd8e3fc539c45f3979c0277cbdf4ff08eea268a70430bb263154715084b,hist_gradient_boosting,clipped,nasa_score,14892.384232490384,reconstructed,248,PENDING
C08,FD004,primary,73,C08_FD004_8468e13b7f2c_seed_73,outputs/c08_final_8468e13,8468e13b7f2c7c3d937f0b4de6f5198e95e7b0b8,f1e65bd38d489bccf368196f7fabf61fc242c86fa764c7e8621f5f96e366476f,1938c48f5e79098349e5c1cb1f7a5b5d2d6f7656cef1968bd90db4a992ad7471,5daa39328dda8c10669c1eb3ba00573ef4fda45b88c73b633c5e61fe4b2fae41,mean,raw,rmse,54.52379428868819,reconstructed,248,PENDING
C08,FD004,primary,73,C08_FD004_8468e13b7f2c_seed_73,outputs/c08_final_8468e13,8468e13b7f2c7c3d937f0b4de6f5198e95e7b0b8,f1e65bd38d489bccf368196f7fabf61fc242c86fa764c7e8621f5f96e366476f,1938c48f5e79098349e5c1cb1f7a5b5d2d6f7656cef1968bd90db4a992ad7471,5daa39328dda8c10669c1eb3ba00573ef4fda45b88c73b633c5e61fe4b2fae41,mean,raw,mae,46.4711033539355,reconstructed,248,PENDING
C08,FD004,primary,73,C08_FD004_8468e13b7f2c_seed_73,outputs/c08_final_8468e13,8468e13b7f2c7c3d937f0b4de6f5198e95e7b0b8,f1e65bd38d489bccf368196f7fabf61fc242c86fa764c7e8621f5f96e366476f,1938c48f5e79098349e5c1cb1f7a5b5d2d6f7656cef1968bd90db4a992ad7471,5daa39328dda8c10669c1eb3ba00573ef4fda45b88c73b633c5e61fe4b2fae41,mean,raw,signed_error,-0.010827298840012413,reconstructed,248,PENDING
C08,FD004,primary,73,C08_FD004_8468e13b7f2c_seed_73,outputs/c08_final_8468e13,8468e13b7f2c7c3d937f0b4de6f5198e95e7b0b8,f1e65bd38d489bccf368196f7fabf61fc242c86fa764c7e8621f5f96e366476f,1938c48f5e79098349e5c1cb1f7a5b5d2d6f7656cef1968bd90db4a992ad7471,5daa39328dda8c10669c1eb3ba00573ef4fda45b88c73b633c5e61fe4b2fae41,mean,raw,nasa_score,128476.18261481091,reconstructed,248,PENDING
C08,FD004,primary,73,C08_FD004_8468e13b7f2c_seed_73,outputs/c08_final_8468e13,8468e13b7f2c7c3d937f0b4de6f5198e95e7b0b8,f1e65bd38d489bccf368196f7fabf61fc242c86fa764c7e8621f5f96e366476f,1938c48f5e79098349e5c1cb1f7a5b5d2d6f7656cef1968bd90db4a992ad7471,5daa39328dda8c10669c1eb3ba00573ef4fda45b88c73b633c5e61fe4b2fae41,mean,clipped,rmse,43.849389068048595,reconstructed,248,PENDING
C08,FD004,primary,73,C08_FD004_8468e13b7f2c_seed_73,outputs/c08_final_8468e13,8468e13b7f2c7c3d937f0b4de6f5198e95e7b0b8,f1e65bd38d489bccf368196f7fabf61fc242c86fa764c7e8621f5f96e366476f,1938c48f5e79098349e5c1cb1f7a5b5d2d6f7656cef1968bd90db4a992ad7471,5daa39328dda8c10669c1eb3ba00573ef4fda45b88c73b633c5e61fe4b2fae41,mean,clipped,mae,37.777554966838736,reconstructed,248,PENDING
C08,FD004,primary,73,C08_FD004_8468e13b7f2c_seed_73,outputs/c08_final_8468e13,8468e13b7f2c7c3d937f0b4de6f5198e95e7b0b8,f1e65bd38d489bccf368196f7fabf61fc242c86fa764c7e8621f5f96e366476f,1938c48f5e79098349e5c1cb1f7a5b5d2d6f7656cef1968bd90db4a992ad7471,5daa39328dda8c10669c1eb3ba00573ef4fda45b88c73b633c5e61fe4b2fae41,mean,clipped,signed_error,8.682721088256768,reconstructed,248,PENDING
C08,FD004,primary,73,C08_FD004_8468e13b7f2c_seed_73,outputs/c08_final_8468e13,8468e13b7f2c7c3d937f0b4de6f5198e95e7b0b8,f1e65bd38d489bccf368196f7fabf61fc242c86fa764c7e8621f5f96e366476f,1938c48f5e79098349e5c1cb1f7a5b5d2d6f7656cef1968bd90db4a992ad7471,5daa39328dda8c10669c1eb3ba00573ef4fda45b88c73b633c5e61fe4b2fae41,mean,clipped,nasa_score,87433.12252593246,reconstructed,248,PENDING
C08,FD004,primary,73,C08_FD004_8468e13b7f2c_seed_73,outputs/c08_final_8468e13,8468e13b7f2c7c3d937f0b4de6f5198e95e7b0b8,f1e65bd38d489bccf368196f7fabf61fc242c86fa764c7e8621f5f96e366476f,1938c48f5e79098349e5c1cb1f7a5b5d2d6f7656cef1968bd90db4a992ad7471,5daa39328dda8c10669c1eb3ba00573ef4fda45b88c73b633c5e61fe4b2fae41,ridge,raw,rmse,28559119390274.266,reconstructed,248,PENDING
C08,FD004,primary,73,C08_FD004_8468e13b7f2c_seed_73,outputs/c08_final_8468e13,8468e13b7f2c7c3d937f0b4de6f5198e95e7b0b8,f1e65bd38d489bccf368196f7fabf61fc242c86fa764c7e8621f5f96e366476f,1938c48f5e79098349e5c1cb1f7a5b5d2d6f7656cef1968bd90db4a992ad7471,5daa39328dda8c10669c1eb3ba00573ef4fda45b88c73b633c5e61fe4b2fae41,ridge,raw,mae,22752971468432.97,reconstructed,248,PENDING
C08,FD004,primary,73,C08_FD004_8468e13b7f2c_seed_73,outputs/c08_final_8468e13,8468e13b7f2c7c3d937f0b4de6f5198e95e7b0b8,f1e65bd38d489bccf368196f7fabf61fc242c86fa764c7e8621f5f96e366476f,1938c48f5e79098349e5c1cb1f7a5b5d2d6f7656cef1968bd90db4a992ad7471,5daa39328dda8c10669c1eb3ba00573ef4fda45b88c73b633c5e61fe4b2fae41,ridge,raw,signed_error,2130619695496.3213,reconstructed,248,PENDING
C08,FD004,primary,73,C08_FD004_8468e13b7f2c_seed_73,outputs/c08_final_8468e13,8468e13b7f2c7c3d937f0b4de6f5198e95e7b0b8,f1e65bd38d489bccf368196f7fabf61fc242c86fa764c7e8621f5f96e366476f,1938c48f5e79098349e5c1cb1f7a5b5d2d6f7656cef1968bd90db4a992ad7471,5daa39328dda8c10669c1eb3ba00573ef4fda45b88c73b633c5e61fe4b2fae41,ridge,raw,nasa_score,PENDING,nonfinite_on_raw_support,248,PENDING
C08,FD004,primary,73,C08_FD004_8468e13b7f2c_seed_73,outputs/c08_final_8468e13,8468e13b7f2c7c3d937f0b4de6f5198e95e7b0b8,f1e65bd38d489bccf368196f7fabf61fc242c86fa764c7e8621f5f96e366476f,1938c48f5e79098349e5c1cb1f7a5b5d2d6f7656cef1968bd90db4a992ad7471,5daa39328dda8c10669c1eb3ba00573ef4fda45b88c73b633c5e61fe4b2fae41,ridge,clipped,rmse,78.34353628359749,reconstructed,248,PENDING
C08,FD004,primary,73,C08_FD004_8468e13b7f2c_seed_73,outputs/c08_final_8468e13,8468e13b7f2c7c3d937f0b4de6f5198e95e7b0b8,f1e65bd38d489bccf368196f7fabf61fc242c86fa764c7e8621f5f96e366476f,1938c48f5e79098349e5c1cb1f7a5b5d2d6f7656cef1968bd90db4a992ad7471,5daa39328dda8c10669c1eb3ba00573ef4fda45b88c73b633c5e61fe4b2fae41,ridge,clipped,mae,63.685483870967744,reconstructed,248,PENDING
C08,FD004,primary,73,C08_FD004_8468e13b7f2c_seed_73,outputs/c08_final_8468e13,8468e13b7f2c7c3d937f0b4de6f5198e95e7b0b8,f1e65bd38d489bccf368196f7fabf61fc242c86fa764c7e8621f5f96e366476f,1938c48f5e79098349e5c1cb1f7a5b5d2d6f7656cef1968bd90db4a992ad7471,5daa39328dda8c10669c1eb3ba00573ef4fda45b88c73b633c5e61fe4b2fae41,ridge,clipped,signed_error,-13.846774193548388,reconstructed,248,PENDING
C08,FD004,primary,73,C08_FD004_8468e13b7f2c_seed_73,outputs/c08_final_8468e13,8468e13b7f2c7c3d937f0b4de6f5198e95e7b0b8,f1e65bd38d489bccf368196f7fabf61fc242c86fa764c7e8621f5f96e366476f,1938c48f5e79098349e5c1cb1f7a5b5d2d6f7656cef1968bd90db4a992ad7471,5daa39328dda8c10669c1eb3ba00573ef4fda45b88c73b633c5e61fe4b2fae41,ridge,clipped,nasa_score,2649295.548764301,reconstructed,248,PENDING
C08,FD004,primary,73,C08_FD004_8468e13b7f2c_seed_73,outputs/c08_final_8468e13,8468e13b7f2c7c3d937f0b4de6f5198e95e7b0b8,f1e65bd38d489bccf368196f7fabf61fc242c86fa764c7e8621f5f96e366476f,1938c48f5e79098349e5c1cb1f7a5b5d2d6f7656cef1968bd90db4a992ad7471,5daa39328dda8c10669c1eb3ba00573ef4fda45b88c73b633c5e61fe4b2fae41,hist_gradient_boosting,raw,rmse,53.80198139879846,reconstructed,248,PENDING
C08,FD004,primary,73,C08_FD004_8468e13b7f2c_seed_73,outputs/c08_final_8468e13,8468e13b7f2c7c3d937f0b4de6f5198e95e7b0b8,f1e65bd38d489bccf368196f7fabf61fc242c86fa764c7e8621f5f96e366476f,1938c48f5e79098349e5c1cb1f7a5b5d2d6f7656cef1968bd90db4a992ad7471,5daa39328dda8c10669c1eb3ba00573ef4fda45b88c73b633c5e61fe4b2fae41,hist_gradient_boosting,raw,mae,44.94207561626698,reconstructed,248,PENDING
C08,FD004,primary,73,C08_FD004_8468e13b7f2c_seed_73,outputs/c08_final_8468e13,8468e13b7f2c7c3d937f0b4de6f5198e95e7b0b8,f1e65bd38d489bccf368196f7fabf61fc242c86fa764c7e8621f5f96e366476f,1938c48f5e79098349e5c1cb1f7a5b5d2d6f7656cef1968bd90db4a992ad7471,5daa39328dda8c10669c1eb3ba00573ef4fda45b88c73b633c5e61fe4b2fae41,hist_gradient_boosting,raw,signed_error,-21.250679530348936,reconstructed,248,PENDING
C08,FD004,primary,73,C08_FD004_8468e13b7f2c_seed_73,outputs/c08_final_8468e13,8468e13b7f2c7c3d937f0b4de6f5198e95e7b0b8,f1e65bd38d489bccf368196f7fabf61fc242c86fa764c7e8621f5f96e366476f,1938c48f5e79098349e5c1cb1f7a5b5d2d6f7656cef1968bd90db4a992ad7471,5daa39328dda8c10669c1eb3ba00573ef4fda45b88c73b633c5e61fe4b2fae41,hist_gradient_boosting,raw,nasa_score,176988.62516373734,reconstructed,248,PENDING
C08,FD004,primary,73,C08_FD004_8468e13b7f2c_seed_73,outputs/c08_final_8468e13,8468e13b7f2c7c3d937f0b4de6f5198e95e7b0b8,f1e65bd38d489bccf368196f7fabf61fc242c86fa764c7e8621f5f96e366476f,1938c48f5e79098349e5c1cb1f7a5b5d2d6f7656cef1968bd90db4a992ad7471,5daa39328dda8c10669c1eb3ba00573ef4fda45b88c73b633c5e61fe4b2fae41,hist_gradient_boosting,clipped,rmse,40.49285242798836,reconstructed,248,PENDING
C08,FD004,primary,73,C08_FD004_8468e13b7f2c_seed_73,outputs/c08_final_8468e13,8468e13b7f2c7c3d937f0b4de6f5198e95e7b0b8,f1e65bd38d489bccf368196f7fabf61fc242c86fa764c7e8621f5f96e366476f,1938c48f5e79098349e5c1cb1f7a5b5d2d6f7656cef1968bd90db4a992ad7471,5daa39328dda8c10669c1eb3ba00573ef4fda45b88c73b633c5e61fe4b2fae41,hist_gradient_boosting,clipped,mae,36.24852722917021,reconstructed,248,PENDING
C08,FD004,primary,73,C08_FD004_8468e13b7f2c_seed_73,outputs/c08_final_8468e13,8468e13b7f2c7c3d937f0b4de6f5198e95e7b0b8,f1e65bd38d489bccf368196f7fabf61fc242c86fa764c7e8621f5f96e366476f,1938c48f5e79098349e5c1cb1f7a5b5d2d6f7656cef1968bd90db4a992ad7471,5daa39328dda8c10669c1eb3ba00573ef4fda45b88c73b633c5e61fe4b2fae41,hist_gradient_boosting,clipped,signed_error,-12.557131143252155,reconstructed,248,PENDING
C08,FD004,primary,73,C08_FD004_8468e13b7f2c_seed_73,outputs/c08_final_8468e13,8468e13b7f2c7c3d937f0b4de6f5198e95e7b0b8,f1e65bd38d489bccf368196f7fabf61fc242c86fa764c7e8621f5f96e366476f,1938c48f5e79098349e5c1cb1f7a5b5d2d6f7656cef1968bd90db4a992ad7471,5daa39328dda8c10669c1eb3ba00573ef4fda45b88c73b633c5e61fe4b2fae41,hist_gradient_boosting,clipped,nasa_score,12714.146139297896,reconstructed,248,PENDING
C08,FD004,primary,101,C08_FD004_8468e13b7f2c_seed_101,outputs/c08_final_8468e13,8468e13b7f2c7c3d937f0b4de6f5198e95e7b0b8,04b232953848ba1a9bfb194dd3b578b73f3aa6e26f9f50db29c77fc2713b601c,9107ac3b6026c857a1d055d4e942ea7748567fbbe2cfa2bb15a1a2893258c3d9,d2dcd341cee879f28087db73cac94e3e99a3427344adb37c4cae1e08c43753d5,mean,raw,rmse,54.524097887139924,reconstructed,248,PENDING
C08,FD004,primary,101,C08_FD004_8468e13b7f2c_seed_101,outputs/c08_final_8468e13,8468e13b7f2c7c3d937f0b4de6f5198e95e7b0b8,04b232953848ba1a9bfb194dd3b578b73f3aa6e26f9f50db29c77fc2713b601c,9107ac3b6026c857a1d055d4e942ea7748567fbbe2cfa2bb15a1a2893258c3d9,d2dcd341cee879f28087db73cac94e3e99a3427344adb37c4cae1e08c43753d5,mean,raw,mae,46.4679888084266,reconstructed,248,PENDING
C08,FD004,primary,101,C08_FD004_8468e13b7f2c_seed_101,outputs/c08_final_8468e13,8468e13b7f2c7c3d937f0b4de6f5198e95e7b0b8,04b232953848ba1a9bfb194dd3b578b73f3aa6e26f9f50db29c77fc2713b601c,9107ac3b6026c857a1d055d4e942ea7748567fbbe2cfa2bb15a1a2893258c3d9,d2dcd341cee879f28087db73cac94e3e99a3427344adb37c4cae1e08c43753d5,mean,raw,signed_error,0.18227452271231512,reconstructed,248,PENDING
C08,FD004,primary,101,C08_FD004_8468e13b7f2c_seed_101,outputs/c08_final_8468e13,8468e13b7f2c7c3d937f0b4de6f5198e95e7b0b8,04b232953848ba1a9bfb194dd3b578b73f3aa6e26f9f50db29c77fc2713b601c,9107ac3b6026c857a1d055d4e942ea7748567fbbe2cfa2bb15a1a2893258c3d9,d2dcd341cee879f28087db73cac94e3e99a3427344adb37c4cae1e08c43753d5,mean,raw,nasa_score,129525.32078744032,reconstructed,248,PENDING
C08,FD004,primary,101,C08_FD004_8468e13b7f2c_seed_101,outputs/c08_final_8468e13,8468e13b7f2c7c3d937f0b4de6f5198e95e7b0b8,04b232953848ba1a9bfb194dd3b578b73f3aa6e26f9f50db29c77fc2713b601c,9107ac3b6026c857a1d055d4e942ea7748567fbbe2cfa2bb15a1a2893258c3d9,d2dcd341cee879f28087db73cac94e3e99a3427344adb37c4cae1e08c43753d5,mean,clipped,rmse,43.88803377312469,reconstructed,248,PENDING
C08,FD004,primary,101,C08_FD004_8468e13b7f2c_seed_101,outputs/c08_final_8468e13,8468e13b7f2c7c3d937f0b4de6f5198e95e7b0b8,04b232953848ba1a9bfb194dd3b578b73f3aa6e26f9f50db29c77fc2713b601c,9107ac3b6026c857a1d055d4e942ea7748567fbbe2cfa2bb15a1a2893258c3d9,d2dcd341cee879f28087db73cac94e3e99a3427344adb37c4cae1e08c43753d5,mean,clipped,mae,37.77444042132983,reconstructed,248,PENDING
C08,FD004,primary,101,C08_FD004_8468e13b7f2c_seed_101,outputs/c08_final_8468e13,8468e13b7f2c7c3d937f0b4de6f5198e95e7b0b8,04b232953848ba1a9bfb194dd3b578b73f3aa6e26f9f50db29c77fc2713b601c,9107ac3b6026c857a1d055d4e942ea7748567fbbe2cfa2bb15a1a2893258c3d9,d2dcd341cee879f28087db73cac94e3e99a3427344adb37c4cae1e08c43753d5,mean,clipped,signed_error,8.8758229098091,reconstructed,248,PENDING
C08,FD004,primary,101,C08_FD004_8468e13b7f2c_seed_101,outputs/c08_final_8468e13,8468e13b7f2c7c3d937f0b4de6f5198e95e7b0b8,04b232953848ba1a9bfb194dd3b578b73f3aa6e26f9f50db29c77fc2713b601c,9107ac3b6026c857a1d055d4e942ea7748567fbbe2cfa2bb15a1a2893258c3d9,d2dcd341cee879f28087db73cac94e3e99a3427344adb37c4cae1e08c43753d5,mean,clipped,nasa_score,89087.40819676843,reconstructed,248,PENDING
C08,FD004,primary,101,C08_FD004_8468e13b7f2c_seed_101,outputs/c08_final_8468e13,8468e13b7f2c7c3d937f0b4de6f5198e95e7b0b8,04b232953848ba1a9bfb194dd3b578b73f3aa6e26f9f50db29c77fc2713b601c,9107ac3b6026c857a1d055d4e942ea7748567fbbe2cfa2bb15a1a2893258c3d9,d2dcd341cee879f28087db73cac94e3e99a3427344adb37c4cae1e08c43753d5,ridge,raw,rmse,21537722173728.02,reconstructed,248,PENDING
C08,FD004,primary,101,C08_FD004_8468e13b7f2c_seed_101,outputs/c08_final_8468e13,8468e13b7f2c7c3d937f0b4de6f5198e95e7b0b8,04b232953848ba1a9bfb194dd3b578b73f3aa6e26f9f50db29c77fc2713b601c,9107ac3b6026c857a1d055d4e942ea7748567fbbe2cfa2bb15a1a2893258c3d9,d2dcd341cee879f28087db73cac94e3e99a3427344adb37c4cae1e08c43753d5,ridge,raw,mae,17322138503454.814,reconstructed,248,PENDING
C08,FD004,primary,101,C08_FD004_8468e13b7f2c_seed_101,outputs/c08_final_8468e13,8468e13b7f2c7c3d937f0b4de6f5198e95e7b0b8,04b232953848ba1a9bfb194dd3b578b73f3aa6e26f9f50db29c77fc2713b601c,9107ac3b6026c857a1d055d4e942ea7748567fbbe2cfa2bb15a1a2893258c3d9,d2dcd341cee879f28087db73cac94e3e99a3427344adb37c4cae1e08c43753d5,ridge,raw,signed_error,1208386786762.634,reconstructed,248,PENDING
C08,FD004,primary,101,C08_FD004_8468e13b7f2c_seed_101,outputs/c08_final_8468e13,8468e13b7f2c7c3d937f0b4de6f5198e95e7b0b8,04b232953848ba1a9bfb194dd3b578b73f3aa6e26f9f50db29c77fc2713b601c,9107ac3b6026c857a1d055d4e942ea7748567fbbe2cfa2bb15a1a2893258c3d9,d2dcd341cee879f28087db73cac94e3e99a3427344adb37c4cae1e08c43753d5,ridge,raw,nasa_score,PENDING,nonfinite_on_raw_support,248,PENDING
C08,FD004,primary,101,C08_FD004_8468e13b7f2c_seed_101,outputs/c08_final_8468e13,8468e13b7f2c7c3d937f0b4de6f5198e95e7b0b8,04b232953848ba1a9bfb194dd3b578b73f3aa6e26f9f50db29c77fc2713b601c,9107ac3b6026c857a1d055d4e942ea7748567fbbe2cfa2bb15a1a2893258c3d9,d2dcd341cee879f28087db73cac94e3e99a3427344adb37c4cae1e08c43753d5,ridge,clipped,rmse,79.2899944873655,reconstructed,248,PENDING
C08,FD004,primary,101,C08_FD004_8468e13b7f2c_seed_101,outputs/c08_final_8468e13,8468e13b7f2c7c3d937f0b4de6f5198e95e7b0b8,04b232953848ba1a9bfb194dd3b578b73f3aa6e26f9f50db29c77fc2713b601c,9107ac3b6026c857a1d055d4e942ea7748567fbbe2cfa2bb15a1a2893258c3d9,d2dcd341cee879f28087db73cac94e3e99a3427344adb37c4cae1e08c43753d5,ridge,clipped,mae,64.87903225806451,reconstructed,248,PENDING
C08,FD004,primary,101,C08_FD004_8468e13b7f2c_seed_101,outputs/c08_final_8468e13,8468e13b7f2c7c3d937f0b4de6f5198e95e7b0b8,04b232953848ba1a9bfb194dd3b578b73f3aa6e26f9f50db29c77fc2713b601c,9107ac3b6026c857a1d055d4e942ea7748567fbbe2cfa2bb15a1a2893258c3d9,d2dcd341cee879f28087db73cac94e3e99a3427344adb37c4cae1e08c43753d5,ridge,clipped,signed_error,-16.870967741935484,reconstructed,248,PENDING
C08,FD004,primary,101,C08_FD004_8468e13b7f2c_seed_101,outputs/c08_final_8468e13,8468e13b7f2c7c3d937f0b4de6f5198e95e7b0b8,04b232953848ba1a9bfb194dd3b578b73f3aa6e26f9f50db29c77fc2713b601c,9107ac3b6026c857a1d055d4e942ea7748567fbbe2cfa2bb15a1a2893258c3d9,d2dcd341cee879f28087db73cac94e3e99a3427344adb37c4cae1e08c43753d5,ridge,clipped,nasa_score,2560076.2125537465,reconstructed,248,PENDING
C08,FD004,primary,101,C08_FD004_8468e13b7f2c_seed_101,outputs/c08_final_8468e13,8468e13b7f2c7c3d937f0b4de6f5198e95e7b0b8,04b232953848ba1a9bfb194dd3b578b73f3aa6e26f9f50db29c77fc2713b601c,9107ac3b6026c857a1d055d4e942ea7748567fbbe2cfa2bb15a1a2893258c3d9,d2dcd341cee879f28087db73cac94e3e99a3427344adb37c4cae1e08c43753d5,hist_gradient_boosting,raw,rmse,49.49935283910075,reconstructed,248,PENDING
C08,FD004,primary,101,C08_FD004_8468e13b7f2c_seed_101,outputs/c08_final_8468e13,8468e13b7f2c7c3d937f0b4de6f5198e95e7b0b8,04b232953848ba1a9bfb194dd3b578b73f3aa6e26f9f50db29c77fc2713b601c,9107ac3b6026c857a1d055d4e942ea7748567fbbe2cfa2bb15a1a2893258c3d9,d2dcd341cee879f28087db73cac94e3e99a3427344adb37c4cae1e08c43753d5,hist_gradient_boosting,raw,mae,42.23022737178075,reconstructed,248,PENDING
C08,FD004,primary,101,C08_FD004_8468e13b7f2c_seed_101,outputs/c08_final_8468e13,8468e13b7f2c7c3d937f0b4de6f5198e95e7b0b8,04b232953848ba1a9bfb194dd3b578b73f3aa6e26f9f50db29c77fc2713b601c,9107ac3b6026c857a1d055d4e942ea7748567fbbe2cfa2bb15a1a2893258c3d9,d2dcd341cee879f28087db73cac94e3e99a3427344adb37c4cae1e08c43753d5,hist_gradient_boosting,raw,signed_error,-0.4432546814179243,reconstructed,248,PENDING
C08,FD004,primary,101,C08_FD004_8468e13b7f2c_seed_101,outputs/c08_final_8468e13,8468e13b7f2c7c3d937f0b4de6f5198e95e7b0b8,04b232953848ba1a9bfb194dd3b578b73f3aa6e26f9f50db29c77fc2713b601c,9107ac3b6026c857a1d055d4e942ea7748567fbbe2cfa2bb15a1a2893258c3d9,d2dcd341cee879f28087db73cac94e3e99a3427344adb37c4cae1e08c43753d5,hist_gradient_boosting,raw,nasa_score,88156.83897604707,reconstructed,248,PENDING
C08,FD004,primary,101,C08_FD004_8468e13b7f2c_seed_101,outputs/c08_final_8468e13,8468e13b7f2c7c3d937f0b4de6f5198e95e7b0b8,04b232953848ba1a9bfb194dd3b578b73f3aa6e26f9f50db29c77fc2713b601c,9107ac3b6026c857a1d055d4e942ea7748567fbbe2cfa2bb15a1a2893258c3d9,d2dcd341cee879f28087db73cac94e3e99a3427344adb37c4cae1e08c43753d5,hist_gradient_boosting,clipped,rmse,39.64180838217113,reconstructed,248,PENDING
C08,FD004,primary,101,C08_FD004_8468e13b7f2c_seed_101,outputs/c08_final_8468e13,8468e13b7f2c7c3d937f0b4de6f5198e95e7b0b8,04b232953848ba1a9bfb194dd3b578b73f3aa6e26f9f50db29c77fc2713b601c,9107ac3b6026c857a1d055d4e942ea7748567fbbe2cfa2bb15a1a2893258c3d9,d2dcd341cee879f28087db73cac94e3e99a3427344adb37c4cae1e08c43753d5,hist_gradient_boosting,clipped,mae,33.536678984683974,reconstructed,248,PENDING
C08,FD004,primary,101,C08_FD004_8468e13b7f2c_seed_101,outputs/c08_final_8468e13,8468e13b7f2c7c3d937f0b4de6f5198e95e7b0b8,04b232953848ba1a9bfb194dd3b578b73f3aa6e26f9f50db29c77fc2713b601c,9107ac3b6026c857a1d055d4e942ea7748567fbbe2cfa2bb15a1a2893258c3d9,d2dcd341cee879f28087db73cac94e3e99a3427344adb37c4cae1e08c43753d5,hist_gradient_boosting,clipped,signed_error,8.25029370567884,reconstructed,248,PENDING
C08,FD004,primary,101,C08_FD004_8468e13b7f2c_seed_101,outputs/c08_final_8468e13,8468e13b7f2c7c3d937f0b4de6f5198e95e7b0b8,04b232953848ba1a9bfb194dd3b578b73f3aa6e26f9f50db29c77fc2713b601c,9107ac3b6026c857a1d055d4e942ea7748567fbbe2cfa2bb15a1a2893258c3d9,d2dcd341cee879f28087db73cac94e3e99a3427344adb37c4cae1e08c43753d5,hist_gradient_boosting,clipped,nasa_score,54699.44752946971,reconstructed,248,PENDING
C08,FD004,primary,137,C08_FD004_8468e13b7f2c_seed_137,outputs/c08_final_8468e13,8468e13b7f2c7c3d937f0b4de6f5198e95e7b0b8,86b654f1dd9976d6f192d4d1eb6c8361d27782782949b248528fad06f07a79f0,cc603d4826abc954b46127b073fcbde551c94956c6a3e7a1285f1d0d07240a1e,fc3d02af56488103e0811f6724720fac4eb8b2041eb62670d3ddd81bab681cee,mean,raw,rmse,54.52488985942891,reconstructed,248,PENDING
C08,FD004,primary,137,C08_FD004_8468e13b7f2c_seed_137,outputs/c08_final_8468e13,8468e13b7f2c7c3d937f0b4de6f5198e95e7b0b8,86b654f1dd9976d6f192d4d1eb6c8361d27782782949b248528fad06f07a79f0,cc603d4826abc954b46127b073fcbde551c94956c6a3e7a1285f1d0d07240a1e,fc3d02af56488103e0811f6724720fac4eb8b2041eb62670d3ddd81bab681cee,mean,raw,mae,46.46535106430022,reconstructed,248,PENDING
C08,FD004,primary,137,C08_FD004_8468e13b7f2c_seed_137,outputs/c08_final_8468e13,8468e13b7f2c7c3d937f0b4de6f5198e95e7b0b8,86b654f1dd9976d6f192d4d1eb6c8361d27782782949b248528fad06f07a79f0,cc603d4826abc954b46127b073fcbde551c94956c6a3e7a1285f1d0d07240a1e,fc3d02af56488103e0811f6724720fac4eb8b2041eb62670d3ddd81bab681cee,mean,raw,signed_error,0.34581465854730015,reconstructed,248,PENDING
C08,FD004,primary,137,C08_FD004_8468e13b7f2c_seed_137,outputs/c08_final_8468e13,8468e13b7f2c7c3d937f0b4de6f5198e95e7b0b8,86b654f1dd9976d6f192d4d1eb6c8361d27782782949b248528fad06f07a79f0,cc603d4826abc954b46127b073fcbde551c94956c6a3e7a1285f1d0d07240a1e,fc3d02af56488103e0811f6724720fac4eb8b2041eb62670d3ddd81bab681cee,mean,raw,nasa_score,130446.67001811249,reconstructed,248,PENDING
C08,FD004,primary,137,C08_FD004_8468e13b7f2c_seed_137,outputs/c08_final_8468e13,8468e13b7f2c7c3d937f0b4de6f5198e95e7b0b8,86b654f1dd9976d6f192d4d1eb6c8361d27782782949b248528fad06f07a79f0,cc603d4826abc954b46127b073fcbde551c94956c6a3e7a1285f1d0d07240a1e,fc3d02af56488103e0811f6724720fac4eb8b2041eb62670d3ddd81bab681cee,mean,clipped,rmse,43.921399800275005,reconstructed,248,PENDING
C08,FD004,primary,137,C08_FD004_8468e13b7f2c_seed_137,outputs/c08_final_8468e13,8468e13b7f2c7c3d937f0b4de6f5198e95e7b0b8,86b654f1dd9976d6f192d4d1eb6c8361d27782782949b248528fad06f07a79f0,cc603d4826abc954b46127b073fcbde551c94956c6a3e7a1285f1d0d07240a1e,fc3d02af56488103e0811f6724720fac4eb8b2041eb62670d3ddd81bab681cee,mean,clipped,mae,37.771802677203446,reconstructed,248,PENDING
C08,FD004,primary,137,C08_FD004_8468e13b7f2c_seed_137,outputs/c08_final_8468e13,8468e13b7f2c7c3d937f0b4de6f5198e95e7b0b8,86b654f1dd9976d6f192d4d1eb6c8361d27782782949b248528fad06f07a79f0,cc603d4826abc954b46127b073fcbde551c94956c6a3e7a1285f1d0d07240a1e,fc3d02af56488103e0811f6724720fac4eb8b2041eb62670d3ddd81bab681cee,mean,clipped,signed_error,9.039363045644082,reconstructed,248,PENDING
C08,FD004,primary,137,C08_FD004_8468e13b7f2c_seed_137,outputs/c08_final_8468e13,8468e13b7f2c7c3d937f0b4de6f5198e95e7b0b8,86b654f1dd9976d6f192d4d1eb6c8361d27782782949b248528fad06f07a79f0,cc603d4826abc954b46127b073fcbde551c94956c6a3e7a1285f1d0d07240a1e,fc3d02af56488103e0811f6724720fac4eb8b2041eb62670d3ddd81bab681cee,mean,clipped,nasa_score,90514.28038149186,reconstructed,248,PENDING
C08,FD004,primary,137,C08_FD004_8468e13b7f2c_seed_137,outputs/c08_final_8468e13,8468e13b7f2c7c3d937f0b4de6f5198e95e7b0b8,86b654f1dd9976d6f192d4d1eb6c8361d27782782949b248528fad06f07a79f0,cc603d4826abc954b46127b073fcbde551c94956c6a3e7a1285f1d0d07240a1e,fc3d02af56488103e0811f6724720fac4eb8b2041eb62670d3ddd81bab681cee,ridge,raw,rmse,11905855146183.656,reconstructed,248,PENDING
C08,FD004,primary,137,C08_FD004_8468e13b7f2c_seed_137,outputs/c08_final_8468e13,8468e13b7f2c7c3d937f0b4de6f5198e95e7b0b8,86b654f1dd9976d6f192d4d1eb6c8361d27782782949b248528fad06f07a79f0,cc603d4826abc954b46127b073fcbde551c94956c6a3e7a1285f1d0d07240a1e,fc3d02af56488103e0811f6724720fac4eb8b2041eb62670d3ddd81bab681cee,ridge,raw,mae,9561534953693.299,reconstructed,248,PENDING
C08,FD004,primary,137,C08_FD004_8468e13b7f2c_seed_137,outputs/c08_final_8468e13,8468e13b7f2c7c3d937f0b4de6f5198e95e7b0b8,86b654f1dd9976d6f192d4d1eb6c8361d27782782949b248528fad06f07a79f0,cc603d4826abc954b46127b073fcbde551c94956c6a3e7a1285f1d0d07240a1e,fc3d02af56488103e0811f6724720fac4eb8b2041eb62670d3ddd81bab681cee,ridge,raw,signed_error,871425731383.5537,reconstructed,248,PENDING
C08,FD004,primary,137,C08_FD004_8468e13b7f2c_seed_137,outputs/c08_final_8468e13,8468e13b7f2c7c3d937f0b4de6f5198e95e7b0b8,86b654f1dd9976d6f192d4d1eb6c8361d27782782949b248528fad06f07a79f0,cc603d4826abc954b46127b073fcbde551c94956c6a3e7a1285f1d0d07240a1e,fc3d02af56488103e0811f6724720fac4eb8b2041eb62670d3ddd81bab681cee,ridge,raw,nasa_score,PENDING,nonfinite_on_raw_support,248,PENDING
C08,FD004,primary,137,C08_FD004_8468e13b7f2c_seed_137,outputs/c08_final_8468e13,8468e13b7f2c7c3d937f0b4de6f5198e95e7b0b8,86b654f1dd9976d6f192d4d1eb6c8361d27782782949b248528fad06f07a79f0,cc603d4826abc954b46127b073fcbde551c94956c6a3e7a1285f1d0d07240a1e,fc3d02af56488103e0811f6724720fac4eb8b2041eb62670d3ddd81bab681cee,ridge,clipped,rmse,77.11472914828207,reconstructed,248,PENDING
C08,FD004,primary,137,C08_FD004_8468e13b7f2c_seed_137,outputs/c08_final_8468e13,8468e13b7f2c7c3d937f0b4de6f5198e95e7b0b8,86b654f1dd9976d6f192d4d1eb6c8361d27782782949b248528fad06f07a79f0,cc603d4826abc954b46127b073fcbde551c94956c6a3e7a1285f1d0d07240a1e,fc3d02af56488103e0811f6724720fac4eb8b2041eb62670d3ddd81bab681cee,ridge,clipped,mae,62.15725806451613,reconstructed,248,PENDING
C08,FD004,primary,137,C08_FD004_8468e13b7f2c_seed_137,outputs/c08_final_8468e13,8468e13b7f2c7c3d937f0b4de6f5198e95e7b0b8,86b654f1dd9976d6f192d4d1eb6c8361d27782782949b248528fad06f07a79f0,cc603d4826abc954b46127b073fcbde551c94956c6a3e7a1285f1d0d07240a1e,fc3d02af56488103e0811f6724720fac4eb8b2041eb62670d3ddd81bab681cee,ridge,clipped,signed_error,-14.350806451612904,reconstructed,248,PENDING
C08,FD004,primary,137,C08_FD004_8468e13b7f2c_seed_137,outputs/c08_final_8468e13,8468e13b7f2c7c3d937f0b4de6f5198e95e7b0b8,86b654f1dd9976d6f192d4d1eb6c8361d27782782949b248528fad06f07a79f0,cc603d4826abc954b46127b073fcbde551c94956c6a3e7a1285f1d0d07240a1e,fc3d02af56488103e0811f6724720fac4eb8b2041eb62670d3ddd81bab681cee,ridge,clipped,nasa_score,2528519.0796902245,reconstructed,248,PENDING
C08,FD004,primary,137,C08_FD004_8468e13b7f2c_seed_137,outputs/c08_final_8468e13,8468e13b7f2c7c3d937f0b4de6f5198e95e7b0b8,86b654f1dd9976d6f192d4d1eb6c8361d27782782949b248528fad06f07a79f0,cc603d4826abc954b46127b073fcbde551c94956c6a3e7a1285f1d0d07240a1e,fc3d02af56488103e0811f6724720fac4eb8b2041eb62670d3ddd81bab681cee,hist_gradient_boosting,raw,rmse,51.230059471220265,reconstructed,248,PENDING
C08,FD004,primary,137,C08_FD004_8468e13b7f2c_seed_137,outputs/c08_final_8468e13,8468e13b7f2c7c3d937f0b4de6f5198e95e7b0b8,86b654f1dd9976d6f192d4d1eb6c8361d27782782949b248528fad06f07a79f0,cc603d4826abc954b46127b073fcbde551c94956c6a3e7a1285f1d0d07240a1e,fc3d02af56488103e0811f6724720fac4eb8b2041eb62670d3ddd81bab681cee,hist_gradient_boosting,raw,mae,43.30543135842276,reconstructed,248,PENDING
C08,FD004,primary,137,C08_FD004_8468e13b7f2c_seed_137,outputs/c08_final_8468e13,8468e13b7f2c7c3d937f0b4de6f5198e95e7b0b8,86b654f1dd9976d6f192d4d1eb6c8361d27782782949b248528fad06f07a79f0,cc603d4826abc954b46127b073fcbde551c94956c6a3e7a1285f1d0d07240a1e,fc3d02af56488103e0811f6724720fac4eb8b2041eb62670d3ddd81bab681cee,hist_gradient_boosting,raw,signed_error,-12.127996761447314,reconstructed,248,PENDING
C08,FD004,primary,137,C08_FD004_8468e13b7f2c_seed_137,outputs/c08_final_8468e13,8468e13b7f2c7c3d937f0b4de6f5198e95e7b0b8,86b654f1dd9976d6f192d4d1eb6c8361d27782782949b248528fad06f07a79f0,cc603d4826abc954b46127b073fcbde551c94956c6a3e7a1285f1d0d07240a1e,fc3d02af56488103e0811f6724720fac4eb8b2041eb62670d3ddd81bab681cee,hist_gradient_boosting,raw,nasa_score,98824.01046734881,reconstructed,248,PENDING
C08,FD004,primary,137,C08_FD004_8468e13b7f2c_seed_137,outputs/c08_final_8468e13,8468e13b7f2c7c3d937f0b4de6f5198e95e7b0b8,86b654f1dd9976d6f192d4d1eb6c8361d27782782949b248528fad06f07a79f0,cc603d4826abc954b46127b073fcbde551c94956c6a3e7a1285f1d0d07240a1e,fc3d02af56488103e0811f6724720fac4eb8b2041eb62670d3ddd81bab681cee,hist_gradient_boosting,clipped,rmse,39.03867764125157,reconstructed,248,PENDING
C08,FD004,primary,137,C08_FD004_8468e13b7f2c_seed_137,outputs/c08_final_8468e13,8468e13b7f2c7c3d937f0b4de6f5198e95e7b0b8,86b654f1dd9976d6f192d4d1eb6c8361d27782782949b248528fad06f07a79f0,cc603d4826abc954b46127b073fcbde551c94956c6a3e7a1285f1d0d07240a1e,fc3d02af56488103e0811f6724720fac4eb8b2041eb62670d3ddd81bab681cee,hist_gradient_boosting,clipped,mae,34.61188297132598,reconstructed,248,PENDING
C08,FD004,primary,137,C08_FD004_8468e13b7f2c_seed_137,outputs/c08_final_8468e13,8468e13b7f2c7c3d937f0b4de6f5198e95e7b0b8,86b654f1dd9976d6f192d4d1eb6c8361d27782782949b248528fad06f07a79f0,cc603d4826abc954b46127b073fcbde551c94956c6a3e7a1285f1d0d07240a1e,fc3d02af56488103e0811f6724720fac4eb8b2041eb62670d3ddd81bab681cee,hist_gradient_boosting,clipped,signed_error,-3.4344483743505427,reconstructed,248,PENDING
C08,FD004,primary,137,C08_FD004_8468e13b7f2c_seed_137,outputs/c08_final_8468e13,8468e13b7f2c7c3d937f0b4de6f5198e95e7b0b8,86b654f1dd9976d6f192d4d1eb6c8361d27782782949b248528fad06f07a79f0,cc603d4826abc954b46127b073fcbde551c94956c6a3e7a1285f1d0d07240a1e,fc3d02af56488103e0811f6724720fac4eb8b2041eb62670d3ddd81bab681cee,hist_gradient_boosting,clipped,nasa_score,18200.492964755107,reconstructed,248,PENDING
