result_type,experiment_id,target,condition,model,prediction_variant,metric,mean,sample_std,minimum,maximum,n_seeds,n_numeric_values,source_git_shas,artifact_roots,source_run_ids,manifest_sha256s,alpha
point,C01,FD001,primary,hist_gradient_boosting,clipped,mae,12.501927354788075,0.25219845314939315,12.313370795760061,12.936307245117574,5,5,2be1b54b55316be988cc9a21c5c6acf6294882a5,outputs/c01_hardened,C01_2be1b54b5531_seed_101|C01_2be1b54b5531_seed_13|C01_2be1b54b5531_seed_137|C01_2be1b54b5531_seed_37|C01_2be1b54b5531_seed_73,24a8d256f1501334a265567102faf3c1f44160198b4356a4ffb2cb6583624a4f|3ab3d18ac655c59359338678a72c4a45b53c621149d79346fd845069b81772b2|3f282d374345005e8612fc85667395954bfa3906596dadf34abef4c2af0eb3f1|903611b974210b16e91683c1d9c1a6483a53d4e25c5ad529365519937973ed39|a9355fd94d2ce84839357b8ab38edc6ae35e76d07bb77ca1a03c10419976af51,
point,C01,FD001,primary,hist_gradient_boosting,clipped,nasa_score,417.9741675831171,47.74796513581597,384.8227758548457,501.67496445920347,5,5,2be1b54b55316be988cc9a21c5c6acf6294882a5,outputs/c01_hardened,C01_2be1b54b5531_seed_101|C01_2be1b54b5531_seed_13|C01_2be1b54b5531_seed_137|C01_2be1b54b5531_seed_37|C01_2be1b54b5531_seed_73,24a8d256f1501334a265567102faf3c1f44160198b4356a4ffb2cb6583624a4f|3ab3d18ac655c59359338678a72c4a45b53c621149d79346fd845069b81772b2|3f282d374345005e8612fc85667395954bfa3906596dadf34abef4c2af0eb3f1|903611b974210b16e91683c1d9c1a6483a53d4e25c5ad529365519937973ed39|a9355fd94d2ce84839357b8ab38edc6ae35e76d07bb77ca1a03c10419976af51,
point,C01,FD001,primary,hist_gradient_boosting,clipped,rmse,16.018674267682496,0.3569510070848786,15.57096036136792,16.408302836831606,5,5,2be1b54b55316be988cc9a21c5c6acf6294882a5,outputs/c01_hardened,C01_2be1b54b5531_seed_101|C01_2be1b54b5531_seed_13|C01_2be1b54b5531_seed_137|C01_2be1b54b5531_seed_37|C01_2be1b54b5531_seed_73,24a8d256f1501334a265567102faf3c1f44160198b4356a4ffb2cb6583624a4f|3ab3d18ac655c59359338678a72c4a45b53c621149d79346fd845069b81772b2|3f282d374345005e8612fc85667395954bfa3906596dadf34abef4c2af0eb3f1|903611b974210b16e91683c1d9c1a6483a53d4e25c5ad529365519937973ed39|a9355fd94d2ce84839357b8ab38edc6ae35e76d07bb77ca1a03c10419976af51,
point,C01,FD001,primary,hist_gradient_boosting,clipped,signed_error,2.318658408624773,1.9234082721513976,0.20486603041940085,4.6857650849531005,5,5,2be1b54b55316be988cc9a21c5c6acf6294882a5,outputs/c01_hardened,C01_2be1b54b5531_seed_101|C01_2be1b54b5531_seed_13|C01_2be1b54b5531_seed_137|C01_2be1b54b5531_seed_37|C01_2be1b54b5531_seed_73,24a8d256f1501334a265567102faf3c1f44160198b4356a4ffb2cb6583624a4f|3ab3d18ac655c59359338678a72c4a45b53c621149d79346fd845069b81772b2|3f282d374345005e8612fc85667395954bfa3906596dadf34abef4c2af0eb3f1|903611b974210b16e91683c1d9c1a6483a53d4e25c5ad529365519937973ed39|a9355fd94d2ce84839357b8ab38edc6ae35e76d07bb77ca1a03c10419976af51,
point,C01,FD001,primary,hist_gradient_boosting,raw,mae,13.571927354788073,0.25219845314939315,13.383370795760062,14.006307245117574,5,5,2be1b54b55316be988cc9a21c5c6acf6294882a5,outputs/c01_hardened,C01_2be1b54b5531_seed_101|C01_2be1b54b5531_seed_13|C01_2be1b54b5531_seed_137|C01_2be1b54b5531_seed_37|C01_2be1b54b5531_seed_73,24a8d256f1501334a265567102faf3c1f44160198b4356a4ffb2cb6583624a4f|3ab3d18ac655c59359338678a72c4a45b53c621149d79346fd845069b81772b2|3f282d374345005e8612fc85667395954bfa3906596dadf34abef4c2af0eb3f1|903611b974210b16e91683c1d9c1a6483a53d4e25c5ad529365519937973ed39|a9355fd94d2ce84839357b8ab38edc6ae35e76d07bb77ca1a03c10419976af51,
point,C01,FD001,primary,hist_gradient_boosting,raw,nasa_score,470.5420928158272,43.494774247302786,432.24297923018287,540.0344490575861,5,5,2be1b54b55316be988cc9a21c5c6acf6294882a5,outputs/c01_hardened,C01_2be1b54b5531_seed_101|C01_2be1b54b5531_seed_13|C01_2be1b54b5531_seed_137|C01_2be1b54b5531_seed_37|C01_2be1b54b5531_seed_73,24a8d256f1501334a265567102faf3c1f44160198b4356a4ffb2cb6583624a4f|3ab3d18ac655c59359338678a72c4a45b53c621149d79346fd845069b81772b2|3f282d374345005e8612fc85667395954bfa3906596dadf34abef4c2af0eb3f1|903611b974210b16e91683c1d9c1a6483a53d4e25c5ad529365519937973ed39|a9355fd94d2ce84839357b8ab38edc6ae35e76d07bb77ca1a03c10419976af51,
point,C01,FD001,primary,hist_gradient_boosting,raw,rmse,17.28970615663748,0.4224521737544677,16.770030228077772,17.7993505617479,5,5,2be1b54b55316be988cc9a21c5c6acf6294882a5,outputs/c01_hardened,C01_2be1b54b5531_seed_101|C01_2be1b54b5531_seed_13|C01_2be1b54b5531_seed_137|C01_2be1b54b5531_seed_37|C01_2be1b54b5531_seed_73,24a8d256f1501334a265567102faf3c1f44160198b4356a4ffb2cb6583624a4f|3ab3d18ac655c59359338678a72c4a45b53c621149d79346fd845069b81772b2|3f282d374345005e8612fc85667395954bfa3906596dadf34abef4c2af0eb3f1|903611b974210b16e91683c1d9c1a6483a53d4e25c5ad529365519937973ed39|a9355fd94d2ce84839357b8ab38edc6ae35e76d07bb77ca1a03c10419976af51,
point,C01,FD001,primary,hist_gradient_boosting,raw,signed_error,1.2486584086247732,1.923408272151397,-0.8651339695805977,3.6157650849530993,5,5,2be1b54b55316be988cc9a21c5c6acf6294882a5,outputs/c01_hardened,C01_2be1b54b5531_seed_101|C01_2be1b54b5531_seed_13|C01_2be1b54b5531_seed_137|C01_2be1b54b5531_seed_37|C01_2be1b54b5531_seed_73,24a8d256f1501334a265567102faf3c1f44160198b4356a4ffb2cb6583624a4f|3ab3d18ac655c59359338678a72c4a45b53c621149d79346fd845069b81772b2|3f282d374345005e8612fc85667395954bfa3906596dadf34abef4c2af0eb3f1|903611b974210b16e91683c1d9c1a6483a53d4e25c5ad529365519937973ed39|a9355fd94d2ce84839357b8ab38edc6ae35e76d07bb77ca1a03c10419976af51,
point,C01,FD001,primary,mean,clipped,mae,34.83192853739876,0.004312340720780361,34.83,34.839642686993805,5,5,2be1b54b55316be988cc9a21c5c6acf6294882a5,outputs/c01_hardened,C01_2be1b54b5531_seed_101|C01_2be1b54b5531_seed_13|C01_2be1b54b5531_seed_137|C01_2be1b54b5531_seed_37|C01_2be1b54b5531_seed_73,24a8d256f1501334a265567102faf3c1f44160198b4356a4ffb2cb6583624a4f|3ab3d18ac655c59359338678a72c4a45b53c621149d79346fd845069b81772b2|3f282d374345005e8612fc85667395954bfa3906596dadf34abef4c2af0eb3f1|903611b974210b16e91683c1d9c1a6483a53d4e25c5ad529365519937973ed39|a9355fd94d2ce84839357b8ab38edc6ae35e76d07bb77ca1a03c10419976af51,
point,C01,FD001,primary,mean,clipped,nasa_score,32683.288665014366,2468.6098790915726,28799.55497154869,35562.46288542401,5,5,2be1b54b55316be988cc9a21c5c6acf6294882a5,outputs/c01_hardened,C01_2be1b54b5531_seed_101|C01_2be1b54b5531_seed_13|C01_2be1b54b5531_seed_137|C01_2be1b54b5531_seed_37|C01_2be1b54b5531_seed_73,24a8d256f1501334a265567102faf3c1f44160198b4356a4ffb2cb6583624a4f|3ab3d18ac655c59359338678a72c4a45b53c621149d79346fd845069b81772b2|3f282d374345005e8612fc85667395954bfa3906596dadf34abef4c2af0eb3f1|903611b974210b16e91683c1d9c1a6483a53d4e25c5ad529365519937973ed39|a9355fd94d2ce84839357b8ab38edc6ae35e76d07bb77ca1a03c10419976af51,
point,C01,FD001,primary,mean,clipped,rmse,41.87927686153857,0.22514047038435833,41.523325339842316,42.13910328552779,5,5,2be1b54b55316be988cc9a21c5c6acf6294882a5,outputs/c01_hardened,C01_2be1b54b5531_seed_101|C01_2be1b54b5531_seed_13|C01_2be1b54b5531_seed_137|C01_2be1b54b5531_seed_37|C01_2be1b54b5531_seed_73,24a8d256f1501334a265567102faf3c1f44160198b4356a4ffb2cb6583624a4f|3ab3d18ac655c59359338678a72c4a45b53c621149d79346fd845069b81772b2|3f282d374345005e8612fc85667395954bfa3906596dadf34abef4c2af0eb3f1|903611b974210b16e91683c1d9c1a6483a53d4e25c5ad529365519937973ed39|a9355fd94d2ce84839357b8ab38edc6ae35e76d07bb77ca1a03c10419976af51,
point,C01,FD001,primary,mean,clipped,signed_error,12.146822043204311,0.791829591239618,10.877455919395459,13.032134349690335,5,5,2be1b54b55316be988cc9a21c5c6acf6294882a5,outputs/c01_hardened,C01_2be1b54b5531_seed_101|C01_2be1b54b5531_seed_13|C01_2be1b54b5531_seed_137|C01_2be1b54b5531_seed_37|C01_2be1b54b5531_seed_73,24a8d256f1501334a265567102faf3c1f44160198b4356a4ffb2cb6583624a4f|3ab3d18ac655c59359338678a72c4a45b53c621149d79346fd845069b81772b2|3f282d374345005e8612fc85667395954bfa3906596dadf34abef4c2af0eb3f1|903611b974210b16e91683c1d9c1a6483a53d4e25c5ad529365519937973ed39|a9355fd94d2ce84839357b8ab38edc6ae35e76d07bb77ca1a03c10419976af51,
point,C01,FD001,primary,mean,raw,mae,35.90192853739877,0.004312340720780361,35.9,35.909642686993806,5,5,2be1b54b55316be988cc9a21c5c6acf6294882a5,outputs/c01_hardened,C01_2be1b54b5531_seed_101|C01_2be1b54b5531_seed_13|C01_2be1b54b5531_seed_137|C01_2be1b54b5531_seed_37|C01_2be1b54b5531_seed_73,24a8d256f1501334a265567102faf3c1f44160198b4356a4ffb2cb6583624a4f|3ab3d18ac655c59359338678a72c4a45b53c621149d79346fd845069b81772b2|3f282d374345005e8612fc85667395954bfa3906596dadf34abef4c2af0eb3f1|903611b974210b16e91683c1d9c1a6483a53d4e25c5ad529365519937973ed39|a9355fd94d2ce84839357b8ab38edc6ae35e76d07bb77ca1a03c10419976af51,
point,C01,FD001,primary,mean,raw,nasa_score,32963.42587112229,2451.234356582587,29107.961611339386,35823.76432364773,5,5,2be1b54b55316be988cc9a21c5c6acf6294882a5,outputs/c01_hardened,C01_2be1b54b5531_seed_101|C01_2be1b54b5531_seed_13|C01_2be1b54b5531_seed_137|C01_2be1b54b5531_seed_37|C01_2be1b54b5531_seed_73,24a8d256f1501334a265567102faf3c1f44160198b4356a4ffb2cb6583624a4f|3ab3d18ac655c59359338678a72c4a45b53c621149d79346fd845069b81772b2|3f282d374345005e8612fc85667395954bfa3906596dadf34abef4c2af0eb3f1|903611b974210b16e91683c1d9c1a6483a53d4e25c5ad529365519937973ed39|a9355fd94d2ce84839357b8ab38edc6ae35e76d07bb77ca1a03c10419976af51,
point,C01,FD001,primary,mean,raw,rmse,43.01203738027914,0.19944377508800148,42.6972574249317,43.24306023167234,5,5,2be1b54b55316be988cc9a21c5c6acf6294882a5,outputs/c01_hardened,C01_2be1b54b5531_seed_101|C01_2be1b54b5531_seed_13|C01_2be1b54b5531_seed_137|C01_2be1b54b5531_seed_37|C01_2be1b54b5531_seed_73,24a8d256f1501334a265567102faf3c1f44160198b4356a4ffb2cb6583624a4f|3ab3d18ac655c59359338678a72c4a45b53c621149d79346fd845069b81772b2|3f282d374345005e8612fc85667395954bfa3906596dadf34abef4c2af0eb3f1|903611b974210b16e91683c1d9c1a6483a53d4e25c5ad529365519937973ed39|a9355fd94d2ce84839357b8ab38edc6ae35e76d07bb77ca1a03c10419976af51,
point,C01,FD001,primary,mean,raw,signed_error,11.076822043204311,0.7918295912396208,9.807455919395451,11.962134349690334,5,5,2be1b54b55316be988cc9a21c5c6acf6294882a5,outputs/c01_hardened,C01_2be1b54b5531_seed_101|C01_2be1b54b5531_seed_13|C01_2be1b54b5531_seed_137|C01_2be1b54b5531_seed_37|C01_2be1b54b5531_seed_73,24a8d256f1501334a265567102faf3c1f44160198b4356a4ffb2cb6583624a4f|3ab3d18ac655c59359338678a72c4a45b53c621149d79346fd845069b81772b2|3f282d374345005e8612fc85667395954bfa3906596dadf34abef4c2af0eb3f1|903611b974210b16e91683c1d9c1a6483a53d4e25c5ad529365519937973ed39|a9355fd94d2ce84839357b8ab38edc6ae35e76d07bb77ca1a03c10419976af51,
point,C01,FD001,primary,ridge,clipped,mae,13.807421145749725,0.3927520498209285,13.460964052832376,14.426285007018455,5,5,2be1b54b55316be988cc9a21c5c6acf6294882a5,outputs/c01_hardened,C01_2be1b54b5531_seed_101|C01_2be1b54b5531_seed_13|C01_2be1b54b5531_seed_137|C01_2be1b54b5531_seed_37|C01_2be1b54b5531_seed_73,24a8d256f1501334a265567102faf3c1f44160198b4356a4ffb2cb6583624a4f|3ab3d18ac655c59359338678a72c4a45b53c621149d79346fd845069b81772b2|3f282d374345005e8612fc85667395954bfa3906596dadf34abef4c2af0eb3f1|903611b974210b16e91683c1d9c1a6483a53d4e25c5ad529365519937973ed39|a9355fd94d2ce84839357b8ab38edc6ae35e76d07bb77ca1a03c10419976af51,
point,C01,FD001,primary,ridge,clipped,nasa_score,534.9917886023602,31.41520753025417,493.2130284026379,571.388059042254,5,5,2be1b54b55316be988cc9a21c5c6acf6294882a5,outputs/c01_hardened,C01_2be1b54b5531_seed_101|C01_2be1b54b5531_seed_13|C01_2be1b54b5531_seed_137|C01_2be1b54b5531_seed_37|C01_2be1b54b5531_seed_73,24a8d256f1501334a265567102faf3c1f44160198b4356a4ffb2cb6583624a4f|3ab3d18ac655c59359338678a72c4a45b53c621149d79346fd845069b81772b2|3f282d374345005e8612fc85667395954bfa3906596dadf34abef4c2af0eb3f1|903611b974210b16e91683c1d9c1a6483a53d4e25c5ad529365519937973ed39|a9355fd94d2ce84839357b8ab38edc6ae35e76d07bb77ca1a03c10419976af51,
point,C01,FD001,primary,ridge,clipped,rmse,17.7924515662504,0.5986318699353089,17.35317009247391,18.757302031911998,5,5,2be1b54b55316be988cc9a21c5c6acf6294882a5,outputs/c01_hardened,C01_2be1b54b5531_seed_101|C01_2be1b54b5531_seed_13|C01_2be1b54b5531_seed_137|C01_2be1b54b5531_seed_37|C01_2be1b54b5531_seed_73,24a8d256f1501334a265567102faf3c1f44160198b4356a4ffb2cb6583624a4f|3ab3d18ac655c59359338678a72c4a45b53c621149d79346fd845069b81772b2|3f282d374345005e8612fc85667395954bfa3906596dadf34abef4c2af0eb3f1|903611b974210b16e91683c1d9c1a6483a53d4e25c5ad529365519937973ed39|a9355fd94d2ce84839357b8ab38edc6ae35e76d07bb77ca1a03c10419976af51,
point,C01,FD001,primary,ridge,clipped,signed_error,0.8074218640922398,1.6603264689633304,-1.3857142502156952,2.992667152367612,5,5,2be1b54b55316be988cc9a21c5c6acf6294882a5,outputs/c01_hardened,C01_2be1b54b5531_seed_101|C01_2be1b54b5531_seed_13|C01_2be1b54b5531_seed_137|C01_2be1b54b5531_seed_37|C01_2be1b54b5531_seed_73,24a8d256f1501334a265567102faf3c1f44160198b4356a4ffb2cb6583624a4f|3ab3d18ac655c59359338678a72c4a45b53c621149d79346fd845069b81772b2|3f282d374345005e8612fc85667395954bfa3906596dadf34abef4c2af0eb3f1|903611b974210b16e91683c1d9c1a6483a53d4e25c5ad529365519937973ed39|a9355fd94d2ce84839357b8ab38edc6ae35e76d07bb77ca1a03c10419976af51,
point,C01,FD001,primary,ridge,raw,mae,14.868719223481909,0.4015567127563842,14.534084883070147,15.520629605044277,5,5,2be1b54b55316be988cc9a21c5c6acf6294882a5,outputs/c01_hardened,C01_2be1b54b5531_seed_101|C01_2be1b54b5531_seed_13|C01_2be1b54b5531_seed_137|C01_2be1b54b5531_seed_37|C01_2be1b54b5531_seed_73,24a8d256f1501334a265567102faf3c1f44160198b4356a4ffb2cb6583624a4f|3ab3d18ac655c59359338678a72c4a45b53c621149d79346fd845069b81772b2|3f282d374345005e8612fc85667395954bfa3906596dadf34abef4c2af0eb3f1|903611b974210b16e91683c1d9c1a6483a53d4e25c5ad529365519937973ed39|a9355fd94d2ce84839357b8ab38edc6ae35e76d07bb77ca1a03c10419976af51,
point,C01,FD001,primary,ridge,raw,nasa_score,597.6902165197032,42.0160328458019,548.2030888670612,656.7451446483229,5,5,2be1b54b55316be988cc9a21c5c6acf6294882a5,outputs/c01_hardened,C01_2be1b54b5531_seed_101|C01_2be1b54b5531_seed_13|C01_2be1b54b5531_seed_137|C01_2be1b54b5531_seed_37|C01_2be1b54b5531_seed_73,24a8d256f1501334a265567102faf3c1f44160198b4356a4ffb2cb6583624a4f|3ab3d18ac655c59359338678a72c4a45b53c621149d79346fd845069b81772b2|3f282d374345005e8612fc85667395954bfa3906596dadf34abef4c2af0eb3f1|903611b974210b16e91683c1d9c1a6483a53d4e25c5ad529365519937973ed39|a9355fd94d2ce84839357b8ab38edc6ae35e76d07bb77ca1a03c10419976af51,
point,C01,FD001,primary,ridge,raw,rmse,19.053363899566442,0.658337876174575,18.48038572847197,20.116943049074276,5,5,2be1b54b55316be988cc9a21c5c6acf6294882a5,outputs/c01_hardened,C01_2be1b54b5531_seed_101|C01_2be1b54b5531_seed_13|C01_2be1b54b5531_seed_137|C01_2be1b54b5531_seed_37|C01_2be1b54b5531_seed_73,24a8d256f1501334a265567102faf3c1f44160198b4356a4ffb2cb6583624a4f|3ab3d18ac655c59359338678a72c4a45b53c621149d79346fd845069b81772b2|3f282d374345005e8612fc85667395954bfa3906596dadf34abef4c2af0eb3f1|903611b974210b16e91683c1d9c1a6483a53d4e25c5ad529365519937973ed39|a9355fd94d2ce84839357b8ab38edc6ae35e76d07bb77ca1a03c10419976af51,
point,C01,FD001,primary,ridge,raw,signed_error,-0.24601640885255954,1.6596279264317257,-2.480058848241517,1.9195463221298428,5,5,2be1b54b55316be988cc9a21c5c6acf6294882a5,outputs/c01_hardened,C01_2be1b54b5531_seed_101|C01_2be1b54b5531_seed_13|C01_2be1b54b5531_seed_137|C01_2be1b54b5531_seed_37|C01_2be1b54b5531_seed_73,24a8d256f1501334a265567102faf3c1f44160198b4356a4ffb2cb6583624a4f|3ab3d18ac655c59359338678a72c4a45b53c621149d79346fd845069b81772b2|3f282d374345005e8612fc85667395954bfa3906596dadf34abef4c2af0eb3f1|903611b974210b16e91683c1d9c1a6483a53d4e25c5ad529365519937973ed39|a9355fd94d2ce84839357b8ab38edc6ae35e76d07bb77ca1a03c10419976af51,
point,C02,FD001,primary,hist_gradient_boosting,clipped,mae,12.501927354788075,0.25219845314939315,12.313370795760061,12.936307245117574,5,5,319975dc35d27f4edba0be75ccef69cb92077127,outputs/c02_final_review_319975d,C02_319975dc35d2_seed_101|C02_319975dc35d2_seed_13|C02_319975dc35d2_seed_137|C02_319975dc35d2_seed_37|C02_319975dc35d2_seed_73,173c7c6015ef10ccac339fcd5466a29de1f7adf67a7ef554e967c34bfe8fa28e|536c1461374bad8862ab1d77b3e674813d9dbb273d08748a9a6f617ca477a771|569404e36c7a8a6169e85db0470a213cb734c1c7afd0556f4b129a180a6493be|5f4a5052cf528dbe40eee83320e2c57b04f876b9f51959d7c3bd20f9d4a93b46|b391e6f4aaef88de3a6cd942787c0147784a3d78a639a0d29966320343cd8a56,
point,C02,FD001,primary,hist_gradient_boosting,clipped,nasa_score,417.9741675831171,47.74796513581597,384.8227758548457,501.67496445920347,5,5,319975dc35d27f4edba0be75ccef69cb92077127,outputs/c02_final_review_319975d,C02_319975dc35d2_seed_101|C02_319975dc35d2_seed_13|C02_319975dc35d2_seed_137|C02_319975dc35d2_seed_37|C02_319975dc35d2_seed_73,173c7c6015ef10ccac339fcd5466a29de1f7adf67a7ef554e967c34bfe8fa28e|536c1461374bad8862ab1d77b3e674813d9dbb273d08748a9a6f617ca477a771|569404e36c7a8a6169e85db0470a213cb734c1c7afd0556f4b129a180a6493be|5f4a5052cf528dbe40eee83320e2c57b04f876b9f51959d7c3bd20f9d4a93b46|b391e6f4aaef88de3a6cd942787c0147784a3d78a639a0d29966320343cd8a56,
point,C02,FD001,primary,hist_gradient_boosting,clipped,rmse,16.018674267682496,0.3569510070848786,15.57096036136792,16.408302836831606,5,5,319975dc35d27f4edba0be75ccef69cb92077127,outputs/c02_final_review_319975d,C02_319975dc35d2_seed_101|C02_319975dc35d2_seed_13|C02_319975dc35d2_seed_137|C02_319975dc35d2_seed_37|C02_319975dc35d2_seed_73,173c7c6015ef10ccac339fcd5466a29de1f7adf67a7ef554e967c34bfe8fa28e|536c1461374bad8862ab1d77b3e674813d9dbb273d08748a9a6f617ca477a771|569404e36c7a8a6169e85db0470a213cb734c1c7afd0556f4b129a180a6493be|5f4a5052cf528dbe40eee83320e2c57b04f876b9f51959d7c3bd20f9d4a93b46|b391e6f4aaef88de3a6cd942787c0147784a3d78a639a0d29966320343cd8a56,
point,C02,FD001,primary,hist_gradient_boosting,clipped,signed_error,2.318658408624773,1.9234082721513976,0.20486603041940085,4.6857650849531005,5,5,319975dc35d27f4edba0be75ccef69cb92077127,outputs/c02_final_review_319975d,C02_319975dc35d2_seed_101|C02_319975dc35d2_seed_13|C02_319975dc35d2_seed_137|C02_319975dc35d2_seed_37|C02_319975dc35d2_seed_73,173c7c6015ef10ccac339fcd5466a29de1f7adf67a7ef554e967c34bfe8fa28e|536c1461374bad8862ab1d77b3e674813d9dbb273d08748a9a6f617ca477a771|569404e36c7a8a6169e85db0470a213cb734c1c7afd0556f4b129a180a6493be|5f4a5052cf528dbe40eee83320e2c57b04f876b9f51959d7c3bd20f9d4a93b46|b391e6f4aaef88de3a6cd942787c0147784a3d78a639a0d29966320343cd8a56,
point,C02,FD001,primary,hist_gradient_boosting,raw,mae,13.571927354788073,0.25219845314939315,13.383370795760062,14.006307245117574,5,5,319975dc35d27f4edba0be75ccef69cb92077127,outputs/c02_final_review_319975d,C02_319975dc35d2_seed_101|C02_319975dc35d2_seed_13|C02_319975dc35d2_seed_137|C02_319975dc35d2_seed_37|C02_319975dc35d2_seed_73,173c7c6015ef10ccac339fcd5466a29de1f7adf67a7ef554e967c34bfe8fa28e|536c1461374bad8862ab1d77b3e674813d9dbb273d08748a9a6f617ca477a771|569404e36c7a8a6169e85db0470a213cb734c1c7afd0556f4b129a180a6493be|5f4a5052cf528dbe40eee83320e2c57b04f876b9f51959d7c3bd20f9d4a93b46|b391e6f4aaef88de3a6cd942787c0147784a3d78a639a0d29966320343cd8a56,
point,C02,FD001,primary,hist_gradient_boosting,raw,nasa_score,470.5420928158272,43.494774247302786,432.24297923018287,540.0344490575861,5,5,319975dc35d27f4edba0be75ccef69cb92077127,outputs/c02_final_review_319975d,C02_319975dc35d2_seed_101|C02_319975dc35d2_seed_13|C02_319975dc35d2_seed_137|C02_319975dc35d2_seed_37|C02_319975dc35d2_seed_73,173c7c6015ef10ccac339fcd5466a29de1f7adf67a7ef554e967c34bfe8fa28e|536c1461374bad8862ab1d77b3e674813d9dbb273d08748a9a6f617ca477a771|569404e36c7a8a6169e85db0470a213cb734c1c7afd0556f4b129a180a6493be|5f4a5052cf528dbe40eee83320e2c57b04f876b9f51959d7c3bd20f9d4a93b46|b391e6f4aaef88de3a6cd942787c0147784a3d78a639a0d29966320343cd8a56,
point,C02,FD001,primary,hist_gradient_boosting,raw,rmse,17.28970615663748,0.4224521737544677,16.770030228077772,17.7993505617479,5,5,319975dc35d27f4edba0be75ccef69cb92077127,outputs/c02_final_review_319975d,C02_319975dc35d2_seed_101|C02_319975dc35d2_seed_13|C02_319975dc35d2_seed_137|C02_319975dc35d2_seed_37|C02_319975dc35d2_seed_73,173c7c6015ef10ccac339fcd5466a29de1f7adf67a7ef554e967c34bfe8fa28e|536c1461374bad8862ab1d77b3e674813d9dbb273d08748a9a6f617ca477a771|569404e36c7a8a6169e85db0470a213cb734c1c7afd0556f4b129a180a6493be|5f4a5052cf528dbe40eee83320e2c57b04f876b9f51959d7c3bd20f9d4a93b46|b391e6f4aaef88de3a6cd942787c0147784a3d78a639a0d29966320343cd8a56,
point,C02,FD001,primary,hist_gradient_boosting,raw,signed_error,1.2486584086247732,1.923408272151397,-0.8651339695805977,3.6157650849530993,5,5,319975dc35d27f4edba0be75ccef69cb92077127,outputs/c02_final_review_319975d,C02_319975dc35d2_seed_101|C02_319975dc35d2_seed_13|C02_319975dc35d2_seed_137|C02_319975dc35d2_seed_37|C02_319975dc35d2_seed_73,173c7c6015ef10ccac339fcd5466a29de1f7adf67a7ef554e967c34bfe8fa28e|536c1461374bad8862ab1d77b3e674813d9dbb273d08748a9a6f617ca477a771|569404e36c7a8a6169e85db0470a213cb734c1c7afd0556f4b129a180a6493be|5f4a5052cf528dbe40eee83320e2c57b04f876b9f51959d7c3bd20f9d4a93b46|b391e6f4aaef88de3a6cd942787c0147784a3d78a639a0d29966320343cd8a56,
point,C02,FD001,primary,mean,clipped,mae,34.83192853739876,0.004312340720780361,34.83,34.839642686993805,5,5,319975dc35d27f4edba0be75ccef69cb92077127,outputs/c02_final_review_319975d,C02_319975dc35d2_seed_101|C02_319975dc35d2_seed_13|C02_319975dc35d2_seed_137|C02_319975dc35d2_seed_37|C02_319975dc35d2_seed_73,173c7c6015ef10ccac339fcd5466a29de1f7adf67a7ef554e967c34bfe8fa28e|536c1461374bad8862ab1d77b3e674813d9dbb273d08748a9a6f617ca477a771|569404e36c7a8a6169e85db0470a213cb734c1c7afd0556f4b129a180a6493be|5f4a5052cf528dbe40eee83320e2c57b04f876b9f51959d7c3bd20f9d4a93b46|b391e6f4aaef88de3a6cd942787c0147784a3d78a639a0d29966320343cd8a56,
point,C02,FD001,primary,mean,clipped,nasa_score,32683.288665014366,2468.6098790915726,28799.55497154869,35562.46288542401,5,5,319975dc35d27f4edba0be75ccef69cb92077127,outputs/c02_final_review_319975d,C02_319975dc35d2_seed_101|C02_319975dc35d2_seed_13|C02_319975dc35d2_seed_137|C02_319975dc35d2_seed_37|C02_319975dc35d2_seed_73,173c7c6015ef10ccac339fcd5466a29de1f7adf67a7ef554e967c34bfe8fa28e|536c1461374bad8862ab1d77b3e674813d9dbb273d08748a9a6f617ca477a771|569404e36c7a8a6169e85db0470a213cb734c1c7afd0556f4b129a180a6493be|5f4a5052cf528dbe40eee83320e2c57b04f876b9f51959d7c3bd20f9d4a93b46|b391e6f4aaef88de3a6cd942787c0147784a3d78a639a0d29966320343cd8a56,
point,C02,FD001,primary,mean,clipped,rmse,41.87927686153857,0.22514047038435833,41.523325339842316,42.13910328552779,5,5,319975dc35d27f4edba0be75ccef69cb92077127,outputs/c02_final_review_319975d,C02_319975dc35d2_seed_101|C02_319975dc35d2_seed_13|C02_319975dc35d2_seed_137|C02_319975dc35d2_seed_37|C02_319975dc35d2_seed_73,173c7c6015ef10ccac339fcd5466a29de1f7adf67a7ef554e967c34bfe8fa28e|536c1461374bad8862ab1d77b3e674813d9dbb273d08748a9a6f617ca477a771|569404e36c7a8a6169e85db0470a213cb734c1c7afd0556f4b129a180a6493be|5f4a5052cf528dbe40eee83320e2c57b04f876b9f51959d7c3bd20f9d4a93b46|b391e6f4aaef88de3a6cd942787c0147784a3d78a639a0d29966320343cd8a56,
point,C02,FD001,primary,mean,clipped,signed_error,12.146822043204311,0.791829591239618,10.877455919395459,13.032134349690335,5,5,319975dc35d27f4edba0be75ccef69cb92077127,outputs/c02_final_review_319975d,C02_319975dc35d2_seed_101|C02_319975dc35d2_seed_13|C02_319975dc35d2_seed_137|C02_319975dc35d2_seed_37|C02_319975dc35d2_seed_73,173c7c6015ef10ccac339fcd5466a29de1f7adf67a7ef554e967c34bfe8fa28e|536c1461374bad8862ab1d77b3e674813d9dbb273d08748a9a6f617ca477a771|569404e36c7a8a6169e85db0470a213cb734c1c7afd0556f4b129a180a6493be|5f4a5052cf528dbe40eee83320e2c57b04f876b9f51959d7c3bd20f9d4a93b46|b391e6f4aaef88de3a6cd942787c0147784a3d78a639a0d29966320343cd8a56,
point,C02,FD001,primary,mean,raw,mae,35.90192853739877,0.004312340720780361,35.9,35.909642686993806,5,5,319975dc35d27f4edba0be75ccef69cb92077127,outputs/c02_final_review_319975d,C02_319975dc35d2_seed_101|C02_319975dc35d2_seed_13|C02_319975dc35d2_seed_137|C02_319975dc35d2_seed_37|C02_319975dc35d2_seed_73,173c7c6015ef10ccac339fcd5466a29de1f7adf67a7ef554e967c34bfe8fa28e|536c1461374bad8862ab1d77b3e674813d9dbb273d08748a9a6f617ca477a771|569404e36c7a8a6169e85db0470a213cb734c1c7afd0556f4b129a180a6493be|5f4a5052cf528dbe40eee83320e2c57b04f876b9f51959d7c3bd20f9d4a93b46|b391e6f4aaef88de3a6cd942787c0147784a3d78a639a0d29966320343cd8a56,
point,C02,FD001,primary,mean,raw,nasa_score,32963.42587112229,2451.234356582587,29107.961611339386,35823.76432364773,5,5,319975dc35d27f4edba0be75ccef69cb92077127,outputs/c02_final_review_319975d,C02_319975dc35d2_seed_101|C02_319975dc35d2_seed_13|C02_319975dc35d2_seed_137|C02_319975dc35d2_seed_37|C02_319975dc35d2_seed_73,173c7c6015ef10ccac339fcd5466a29de1f7adf67a7ef554e967c34bfe8fa28e|536c1461374bad8862ab1d77b3e674813d9dbb273d08748a9a6f617ca477a771|569404e36c7a8a6169e85db0470a213cb734c1c7afd0556f4b129a180a6493be|5f4a5052cf528dbe40eee83320e2c57b04f876b9f51959d7c3bd20f9d4a93b46|b391e6f4aaef88de3a6cd942787c0147784a3d78a639a0d29966320343cd8a56,
point,C02,FD001,primary,mean,raw,rmse,43.01203738027914,0.19944377508800148,42.6972574249317,43.24306023167234,5,5,319975dc35d27f4edba0be75ccef69cb92077127,outputs/c02_final_review_319975d,C02_319975dc35d2_seed_101|C02_319975dc35d2_seed_13|C02_319975dc35d2_seed_137|C02_319975dc35d2_seed_37|C02_319975dc35d2_seed_73,173c7c6015ef10ccac339fcd5466a29de1f7adf67a7ef554e967c34bfe8fa28e|536c1461374bad8862ab1d77b3e674813d9dbb273d08748a9a6f617ca477a771|569404e36c7a8a6169e85db0470a213cb734c1c7afd0556f4b129a180a6493be|5f4a5052cf528dbe40eee83320e2c57b04f876b9f51959d7c3bd20f9d4a93b46|b391e6f4aaef88de3a6cd942787c0147784a3d78a639a0d29966320343cd8a56,
point,C02,FD001,primary,mean,raw,signed_error,11.076822043204311,0.7918295912396208,9.807455919395451,11.962134349690334,5,5,319975dc35d27f4edba0be75ccef69cb92077127,outputs/c02_final_review_319975d,C02_319975dc35d2_seed_101|C02_319975dc35d2_seed_13|C02_319975dc35d2_seed_137|C02_319975dc35d2_seed_37|C02_319975dc35d2_seed_73,173c7c6015ef10ccac339fcd5466a29de1f7adf67a7ef554e967c34bfe8fa28e|536c1461374bad8862ab1d77b3e674813d9dbb273d08748a9a6f617ca477a771|569404e36c7a8a6169e85db0470a213cb734c1c7afd0556f4b129a180a6493be|5f4a5052cf528dbe40eee83320e2c57b04f876b9f51959d7c3bd20f9d4a93b46|b391e6f4aaef88de3a6cd942787c0147784a3d78a639a0d29966320343cd8a56,
point,C02,FD001,primary,ridge,clipped,mae,13.807421145749725,0.3927520498209285,13.460964052832376,14.426285007018455,5,5,319975dc35d27f4edba0be75ccef69cb92077127,outputs/c02_final_review_319975d,C02_319975dc35d2_seed_101|C02_319975dc35d2_seed_13|C02_319975dc35d2_seed_137|C02_319975dc35d2_seed_37|C02_319975dc35d2_seed_73,173c7c6015ef10ccac339fcd5466a29de1f7adf67a7ef554e967c34bfe8fa28e|536c1461374bad8862ab1d77b3e674813d9dbb273d08748a9a6f617ca477a771|569404e36c7a8a6169e85db0470a213cb734c1c7afd0556f4b129a180a6493be|5f4a5052cf528dbe40eee83320e2c57b04f876b9f51959d7c3bd20f9d4a93b46|b391e6f4aaef88de3a6cd942787c0147784a3d78a639a0d29966320343cd8a56,
point,C02,FD001,primary,ridge,clipped,nasa_score,534.9917886023602,31.41520753025417,493.2130284026379,571.388059042254,5,5,319975dc35d27f4edba0be75ccef69cb92077127,outputs/c02_final_review_319975d,C02_319975dc35d2_seed_101|C02_319975dc35d2_seed_13|C02_319975dc35d2_seed_137|C02_319975dc35d2_seed_37|C02_319975dc35d2_seed_73,173c7c6015ef10ccac339fcd5466a29de1f7adf67a7ef554e967c34bfe8fa28e|536c1461374bad8862ab1d77b3e674813d9dbb273d08748a9a6f617ca477a771|569404e36c7a8a6169e85db0470a213cb734c1c7afd0556f4b129a180a6493be|5f4a5052cf528dbe40eee83320e2c57b04f876b9f51959d7c3bd20f9d4a93b46|b391e6f4aaef88de3a6cd942787c0147784a3d78a639a0d29966320343cd8a56,
point,C02,FD001,primary,ridge,clipped,rmse,17.7924515662504,0.5986318699353089,17.35317009247391,18.757302031911998,5,5,319975dc35d27f4edba0be75ccef69cb92077127,outputs/c02_final_review_319975d,C02_319975dc35d2_seed_101|C02_319975dc35d2_seed_13|C02_319975dc35d2_seed_137|C02_319975dc35d2_seed_37|C02_319975dc35d2_seed_73,173c7c6015ef10ccac339fcd5466a29de1f7adf67a7ef554e967c34bfe8fa28e|536c1461374bad8862ab1d77b3e674813d9dbb273d08748a9a6f617ca477a771|569404e36c7a8a6169e85db0470a213cb734c1c7afd0556f4b129a180a6493be|5f4a5052cf528dbe40eee83320e2c57b04f876b9f51959d7c3bd20f9d4a93b46|b391e6f4aaef88de3a6cd942787c0147784a3d78a639a0d29966320343cd8a56,
point,C02,FD001,primary,ridge,clipped,signed_error,0.8074218640922398,1.6603264689633304,-1.3857142502156952,2.992667152367612,5,5,319975dc35d27f4edba0be75ccef69cb92077127,outputs/c02_final_review_319975d,C02_319975dc35d2_seed_101|C02_319975dc35d2_seed_13|C02_319975dc35d2_seed_137|C02_319975dc35d2_seed_37|C02_319975dc35d2_seed_73,173c7c6015ef10ccac339fcd5466a29de1f7adf67a7ef554e967c34bfe8fa28e|536c1461374bad8862ab1d77b3e674813d9dbb273d08748a9a6f617ca477a771|569404e36c7a8a6169e85db0470a213cb734c1c7afd0556f4b129a180a6493be|5f4a5052cf528dbe40eee83320e2c57b04f876b9f51959d7c3bd20f9d4a93b46|b391e6f4aaef88de3a6cd942787c0147784a3d78a639a0d29966320343cd8a56,
point,C02,FD001,primary,ridge,raw,mae,14.868719223481909,0.4015567127563842,14.534084883070147,15.520629605044277,5,5,319975dc35d27f4edba0be75ccef69cb92077127,outputs/c02_final_review_319975d,C02_319975dc35d2_seed_101|C02_319975dc35d2_seed_13|C02_319975dc35d2_seed_137|C02_319975dc35d2_seed_37|C02_319975dc35d2_seed_73,173c7c6015ef10ccac339fcd5466a29de1f7adf67a7ef554e967c34bfe8fa28e|536c1461374bad8862ab1d77b3e674813d9dbb273d08748a9a6f617ca477a771|569404e36c7a8a6169e85db0470a213cb734c1c7afd0556f4b129a180a6493be|5f4a5052cf528dbe40eee83320e2c57b04f876b9f51959d7c3bd20f9d4a93b46|b391e6f4aaef88de3a6cd942787c0147784a3d78a639a0d29966320343cd8a56,
point,C02,FD001,primary,ridge,raw,nasa_score,597.6902165197032,42.0160328458019,548.2030888670612,656.7451446483229,5,5,319975dc35d27f4edba0be75ccef69cb92077127,outputs/c02_final_review_319975d,C02_319975dc35d2_seed_101|C02_319975dc35d2_seed_13|C02_319975dc35d2_seed_137|C02_319975dc35d2_seed_37|C02_319975dc35d2_seed_73,173c7c6015ef10ccac339fcd5466a29de1f7adf67a7ef554e967c34bfe8fa28e|536c1461374bad8862ab1d77b3e674813d9dbb273d08748a9a6f617ca477a771|569404e36c7a8a6169e85db0470a213cb734c1c7afd0556f4b129a180a6493be|5f4a5052cf528dbe40eee83320e2c57b04f876b9f51959d7c3bd20f9d4a93b46|b391e6f4aaef88de3a6cd942787c0147784a3d78a639a0d29966320343cd8a56,
point,C02,FD001,primary,ridge,raw,rmse,19.053363899566442,0.658337876174575,18.48038572847197,20.116943049074276,5,5,319975dc35d27f4edba0be75ccef69cb92077127,outputs/c02_final_review_319975d,C02_319975dc35d2_seed_101|C02_319975dc35d2_seed_13|C02_319975dc35d2_seed_137|C02_319975dc35d2_seed_37|C02_319975dc35d2_seed_73,173c7c6015ef10ccac339fcd5466a29de1f7adf67a7ef554e967c34bfe8fa28e|536c1461374bad8862ab1d77b3e674813d9dbb273d08748a9a6f617ca477a771|569404e36c7a8a6169e85db0470a213cb734c1c7afd0556f4b129a180a6493be|5f4a5052cf528dbe40eee83320e2c57b04f876b9f51959d7c3bd20f9d4a93b46|b391e6f4aaef88de3a6cd942787c0147784a3d78a639a0d29966320343cd8a56,
point,C02,FD001,primary,ridge,raw,signed_error,-0.24601640885255954,1.6596279264317257,-2.480058848241517,1.9195463221298428,5,5,319975dc35d27f4edba0be75ccef69cb92077127,outputs/c02_final_review_319975d,C02_319975dc35d2_seed_101|C02_319975dc35d2_seed_13|C02_319975dc35d2_seed_137|C02_319975dc35d2_seed_37|C02_319975dc35d2_seed_73,173c7c6015ef10ccac339fcd5466a29de1f7adf67a7ef554e967c34bfe8fa28e|536c1461374bad8862ab1d77b3e674813d9dbb273d08748a9a6f617ca477a771|569404e36c7a8a6169e85db0470a213cb734c1c7afd0556f4b129a180a6493be|5f4a5052cf528dbe40eee83320e2c57b04f876b9f51959d7c3bd20f9d4a93b46|b391e6f4aaef88de3a6cd942787c0147784a3d78a639a0d29966320343cd8a56,
point,C04,FD001,primary,hist_gradient_boosting,clipped,mae,12.501927354788075,0.25219845314939315,12.313370795760061,12.936307245117574,5,5,3bf92063fd99e23b7cbdf6a439a2fc4344807710,outputs/c04_final_hardened_3bf9206,C04_FD001_3bf92063fd99_seed_101|C04_FD001_3bf92063fd99_seed_13|C04_FD001_3bf92063fd99_seed_137|C04_FD001_3bf92063fd99_seed_37|C04_FD001_3bf92063fd99_seed_73,09e61c3b3615a061f475bd1b4e26fb48a0a7db4c04457628dc9a8352774cebeb|0dea8fa2f60f248a17c178fe74ffbf2065edabe834c64cab4ffc912aa51ea8ed|0eb89ab2ad1ed2cf44330f86f852d0bdb0a7aa8fd86ba72ba06e772600daf7fa|6ddf10543ed9a7395595ca347ad4dd3d2abda80fbfe38523b434dd1738dead81|fe0fc1d46cd1e622e3ca117be6270d39fe4f4e4cac0da5eb33a184d5d435e5fc,
point,C04,FD001,primary,hist_gradient_boosting,clipped,nasa_score,417.9741675831171,47.74796513581597,384.8227758548457,501.67496445920347,5,5,3bf92063fd99e23b7cbdf6a439a2fc4344807710,outputs/c04_final_hardened_3bf9206,C04_FD001_3bf92063fd99_seed_101|C04_FD001_3bf92063fd99_seed_13|C04_FD001_3bf92063fd99_seed_137|C04_FD001_3bf92063fd99_seed_37|C04_FD001_3bf92063fd99_seed_73,09e61c3b3615a061f475bd1b4e26fb48a0a7db4c04457628dc9a8352774cebeb|0dea8fa2f60f248a17c178fe74ffbf2065edabe834c64cab4ffc912aa51ea8ed|0eb89ab2ad1ed2cf44330f86f852d0bdb0a7aa8fd86ba72ba06e772600daf7fa|6ddf10543ed9a7395595ca347ad4dd3d2abda80fbfe38523b434dd1738dead81|fe0fc1d46cd1e622e3ca117be6270d39fe4f4e4cac0da5eb33a184d5d435e5fc,
point,C04,FD001,primary,hist_gradient_boosting,clipped,rmse,16.018674267682496,0.3569510070848786,15.57096036136792,16.408302836831606,5,5,3bf92063fd99e23b7cbdf6a439a2fc4344807710,outputs/c04_final_hardened_3bf9206,C04_FD001_3bf92063fd99_seed_101|C04_FD001_3bf92063fd99_seed_13|C04_FD001_3bf92063fd99_seed_137|C04_FD001_3bf92063fd99_seed_37|C04_FD001_3bf92063fd99_seed_73,09e61c3b3615a061f475bd1b4e26fb48a0a7db4c04457628dc9a8352774cebeb|0dea8fa2f60f248a17c178fe74ffbf2065edabe834c64cab4ffc912aa51ea8ed|0eb89ab2ad1ed2cf44330f86f852d0bdb0a7aa8fd86ba72ba06e772600daf7fa|6ddf10543ed9a7395595ca347ad4dd3d2abda80fbfe38523b434dd1738dead81|fe0fc1d46cd1e622e3ca117be6270d39fe4f4e4cac0da5eb33a184d5d435e5fc,
point,C04,FD001,primary,hist_gradient_boosting,clipped,signed_error,2.318658408624773,1.9234082721513976,0.20486603041940085,4.6857650849531005,5,5,3bf92063fd99e23b7cbdf6a439a2fc4344807710,outputs/c04_final_hardened_3bf9206,C04_FD001_3bf92063fd99_seed_101|C04_FD001_3bf92063fd99_seed_13|C04_FD001_3bf92063fd99_seed_137|C04_FD001_3bf92063fd99_seed_37|C04_FD001_3bf92063fd99_seed_73,09e61c3b3615a061f475bd1b4e26fb48a0a7db4c04457628dc9a8352774cebeb|0dea8fa2f60f248a17c178fe74ffbf2065edabe834c64cab4ffc912aa51ea8ed|0eb89ab2ad1ed2cf44330f86f852d0bdb0a7aa8fd86ba72ba06e772600daf7fa|6ddf10543ed9a7395595ca347ad4dd3d2abda80fbfe38523b434dd1738dead81|fe0fc1d46cd1e622e3ca117be6270d39fe4f4e4cac0da5eb33a184d5d435e5fc,
point,C04,FD001,primary,hist_gradient_boosting,raw,mae,13.571927354788073,0.25219845314939315,13.383370795760062,14.006307245117574,5,5,3bf92063fd99e23b7cbdf6a439a2fc4344807710,outputs/c04_final_hardened_3bf9206,C04_FD001_3bf92063fd99_seed_101|C04_FD001_3bf92063fd99_seed_13|C04_FD001_3bf92063fd99_seed_137|C04_FD001_3bf92063fd99_seed_37|C04_FD001_3bf92063fd99_seed_73,09e61c3b3615a061f475bd1b4e26fb48a0a7db4c04457628dc9a8352774cebeb|0dea8fa2f60f248a17c178fe74ffbf2065edabe834c64cab4ffc912aa51ea8ed|0eb89ab2ad1ed2cf44330f86f852d0bdb0a7aa8fd86ba72ba06e772600daf7fa|6ddf10543ed9a7395595ca347ad4dd3d2abda80fbfe38523b434dd1738dead81|fe0fc1d46cd1e622e3ca117be6270d39fe4f4e4cac0da5eb33a184d5d435e5fc,
point,C04,FD001,primary,hist_gradient_boosting,raw,nasa_score,470.5420928158272,43.494774247302786,432.24297923018287,540.0344490575861,5,5,3bf92063fd99e23b7cbdf6a439a2fc4344807710,outputs/c04_final_hardened_3bf9206,C04_FD001_3bf92063fd99_seed_101|C04_FD001_3bf92063fd99_seed_13|C04_FD001_3bf92063fd99_seed_137|C04_FD001_3bf92063fd99_seed_37|C04_FD001_3bf92063fd99_seed_73,09e61c3b3615a061f475bd1b4e26fb48a0a7db4c04457628dc9a8352774cebeb|0dea8fa2f60f248a17c178fe74ffbf2065edabe834c64cab4ffc912aa51ea8ed|0eb89ab2ad1ed2cf44330f86f852d0bdb0a7aa8fd86ba72ba06e772600daf7fa|6ddf10543ed9a7395595ca347ad4dd3d2abda80fbfe38523b434dd1738dead81|fe0fc1d46cd1e622e3ca117be6270d39fe4f4e4cac0da5eb33a184d5d435e5fc,
point,C04,FD001,primary,hist_gradient_boosting,raw,rmse,17.28970615663748,0.4224521737544677,16.770030228077772,17.7993505617479,5,5,3bf92063fd99e23b7cbdf6a439a2fc4344807710,outputs/c04_final_hardened_3bf9206,C04_FD001_3bf92063fd99_seed_101|C04_FD001_3bf92063fd99_seed_13|C04_FD001_3bf92063fd99_seed_137|C04_FD001_3bf92063fd99_seed_37|C04_FD001_3bf92063fd99_seed_73,09e61c3b3615a061f475bd1b4e26fb48a0a7db4c04457628dc9a8352774cebeb|0dea8fa2f60f248a17c178fe74ffbf2065edabe834c64cab4ffc912aa51ea8ed|0eb89ab2ad1ed2cf44330f86f852d0bdb0a7aa8fd86ba72ba06e772600daf7fa|6ddf10543ed9a7395595ca347ad4dd3d2abda80fbfe38523b434dd1738dead81|fe0fc1d46cd1e622e3ca117be6270d39fe4f4e4cac0da5eb33a184d5d435e5fc,
point,C04,FD001,primary,hist_gradient_boosting,raw,signed_error,1.2486584086247732,1.923408272151397,-0.8651339695805977,3.6157650849530993,5,5,3bf92063fd99e23b7cbdf6a439a2fc4344807710,outputs/c04_final_hardened_3bf9206,C04_FD001_3bf92063fd99_seed_101|C04_FD001_3bf92063fd99_seed_13|C04_FD001_3bf92063fd99_seed_137|C04_FD001_3bf92063fd99_seed_37|C04_FD001_3bf92063fd99_seed_73,09e61c3b3615a061f475bd1b4e26fb48a0a7db4c04457628dc9a8352774cebeb|0dea8fa2f60f248a17c178fe74ffbf2065edabe834c64cab4ffc912aa51ea8ed|0eb89ab2ad1ed2cf44330f86f852d0bdb0a7aa8fd86ba72ba06e772600daf7fa|6ddf10543ed9a7395595ca347ad4dd3d2abda80fbfe38523b434dd1738dead81|fe0fc1d46cd1e622e3ca117be6270d39fe4f4e4cac0da5eb33a184d5d435e5fc,
point,C04,FD001,primary,mean,clipped,mae,34.83192853739876,0.004312340720780361,34.83,34.839642686993805,5,5,3bf92063fd99e23b7cbdf6a439a2fc4344807710,outputs/c04_final_hardened_3bf9206,C04_FD001_3bf92063fd99_seed_101|C04_FD001_3bf92063fd99_seed_13|C04_FD001_3bf92063fd99_seed_137|C04_FD001_3bf92063fd99_seed_37|C04_FD001_3bf92063fd99_seed_73,09e61c3b3615a061f475bd1b4e26fb48a0a7db4c04457628dc9a8352774cebeb|0dea8fa2f60f248a17c178fe74ffbf2065edabe834c64cab4ffc912aa51ea8ed|0eb89ab2ad1ed2cf44330f86f852d0bdb0a7aa8fd86ba72ba06e772600daf7fa|6ddf10543ed9a7395595ca347ad4dd3d2abda80fbfe38523b434dd1738dead81|fe0fc1d46cd1e622e3ca117be6270d39fe4f4e4cac0da5eb33a184d5d435e5fc,
point,C04,FD001,primary,mean,clipped,nasa_score,32683.288665014366,2468.6098790915726,28799.55497154869,35562.46288542401,5,5,3bf92063fd99e23b7cbdf6a439a2fc4344807710,outputs/c04_final_hardened_3bf9206,C04_FD001_3bf92063fd99_seed_101|C04_FD001_3bf92063fd99_seed_13|C04_FD001_3bf92063fd99_seed_137|C04_FD001_3bf92063fd99_seed_37|C04_FD001_3bf92063fd99_seed_73,09e61c3b3615a061f475bd1b4e26fb48a0a7db4c04457628dc9a8352774cebeb|0dea8fa2f60f248a17c178fe74ffbf2065edabe834c64cab4ffc912aa51ea8ed|0eb89ab2ad1ed2cf44330f86f852d0bdb0a7aa8fd86ba72ba06e772600daf7fa|6ddf10543ed9a7395595ca347ad4dd3d2abda80fbfe38523b434dd1738dead81|fe0fc1d46cd1e622e3ca117be6270d39fe4f4e4cac0da5eb33a184d5d435e5fc,
point,C04,FD001,primary,mean,clipped,rmse,41.87927686153857,0.22514047038435833,41.523325339842316,42.13910328552779,5,5,3bf92063fd99e23b7cbdf6a439a2fc4344807710,outputs/c04_final_hardened_3bf9206,C04_FD001_3bf92063fd99_seed_101|C04_FD001_3bf92063fd99_seed_13|C04_FD001_3bf92063fd99_seed_137|C04_FD001_3bf92063fd99_seed_37|C04_FD001_3bf92063fd99_seed_73,09e61c3b3615a061f475bd1b4e26fb48a0a7db4c04457628dc9a8352774cebeb|0dea8fa2f60f248a17c178fe74ffbf2065edabe834c64cab4ffc912aa51ea8ed|0eb89ab2ad1ed2cf44330f86f852d0bdb0a7aa8fd86ba72ba06e772600daf7fa|6ddf10543ed9a7395595ca347ad4dd3d2abda80fbfe38523b434dd1738dead81|fe0fc1d46cd1e622e3ca117be6270d39fe4f4e4cac0da5eb33a184d5d435e5fc,
point,C04,FD001,primary,mean,clipped,signed_error,12.146822043204311,0.791829591239618,10.877455919395459,13.032134349690335,5,5,3bf92063fd99e23b7cbdf6a439a2fc4344807710,outputs/c04_final_hardened_3bf9206,C04_FD001_3bf92063fd99_seed_101|C04_FD001_3bf92063fd99_seed_13|C04_FD001_3bf92063fd99_seed_137|C04_FD001_3bf92063fd99_seed_37|C04_FD001_3bf92063fd99_seed_73,09e61c3b3615a061f475bd1b4e26fb48a0a7db4c04457628dc9a8352774cebeb|0dea8fa2f60f248a17c178fe74ffbf2065edabe834c64cab4ffc912aa51ea8ed|0eb89ab2ad1ed2cf44330f86f852d0bdb0a7aa8fd86ba72ba06e772600daf7fa|6ddf10543ed9a7395595ca347ad4dd3d2abda80fbfe38523b434dd1738dead81|fe0fc1d46cd1e622e3ca117be6270d39fe4f4e4cac0da5eb33a184d5d435e5fc,
point,C04,FD001,primary,mean,raw,mae,35.90192853739877,0.004312340720780361,35.9,35.909642686993806,5,5,3bf92063fd99e23b7cbdf6a439a2fc4344807710,outputs/c04_final_hardened_3bf9206,C04_FD001_3bf92063fd99_seed_101|C04_FD001_3bf92063fd99_seed_13|C04_FD001_3bf92063fd99_seed_137|C04_FD001_3bf92063fd99_seed_37|C04_FD001_3bf92063fd99_seed_73,09e61c3b3615a061f475bd1b4e26fb48a0a7db4c04457628dc9a8352774cebeb|0dea8fa2f60f248a17c178fe74ffbf2065edabe834c64cab4ffc912aa51ea8ed|0eb89ab2ad1ed2cf44330f86f852d0bdb0a7aa8fd86ba72ba06e772600daf7fa|6ddf10543ed9a7395595ca347ad4dd3d2abda80fbfe38523b434dd1738dead81|fe0fc1d46cd1e622e3ca117be6270d39fe4f4e4cac0da5eb33a184d5d435e5fc,
point,C04,FD001,primary,mean,raw,nasa_score,32963.42587112229,2451.234356582587,29107.961611339386,35823.76432364773,5,5,3bf92063fd99e23b7cbdf6a439a2fc4344807710,outputs/c04_final_hardened_3bf9206,C04_FD001_3bf92063fd99_seed_101|C04_FD001_3bf92063fd99_seed_13|C04_FD001_3bf92063fd99_seed_137|C04_FD001_3bf92063fd99_seed_37|C04_FD001_3bf92063fd99_seed_73,09e61c3b3615a061f475bd1b4e26fb48a0a7db4c04457628dc9a8352774cebeb|0dea8fa2f60f248a17c178fe74ffbf2065edabe834c64cab4ffc912aa51ea8ed|0eb89ab2ad1ed2cf44330f86f852d0bdb0a7aa8fd86ba72ba06e772600daf7fa|6ddf10543ed9a7395595ca347ad4dd3d2abda80fbfe38523b434dd1738dead81|fe0fc1d46cd1e622e3ca117be6270d39fe4f4e4cac0da5eb33a184d5d435e5fc,
point,C04,FD001,primary,mean,raw,rmse,43.01203738027914,0.19944377508800148,42.6972574249317,43.24306023167234,5,5,3bf92063fd99e23b7cbdf6a439a2fc4344807710,outputs/c04_final_hardened_3bf9206,C04_FD001_3bf92063fd99_seed_101|C04_FD001_3bf92063fd99_seed_13|C04_FD001_3bf92063fd99_seed_137|C04_FD001_3bf92063fd99_seed_37|C04_FD001_3bf92063fd99_seed_73,09e61c3b3615a061f475bd1b4e26fb48a0a7db4c04457628dc9a8352774cebeb|0dea8fa2f60f248a17c178fe74ffbf2065edabe834c64cab4ffc912aa51ea8ed|0eb89ab2ad1ed2cf44330f86f852d0bdb0a7aa8fd86ba72ba06e772600daf7fa|6ddf10543ed9a7395595ca347ad4dd3d2abda80fbfe38523b434dd1738dead81|fe0fc1d46cd1e622e3ca117be6270d39fe4f4e4cac0da5eb33a184d5d435e5fc,
point,C04,FD001,primary,mean,raw,signed_error,11.076822043204311,0.7918295912396208,9.807455919395451,11.962134349690334,5,5,3bf92063fd99e23b7cbdf6a439a2fc4344807710,outputs/c04_final_hardened_3bf9206,C04_FD001_3bf92063fd99_seed_101|C04_FD001_3bf92063fd99_seed_13|C04_FD001_3bf92063fd99_seed_137|C04_FD001_3bf92063fd99_seed_37|C04_FD001_3bf92063fd99_seed_73,09e61c3b3615a061f475bd1b4e26fb48a0a7db4c04457628dc9a8352774cebeb|0dea8fa2f60f248a17c178fe74ffbf2065edabe834c64cab4ffc912aa51ea8ed|0eb89ab2ad1ed2cf44330f86f852d0bdb0a7aa8fd86ba72ba06e772600daf7fa|6ddf10543ed9a7395595ca347ad4dd3d2abda80fbfe38523b434dd1738dead81|fe0fc1d46cd1e622e3ca117be6270d39fe4f4e4cac0da5eb33a184d5d435e5fc,
point,C04,FD001,primary,ridge,clipped,mae,13.807421145749725,0.3927520498209285,13.460964052832376,14.426285007018455,5,5,3bf92063fd99e23b7cbdf6a439a2fc4344807710,outputs/c04_final_hardened_3bf9206,C04_FD001_3bf92063fd99_seed_101|C04_FD001_3bf92063fd99_seed_13|C04_FD001_3bf92063fd99_seed_137|C04_FD001_3bf92063fd99_seed_37|C04_FD001_3bf92063fd99_seed_73,09e61c3b3615a061f475bd1b4e26fb48a0a7db4c04457628dc9a8352774cebeb|0dea8fa2f60f248a17c178fe74ffbf2065edabe834c64cab4ffc912aa51ea8ed|0eb89ab2ad1ed2cf44330f86f852d0bdb0a7aa8fd86ba72ba06e772600daf7fa|6ddf10543ed9a7395595ca347ad4dd3d2abda80fbfe38523b434dd1738dead81|fe0fc1d46cd1e622e3ca117be6270d39fe4f4e4cac0da5eb33a184d5d435e5fc,
point,C04,FD001,primary,ridge,clipped,nasa_score,534.9917886023602,31.41520753025417,493.2130284026379,571.388059042254,5,5,3bf92063fd99e23b7cbdf6a439a2fc4344807710,outputs/c04_final_hardened_3bf9206,C04_FD001_3bf92063fd99_seed_101|C04_FD001_3bf92063fd99_seed_13|C04_FD001_3bf92063fd99_seed_137|C04_FD001_3bf92063fd99_seed_37|C04_FD001_3bf92063fd99_seed_73,09e61c3b3615a061f475bd1b4e26fb48a0a7db4c04457628dc9a8352774cebeb|0dea8fa2f60f248a17c178fe74ffbf2065edabe834c64cab4ffc912aa51ea8ed|0eb89ab2ad1ed2cf44330f86f852d0bdb0a7aa8fd86ba72ba06e772600daf7fa|6ddf10543ed9a7395595ca347ad4dd3d2abda80fbfe38523b434dd1738dead81|fe0fc1d46cd1e622e3ca117be6270d39fe4f4e4cac0da5eb33a184d5d435e5fc,
point,C04,FD001,primary,ridge,clipped,rmse,17.7924515662504,0.5986318699353089,17.35317009247391,18.757302031911998,5,5,3bf92063fd99e23b7cbdf6a439a2fc4344807710,outputs/c04_final_hardened_3bf9206,C04_FD001_3bf92063fd99_seed_101|C04_FD001_3bf92063fd99_seed_13|C04_FD001_3bf92063fd99_seed_137|C04_FD001_3bf92063fd99_seed_37|C04_FD001_3bf92063fd99_seed_73,09e61c3b3615a061f475bd1b4e26fb48a0a7db4c04457628dc9a8352774cebeb|0dea8fa2f60f248a17c178fe74ffbf2065edabe834c64cab4ffc912aa51ea8ed|0eb89ab2ad1ed2cf44330f86f852d0bdb0a7aa8fd86ba72ba06e772600daf7fa|6ddf10543ed9a7395595ca347ad4dd3d2abda80fbfe38523b434dd1738dead81|fe0fc1d46cd1e622e3ca117be6270d39fe4f4e4cac0da5eb33a184d5d435e5fc,
point,C04,FD001,primary,ridge,clipped,signed_error,0.8074218640922398,1.6603264689633304,-1.3857142502156952,2.992667152367612,5,5,3bf92063fd99e23b7cbdf6a439a2fc4344807710,outputs/c04_final_hardened_3bf9206,C04_FD001_3bf92063fd99_seed_101|C04_FD001_3bf92063fd99_seed_13|C04_FD001_3bf92063fd99_seed_137|C04_FD001_3bf92063fd99_seed_37|C04_FD001_3bf92063fd99_seed_73,09e61c3b3615a061f475bd1b4e26fb48a0a7db4c04457628dc9a8352774cebeb|0dea8fa2f60f248a17c178fe74ffbf2065edabe834c64cab4ffc912aa51ea8ed|0eb89ab2ad1ed2cf44330f86f852d0bdb0a7aa8fd86ba72ba06e772600daf7fa|6ddf10543ed9a7395595ca347ad4dd3d2abda80fbfe38523b434dd1738dead81|fe0fc1d46cd1e622e3ca117be6270d39fe4f4e4cac0da5eb33a184d5d435e5fc,
point,C04,FD001,primary,ridge,raw,mae,14.868719223481909,0.4015567127563842,14.534084883070147,15.520629605044277,5,5,3bf92063fd99e23b7cbdf6a439a2fc4344807710,outputs/c04_final_hardened_3bf9206,C04_FD001_3bf92063fd99_seed_101|C04_FD001_3bf92063fd99_seed_13|C04_FD001_3bf92063fd99_seed_137|C04_FD001_3bf92063fd99_seed_37|C04_FD001_3bf92063fd99_seed_73,09e61c3b3615a061f475bd1b4e26fb48a0a7db4c04457628dc9a8352774cebeb|0dea8fa2f60f248a17c178fe74ffbf2065edabe834c64cab4ffc912aa51ea8ed|0eb89ab2ad1ed2cf44330f86f852d0bdb0a7aa8fd86ba72ba06e772600daf7fa|6ddf10543ed9a7395595ca347ad4dd3d2abda80fbfe38523b434dd1738dead81|fe0fc1d46cd1e622e3ca117be6270d39fe4f4e4cac0da5eb33a184d5d435e5fc,
point,C04,FD001,primary,ridge,raw,nasa_score,597.6902165197032,42.0160328458019,548.2030888670612,656.7451446483229,5,5,3bf92063fd99e23b7cbdf6a439a2fc4344807710,outputs/c04_final_hardened_3bf9206,C04_FD001_3bf92063fd99_seed_101|C04_FD001_3bf92063fd99_seed_13|C04_FD001_3bf92063fd99_seed_137|C04_FD001_3bf92063fd99_seed_37|C04_FD001_3bf92063fd99_seed_73,09e61c3b3615a061f475bd1b4e26fb48a0a7db4c04457628dc9a8352774cebeb|0dea8fa2f60f248a17c178fe74ffbf2065edabe834c64cab4ffc912aa51ea8ed|0eb89ab2ad1ed2cf44330f86f852d0bdb0a7aa8fd86ba72ba06e772600daf7fa|6ddf10543ed9a7395595ca347ad4dd3d2abda80fbfe38523b434dd1738dead81|fe0fc1d46cd1e622e3ca117be6270d39fe4f4e4cac0da5eb33a184d5d435e5fc,
point,C04,FD001,primary,ridge,raw,rmse,19.053363899566442,0.658337876174575,18.48038572847197,20.116943049074276,5,5,3bf92063fd99e23b7cbdf6a439a2fc4344807710,outputs/c04_final_hardened_3bf9206,C04_FD001_3bf92063fd99_seed_101|C04_FD001_3bf92063fd99_seed_13|C04_FD001_3bf92063fd99_seed_137|C04_FD001_3bf92063fd99_seed_37|C04_FD001_3bf92063fd99_seed_73,09e61c3b3615a061f475bd1b4e26fb48a0a7db4c04457628dc9a8352774cebeb|0dea8fa2f60f248a17c178fe74ffbf2065edabe834c64cab4ffc912aa51ea8ed|0eb89ab2ad1ed2cf44330f86f852d0bdb0a7aa8fd86ba72ba06e772600daf7fa|6ddf10543ed9a7395595ca347ad4dd3d2abda80fbfe38523b434dd1738dead81|fe0fc1d46cd1e622e3ca117be6270d39fe4f4e4cac0da5eb33a184d5d435e5fc,
point,C04,FD001,primary,ridge,raw,signed_error,-0.24601640885255954,1.6596279264317257,-2.480058848241517,1.9195463221298428,5,5,3bf92063fd99e23b7cbdf6a439a2fc4344807710,outputs/c04_final_hardened_3bf9206,C04_FD001_3bf92063fd99_seed_101|C04_FD001_3bf92063fd99_seed_13|C04_FD001_3bf92063fd99_seed_137|C04_FD001_3bf92063fd99_seed_37|C04_FD001_3bf92063fd99_seed_73,09e61c3b3615a061f475bd1b4e26fb48a0a7db4c04457628dc9a8352774cebeb|0dea8fa2f60f248a17c178fe74ffbf2065edabe834c64cab4ffc912aa51ea8ed|0eb89ab2ad1ed2cf44330f86f852d0bdb0a7aa8fd86ba72ba06e772600daf7fa|6ddf10543ed9a7395595ca347ad4dd3d2abda80fbfe38523b434dd1738dead81|fe0fc1d46cd1e622e3ca117be6270d39fe4f4e4cac0da5eb33a184d5d435e5fc,
point,C04,FD002,primary,hist_gradient_boosting,clipped,mae,30.861292378451715,1.8430121621359914,28.209007761177276,32.37644548499069,5,5,3bf92063fd99e23b7cbdf6a439a2fc4344807710,outputs/c04_final_hardened_3bf9206,C04_FD002_3bf92063fd99_seed_101|C04_FD002_3bf92063fd99_seed_13|C04_FD002_3bf92063fd99_seed_137|C04_FD002_3bf92063fd99_seed_37|C04_FD002_3bf92063fd99_seed_73,39b3b9af814b55c77878f2ee1325a73d921f9b1de6c3b8708be443837358b92e|3a51502e3788ac64548cb37a111dcb7d5649affb6f64e7ec04a063de2eed88f6|4e34ac3a5e260b42aac866e476ceb167dea09c411672612dfc666bf34fcb9a63|a7637c768221f74000508d083c4f791d1b5b1ec95f2b1618129769251b727125|e8d53874de3a9e6cee27ea4a366a05be6cfc5d832f3239ee0057100eedd595d8,
point,C04,FD002,primary,hist_gradient_boosting,clipped,nasa_score,29049.131719511155,30219.781318280504,9475.858523299894,82234.78572918085,5,5,3bf92063fd99e23b7cbdf6a439a2fc4344807710,outputs/c04_final_hardened_3bf9206,C04_FD002_3bf92063fd99_seed_101|C04_FD002_3bf92063fd99_seed_13|C04_FD002_3bf92063fd99_seed_137|C04_FD002_3bf92063fd99_seed_37|C04_FD002_3bf92063fd99_seed_73,39b3b9af814b55c77878f2ee1325a73d921f9b1de6c3b8708be443837358b92e|3a51502e3788ac64548cb37a111dcb7d5649affb6f64e7ec04a063de2eed88f6|4e34ac3a5e260b42aac866e476ceb167dea09c411672612dfc666bf34fcb9a63|a7637c768221f74000508d083c4f791d1b5b1ec95f2b1618129769251b727125|e8d53874de3a9e6cee27ea4a366a05be6cfc5d832f3239ee0057100eedd595d8,
point,C04,FD002,primary,hist_gradient_boosting,clipped,rmse,35.988285767730375,2.309331477637858,33.72468363238086,39.296290636833604,5,5,3bf92063fd99e23b7cbdf6a439a2fc4344807710,outputs/c04_final_hardened_3bf9206,C04_FD002_3bf92063fd99_seed_101|C04_FD002_3bf92063fd99_seed_13|C04_FD002_3bf92063fd99_seed_137|C04_FD002_3bf92063fd99_seed_37|C04_FD002_3bf92063fd99_seed_73,39b3b9af814b55c77878f2ee1325a73d921f9b1de6c3b8708be443837358b92e|3a51502e3788ac64548cb37a111dcb7d5649affb6f64e7ec04a063de2eed88f6|4e34ac3a5e260b42aac866e476ceb167dea09c411672612dfc666bf34fcb9a63|a7637c768221f74000508d083c4f791d1b5b1ec95f2b1618129769251b727125|e8d53874de3a9e6cee27ea4a366a05be6cfc5d832f3239ee0057100eedd595d8,
point,C04,FD002,primary,hist_gradient_boosting,clipped,signed_error,3.239455100409521,8.23587182963347,-5.830636257265837,14.4339880172615,5,5,3bf92063fd99e23b7cbdf6a439a2fc4344807710,outputs/c04_final_hardened_3bf9206,C04_FD002_3bf92063fd99_seed_101|C04_FD002_3bf92063fd99_seed_13|C04_FD002_3bf92063fd99_seed_137|C04_FD002_3bf92063fd99_seed_37|C04_FD002_3bf92063fd99_seed_73,39b3b9af814b55c77878f2ee1325a73d921f9b1de6c3b8708be443837358b92e|3a51502e3788ac64548cb37a111dcb7d5649affb6f64e7ec04a063de2eed88f6|4e34ac3a5e260b42aac866e476ceb167dea09c411672612dfc666bf34fcb9a63|a7637c768221f74000508d083c4f791d1b5b1ec95f2b1618129769251b727125|e8d53874de3a9e6cee27ea4a366a05be6cfc5d832f3239ee0057100eedd595d8,
point,C04,FD002,primary,hist_gradient_boosting,raw,mae,38.35550087266021,1.8430121621359927,35.70321625538577,39.87065397919919,5,5,3bf92063fd99e23b7cbdf6a439a2fc4344807710,outputs/c04_final_hardened_3bf9206,C04_FD002_3bf92063fd99_seed_101|C04_FD002_3bf92063fd99_seed_13|C04_FD002_3bf92063fd99_seed_137|C04_FD002_3bf92063fd99_seed_37|C04_FD002_3bf92063fd99_seed_73,39b3b9af814b55c77878f2ee1325a73d921f9b1de6c3b8708be443837358b92e|3a51502e3788ac64548cb37a111dcb7d5649affb6f64e7ec04a063de2eed88f6|4e34ac3a5e260b42aac866e476ceb167dea09c411672612dfc666bf34fcb9a63|a7637c768221f74000508d083c4f791d1b5b1ec95f2b1618129769251b727125|e8d53874de3a9e6cee27ea4a366a05be6cfc5d832f3239ee0057100eedd595d8,
point,C04,FD002,primary,hist_gradient_boosting,raw,nasa_score,87639.64965193918,21898.405403973316,53089.04589165508,104516.82593870215,5,5,3bf92063fd99e23b7cbdf6a439a2fc4344807710,outputs/c04_final_hardened_3bf9206,C04_FD002_3bf92063fd99_seed_101|C04_FD002_3bf92063fd99_seed_13|C04_FD002_3bf92063fd99_seed_137|C04_FD002_3bf92063fd99_seed_37|C04_FD002_3bf92063fd99_seed_73,39b3b9af814b55c77878f2ee1325a73d921f9b1de6c3b8708be443837358b92e|3a51502e3788ac64548cb37a111dcb7d5649affb6f64e7ec04a063de2eed88f6|4e34ac3a5e260b42aac866e476ceb167dea09c411672612dfc666bf34fcb9a63|a7637c768221f74000508d083c4f791d1b5b1ec95f2b1618129769251b727125|e8d53874de3a9e6cee27ea4a366a05be6cfc5d832f3239ee0057100eedd595d8,
point,C04,FD002,primary,hist_gradient_boosting,raw,rmse,46.01743271467954,2.2958378501037413,42.50213076650574,48.17750822524849,5,5,3bf92063fd99e23b7cbdf6a439a2fc4344807710,outputs/c04_final_hardened_3bf9206,C04_FD002_3bf92063fd99_seed_101|C04_FD002_3bf92063fd99_seed_13|C04_FD002_3bf92063fd99_seed_137|C04_FD002_3bf92063fd99_seed_37|C04_FD002_3bf92063fd99_seed_73,39b3b9af814b55c77878f2ee1325a73d921f9b1de6c3b8708be443837358b92e|3a51502e3788ac64548cb37a111dcb7d5649affb6f64e7ec04a063de2eed88f6|4e34ac3a5e260b42aac866e476ceb167dea09c411672612dfc666bf34fcb9a63|a7637c768221f74000508d083c4f791d1b5b1ec95f2b1618129769251b727125|e8d53874de3a9e6cee27ea4a366a05be6cfc5d832f3239ee0057100eedd595d8,
point,C04,FD002,primary,hist_gradient_boosting,raw,signed_error,-4.2547533937989765,8.235871829633464,-13.324844751474327,6.939779523052984,5,5,3bf92063fd99e23b7cbdf6a439a2fc4344807710,outputs/c04_final_hardened_3bf9206,C04_FD002_3bf92063fd99_seed_101|C04_FD002_3bf92063fd99_seed_13|C04_FD002_3bf92063fd99_seed_137|C04_FD002_3bf92063fd99_seed_37|C04_FD002_3bf92063fd99_seed_73,39b3b9af814b55c77878f2ee1325a73d921f9b1de6c3b8708be443837358b92e|3a51502e3788ac64548cb37a111dcb7d5649affb6f64e7ec04a063de2eed88f6|4e34ac3a5e260b42aac866e476ceb167dea09c411672612dfc666bf34fcb9a63|a7637c768221f74000508d083c4f791d1b5b1ec95f2b1618129769251b727125|e8d53874de3a9e6cee27ea4a366a05be6cfc5d832f3239ee0057100eedd595d8,
point,C04,FD002,primary,mean,clipped,mae,38.112409659471496,0.07746166976880067,37.99180144520195,38.20456330556378,5,5,3bf92063fd99e23b7cbdf6a439a2fc4344807710,outputs/c04_final_hardened_3bf9206,C04_FD002_3bf92063fd99_seed_101|C04_FD002_3bf92063fd99_seed_13|C04_FD002_3bf92063fd99_seed_137|C04_FD002_3bf92063fd99_seed_37|C04_FD002_3bf92063fd99_seed_73,39b3b9af814b55c77878f2ee1325a73d921f9b1de6c3b8708be443837358b92e|3a51502e3788ac64548cb37a111dcb7d5649affb6f64e7ec04a063de2eed88f6|4e34ac3a5e260b42aac866e476ceb167dea09c411672612dfc666bf34fcb9a63|a7637c768221f74000508d083c4f791d1b5b1ec95f2b1618129769251b727125|e8d53874de3a9e6cee27ea4a366a05be6cfc5d832f3239ee0057100eedd595d8,
point,C04,FD002,primary,mean,clipped,nasa_score,112334.17342550358,8483.422988214183,98987.53409841082,122228.3082621349,5,5,3bf92063fd99e23b7cbdf6a439a2fc4344807710,outputs/c04_final_hardened_3bf9206,C04_FD002_3bf92063fd99_seed_101|C04_FD002_3bf92063fd99_seed_13|C04_FD002_3bf92063fd99_seed_137|C04_FD002_3bf92063fd99_seed_37|C04_FD002_3bf92063fd99_seed_73,39b3b9af814b55c77878f2ee1325a73d921f9b1de6c3b8708be443837358b92e|3a51502e3788ac64548cb37a111dcb7d5649affb6f64e7ec04a063de2eed88f6|4e34ac3a5e260b42aac866e476ceb167dea09c411672612dfc666bf34fcb9a63|a7637c768221f74000508d083c4f791d1b5b1ec95f2b1618129769251b727125|e8d53874de3a9e6cee27ea4a366a05be6cfc5d832f3239ee0057100eedd595d8,
point,C04,FD002,primary,mean,clipped,rmse,44.84194209381898,0.2236586899493869,44.48803616309352,45.09959119708452,5,5,3bf92063fd99e23b7cbdf6a439a2fc4344807710,outputs/c04_final_hardened_3bf9206,C04_FD002_3bf92063fd99_seed_101|C04_FD002_3bf92063fd99_seed_13|C04_FD002_3bf92063fd99_seed_137|C04_FD002_3bf92063fd99_seed_37|C04_FD002_3bf92063fd99_seed_73,39b3b9af814b55c77878f2ee1325a73d921f9b1de6c3b8708be443837358b92e|3a51502e3788ac64548cb37a111dcb7d5649affb6f64e7ec04a063de2eed88f6|4e34ac3a5e260b42aac866e476ceb167dea09c411672612dfc666bf34fcb9a63|a7637c768221f74000508d083c4f791d1b5b1ec95f2b1618129769251b727125|e8d53874de3a9e6cee27ea4a366a05be6cfc5d832f3239ee0057100eedd595d8,
point,C04,FD002,primary,mean,clipped,signed_error,12.905702352084592,0.7918295912395549,11.636336228275846,13.791014658570518,5,5,3bf92063fd99e23b7cbdf6a439a2fc4344807710,outputs/c04_final_hardened_3bf9206,C04_FD002_3bf92063fd99_seed_101|C04_FD002_3bf92063fd99_seed_13|C04_FD002_3bf92063fd99_seed_137|C04_FD002_3bf92063fd99_seed_37|C04_FD002_3bf92063fd99_seed_73,39b3b9af814b55c77878f2ee1325a73d921f9b1de6c3b8708be443837358b92e|3a51502e3788ac64548cb37a111dcb7d5649affb6f64e7ec04a063de2eed88f6|4e34ac3a5e260b42aac866e476ceb167dea09c411672612dfc666bf34fcb9a63|a7637c768221f74000508d083c4f791d1b5b1ec95f2b1618129769251b727125|e8d53874de3a9e6cee27ea4a366a05be6cfc5d832f3239ee0057100eedd595d8,
point,C04,FD002,primary,mean,raw,mae,45.606618153679996,0.07746166976880257,45.486009939410444,45.69877179977228,5,5,3bf92063fd99e23b7cbdf6a439a2fc4344807710,outputs/c04_final_hardened_3bf9206,C04_FD002_3bf92063fd99_seed_101|C04_FD002_3bf92063fd99_seed_13|C04_FD002_3bf92063fd99_seed_137|C04_FD002_3bf92063fd99_seed_37|C04_FD002_3bf92063fd99_seed_73,39b3b9af814b55c77878f2ee1325a73d921f9b1de6c3b8708be443837358b92e|3a51502e3788ac64548cb37a111dcb7d5649affb6f64e7ec04a063de2eed88f6|4e34ac3a5e260b42aac866e476ceb167dea09c411672612dfc666bf34fcb9a63|a7637c768221f74000508d083c4f791d1b5b1ec95f2b1618129769251b727125|e8d53874de3a9e6cee27ea4a366a05be6cfc5d832f3239ee0057100eedd595d8,
point,C04,FD002,primary,mean,raw,nasa_score,150959.34006675627,6089.574229929488,141510.47498401118,158256.4094030522,5,5,3bf92063fd99e23b7cbdf6a439a2fc4344807710,outputs/c04_final_hardened_3bf9206,C04_FD002_3bf92063fd99_seed_101|C04_FD002_3bf92063fd99_seed_13|C04_FD002_3bf92063fd99_seed_137|C04_FD002_3bf92063fd99_seed_37|C04_FD002_3bf92063fd99_seed_73,39b3b9af814b55c77878f2ee1325a73d921f9b1de6c3b8708be443837358b92e|3a51502e3788ac64548cb37a111dcb7d5649affb6f64e7ec04a063de2eed88f6|4e34ac3a5e260b42aac866e476ceb167dea09c411672612dfc666bf34fcb9a63|a7637c768221f74000508d083c4f791d1b5b1ec95f2b1618129769251b727125|e8d53874de3a9e6cee27ea4a366a05be6cfc5d832f3239ee0057100eedd595d8,
point,C04,FD002,primary,mean,raw,rmse,54.054971931864465,0.07561545146199214,53.93807491765073,54.14617688746198,5,5,3bf92063fd99e23b7cbdf6a439a2fc4344807710,outputs/c04_final_hardened_3bf9206,C04_FD002_3bf92063fd99_seed_101|C04_FD002_3bf92063fd99_seed_13|C04_FD002_3bf92063fd99_seed_137|C04_FD002_3bf92063fd99_seed_37|C04_FD002_3bf92063fd99_seed_73,39b3b9af814b55c77878f2ee1325a73d921f9b1de6c3b8708be443837358b92e|3a51502e3788ac64548cb37a111dcb7d5649affb6f64e7ec04a063de2eed88f6|4e34ac3a5e260b42aac866e476ceb167dea09c411672612dfc666bf34fcb9a63|a7637c768221f74000508d083c4f791d1b5b1ec95f2b1618129769251b727125|e8d53874de3a9e6cee27ea4a366a05be6cfc5d832f3239ee0057100eedd595d8,
point,C04,FD002,primary,mean,raw,signed_error,5.411493857876142,0.7918295912395915,4.142127734067332,6.296806164362153,5,5,3bf92063fd99e23b7cbdf6a439a2fc4344807710,outputs/c04_final_hardened_3bf9206,C04_FD002_3bf92063fd99_seed_101|C04_FD002_3bf92063fd99_seed_13|C04_FD002_3bf92063fd99_seed_137|C04_FD002_3bf92063fd99_seed_37|C04_FD002_3bf92063fd99_seed_73,39b3b9af814b55c77878f2ee1325a73d921f9b1de6c3b8708be443837358b92e|3a51502e3788ac64548cb37a111dcb7d5649affb6f64e7ec04a063de2eed88f6|4e34ac3a5e260b42aac866e476ceb167dea09c411672612dfc666bf34fcb9a63|a7637c768221f74000508d083c4f791d1b5b1ec95f2b1618129769251b727125|e8d53874de3a9e6cee27ea4a366a05be6cfc5d832f3239ee0057100eedd595d8,
point,C04,FD002,primary,ridge,clipped,mae,65.76833976833976,0.9912934737011658,64.55984555984556,66.86872586872587,5,5,3bf92063fd99e23b7cbdf6a439a2fc4344807710,outputs/c04_final_hardened_3bf9206,C04_FD002_3bf92063fd99_seed_101|C04_FD002_3bf92063fd99_seed_13|C04_FD002_3bf92063fd99_seed_137|C04_FD002_3bf92063fd99_seed_37|C04_FD002_3bf92063fd99_seed_73,39b3b9af814b55c77878f2ee1325a73d921f9b1de6c3b8708be443837358b92e|3a51502e3788ac64548cb37a111dcb7d5649affb6f64e7ec04a063de2eed88f6|4e34ac3a5e260b42aac866e476ceb167dea09c411672612dfc666bf34fcb9a63|a7637c768221f74000508d083c4f791d1b5b1ec95f2b1618129769251b727125|e8d53874de3a9e6cee27ea4a366a05be6cfc5d832f3239ee0057100eedd595d8,
point,C04,FD002,primary,ridge,clipped,nasa_score,3439135.277859521,132762.02191370676,3289717.7701491015,3627781.157479643,5,5,3bf92063fd99e23b7cbdf6a439a2fc4344807710,outputs/c04_final_hardened_3bf9206,C04_FD002_3bf92063fd99_seed_101|C04_FD002_3bf92063fd99_seed_13|C04_FD002_3bf92063fd99_seed_137|C04_FD002_3bf92063fd99_seed_37|C04_FD002_3bf92063fd99_seed_73,39b3b9af814b55c77878f2ee1325a73d921f9b1de6c3b8708be443837358b92e|3a51502e3788ac64548cb37a111dcb7d5649affb6f64e7ec04a063de2eed88f6|4e34ac3a5e260b42aac866e476ceb167dea09c411672612dfc666bf34fcb9a63|a7637c768221f74000508d083c4f791d1b5b1ec95f2b1618129769251b727125|e8d53874de3a9e6cee27ea4a366a05be6cfc5d832f3239ee0057100eedd595d8,
point,C04,FD002,primary,ridge,clipped,rmse,79.26743272830547,0.7816492805596966,78.3118949825178,80.13340710566932,5,5,3bf92063fd99e23b7cbdf6a439a2fc4344807710,outputs/c04_final_hardened_3bf9206,C04_FD002_3bf92063fd99_seed_101|C04_FD002_3bf92063fd99_seed_13|C04_FD002_3bf92063fd99_seed_137|C04_FD002_3bf92063fd99_seed_37|C04_FD002_3bf92063fd99_seed_73,39b3b9af814b55c77878f2ee1325a73d921f9b1de6c3b8708be443837358b92e|3a51502e3788ac64548cb37a111dcb7d5649affb6f64e7ec04a063de2eed88f6|4e34ac3a5e260b42aac866e476ceb167dea09c411672612dfc666bf34fcb9a63|a7637c768221f74000508d083c4f791d1b5b1ec95f2b1618129769251b727125|e8d53874de3a9e6cee27ea4a366a05be6cfc5d832f3239ee0057100eedd595d8,
point,C04,FD002,primary,ridge,clipped,signed_error,-10.37065637065637,1.8816205298859003,-12.397683397683398,-7.571428571428571,5,5,3bf92063fd99e23b7cbdf6a439a2fc4344807710,outputs/c04_final_hardened_3bf9206,C04_FD002_3bf92063fd99_seed_101|C04_FD002_3bf92063fd99_seed_13|C04_FD002_3bf92063fd99_seed_137|C04_FD002_3bf92063fd99_seed_37|C04_FD002_3bf92063fd99_seed_73,39b3b9af814b55c77878f2ee1325a73d921f9b1de6c3b8708be443837358b92e|3a51502e3788ac64548cb37a111dcb7d5649affb6f64e7ec04a063de2eed88f6|4e34ac3a5e260b42aac866e476ceb167dea09c411672612dfc666bf34fcb9a63|a7637c768221f74000508d083c4f791d1b5b1ec95f2b1618129769251b727125|e8d53874de3a9e6cee27ea4a366a05be6cfc5d832f3239ee0057100eedd595d8,
point,C04,FD002,primary,ridge,raw,mae,16621890658786.34,5461049991920.097,9070716517083.24,22010154539553.24,5,5,3bf92063fd99e23b7cbdf6a439a2fc4344807710,outputs/c04_final_hardened_3bf9206,C04_FD002_3bf92063fd99_seed_101|C04_FD002_3bf92063fd99_seed_13|C04_FD002_3bf92063fd99_seed_137|C04_FD002_3bf92063fd99_seed_37|C04_FD002_3bf92063fd99_seed_73,39b3b9af814b55c77878f2ee1325a73d921f9b1de6c3b8708be443837358b92e|3a51502e3788ac64548cb37a111dcb7d5649affb6f64e7ec04a063de2eed88f6|4e34ac3a5e260b42aac866e476ceb167dea09c411672612dfc666bf34fcb9a63|a7637c768221f74000508d083c4f791d1b5b1ec95f2b1618129769251b727125|e8d53874de3a9e6cee27ea4a366a05be6cfc5d832f3239ee0057100eedd595d8,
point,C04,FD002,primary,ridge,raw,nasa_score,PENDING,PENDING,PENDING,PENDING,5,0,3bf92063fd99e23b7cbdf6a439a2fc4344807710,outputs/c04_final_hardened_3bf9206,C04_FD002_3bf92063fd99_seed_101|C04_FD002_3bf92063fd99_seed_13|C04_FD002_3bf92063fd99_seed_137|C04_FD002_3bf92063fd99_seed_37|C04_FD002_3bf92063fd99_seed_73,39b3b9af814b55c77878f2ee1325a73d921f9b1de6c3b8708be443837358b92e|3a51502e3788ac64548cb37a111dcb7d5649affb6f64e7ec04a063de2eed88f6|4e34ac3a5e260b42aac866e476ceb167dea09c411672612dfc666bf34fcb9a63|a7637c768221f74000508d083c4f791d1b5b1ec95f2b1618129769251b727125|e8d53874de3a9e6cee27ea4a366a05be6cfc5d832f3239ee0057100eedd595d8,
point,C04,FD002,primary,ridge,raw,rmse,20902112683245.5,6782892988015.592,11533786481163.914,27644461857094.008,5,5,3bf92063fd99e23b7cbdf6a439a2fc4344807710,outputs/c04_final_hardened_3bf9206,C04_FD002_3bf92063fd99_seed_101|C04_FD002_3bf92063fd99_seed_13|C04_FD002_3bf92063fd99_seed_137|C04_FD002_3bf92063fd99_seed_37|C04_FD002_3bf92063fd99_seed_73,39b3b9af814b55c77878f2ee1325a73d921f9b1de6c3b8708be443837358b92e|3a51502e3788ac64548cb37a111dcb7d5649affb6f64e7ec04a063de2eed88f6|4e34ac3a5e260b42aac866e476ceb167dea09c411672612dfc666bf34fcb9a63|a7637c768221f74000508d083c4f791d1b5b1ec95f2b1618129769251b727125|e8d53874de3a9e6cee27ea4a366a05be6cfc5d832f3239ee0057100eedd595d8,
point,C04,FD002,primary,ridge,raw,signed_error,-442126952027.52405,363530621830.60864,-1020415803524.0406,-49530845529.28472,5,5,3bf92063fd99e23b7cbdf6a439a2fc4344807710,outputs/c04_final_hardened_3bf9206,C04_FD002_3bf92063fd99_seed_101|C04_FD002_3bf92063fd99_seed_13|C04_FD002_3bf92063fd99_seed_137|C04_FD002_3bf92063fd99_seed_37|C04_FD002_3bf92063fd99_seed_73,39b3b9af814b55c77878f2ee1325a73d921f9b1de6c3b8708be443837358b92e|3a51502e3788ac64548cb37a111dcb7d5649affb6f64e7ec04a063de2eed88f6|4e34ac3a5e260b42aac866e476ceb167dea09c411672612dfc666bf34fcb9a63|a7637c768221f74000508d083c4f791d1b5b1ec95f2b1618129769251b727125|e8d53874de3a9e6cee27ea4a366a05be6cfc5d832f3239ee0057100eedd595d8,
point,C04,FD003,primary,hist_gradient_boosting,clipped,mae,17.674055997854992,0.6650250883833092,17.265898520119435,18.83878834247258,5,5,3bf92063fd99e23b7cbdf6a439a2fc4344807710,outputs/c04_final_hardened_3bf9206,C04_FD003_3bf92063fd99_seed_101|C04_FD003_3bf92063fd99_seed_13|C04_FD003_3bf92063fd99_seed_137|C04_FD003_3bf92063fd99_seed_37|C04_FD003_3bf92063fd99_seed_73,3f09d3d00b4955dc54138f3732d7535701d6d555398521e5c0eaee9557389313|4cacabac155ff181fe370d1d21b2002654d35ae4852ce36b7d60d51a5c5e6763|a280b2375c32fd5e565408e82f529d5f5936d1822d8eebbb74a330fb5d20b0fc|c52a53204a7de7c78a8448790722f53ec980c1e4e4fce78c47732a315ea0edc1|d7d3e5652655a1c0d36eba5dc30edd8c2f893c02e7c6b5263f900f73c5851248,
point,C04,FD003,primary,hist_gradient_boosting,clipped,nasa_score,2338.4551390868073,1006.8570139870693,1392.945975780299,3658.9358947277005,5,5,3bf92063fd99e23b7cbdf6a439a2fc4344807710,outputs/c04_final_hardened_3bf9206,C04_FD003_3bf92063fd99_seed_101|C04_FD003_3bf92063fd99_seed_13|C04_FD003_3bf92063fd99_seed_137|C04_FD003_3bf92063fd99_seed_37|C04_FD003_3bf92063fd99_seed_73,3f09d3d00b4955dc54138f3732d7535701d6d555398521e5c0eaee9557389313|4cacabac155ff181fe370d1d21b2002654d35ae4852ce36b7d60d51a5c5e6763|a280b2375c32fd5e565408e82f529d5f5936d1822d8eebbb74a330fb5d20b0fc|c52a53204a7de7c78a8448790722f53ec980c1e4e4fce78c47732a315ea0edc1|d7d3e5652655a1c0d36eba5dc30edd8c2f893c02e7c6b5263f900f73c5851248,
point,C04,FD003,primary,hist_gradient_boosting,clipped,rmse,23.052005208073915,1.0823817167200227,21.982808581882498,24.543161308118567,5,5,3bf92063fd99e23b7cbdf6a439a2fc4344807710,outputs/c04_final_hardened_3bf9206,C04_FD003_3bf92063fd99_seed_101|C04_FD003_3bf92063fd99_seed_13|C04_FD003_3bf92063fd99_seed_137|C04_FD003_3bf92063fd99_seed_37|C04_FD003_3bf92063fd99_seed_73,3f09d3d00b4955dc54138f3732d7535701d6d555398521e5c0eaee9557389313|4cacabac155ff181fe370d1d21b2002654d35ae4852ce36b7d60d51a5c5e6763|a280b2375c32fd5e565408e82f529d5f5936d1822d8eebbb74a330fb5d20b0fc|c52a53204a7de7c78a8448790722f53ec980c1e4e4fce78c47732a315ea0edc1|d7d3e5652655a1c0d36eba5dc30edd8c2f893c02e7c6b5263f900f73c5851248,
point,C04,FD003,primary,hist_gradient_boosting,clipped,signed_error,10.91132161025649,1.7385802856507382,8.948873650711498,12.675425708525863,5,5,3bf92063fd99e23b7cbdf6a439a2fc4344807710,outputs/c04_final_hardened_3bf9206,C04_FD003_3bf92063fd99_seed_101|C04_FD003_3bf92063fd99_seed_13|C04_FD003_3bf92063fd99_seed_137|C04_FD003_3bf92063fd99_seed_37|C04_FD003_3bf92063fd99_seed_73,3f09d3d00b4955dc54138f3732d7535701d6d555398521e5c0eaee9557389313|4cacabac155ff181fe370d1d21b2002654d35ae4852ce36b7d60d51a5c5e6763|a280b2375c32fd5e565408e82f529d5f5936d1822d8eebbb74a330fb5d20b0fc|c52a53204a7de7c78a8448790722f53ec980c1e4e4fce78c47732a315ea0edc1|d7d3e5652655a1c0d36eba5dc30edd8c2f893c02e7c6b5263f900f73c5851248,
point,C04,FD003,primary,hist_gradient_boosting,raw,mae,19.23405599785499,0.6650250883833071,18.825898520119434,20.398788342472574,5,5,3bf92063fd99e23b7cbdf6a439a2fc4344807710,outputs/c04_final_hardened_3bf9206,C04_FD003_3bf92063fd99_seed_101|C04_FD003_3bf92063fd99_seed_13|C04_FD003_3bf92063fd99_seed_137|C04_FD003_3bf92063fd99_seed_37|C04_FD003_3bf92063fd99_seed_73,3f09d3d00b4955dc54138f3732d7535701d6d555398521e5c0eaee9557389313|4cacabac155ff181fe370d1d21b2002654d35ae4852ce36b7d60d51a5c5e6763|a280b2375c32fd5e565408e82f529d5f5936d1822d8eebbb74a330fb5d20b0fc|c52a53204a7de7c78a8448790722f53ec980c1e4e4fce78c47732a315ea0edc1|d7d3e5652655a1c0d36eba5dc30edd8c2f893c02e7c6b5263f900f73c5851248,
point,C04,FD003,primary,hist_gradient_boosting,raw,nasa_score,2402.4423795153352,1004.1625520779212,1468.6736489656548,3725.295273298767,5,5,3bf92063fd99e23b7cbdf6a439a2fc4344807710,outputs/c04_final_hardened_3bf9206,C04_FD003_3bf92063fd99_seed_101|C04_FD003_3bf92063fd99_seed_13|C04_FD003_3bf92063fd99_seed_137|C04_FD003_3bf92063fd99_seed_37|C04_FD003_3bf92063fd99_seed_73,3f09d3d00b4955dc54138f3732d7535701d6d555398521e5c0eaee9557389313|4cacabac155ff181fe370d1d21b2002654d35ae4852ce36b7d60d51a5c5e6763|a280b2375c32fd5e565408e82f529d5f5936d1822d8eebbb74a330fb5d20b0fc|c52a53204a7de7c78a8448790722f53ec980c1e4e4fce78c47732a315ea0edc1|d7d3e5652655a1c0d36eba5dc30edd8c2f893c02e7c6b5263f900f73c5851248,
point,C04,FD003,primary,hist_gradient_boosting,raw,rmse,24.263757941436154,1.0048048802791671,23.321075261944713,25.63725699965351,5,5,3bf92063fd99e23b7cbdf6a439a2fc4344807710,outputs/c04_final_hardened_3bf9206,C04_FD003_3bf92063fd99_seed_101|C04_FD003_3bf92063fd99_seed_13|C04_FD003_3bf92063fd99_seed_137|C04_FD003_3bf92063fd99_seed_37|C04_FD003_3bf92063fd99_seed_73,3f09d3d00b4955dc54138f3732d7535701d6d555398521e5c0eaee9557389313|4cacabac155ff181fe370d1d21b2002654d35ae4852ce36b7d60d51a5c5e6763|a280b2375c32fd5e565408e82f529d5f5936d1822d8eebbb74a330fb5d20b0fc|c52a53204a7de7c78a8448790722f53ec980c1e4e4fce78c47732a315ea0edc1|d7d3e5652655a1c0d36eba5dc30edd8c2f893c02e7c6b5263f900f73c5851248,
point,C04,FD003,primary,hist_gradient_boosting,raw,signed_error,9.351321610256491,1.7385802856507389,7.3888736507115,11.115425708525864,5,5,3bf92063fd99e23b7cbdf6a439a2fc4344807710,outputs/c04_final_hardened_3bf9206,C04_FD003_3bf92063fd99_seed_101|C04_FD003_3bf92063fd99_seed_13|C04_FD003_3bf92063fd99_seed_137|C04_FD003_3bf92063fd99_seed_37|C04_FD003_3bf92063fd99_seed_73,3f09d3d00b4955dc54138f3732d7535701d6d555398521e5c0eaee9557389313|4cacabac155ff181fe370d1d21b2002654d35ae4852ce36b7d60d51a5c5e6763|a280b2375c32fd5e565408e82f529d5f5936d1822d8eebbb74a330fb5d20b0fc|c52a53204a7de7c78a8448790722f53ec980c1e4e4fce78c47732a315ea0edc1|d7d3e5652655a1c0d36eba5dc30edd8c2f893c02e7c6b5263f900f73c5851248,
point,C04,FD003,primary,mean,clipped,mae,34.86202297110198,0.1016609248092854,34.71274559193955,34.99642686993806,5,5,3bf92063fd99e23b7cbdf6a439a2fc4344807710,outputs/c04_final_hardened_3bf9206,C04_FD003_3bf92063fd99_seed_101|C04_FD003_3bf92063fd99_seed_13|C04_FD003_3bf92063fd99_seed_137|C04_FD003_3bf92063fd99_seed_37|C04_FD003_3bf92063fd99_seed_73,3f09d3d00b4955dc54138f3732d7535701d6d555398521e5c0eaee9557389313|4cacabac155ff181fe370d1d21b2002654d35ae4852ce36b7d60d51a5c5e6763|a280b2375c32fd5e565408e82f529d5f5936d1822d8eebbb74a330fb5d20b0fc|c52a53204a7de7c78a8448790722f53ec980c1e4e4fce78c47732a315ea0edc1|d7d3e5652655a1c0d36eba5dc30edd8c2f893c02e7c6b5263f900f73c5851248,
point,C04,FD003,primary,mean,clipped,nasa_score,30317.09585801504,2281.1014740898268,26728.67588791434,32978.076017692474,5,5,3bf92063fd99e23b7cbdf6a439a2fc4344807710,outputs/c04_final_hardened_3bf9206,C04_FD003_3bf92063fd99_seed_101|C04_FD003_3bf92063fd99_seed_13|C04_FD003_3bf92063fd99_seed_137|C04_FD003_3bf92063fd99_seed_37|C04_FD003_3bf92063fd99_seed_73,3f09d3d00b4955dc54138f3732d7535701d6d555398521e5c0eaee9557389313|4cacabac155ff181fe370d1d21b2002654d35ae4852ce36b7d60d51a5c5e6763|a280b2375c32fd5e565408e82f529d5f5936d1822d8eebbb74a330fb5d20b0fc|c52a53204a7de7c78a8448790722f53ec980c1e4e4fce78c47732a315ea0edc1|d7d3e5652655a1c0d36eba5dc30edd8c2f893c02e7c6b5263f900f73c5851248,
point,C04,FD003,primary,mean,clipped,rmse,41.22160996732206,0.2420411951535618,40.83856555325073,41.50035386729794,5,5,3bf92063fd99e23b7cbdf6a439a2fc4344807710,outputs/c04_final_hardened_3bf9206,C04_FD003_3bf92063fd99_seed_101|C04_FD003_3bf92063fd99_seed_13|C04_FD003_3bf92063fd99_seed_137|C04_FD003_3bf92063fd99_seed_37|C04_FD003_3bf92063fd99_seed_73,3f09d3d00b4955dc54138f3732d7535701d6d555398521e5c0eaee9557389313|4cacabac155ff181fe370d1d21b2002654d35ae4852ce36b7d60d51a5c5e6763|a280b2375c32fd5e565408e82f529d5f5936d1822d8eebbb74a330fb5d20b0fc|c52a53204a7de7c78a8448790722f53ec980c1e4e4fce78c47732a315ea0edc1|d7d3e5652655a1c0d36eba5dc30edd8c2f893c02e7c6b5263f900f73c5851248,
point,C04,FD003,primary,mean,clipped,signed_error,12.836822043204307,0.7918295912396197,11.567455919395455,13.72213434969034,5,5,3bf92063fd99e23b7cbdf6a439a2fc4344807710,outputs/c04_final_hardened_3bf9206,C04_FD003_3bf92063fd99_seed_101|C04_FD003_3bf92063fd99_seed_13|C04_FD003_3bf92063fd99_seed_137|C04_FD003_3bf92063fd99_seed_37|C04_FD003_3bf92063fd99_seed_73,3f09d3d00b4955dc54138f3732d7535701d6d555398521e5c0eaee9557389313|4cacabac155ff181fe370d1d21b2002654d35ae4852ce36b7d60d51a5c5e6763|a280b2375c32fd5e565408e82f529d5f5936d1822d8eebbb74a330fb5d20b0fc|c52a53204a7de7c78a8448790722f53ec980c1e4e4fce78c47732a315ea0edc1|d7d3e5652655a1c0d36eba5dc30edd8c2f893c02e7c6b5263f900f73c5851248,
point,C04,FD003,primary,mean,raw,mae,36.42202297110198,0.10166092480928483,36.272745591939554,36.556426869938065,5,5,3bf92063fd99e23b7cbdf6a439a2fc4344807710,outputs/c04_final_hardened_3bf9206,C04_FD003_3bf92063fd99_seed_101|C04_FD003_3bf92063fd99_seed_13|C04_FD003_3bf92063fd99_seed_137|C04_FD003_3bf92063fd99_seed_37|C04_FD003_3bf92063fd99_seed_73,3f09d3d00b4955dc54138f3732d7535701d6d555398521e5c0eaee9557389313|4cacabac155ff181fe370d1d21b2002654d35ae4852ce36b7d60d51a5c5e6763|a280b2375c32fd5e565408e82f529d5f5936d1822d8eebbb74a330fb5d20b0fc|c52a53204a7de7c78a8448790722f53ec980c1e4e4fce78c47732a315ea0edc1|d7d3e5652655a1c0d36eba5dc30edd8c2f893c02e7c6b5263f900f73c5851248,
point,C04,FD003,primary,mean,raw,nasa_score,30752.44288528174,2254.099614474388,27207.95500862659,33384.151333184076,5,5,3bf92063fd99e23b7cbdf6a439a2fc4344807710,outputs/c04_final_hardened_3bf9206,C04_FD003_3bf92063fd99_seed_101|C04_FD003_3bf92063fd99_seed_13|C04_FD003_3bf92063fd99_seed_137|C04_FD003_3bf92063fd99_seed_37|C04_FD003_3bf92063fd99_seed_73,3f09d3d00b4955dc54138f3732d7535701d6d555398521e5c0eaee9557389313|4cacabac155ff181fe370d1d21b2002654d35ae4852ce36b7d60d51a5c5e6763|a280b2375c32fd5e565408e82f529d5f5936d1822d8eebbb74a330fb5d20b0fc|c52a53204a7de7c78a8448790722f53ec980c1e4e4fce78c47732a315ea0edc1|d7d3e5652655a1c0d36eba5dc30edd8c2f893c02e7c6b5263f900f73c5851248,
point,C04,FD003,primary,mean,raw,rmse,42.909587990157675,0.20362094153223836,42.5881060153964,43.145279138509665,5,5,3bf92063fd99e23b7cbdf6a439a2fc4344807710,outputs/c04_final_hardened_3bf9206,C04_FD003_3bf92063fd99_seed_101|C04_FD003_3bf92063fd99_seed_13|C04_FD003_3bf92063fd99_seed_137|C04_FD003_3bf92063fd99_seed_37|C04_FD003_3bf92063fd99_seed_73,3f09d3d00b4955dc54138f3732d7535701d6d555398521e5c0eaee9557389313|4cacabac155ff181fe370d1d21b2002654d35ae4852ce36b7d60d51a5c5e6763|a280b2375c32fd5e565408e82f529d5f5936d1822d8eebbb74a330fb5d20b0fc|c52a53204a7de7c78a8448790722f53ec980c1e4e4fce78c47732a315ea0edc1|d7d3e5652655a1c0d36eba5dc30edd8c2f893c02e7c6b5263f900f73c5851248,
point,C04,FD003,primary,mean,raw,signed_error,11.276822043204307,0.7918295912396213,10.00745591939545,12.162134349690339,5,5,3bf92063fd99e23b7cbdf6a439a2fc4344807710,outputs/c04_final_hardened_3bf9206,C04_FD003_3bf92063fd99_seed_101|C04_FD003_3bf92063fd99_seed_13|C04_FD003_3bf92063fd99_seed_137|C04_FD003_3bf92063fd99_seed_37|C04_FD003_3bf92063fd99_seed_73,3f09d3d00b4955dc54138f3732d7535701d6d555398521e5c0eaee9557389313|4cacabac155ff181fe370d1d21b2002654d35ae4852ce36b7d60d51a5c5e6763|a280b2375c32fd5e565408e82f529d5f5936d1822d8eebbb74a330fb5d20b0fc|c52a53204a7de7c78a8448790722f53ec980c1e4e4fce78c47732a315ea0edc1|d7d3e5652655a1c0d36eba5dc30edd8c2f893c02e7c6b5263f900f73c5851248,
point,C04,FD003,primary,ridge,clipped,mae,33.450319194835394,1.0379877300746627,32.44127416083114,35.13979797900625,5,5,3bf92063fd99e23b7cbdf6a439a2fc4344807710,outputs/c04_final_hardened_3bf9206,C04_FD003_3bf92063fd99_seed_101|C04_FD003_3bf92063fd99_seed_13|C04_FD003_3bf92063fd99_seed_137|C04_FD003_3bf92063fd99_seed_37|C04_FD003_3bf92063fd99_seed_73,3f09d3d00b4955dc54138f3732d7535701d6d555398521e5c0eaee9557389313|4cacabac155ff181fe370d1d21b2002654d35ae4852ce36b7d60d51a5c5e6763|a280b2375c32fd5e565408e82f529d5f5936d1822d8eebbb74a330fb5d20b0fc|c52a53204a7de7c78a8448790722f53ec980c1e4e4fce78c47732a315ea0edc1|d7d3e5652655a1c0d36eba5dc30edd8c2f893c02e7c6b5263f900f73c5851248,
point,C04,FD003,primary,ridge,clipped,nasa_score,854250.5627039395,58823.93314744587,749729.1982142796,885380.4170491367,5,5,3bf92063fd99e23b7cbdf6a439a2fc4344807710,outputs/c04_final_hardened_3bf9206,C04_FD003_3bf92063fd99_seed_101|C04_FD003_3bf92063fd99_seed_13|C04_FD003_3bf92063fd99_seed_137|C04_FD003_3bf92063fd99_seed_37|C04_FD003_3bf92063fd99_seed_73,3f09d3d00b4955dc54138f3732d7535701d6d555398521e5c0eaee9557389313|4cacabac155ff181fe370d1d21b2002654d35ae4852ce36b7d60d51a5c5e6763|a280b2375c32fd5e565408e82f529d5f5936d1822d8eebbb74a330fb5d20b0fc|c52a53204a7de7c78a8448790722f53ec980c1e4e4fce78c47732a315ea0edc1|d7d3e5652655a1c0d36eba5dc30edd8c2f893c02e7c6b5263f900f73c5851248,
point,C04,FD003,primary,ridge,clipped,rmse,48.202432708998955,1.5295796238523462,46.43079390479501,50.5289364926238,5,5,3bf92063fd99e23b7cbdf6a439a2fc4344807710,outputs/c04_final_hardened_3bf9206,C04_FD003_3bf92063fd99_seed_101|C04_FD003_3bf92063fd99_seed_13|C04_FD003_3bf92063fd99_seed_137|C04_FD003_3bf92063fd99_seed_37|C04_FD003_3bf92063fd99_seed_73,3f09d3d00b4955dc54138f3732d7535701d6d555398521e5c0eaee9557389313|4cacabac155ff181fe370d1d21b2002654d35ae4852ce36b7d60d51a5c5e6763|a280b2375c32fd5e565408e82f529d5f5936d1822d8eebbb74a330fb5d20b0fc|c52a53204a7de7c78a8448790722f53ec980c1e4e4fce78c47732a315ea0edc1|d7d3e5652655a1c0d36eba5dc30edd8c2f893c02e7c6b5263f900f73c5851248,
point,C04,FD003,primary,ridge,clipped,signed_error,5.718536938367374,4.293627144306302,-1.5852751547131156,9.219717996380645,5,5,3bf92063fd99e23b7cbdf6a439a2fc4344807710,outputs/c04_final_hardened_3bf9206,C04_FD003_3bf92063fd99_seed_101|C04_FD003_3bf92063fd99_seed_13|C04_FD003_3bf92063fd99_seed_137|C04_FD003_3bf92063fd99_seed_37|C04_FD003_3bf92063fd99_seed_73,3f09d3d00b4955dc54138f3732d7535701d6d555398521e5c0eaee9557389313|4cacabac155ff181fe370d1d21b2002654d35ae4852ce36b7d60d51a5c5e6763|a280b2375c32fd5e565408e82f529d5f5936d1822d8eebbb74a330fb5d20b0fc|c52a53204a7de7c78a8448790722f53ec980c1e4e4fce78c47732a315ea0edc1|d7d3e5652655a1c0d36eba5dc30edd8c2f893c02e7c6b5263f900f73c5851248,
point,C04,FD003,primary,ridge,raw,mae,22128190538.617073,10341077814.035809,4394165028.883185,29988438398.67081,5,5,3bf92063fd99e23b7cbdf6a439a2fc4344807710,outputs/c04_final_hardened_3bf9206,C04_FD003_3bf92063fd99_seed_101|C04_FD003_3bf92063fd99_seed_13|C04_FD003_3bf92063fd99_seed_137|C04_FD003_3bf92063fd99_seed_37|C04_FD003_3bf92063fd99_seed_73,3f09d3d00b4955dc54138f3732d7535701d6d555398521e5c0eaee9557389313|4cacabac155ff181fe370d1d21b2002654d35ae4852ce36b7d60d51a5c5e6763|a280b2375c32fd5e565408e82f529d5f5936d1822d8eebbb74a330fb5d20b0fc|c52a53204a7de7c78a8448790722f53ec980c1e4e4fce78c47732a315ea0edc1|d7d3e5652655a1c0d36eba5dc30edd8c2f893c02e7c6b5263f900f73c5851248,
point,C04,FD003,primary,ridge,raw,nasa_score,PENDING,PENDING,PENDING,PENDING,5,0,3bf92063fd99e23b7cbdf6a439a2fc4344807710,outputs/c04_final_hardened_3bf9206,C04_FD003_3bf92063fd99_seed_101|C04_FD003_3bf92063fd99_seed_13|C04_FD003_3bf92063fd99_seed_137|C04_FD003_3bf92063fd99_seed_37|C04_FD003_3bf92063fd99_seed_73,3f09d3d00b4955dc54138f3732d7535701d6d555398521e5c0eaee9557389313|4cacabac155ff181fe370d1d21b2002654d35ae4852ce36b7d60d51a5c5e6763|a280b2375c32fd5e565408e82f529d5f5936d1822d8eebbb74a330fb5d20b0fc|c52a53204a7de7c78a8448790722f53ec980c1e4e4fce78c47732a315ea0edc1|d7d3e5652655a1c0d36eba5dc30edd8c2f893c02e7c6b5263f900f73c5851248,
point,C04,FD003,primary,ridge,raw,rmse,80443023790.0757,37393453375.22312,15832701046.632275,108113314314.06892,5,5,3bf92063fd99e23b7cbdf6a439a2fc4344807710,outputs/c04_final_hardened_3bf9206,C04_FD003_3bf92063fd99_seed_101|C04_FD003_3bf92063fd99_seed_13|C04_FD003_3bf92063fd99_seed_137|C04_FD003_3bf92063fd99_seed_37|C04_FD003_3bf92063fd99_seed_73,3f09d3d00b4955dc54138f3732d7535701d6d555398521e5c0eaee9557389313|4cacabac155ff181fe370d1d21b2002654d35ae4852ce36b7d60d51a5c5e6763|a280b2375c32fd5e565408e82f529d5f5936d1822d8eebbb74a330fb5d20b0fc|c52a53204a7de7c78a8448790722f53ec980c1e4e4fce78c47732a315ea0edc1|d7d3e5652655a1c0d36eba5dc30edd8c2f893c02e7c6b5263f900f73c5851248,
point,C04,FD003,primary,ridge,raw,signed_error,-19083755695.68902,9888179698.3079,-26652108337.260387,-2634940686.0140977,5,5,3bf92063fd99e23b7cbdf6a439a2fc4344807710,outputs/c04_final_hardened_3bf9206,C04_FD003_3bf92063fd99_seed_101|C04_FD003_3bf92063fd99_seed_13|C04_FD003_3bf92063fd99_seed_137|C04_FD003_3bf92063fd99_seed_37|C04_FD003_3bf92063fd99_seed_73,3f09d3d00b4955dc54138f3732d7535701d6d555398521e5c0eaee9557389313|4cacabac155ff181fe370d1d21b2002654d35ae4852ce36b7d60d51a5c5e6763|a280b2375c32fd5e565408e82f529d5f5936d1822d8eebbb74a330fb5d20b0fc|c52a53204a7de7c78a8448790722f53ec980c1e4e4fce78c47732a315ea0edc1|d7d3e5652655a1c0d36eba5dc30edd8c2f893c02e7c6b5263f900f73c5851248,
point,C04,FD004,primary,hist_gradient_boosting,clipped,mae,34.17606819966338,1.6351609596088097,31.81775773418544,36.24852722917021,5,5,3bf92063fd99e23b7cbdf6a439a2fc4344807710,outputs/c04_final_hardened_3bf9206,C04_FD004_3bf92063fd99_seed_101|C04_FD004_3bf92063fd99_seed_13|C04_FD004_3bf92063fd99_seed_137|C04_FD004_3bf92063fd99_seed_37|C04_FD004_3bf92063fd99_seed_73,1c08faede2582624803d4b9cfb0b1506c4b1b42083a2a1dea7a2959bc3121108|288229b7f42eaea4421ebce9b2ffa23fc9550f063e8a22a19ee4326ca1156103|6a49609200cd54bad7502c1381d9721caeb4bfd298c5a7ac2a5effc5165dd643|6e06015c4fcdc28c448dac7b3c1c59cace3949f642d1ef952b369d2f1ffeae31|8b2ff1aaee617177379692a16091dd8e45246fc2aabdfb843bc007d3c9ec7da9,
point,C04,FD004,primary,hist_gradient_boosting,clipped,nasa_score,22646.62213806157,18057.823887898874,12714.146139297896,54699.44752946971,5,5,3bf92063fd99e23b7cbdf6a439a2fc4344807710,outputs/c04_final_hardened_3bf9206,C04_FD004_3bf92063fd99_seed_101|C04_FD004_3bf92063fd99_seed_13|C04_FD004_3bf92063fd99_seed_137|C04_FD004_3bf92063fd99_seed_37|C04_FD004_3bf92063fd99_seed_73,1c08faede2582624803d4b9cfb0b1506c4b1b42083a2a1dea7a2959bc3121108|288229b7f42eaea4421ebce9b2ffa23fc9550f063e8a22a19ee4326ca1156103|6a49609200cd54bad7502c1381d9721caeb4bfd298c5a7ac2a5effc5165dd643|6e06015c4fcdc28c448dac7b3c1c59cace3949f642d1ef952b369d2f1ffeae31|8b2ff1aaee617177379692a16091dd8e45246fc2aabdfb843bc007d3c9ec7da9,
point,C04,FD004,primary,hist_gradient_boosting,clipped,rmse,39.1096174203261,1.3985820147669388,36.78711306444754,40.49285242798836,5,5,3bf92063fd99e23b7cbdf6a439a2fc4344807710,outputs/c04_final_hardened_3bf9206,C04_FD004_3bf92063fd99_seed_101|C04_FD004_3bf92063fd99_seed_13|C04_FD004_3bf92063fd99_seed_137|C04_FD004_3bf92063fd99_seed_37|C04_FD004_3bf92063fd99_seed_73,1c08faede2582624803d4b9cfb0b1506c4b1b42083a2a1dea7a2959bc3121108|288229b7f42eaea4421ebce9b2ffa23fc9550f063e8a22a19ee4326ca1156103|6a49609200cd54bad7502c1381d9721caeb4bfd298c5a7ac2a5effc5165dd643|6e06015c4fcdc28c448dac7b3c1c59cace3949f642d1ef952b369d2f1ffeae31|8b2ff1aaee617177379692a16091dd8e45246fc2aabdfb843bc007d3c9ec7da9,
point,C04,FD004,primary,hist_gradient_boosting,clipped,signed_error,-4.039896181047575,8.523180358320602,-12.557131143252155,8.25029370567884,5,5,3bf92063fd99e23b7cbdf6a439a2fc4344807710,outputs/c04_final_hardened_3bf9206,C04_FD004_3bf92063fd99_seed_101|C04_FD004_3bf92063fd99_seed_13|C04_FD004_3bf92063fd99_seed_137|C04_FD004_3bf92063fd99_seed_37|C04_FD004_3bf92063fd99_seed_73,1c08faede2582624803d4b9cfb0b1506c4b1b42083a2a1dea7a2959bc3121108|288229b7f42eaea4421ebce9b2ffa23fc9550f063e8a22a19ee4326ca1156103|6a49609200cd54bad7502c1381d9721caeb4bfd298c5a7ac2a5effc5165dd643|6e06015c4fcdc28c448dac7b3c1c59cace3949f642d1ef952b369d2f1ffeae31|8b2ff1aaee617177379692a16091dd8e45246fc2aabdfb843bc007d3c9ec7da9,
point,C04,FD004,primary,hist_gradient_boosting,raw,mae,42.86961658676016,1.6351609596088121,40.51130612128221,44.94207561626698,5,5,3bf92063fd99e23b7cbdf6a439a2fc4344807710,outputs/c04_final_hardened_3bf9206,C04_FD004_3bf92063fd99_seed_101|C04_FD004_3bf92063fd99_seed_13|C04_FD004_3bf92063fd99_seed_137|C04_FD004_3bf92063fd99_seed_37|C04_FD004_3bf92063fd99_seed_73,1c08faede2582624803d4b9cfb0b1506c4b1b42083a2a1dea7a2959bc3121108|288229b7f42eaea4421ebce9b2ffa23fc9550f063e8a22a19ee4326ca1156103|6a49609200cd54bad7502c1381d9721caeb4bfd298c5a7ac2a5effc5165dd643|6e06015c4fcdc28c448dac7b3c1c59cace3949f642d1ef952b369d2f1ffeae31|8b2ff1aaee617177379692a16091dd8e45246fc2aabdfb843bc007d3c9ec7da9,
point,C04,FD004,primary,hist_gradient_boosting,raw,nasa_score,128114.58837401017,55291.49900068485,78394.25318536592,198209.21407755165,5,5,3bf92063fd99e23b7cbdf6a439a2fc4344807710,outputs/c04_final_hardened_3bf9206,C04_FD004_3bf92063fd99_seed_101|C04_FD004_3bf92063fd99_seed_13|C04_FD004_3bf92063fd99_seed_137|C04_FD004_3bf92063fd99_seed_37|C04_FD004_3bf92063fd99_seed_73,1c08faede2582624803d4b9cfb0b1506c4b1b42083a2a1dea7a2959bc3121108|288229b7f42eaea4421ebce9b2ffa23fc9550f063e8a22a19ee4326ca1156103|6a49609200cd54bad7502c1381d9721caeb4bfd298c5a7ac2a5effc5165dd643|6e06015c4fcdc28c448dac7b3c1c59cace3949f642d1ef952b369d2f1ffeae31|8b2ff1aaee617177379692a16091dd8e45246fc2aabdfb843bc007d3c9ec7da9,
point,C04,FD004,primary,hist_gradient_boosting,raw,rmse,50.990706518239584,2.312087514241628,47.97694381080776,53.80198139879846,5,5,3bf92063fd99e23b7cbdf6a439a2fc4344807710,outputs/c04_final_hardened_3bf9206,C04_FD004_3bf92063fd99_seed_101|C04_FD004_3bf92063fd99_seed_13|C04_FD004_3bf92063fd99_seed_137|C04_FD004_3bf92063fd99_seed_37|C04_FD004_3bf92063fd99_seed_73,1c08faede2582624803d4b9cfb0b1506c4b1b42083a2a1dea7a2959bc3121108|288229b7f42eaea4421ebce9b2ffa23fc9550f063e8a22a19ee4326ca1156103|6a49609200cd54bad7502c1381d9721caeb4bfd298c5a7ac2a5effc5165dd643|6e06015c4fcdc28c448dac7b3c1c59cace3949f642d1ef952b369d2f1ffeae31|8b2ff1aaee617177379692a16091dd8e45246fc2aabdfb843bc007d3c9ec7da9,
point,C04,FD004,primary,hist_gradient_boosting,raw,signed_error,-12.733444568144352,8.523180358320607,-21.250679530348936,-0.4432546814179243,5,5,3bf92063fd99e23b7cbdf6a439a2fc4344807710,outputs/c04_final_hardened_3bf9206,C04_FD004_3bf92063fd99_seed_101|C04_FD004_3bf92063fd99_seed_13|C04_FD004_3bf92063fd99_seed_137|C04_FD004_3bf92063fd99_seed_37|C04_FD004_3bf92063fd99_seed_73,1c08faede2582624803d4b9cfb0b1506c4b1b42083a2a1dea7a2959bc3121108|288229b7f42eaea4421ebce9b2ffa23fc9550f063e8a22a19ee4326ca1156103|6a49609200cd54bad7502c1381d9721caeb4bfd298c5a7ac2a5effc5165dd643|6e06015c4fcdc28c448dac7b3c1c59cace3949f642d1ef952b369d2f1ffeae31|8b2ff1aaee617177379692a16091dd8e45246fc2aabdfb843bc007d3c9ec7da9,
point,C04,FD004,primary,mean,clipped,mae,37.78069604219268,0.01875001326593915,37.76627311008314,37.81340903550825,5,5,3bf92063fd99e23b7cbdf6a439a2fc4344807710,outputs/c04_final_hardened_3bf9206,C04_FD004_3bf92063fd99_seed_101|C04_FD004_3bf92063fd99_seed_13|C04_FD004_3bf92063fd99_seed_137|C04_FD004_3bf92063fd99_seed_37|C04_FD004_3bf92063fd99_seed_73,1c08faede2582624803d4b9cfb0b1506c4b1b42083a2a1dea7a2959bc3121108|288229b7f42eaea4421ebce9b2ffa23fc9550f063e8a22a19ee4326ca1156103|6a49609200cd54bad7502c1381d9721caeb4bfd298c5a7ac2a5effc5165dd643|6e06015c4fcdc28c448dac7b3c1c59cace3949f642d1ef952b369d2f1ffeae31|8b2ff1aaee617177379692a16091dd8e45246fc2aabdfb843bc007d3c9ec7da9,
point,C04,FD004,primary,mean,clipped,nasa_score,88118.90381933843,6590.827993230363,77751.45934099765,95808.24865150174,5,5,3bf92063fd99e23b7cbdf6a439a2fc4344807710,outputs/c04_final_hardened_3bf9206,C04_FD004_3bf92063fd99_seed_101|C04_FD004_3bf92063fd99_seed_13|C04_FD004_3bf92063fd99_seed_137|C04_FD004_3bf92063fd99_seed_37|C04_FD004_3bf92063fd99_seed_73,1c08faede2582624803d4b9cfb0b1506c4b1b42083a2a1dea7a2959bc3121108|288229b7f42eaea4421ebce9b2ffa23fc9550f063e8a22a19ee4326ca1156103|6a49609200cd54bad7502c1381d9721caeb4bfd298c5a7ac2a5effc5165dd643|6e06015c4fcdc28c448dac7b3c1c59cace3949f642d1ef952b369d2f1ffeae31|8b2ff1aaee617177379692a16091dd8e45246fc2aabdfb843bc007d3c9ec7da9,
point,C04,FD004,primary,mean,clipped,rmse,43.86586224365006,0.15325650141734504,43.62521102899912,44.0452775478029,5,5,3bf92063fd99e23b7cbdf6a439a2fc4344807710,outputs/c04_final_hardened_3bf9206,C04_FD004_3bf92063fd99_seed_101|C04_FD004_3bf92063fd99_seed_13|C04_FD004_3bf92063fd99_seed_137|C04_FD004_3bf92063fd99_seed_37|C04_FD004_3bf92063fd99_seed_73,1c08faede2582624803d4b9cfb0b1506c4b1b42083a2a1dea7a2959bc3121108|288229b7f42eaea4421ebce9b2ffa23fc9550f063e8a22a19ee4326ca1156103|6a49609200cd54bad7502c1381d9721caeb4bfd298c5a7ac2a5effc5165dd643|6e06015c4fcdc28c448dac7b3c1c59cace3949f642d1ef952b369d2f1ffeae31|8b2ff1aaee617177379692a16091dd8e45246fc2aabdfb843bc007d3c9ec7da9,
point,C04,FD004,primary,mean,clipped,signed_error,8.737951075462375,0.791829591239586,7.468584951653569,9.623263381948355,5,5,3bf92063fd99e23b7cbdf6a439a2fc4344807710,outputs/c04_final_hardened_3bf9206,C04_FD004_3bf92063fd99_seed_101|C04_FD004_3bf92063fd99_seed_13|C04_FD004_3bf92063fd99_seed_137|C04_FD004_3bf92063fd99_seed_37|C04_FD004_3bf92063fd99_seed_73,1c08faede2582624803d4b9cfb0b1506c4b1b42083a2a1dea7a2959bc3121108|288229b7f42eaea4421ebce9b2ffa23fc9550f063e8a22a19ee4326ca1156103|6a49609200cd54bad7502c1381d9721caeb4bfd298c5a7ac2a5effc5165dd643|6e06015c4fcdc28c448dac7b3c1c59cace3949f642d1ef952b369d2f1ffeae31|8b2ff1aaee617177379692a16091dd8e45246fc2aabdfb843bc007d3c9ec7da9,
point,C04,FD004,primary,mean,raw,mae,46.47424442928945,0.018750013265937237,46.45982149717992,46.50695742260502,5,5,3bf92063fd99e23b7cbdf6a439a2fc4344807710,outputs/c04_final_hardened_3bf9206,C04_FD004_3bf92063fd99_seed_101|C04_FD004_3bf92063fd99_seed_13|C04_FD004_3bf92063fd99_seed_137|C04_FD004_3bf92063fd99_seed_37|C04_FD004_3bf92063fd99_seed_73,1c08faede2582624803d4b9cfb0b1506c4b1b42083a2a1dea7a2959bc3121108|288229b7f42eaea4421ebce9b2ffa23fc9550f063e8a22a19ee4326ca1156103|6a49609200cd54bad7502c1381d9721caeb4bfd298c5a7ac2a5effc5165dd643|6e06015c4fcdc28c448dac7b3c1c59cace3949f642d1ef952b369d2f1ffeae31|8b2ff1aaee617177379692a16091dd8e45246fc2aabdfb843bc007d3c9ec7da9,
point,C04,FD004,primary,mean,raw,nasa_score,129049.47243438222,4055.37831171961,122812.4468002112,133986.74195133618,5,5,3bf92063fd99e23b7cbdf6a439a2fc4344807710,outputs/c04_final_hardened_3bf9206,C04_FD004_3bf92063fd99_seed_101|C04_FD004_3bf92063fd99_seed_13|C04_FD004_3bf92063fd99_seed_137|C04_FD004_3bf92063fd99_seed_37|C04_FD004_3bf92063fd99_seed_73,1c08faede2582624803d4b9cfb0b1506c4b1b42083a2a1dea7a2959bc3121108|288229b7f42eaea4421ebce9b2ffa23fc9550f063e8a22a19ee4326ca1156103|6a49609200cd54bad7502c1381d9721caeb4bfd298c5a7ac2a5effc5165dd643|6e06015c4fcdc28c448dac7b3c1c59cace3949f642d1ef952b369d2f1ffeae31|8b2ff1aaee617177379692a16091dd8e45246fc2aabdfb843bc007d3c9ec7da9,
point,C04,FD004,primary,mean,raw,rmse,54.52841061246748,0.006058353194962005,54.52379428868819,54.537551850288985,5,5,3bf92063fd99e23b7cbdf6a439a2fc4344807710,outputs/c04_final_hardened_3bf9206,C04_FD004_3bf92063fd99_seed_101|C04_FD004_3bf92063fd99_seed_13|C04_FD004_3bf92063fd99_seed_137|C04_FD004_3bf92063fd99_seed_37|C04_FD004_3bf92063fd99_seed_73,1c08faede2582624803d4b9cfb0b1506c4b1b42083a2a1dea7a2959bc3121108|288229b7f42eaea4421ebce9b2ffa23fc9550f063e8a22a19ee4326ca1156103|6a49609200cd54bad7502c1381d9721caeb4bfd298c5a7ac2a5effc5165dd643|6e06015c4fcdc28c448dac7b3c1c59cace3949f642d1ef952b369d2f1ffeae31|8b2ff1aaee617177379692a16091dd8e45246fc2aabdfb843bc007d3c9ec7da9,
point,C04,FD004,primary,mean,raw,signed_error,0.04440268836559512,0.7918295912396167,-1.224963435443253,0.9297149948516258,5,5,3bf92063fd99e23b7cbdf6a439a2fc4344807710,outputs/c04_final_hardened_3bf9206,C04_FD004_3bf92063fd99_seed_101|C04_FD004_3bf92063fd99_seed_13|C04_FD004_3bf92063fd99_seed_137|C04_FD004_3bf92063fd99_seed_37|C04_FD004_3bf92063fd99_seed_73,1c08faede2582624803d4b9cfb0b1506c4b1b42083a2a1dea7a2959bc3121108|288229b7f42eaea4421ebce9b2ffa23fc9550f063e8a22a19ee4326ca1156103|6a49609200cd54bad7502c1381d9721caeb4bfd298c5a7ac2a5effc5165dd643|6e06015c4fcdc28c448dac7b3c1c59cace3949f642d1ef952b369d2f1ffeae31|8b2ff1aaee617177379692a16091dd8e45246fc2aabdfb843bc007d3c9ec7da9,
point,C04,FD004,primary,ridge,clipped,mae,63.74032258064515,1.448632132264984,62.15725806451613,65.48387096774194,5,5,3bf92063fd99e23b7cbdf6a439a2fc4344807710,outputs/c04_final_hardened_3bf9206,C04_FD004_3bf92063fd99_seed_101|C04_FD004_3bf92063fd99_seed_13|C04_FD004_3bf92063fd99_seed_137|C04_FD004_3bf92063fd99_seed_37|C04_FD004_3bf92063fd99_seed_73,1c08faede2582624803d4b9cfb0b1506c4b1b42083a2a1dea7a2959bc3121108|288229b7f42eaea4421ebce9b2ffa23fc9550f063e8a22a19ee4326ca1156103|6a49609200cd54bad7502c1381d9721caeb4bfd298c5a7ac2a5effc5165dd643|6e06015c4fcdc28c448dac7b3c1c59cace3949f642d1ef952b369d2f1ffeae31|8b2ff1aaee617177379692a16091dd8e45246fc2aabdfb843bc007d3c9ec7da9,
point,C04,FD004,primary,ridge,clipped,nasa_score,2620478.122564315,86014.05623860452,2528519.0796902245,2749431.9878296815,5,5,3bf92063fd99e23b7cbdf6a439a2fc4344807710,outputs/c04_final_hardened_3bf9206,C04_FD004_3bf92063fd99_seed_101|C04_FD004_3bf92063fd99_seed_13|C04_FD004_3bf92063fd99_seed_137|C04_FD004_3bf92063fd99_seed_37|C04_FD004_3bf92063fd99_seed_73,1c08faede2582624803d4b9cfb0b1506c4b1b42083a2a1dea7a2959bc3121108|288229b7f42eaea4421ebce9b2ffa23fc9550f063e8a22a19ee4326ca1156103|6a49609200cd54bad7502c1381d9721caeb4bfd298c5a7ac2a5effc5165dd643|6e06015c4fcdc28c448dac7b3c1c59cace3949f642d1ef952b369d2f1ffeae31|8b2ff1aaee617177379692a16091dd8e45246fc2aabdfb843bc007d3c9ec7da9,
point,C04,FD004,primary,ridge,clipped,rmse,78.38047021083894,1.1545592540123175,77.11472914828207,79.76533121924668,5,5,3bf92063fd99e23b7cbdf6a439a2fc4344807710,outputs/c04_final_hardened_3bf9206,C04_FD004_3bf92063fd99_seed_101|C04_FD004_3bf92063fd99_seed_13|C04_FD004_3bf92063fd99_seed_137|C04_FD004_3bf92063fd99_seed_37|C04_FD004_3bf92063fd99_seed_73,1c08faede2582624803d4b9cfb0b1506c4b1b42083a2a1dea7a2959bc3121108|288229b7f42eaea4421ebce9b2ffa23fc9550f063e8a22a19ee4326ca1156103|6a49609200cd54bad7502c1381d9721caeb4bfd298c5a7ac2a5effc5165dd643|6e06015c4fcdc28c448dac7b3c1c59cace3949f642d1ef952b369d2f1ffeae31|8b2ff1aaee617177379692a16091dd8e45246fc2aabdfb843bc007d3c9ec7da9,
point,C04,FD004,primary,ridge,clipped,signed_error,-14.653225806451616,1.361820169970393,-16.870967741935484,-13.34274193548387,5,5,3bf92063fd99e23b7cbdf6a439a2fc4344807710,outputs/c04_final_hardened_3bf9206,C04_FD004_3bf92063fd99_seed_101|C04_FD004_3bf92063fd99_seed_13|C04_FD004_3bf92063fd99_seed_137|C04_FD004_3bf92063fd99_seed_37|C04_FD004_3bf92063fd99_seed_73,1c08faede2582624803d4b9cfb0b1506c4b1b42083a2a1dea7a2959bc3121108|288229b7f42eaea4421ebce9b2ffa23fc9550f063e8a22a19ee4326ca1156103|6a49609200cd54bad7502c1381d9721caeb4bfd298c5a7ac2a5effc5165dd643|6e06015c4fcdc28c448dac7b3c1c59cace3949f642d1ef952b369d2f1ffeae31|8b2ff1aaee617177379692a16091dd8e45246fc2aabdfb843bc007d3c9ec7da9,
point,C04,FD004,primary,ridge,raw,mae,16962044743712.496,5488286927344.869,9561534953693.299,22752971468432.97,5,5,3bf92063fd99e23b7cbdf6a439a2fc4344807710,outputs/c04_final_hardened_3bf9206,C04_FD004_3bf92063fd99_seed_101|C04_FD004_3bf92063fd99_seed_13|C04_FD004_3bf92063fd99_seed_137|C04_FD004_3bf92063fd99_seed_37|C04_FD004_3bf92063fd99_seed_73,1c08faede2582624803d4b9cfb0b1506c4b1b42083a2a1dea7a2959bc3121108|288229b7f42eaea4421ebce9b2ffa23fc9550f063e8a22a19ee4326ca1156103|6a49609200cd54bad7502c1381d9721caeb4bfd298c5a7ac2a5effc5165dd643|6e06015c4fcdc28c448dac7b3c1c59cace3949f642d1ef952b369d2f1ffeae31|8b2ff1aaee617177379692a16091dd8e45246fc2aabdfb843bc007d3c9ec7da9,
point,C04,FD004,primary,ridge,raw,nasa_score,PENDING,PENDING,PENDING,PENDING,5,0,3bf92063fd99e23b7cbdf6a439a2fc4344807710,outputs/c04_final_hardened_3bf9206,C04_FD004_3bf92063fd99_seed_101|C04_FD004_3bf92063fd99_seed_13|C04_FD004_3bf92063fd99_seed_137|C04_FD004_3bf92063fd99_seed_37|C04_FD004_3bf92063fd99_seed_73,1c08faede2582624803d4b9cfb0b1506c4b1b42083a2a1dea7a2959bc3121108|288229b7f42eaea4421ebce9b2ffa23fc9550f063e8a22a19ee4326ca1156103|6a49609200cd54bad7502c1381d9721caeb4bfd298c5a7ac2a5effc5165dd643|6e06015c4fcdc28c448dac7b3c1c59cace3949f642d1ef952b369d2f1ffeae31|8b2ff1aaee617177379692a16091dd8e45246fc2aabdfb843bc007d3c9ec7da9,
point,C04,FD004,primary,ridge,raw,rmse,21243822615042.562,6930278956971.988,11905855146183.656,28559119390274.266,5,5,3bf92063fd99e23b7cbdf6a439a2fc4344807710,outputs/c04_final_hardened_3bf9206,C04_FD004_3bf92063fd99_seed_101|C04_FD004_3bf92063fd99_seed_13|C04_FD004_3bf92063fd99_seed_137|C04_FD004_3bf92063fd99_seed_37|C04_FD004_3bf92063fd99_seed_73,1c08faede2582624803d4b9cfb0b1506c4b1b42083a2a1dea7a2959bc3121108|288229b7f42eaea4421ebce9b2ffa23fc9550f063e8a22a19ee4326ca1156103|6a49609200cd54bad7502c1381d9721caeb4bfd298c5a7ac2a5effc5165dd643|6e06015c4fcdc28c448dac7b3c1c59cace3949f642d1ef952b369d2f1ffeae31|8b2ff1aaee617177379692a16091dd8e45246fc2aabdfb843bc007d3c9ec7da9,
point,C04,FD004,primary,ridge,raw,signed_error,1465075800261.3423,611704307620.6027,871425731383.5537,2130619695496.3213,5,5,3bf92063fd99e23b7cbdf6a439a2fc4344807710,outputs/c04_final_hardened_3bf9206,C04_FD004_3bf92063fd99_seed_101|C04_FD004_3bf92063fd99_seed_13|C04_FD004_3bf92063fd99_seed_137|C04_FD004_3bf92063fd99_seed_37|C04_FD004_3bf92063fd99_seed_73,1c08faede2582624803d4b9cfb0b1506c4b1b42083a2a1dea7a2959bc3121108|288229b7f42eaea4421ebce9b2ffa23fc9550f063e8a22a19ee4326ca1156103|6a49609200cd54bad7502c1381d9721caeb4bfd298c5a7ac2a5effc5165dd643|6e06015c4fcdc28c448dac7b3c1c59cace3949f642d1ef952b369d2f1ffeae31|8b2ff1aaee617177379692a16091dd8e45246fc2aabdfb843bc007d3c9ec7da9,
point,C05,FD002,primary,hist_gradient_boosting,clipped,mae,30.861292378451715,1.8430121621359914,28.209007761177276,32.37644548499069,5,5,0cfbe6357863e5bffcf4b3223823d1323fd86b0a,outputs/c05_final_bounded_0cfbe63,C05_FD002_0cfbe6357863_seed_101|C05_FD002_0cfbe6357863_seed_13|C05_FD002_0cfbe6357863_seed_137|C05_FD002_0cfbe6357863_seed_37|C05_FD002_0cfbe6357863_seed_73,1e95a13993dad8fb4c5db1d71a8ec149792edbaad0e4a83cf95ad506a3aa4b1c|3a4301dbf785b66065f41e6606400b7adda5445c868f9692a2d2af904fe2616a|70d7be6bf67e11cf173126f71cafab59bc9610c729270ecc14bc6c9199780609|99352554768cf7505302650644f9471ae66c5ae7a06713d578b73209ca6bc14b|ff59ec61b276ad590c54f60902a1c198b9e920da5130c6a0e9f543191c012847,
point,C05,FD002,primary,hist_gradient_boosting,clipped,nasa_score,29049.131719511155,30219.781318280504,9475.858523299894,82234.78572918085,5,5,0cfbe6357863e5bffcf4b3223823d1323fd86b0a,outputs/c05_final_bounded_0cfbe63,C05_FD002_0cfbe6357863_seed_101|C05_FD002_0cfbe6357863_seed_13|C05_FD002_0cfbe6357863_seed_137|C05_FD002_0cfbe6357863_seed_37|C05_FD002_0cfbe6357863_seed_73,1e95a13993dad8fb4c5db1d71a8ec149792edbaad0e4a83cf95ad506a3aa4b1c|3a4301dbf785b66065f41e6606400b7adda5445c868f9692a2d2af904fe2616a|70d7be6bf67e11cf173126f71cafab59bc9610c729270ecc14bc6c9199780609|99352554768cf7505302650644f9471ae66c5ae7a06713d578b73209ca6bc14b|ff59ec61b276ad590c54f60902a1c198b9e920da5130c6a0e9f543191c012847,
point,C05,FD002,primary,hist_gradient_boosting,clipped,rmse,35.988285767730375,2.309331477637858,33.72468363238086,39.296290636833604,5,5,0cfbe6357863e5bffcf4b3223823d1323fd86b0a,outputs/c05_final_bounded_0cfbe63,C05_FD002_0cfbe6357863_seed_101|C05_FD002_0cfbe6357863_seed_13|C05_FD002_0cfbe6357863_seed_137|C05_FD002_0cfbe6357863_seed_37|C05_FD002_0cfbe6357863_seed_73,1e95a13993dad8fb4c5db1d71a8ec149792edbaad0e4a83cf95ad506a3aa4b1c|3a4301dbf785b66065f41e6606400b7adda5445c868f9692a2d2af904fe2616a|70d7be6bf67e11cf173126f71cafab59bc9610c729270ecc14bc6c9199780609|99352554768cf7505302650644f9471ae66c5ae7a06713d578b73209ca6bc14b|ff59ec61b276ad590c54f60902a1c198b9e920da5130c6a0e9f543191c012847,
point,C05,FD002,primary,hist_gradient_boosting,clipped,signed_error,3.239455100409521,8.23587182963347,-5.830636257265837,14.4339880172615,5,5,0cfbe6357863e5bffcf4b3223823d1323fd86b0a,outputs/c05_final_bounded_0cfbe63,C05_FD002_0cfbe6357863_seed_101|C05_FD002_0cfbe6357863_seed_13|C05_FD002_0cfbe6357863_seed_137|C05_FD002_0cfbe6357863_seed_37|C05_FD002_0cfbe6357863_seed_73,1e95a13993dad8fb4c5db1d71a8ec149792edbaad0e4a83cf95ad506a3aa4b1c|3a4301dbf785b66065f41e6606400b7adda5445c868f9692a2d2af904fe2616a|70d7be6bf67e11cf173126f71cafab59bc9610c729270ecc14bc6c9199780609|99352554768cf7505302650644f9471ae66c5ae7a06713d578b73209ca6bc14b|ff59ec61b276ad590c54f60902a1c198b9e920da5130c6a0e9f543191c012847,
point,C05,FD002,primary,hist_gradient_boosting,raw,mae,38.35550087266021,1.8430121621359927,35.70321625538577,39.87065397919919,5,5,0cfbe6357863e5bffcf4b3223823d1323fd86b0a,outputs/c05_final_bounded_0cfbe63,C05_FD002_0cfbe6357863_seed_101|C05_FD002_0cfbe6357863_seed_13|C05_FD002_0cfbe6357863_seed_137|C05_FD002_0cfbe6357863_seed_37|C05_FD002_0cfbe6357863_seed_73,1e95a13993dad8fb4c5db1d71a8ec149792edbaad0e4a83cf95ad506a3aa4b1c|3a4301dbf785b66065f41e6606400b7adda5445c868f9692a2d2af904fe2616a|70d7be6bf67e11cf173126f71cafab59bc9610c729270ecc14bc6c9199780609|99352554768cf7505302650644f9471ae66c5ae7a06713d578b73209ca6bc14b|ff59ec61b276ad590c54f60902a1c198b9e920da5130c6a0e9f543191c012847,
point,C05,FD002,primary,hist_gradient_boosting,raw,nasa_score,87639.64965193918,21898.405403973316,53089.04589165508,104516.82593870215,5,5,0cfbe6357863e5bffcf4b3223823d1323fd86b0a,outputs/c05_final_bounded_0cfbe63,C05_FD002_0cfbe6357863_seed_101|C05_FD002_0cfbe6357863_seed_13|C05_FD002_0cfbe6357863_seed_137|C05_FD002_0cfbe6357863_seed_37|C05_FD002_0cfbe6357863_seed_73,1e95a13993dad8fb4c5db1d71a8ec149792edbaad0e4a83cf95ad506a3aa4b1c|3a4301dbf785b66065f41e6606400b7adda5445c868f9692a2d2af904fe2616a|70d7be6bf67e11cf173126f71cafab59bc9610c729270ecc14bc6c9199780609|99352554768cf7505302650644f9471ae66c5ae7a06713d578b73209ca6bc14b|ff59ec61b276ad590c54f60902a1c198b9e920da5130c6a0e9f543191c012847,
point,C05,FD002,primary,hist_gradient_boosting,raw,rmse,46.01743271467954,2.2958378501037413,42.50213076650574,48.17750822524849,5,5,0cfbe6357863e5bffcf4b3223823d1323fd86b0a,outputs/c05_final_bounded_0cfbe63,C05_FD002_0cfbe6357863_seed_101|C05_FD002_0cfbe6357863_seed_13|C05_FD002_0cfbe6357863_seed_137|C05_FD002_0cfbe6357863_seed_37|C05_FD002_0cfbe6357863_seed_73,1e95a13993dad8fb4c5db1d71a8ec149792edbaad0e4a83cf95ad506a3aa4b1c|3a4301dbf785b66065f41e6606400b7adda5445c868f9692a2d2af904fe2616a|70d7be6bf67e11cf173126f71cafab59bc9610c729270ecc14bc6c9199780609|99352554768cf7505302650644f9471ae66c5ae7a06713d578b73209ca6bc14b|ff59ec61b276ad590c54f60902a1c198b9e920da5130c6a0e9f543191c012847,
point,C05,FD002,primary,hist_gradient_boosting,raw,signed_error,-4.2547533937989765,8.235871829633464,-13.324844751474327,6.939779523052984,5,5,0cfbe6357863e5bffcf4b3223823d1323fd86b0a,outputs/c05_final_bounded_0cfbe63,C05_FD002_0cfbe6357863_seed_101|C05_FD002_0cfbe6357863_seed_13|C05_FD002_0cfbe6357863_seed_137|C05_FD002_0cfbe6357863_seed_37|C05_FD002_0cfbe6357863_seed_73,1e95a13993dad8fb4c5db1d71a8ec149792edbaad0e4a83cf95ad506a3aa4b1c|3a4301dbf785b66065f41e6606400b7adda5445c868f9692a2d2af904fe2616a|70d7be6bf67e11cf173126f71cafab59bc9610c729270ecc14bc6c9199780609|99352554768cf7505302650644f9471ae66c5ae7a06713d578b73209ca6bc14b|ff59ec61b276ad590c54f60902a1c198b9e920da5130c6a0e9f543191c012847,
point,C05,FD002,primary,mean,clipped,mae,38.112409659471496,0.07746166976880067,37.99180144520195,38.20456330556378,5,5,0cfbe6357863e5bffcf4b3223823d1323fd86b0a,outputs/c05_final_bounded_0cfbe63,C05_FD002_0cfbe6357863_seed_101|C05_FD002_0cfbe6357863_seed_13|C05_FD002_0cfbe6357863_seed_137|C05_FD002_0cfbe6357863_seed_37|C05_FD002_0cfbe6357863_seed_73,1e95a13993dad8fb4c5db1d71a8ec149792edbaad0e4a83cf95ad506a3aa4b1c|3a4301dbf785b66065f41e6606400b7adda5445c868f9692a2d2af904fe2616a|70d7be6bf67e11cf173126f71cafab59bc9610c729270ecc14bc6c9199780609|99352554768cf7505302650644f9471ae66c5ae7a06713d578b73209ca6bc14b|ff59ec61b276ad590c54f60902a1c198b9e920da5130c6a0e9f543191c012847,
point,C05,FD002,primary,mean,clipped,nasa_score,112334.17342550358,8483.422988214183,98987.53409841082,122228.3082621349,5,5,0cfbe6357863e5bffcf4b3223823d1323fd86b0a,outputs/c05_final_bounded_0cfbe63,C05_FD002_0cfbe6357863_seed_101|C05_FD002_0cfbe6357863_seed_13|C05_FD002_0cfbe6357863_seed_137|C05_FD002_0cfbe6357863_seed_37|C05_FD002_0cfbe6357863_seed_73,1e95a13993dad8fb4c5db1d71a8ec149792edbaad0e4a83cf95ad506a3aa4b1c|3a4301dbf785b66065f41e6606400b7adda5445c868f9692a2d2af904fe2616a|70d7be6bf67e11cf173126f71cafab59bc9610c729270ecc14bc6c9199780609|99352554768cf7505302650644f9471ae66c5ae7a06713d578b73209ca6bc14b|ff59ec61b276ad590c54f60902a1c198b9e920da5130c6a0e9f543191c012847,
point,C05,FD002,primary,mean,clipped,rmse,44.84194209381898,0.2236586899493869,44.48803616309352,45.09959119708452,5,5,0cfbe6357863e5bffcf4b3223823d1323fd86b0a,outputs/c05_final_bounded_0cfbe63,C05_FD002_0cfbe6357863_seed_101|C05_FD002_0cfbe6357863_seed_13|C05_FD002_0cfbe6357863_seed_137|C05_FD002_0cfbe6357863_seed_37|C05_FD002_0cfbe6357863_seed_73,1e95a13993dad8fb4c5db1d71a8ec149792edbaad0e4a83cf95ad506a3aa4b1c|3a4301dbf785b66065f41e6606400b7adda5445c868f9692a2d2af904fe2616a|70d7be6bf67e11cf173126f71cafab59bc9610c729270ecc14bc6c9199780609|99352554768cf7505302650644f9471ae66c5ae7a06713d578b73209ca6bc14b|ff59ec61b276ad590c54f60902a1c198b9e920da5130c6a0e9f543191c012847,
point,C05,FD002,primary,mean,clipped,signed_error,12.905702352084592,0.7918295912395549,11.636336228275846,13.791014658570518,5,5,0cfbe6357863e5bffcf4b3223823d1323fd86b0a,outputs/c05_final_bounded_0cfbe63,C05_FD002_0cfbe6357863_seed_101|C05_FD002_0cfbe6357863_seed_13|C05_FD002_0cfbe6357863_seed_137|C05_FD002_0cfbe6357863_seed_37|C05_FD002_0cfbe6357863_seed_73,1e95a13993dad8fb4c5db1d71a8ec149792edbaad0e4a83cf95ad506a3aa4b1c|3a4301dbf785b66065f41e6606400b7adda5445c868f9692a2d2af904fe2616a|70d7be6bf67e11cf173126f71cafab59bc9610c729270ecc14bc6c9199780609|99352554768cf7505302650644f9471ae66c5ae7a06713d578b73209ca6bc14b|ff59ec61b276ad590c54f60902a1c198b9e920da5130c6a0e9f543191c012847,
point,C05,FD002,primary,mean,raw,mae,45.606618153679996,0.07746166976880257,45.486009939410444,45.69877179977228,5,5,0cfbe6357863e5bffcf4b3223823d1323fd86b0a,outputs/c05_final_bounded_0cfbe63,C05_FD002_0cfbe6357863_seed_101|C05_FD002_0cfbe6357863_seed_13|C05_FD002_0cfbe6357863_seed_137|C05_FD002_0cfbe6357863_seed_37|C05_FD002_0cfbe6357863_seed_73,1e95a13993dad8fb4c5db1d71a8ec149792edbaad0e4a83cf95ad506a3aa4b1c|3a4301dbf785b66065f41e6606400b7adda5445c868f9692a2d2af904fe2616a|70d7be6bf67e11cf173126f71cafab59bc9610c729270ecc14bc6c9199780609|99352554768cf7505302650644f9471ae66c5ae7a06713d578b73209ca6bc14b|ff59ec61b276ad590c54f60902a1c198b9e920da5130c6a0e9f543191c012847,
point,C05,FD002,primary,mean,raw,nasa_score,150959.34006675627,6089.574229929488,141510.47498401118,158256.4094030522,5,5,0cfbe6357863e5bffcf4b3223823d1323fd86b0a,outputs/c05_final_bounded_0cfbe63,C05_FD002_0cfbe6357863_seed_101|C05_FD002_0cfbe6357863_seed_13|C05_FD002_0cfbe6357863_seed_137|C05_FD002_0cfbe6357863_seed_37|C05_FD002_0cfbe6357863_seed_73,1e95a13993dad8fb4c5db1d71a8ec149792edbaad0e4a83cf95ad506a3aa4b1c|3a4301dbf785b66065f41e6606400b7adda5445c868f9692a2d2af904fe2616a|70d7be6bf67e11cf173126f71cafab59bc9610c729270ecc14bc6c9199780609|99352554768cf7505302650644f9471ae66c5ae7a06713d578b73209ca6bc14b|ff59ec61b276ad590c54f60902a1c198b9e920da5130c6a0e9f543191c012847,
point,C05,FD002,primary,mean,raw,rmse,54.054971931864465,0.07561545146199214,53.93807491765073,54.14617688746198,5,5,0cfbe6357863e5bffcf4b3223823d1323fd86b0a,outputs/c05_final_bounded_0cfbe63,C05_FD002_0cfbe6357863_seed_101|C05_FD002_0cfbe6357863_seed_13|C05_FD002_0cfbe6357863_seed_137|C05_FD002_0cfbe6357863_seed_37|C05_FD002_0cfbe6357863_seed_73,1e95a13993dad8fb4c5db1d71a8ec149792edbaad0e4a83cf95ad506a3aa4b1c|3a4301dbf785b66065f41e6606400b7adda5445c868f9692a2d2af904fe2616a|70d7be6bf67e11cf173126f71cafab59bc9610c729270ecc14bc6c9199780609|99352554768cf7505302650644f9471ae66c5ae7a06713d578b73209ca6bc14b|ff59ec61b276ad590c54f60902a1c198b9e920da5130c6a0e9f543191c012847,
point,C05,FD002,primary,mean,raw,signed_error,5.411493857876142,0.7918295912395915,4.142127734067332,6.296806164362153,5,5,0cfbe6357863e5bffcf4b3223823d1323fd86b0a,outputs/c05_final_bounded_0cfbe63,C05_FD002_0cfbe6357863_seed_101|C05_FD002_0cfbe6357863_seed_13|C05_FD002_0cfbe6357863_seed_137|C05_FD002_0cfbe6357863_seed_37|C05_FD002_0cfbe6357863_seed_73,1e95a13993dad8fb4c5db1d71a8ec149792edbaad0e4a83cf95ad506a3aa4b1c|3a4301dbf785b66065f41e6606400b7adda5445c868f9692a2d2af904fe2616a|70d7be6bf67e11cf173126f71cafab59bc9610c729270ecc14bc6c9199780609|99352554768cf7505302650644f9471ae66c5ae7a06713d578b73209ca6bc14b|ff59ec61b276ad590c54f60902a1c198b9e920da5130c6a0e9f543191c012847,
point,C05,FD002,primary,ridge,clipped,mae,65.76833976833976,0.9912934737011658,64.55984555984556,66.86872586872587,5,5,0cfbe6357863e5bffcf4b3223823d1323fd86b0a,outputs/c05_final_bounded_0cfbe63,C05_FD002_0cfbe6357863_seed_101|C05_FD002_0cfbe6357863_seed_13|C05_FD002_0cfbe6357863_seed_137|C05_FD002_0cfbe6357863_seed_37|C05_FD002_0cfbe6357863_seed_73,1e95a13993dad8fb4c5db1d71a8ec149792edbaad0e4a83cf95ad506a3aa4b1c|3a4301dbf785b66065f41e6606400b7adda5445c868f9692a2d2af904fe2616a|70d7be6bf67e11cf173126f71cafab59bc9610c729270ecc14bc6c9199780609|99352554768cf7505302650644f9471ae66c5ae7a06713d578b73209ca6bc14b|ff59ec61b276ad590c54f60902a1c198b9e920da5130c6a0e9f543191c012847,
point,C05,FD002,primary,ridge,clipped,nasa_score,3439135.277859521,132762.02191370676,3289717.7701491015,3627781.157479643,5,5,0cfbe6357863e5bffcf4b3223823d1323fd86b0a,outputs/c05_final_bounded_0cfbe63,C05_FD002_0cfbe6357863_seed_101|C05_FD002_0cfbe6357863_seed_13|C05_FD002_0cfbe6357863_seed_137|C05_FD002_0cfbe6357863_seed_37|C05_FD002_0cfbe6357863_seed_73,1e95a13993dad8fb4c5db1d71a8ec149792edbaad0e4a83cf95ad506a3aa4b1c|3a4301dbf785b66065f41e6606400b7adda5445c868f9692a2d2af904fe2616a|70d7be6bf67e11cf173126f71cafab59bc9610c729270ecc14bc6c9199780609|99352554768cf7505302650644f9471ae66c5ae7a06713d578b73209ca6bc14b|ff59ec61b276ad590c54f60902a1c198b9e920da5130c6a0e9f543191c012847,
point,C05,FD002,primary,ridge,clipped,rmse,79.26743272830547,0.7816492805596966,78.3118949825178,80.13340710566932,5,5,0cfbe6357863e5bffcf4b3223823d1323fd86b0a,outputs/c05_final_bounded_0cfbe63,C05_FD002_0cfbe6357863_seed_101|C05_FD002_0cfbe6357863_seed_13|C05_FD002_0cfbe6357863_seed_137|C05_FD002_0cfbe6357863_seed_37|C05_FD002_0cfbe6357863_seed_73,1e95a13993dad8fb4c5db1d71a8ec149792edbaad0e4a83cf95ad506a3aa4b1c|3a4301dbf785b66065f41e6606400b7adda5445c868f9692a2d2af904fe2616a|70d7be6bf67e11cf173126f71cafab59bc9610c729270ecc14bc6c9199780609|99352554768cf7505302650644f9471ae66c5ae7a06713d578b73209ca6bc14b|ff59ec61b276ad590c54f60902a1c198b9e920da5130c6a0e9f543191c012847,
point,C05,FD002,primary,ridge,clipped,signed_error,-10.37065637065637,1.8816205298859003,-12.397683397683398,-7.571428571428571,5,5,0cfbe6357863e5bffcf4b3223823d1323fd86b0a,outputs/c05_final_bounded_0cfbe63,C05_FD002_0cfbe6357863_seed_101|C05_FD002_0cfbe6357863_seed_13|C05_FD002_0cfbe6357863_seed_137|C05_FD002_0cfbe6357863_seed_37|C05_FD002_0cfbe6357863_seed_73,1e95a13993dad8fb4c5db1d71a8ec149792edbaad0e4a83cf95ad506a3aa4b1c|3a4301dbf785b66065f41e6606400b7adda5445c868f9692a2d2af904fe2616a|70d7be6bf67e11cf173126f71cafab59bc9610c729270ecc14bc6c9199780609|99352554768cf7505302650644f9471ae66c5ae7a06713d578b73209ca6bc14b|ff59ec61b276ad590c54f60902a1c198b9e920da5130c6a0e9f543191c012847,
point,C05,FD002,primary,ridge,raw,mae,16621890658786.34,5461049991920.097,9070716517083.24,22010154539553.24,5,5,0cfbe6357863e5bffcf4b3223823d1323fd86b0a,outputs/c05_final_bounded_0cfbe63,C05_FD002_0cfbe6357863_seed_101|C05_FD002_0cfbe6357863_seed_13|C05_FD002_0cfbe6357863_seed_137|C05_FD002_0cfbe6357863_seed_37|C05_FD002_0cfbe6357863_seed_73,1e95a13993dad8fb4c5db1d71a8ec149792edbaad0e4a83cf95ad506a3aa4b1c|3a4301dbf785b66065f41e6606400b7adda5445c868f9692a2d2af904fe2616a|70d7be6bf67e11cf173126f71cafab59bc9610c729270ecc14bc6c9199780609|99352554768cf7505302650644f9471ae66c5ae7a06713d578b73209ca6bc14b|ff59ec61b276ad590c54f60902a1c198b9e920da5130c6a0e9f543191c012847,
point,C05,FD002,primary,ridge,raw,nasa_score,PENDING,PENDING,PENDING,PENDING,5,0,0cfbe6357863e5bffcf4b3223823d1323fd86b0a,outputs/c05_final_bounded_0cfbe63,C05_FD002_0cfbe6357863_seed_101|C05_FD002_0cfbe6357863_seed_13|C05_FD002_0cfbe6357863_seed_137|C05_FD002_0cfbe6357863_seed_37|C05_FD002_0cfbe6357863_seed_73,1e95a13993dad8fb4c5db1d71a8ec149792edbaad0e4a83cf95ad506a3aa4b1c|3a4301dbf785b66065f41e6606400b7adda5445c868f9692a2d2af904fe2616a|70d7be6bf67e11cf173126f71cafab59bc9610c729270ecc14bc6c9199780609|99352554768cf7505302650644f9471ae66c5ae7a06713d578b73209ca6bc14b|ff59ec61b276ad590c54f60902a1c198b9e920da5130c6a0e9f543191c012847,
point,C05,FD002,primary,ridge,raw,rmse,20902112683245.5,6782892988015.592,11533786481163.914,27644461857094.008,5,5,0cfbe6357863e5bffcf4b3223823d1323fd86b0a,outputs/c05_final_bounded_0cfbe63,C05_FD002_0cfbe6357863_seed_101|C05_FD002_0cfbe6357863_seed_13|C05_FD002_0cfbe6357863_seed_137|C05_FD002_0cfbe6357863_seed_37|C05_FD002_0cfbe6357863_seed_73,1e95a13993dad8fb4c5db1d71a8ec149792edbaad0e4a83cf95ad506a3aa4b1c|3a4301dbf785b66065f41e6606400b7adda5445c868f9692a2d2af904fe2616a|70d7be6bf67e11cf173126f71cafab59bc9610c729270ecc14bc6c9199780609|99352554768cf7505302650644f9471ae66c5ae7a06713d578b73209ca6bc14b|ff59ec61b276ad590c54f60902a1c198b9e920da5130c6a0e9f543191c012847,
point,C05,FD002,primary,ridge,raw,signed_error,-442126952027.52405,363530621830.60864,-1020415803524.0406,-49530845529.28472,5,5,0cfbe6357863e5bffcf4b3223823d1323fd86b0a,outputs/c05_final_bounded_0cfbe63,C05_FD002_0cfbe6357863_seed_101|C05_FD002_0cfbe6357863_seed_13|C05_FD002_0cfbe6357863_seed_137|C05_FD002_0cfbe6357863_seed_37|C05_FD002_0cfbe6357863_seed_73,1e95a13993dad8fb4c5db1d71a8ec149792edbaad0e4a83cf95ad506a3aa4b1c|3a4301dbf785b66065f41e6606400b7adda5445c868f9692a2d2af904fe2616a|70d7be6bf67e11cf173126f71cafab59bc9610c729270ecc14bc6c9199780609|99352554768cf7505302650644f9471ae66c5ae7a06713d578b73209ca6bc14b|ff59ec61b276ad590c54f60902a1c198b9e920da5130c6a0e9f543191c012847,
point,C05,FD003,primary,hist_gradient_boosting,clipped,mae,17.674055997854992,0.6650250883833092,17.265898520119435,18.83878834247258,5,5,0cfbe6357863e5bffcf4b3223823d1323fd86b0a,outputs/c05_final_bounded_0cfbe63,C05_FD003_0cfbe6357863_seed_101|C05_FD003_0cfbe6357863_seed_13|C05_FD003_0cfbe6357863_seed_137|C05_FD003_0cfbe6357863_seed_37|C05_FD003_0cfbe6357863_seed_73,2e997dcc66a0d456dfc1ac9131ab7917bf2a897f53d564aba60576512fb35537|60882fe97a3f29d6b2a2067e4ebbaa3ff993a5bb00b5d52872a73d2045c22fce|9c1d792e662e378d8c99795993e7d7ecaffcaa1bbe21d144f6cc2849ce1ef497|b514239b17d8c782e8fc9717591c9d6b8130e7089f536fa1d841866d41866542|ca1794ba628bebb8ae304a79b285fc8165758b95665cb7568c0d758e008827b0,
point,C05,FD003,primary,hist_gradient_boosting,clipped,nasa_score,2338.4551390868073,1006.8570139870693,1392.945975780299,3658.9358947277005,5,5,0cfbe6357863e5bffcf4b3223823d1323fd86b0a,outputs/c05_final_bounded_0cfbe63,C05_FD003_0cfbe6357863_seed_101|C05_FD003_0cfbe6357863_seed_13|C05_FD003_0cfbe6357863_seed_137|C05_FD003_0cfbe6357863_seed_37|C05_FD003_0cfbe6357863_seed_73,2e997dcc66a0d456dfc1ac9131ab7917bf2a897f53d564aba60576512fb35537|60882fe97a3f29d6b2a2067e4ebbaa3ff993a5bb00b5d52872a73d2045c22fce|9c1d792e662e378d8c99795993e7d7ecaffcaa1bbe21d144f6cc2849ce1ef497|b514239b17d8c782e8fc9717591c9d6b8130e7089f536fa1d841866d41866542|ca1794ba628bebb8ae304a79b285fc8165758b95665cb7568c0d758e008827b0,
point,C05,FD003,primary,hist_gradient_boosting,clipped,rmse,23.052005208073915,1.0823817167200227,21.982808581882498,24.543161308118567,5,5,0cfbe6357863e5bffcf4b3223823d1323fd86b0a,outputs/c05_final_bounded_0cfbe63,C05_FD003_0cfbe6357863_seed_101|C05_FD003_0cfbe6357863_seed_13|C05_FD003_0cfbe6357863_seed_137|C05_FD003_0cfbe6357863_seed_37|C05_FD003_0cfbe6357863_seed_73,2e997dcc66a0d456dfc1ac9131ab7917bf2a897f53d564aba60576512fb35537|60882fe97a3f29d6b2a2067e4ebbaa3ff993a5bb00b5d52872a73d2045c22fce|9c1d792e662e378d8c99795993e7d7ecaffcaa1bbe21d144f6cc2849ce1ef497|b514239b17d8c782e8fc9717591c9d6b8130e7089f536fa1d841866d41866542|ca1794ba628bebb8ae304a79b285fc8165758b95665cb7568c0d758e008827b0,
point,C05,FD003,primary,hist_gradient_boosting,clipped,signed_error,10.91132161025649,1.7385802856507382,8.948873650711498,12.675425708525863,5,5,0cfbe6357863e5bffcf4b3223823d1323fd86b0a,outputs/c05_final_bounded_0cfbe63,C05_FD003_0cfbe6357863_seed_101|C05_FD003_0cfbe6357863_seed_13|C05_FD003_0cfbe6357863_seed_137|C05_FD003_0cfbe6357863_seed_37|C05_FD003_0cfbe6357863_seed_73,2e997dcc66a0d456dfc1ac9131ab7917bf2a897f53d564aba60576512fb35537|60882fe97a3f29d6b2a2067e4ebbaa3ff993a5bb00b5d52872a73d2045c22fce|9c1d792e662e378d8c99795993e7d7ecaffcaa1bbe21d144f6cc2849ce1ef497|b514239b17d8c782e8fc9717591c9d6b8130e7089f536fa1d841866d41866542|ca1794ba628bebb8ae304a79b285fc8165758b95665cb7568c0d758e008827b0,
point,C05,FD003,primary,hist_gradient_boosting,raw,mae,19.23405599785499,0.6650250883833071,18.825898520119434,20.398788342472574,5,5,0cfbe6357863e5bffcf4b3223823d1323fd86b0a,outputs/c05_final_bounded_0cfbe63,C05_FD003_0cfbe6357863_seed_101|C05_FD003_0cfbe6357863_seed_13|C05_FD003_0cfbe6357863_seed_137|C05_FD003_0cfbe6357863_seed_37|C05_FD003_0cfbe6357863_seed_73,2e997dcc66a0d456dfc1ac9131ab7917bf2a897f53d564aba60576512fb35537|60882fe97a3f29d6b2a2067e4ebbaa3ff993a5bb00b5d52872a73d2045c22fce|9c1d792e662e378d8c99795993e7d7ecaffcaa1bbe21d144f6cc2849ce1ef497|b514239b17d8c782e8fc9717591c9d6b8130e7089f536fa1d841866d41866542|ca1794ba628bebb8ae304a79b285fc8165758b95665cb7568c0d758e008827b0,
point,C05,FD003,primary,hist_gradient_boosting,raw,nasa_score,2402.4423795153352,1004.1625520779212,1468.6736489656548,3725.295273298767,5,5,0cfbe6357863e5bffcf4b3223823d1323fd86b0a,outputs/c05_final_bounded_0cfbe63,C05_FD003_0cfbe6357863_seed_101|C05_FD003_0cfbe6357863_seed_13|C05_FD003_0cfbe6357863_seed_137|C05_FD003_0cfbe6357863_seed_37|C05_FD003_0cfbe6357863_seed_73,2e997dcc66a0d456dfc1ac9131ab7917bf2a897f53d564aba60576512fb35537|60882fe97a3f29d6b2a2067e4ebbaa3ff993a5bb00b5d52872a73d2045c22fce|9c1d792e662e378d8c99795993e7d7ecaffcaa1bbe21d144f6cc2849ce1ef497|b514239b17d8c782e8fc9717591c9d6b8130e7089f536fa1d841866d41866542|ca1794ba628bebb8ae304a79b285fc8165758b95665cb7568c0d758e008827b0,
point,C05,FD003,primary,hist_gradient_boosting,raw,rmse,24.263757941436154,1.0048048802791671,23.321075261944713,25.63725699965351,5,5,0cfbe6357863e5bffcf4b3223823d1323fd86b0a,outputs/c05_final_bounded_0cfbe63,C05_FD003_0cfbe6357863_seed_101|C05_FD003_0cfbe6357863_seed_13|C05_FD003_0cfbe6357863_seed_137|C05_FD003_0cfbe6357863_seed_37|C05_FD003_0cfbe6357863_seed_73,2e997dcc66a0d456dfc1ac9131ab7917bf2a897f53d564aba60576512fb35537|60882fe97a3f29d6b2a2067e4ebbaa3ff993a5bb00b5d52872a73d2045c22fce|9c1d792e662e378d8c99795993e7d7ecaffcaa1bbe21d144f6cc2849ce1ef497|b514239b17d8c782e8fc9717591c9d6b8130e7089f536fa1d841866d41866542|ca1794ba628bebb8ae304a79b285fc8165758b95665cb7568c0d758e008827b0,
point,C05,FD003,primary,hist_gradient_boosting,raw,signed_error,9.351321610256491,1.7385802856507389,7.3888736507115,11.115425708525864,5,5,0cfbe6357863e5bffcf4b3223823d1323fd86b0a,outputs/c05_final_bounded_0cfbe63,C05_FD003_0cfbe6357863_seed_101|C05_FD003_0cfbe6357863_seed_13|C05_FD003_0cfbe6357863_seed_137|C05_FD003_0cfbe6357863_seed_37|C05_FD003_0cfbe6357863_seed_73,2e997dcc66a0d456dfc1ac9131ab7917bf2a897f53d564aba60576512fb35537|60882fe97a3f29d6b2a2067e4ebbaa3ff993a5bb00b5d52872a73d2045c22fce|9c1d792e662e378d8c99795993e7d7ecaffcaa1bbe21d144f6cc2849ce1ef497|b514239b17d8c782e8fc9717591c9d6b8130e7089f536fa1d841866d41866542|ca1794ba628bebb8ae304a79b285fc8165758b95665cb7568c0d758e008827b0,
point,C05,FD003,primary,mean,clipped,mae,34.86202297110198,0.1016609248092854,34.71274559193955,34.99642686993806,5,5,0cfbe6357863e5bffcf4b3223823d1323fd86b0a,outputs/c05_final_bounded_0cfbe63,C05_FD003_0cfbe6357863_seed_101|C05_FD003_0cfbe6357863_seed_13|C05_FD003_0cfbe6357863_seed_137|C05_FD003_0cfbe6357863_seed_37|C05_FD003_0cfbe6357863_seed_73,2e997dcc66a0d456dfc1ac9131ab7917bf2a897f53d564aba60576512fb35537|60882fe97a3f29d6b2a2067e4ebbaa3ff993a5bb00b5d52872a73d2045c22fce|9c1d792e662e378d8c99795993e7d7ecaffcaa1bbe21d144f6cc2849ce1ef497|b514239b17d8c782e8fc9717591c9d6b8130e7089f536fa1d841866d41866542|ca1794ba628bebb8ae304a79b285fc8165758b95665cb7568c0d758e008827b0,
point,C05,FD003,primary,mean,clipped,nasa_score,30317.09585801504,2281.1014740898268,26728.67588791434,32978.076017692474,5,5,0cfbe6357863e5bffcf4b3223823d1323fd86b0a,outputs/c05_final_bounded_0cfbe63,C05_FD003_0cfbe6357863_seed_101|C05_FD003_0cfbe6357863_seed_13|C05_FD003_0cfbe6357863_seed_137|C05_FD003_0cfbe6357863_seed_37|C05_FD003_0cfbe6357863_seed_73,2e997dcc66a0d456dfc1ac9131ab7917bf2a897f53d564aba60576512fb35537|60882fe97a3f29d6b2a2067e4ebbaa3ff993a5bb00b5d52872a73d2045c22fce|9c1d792e662e378d8c99795993e7d7ecaffcaa1bbe21d144f6cc2849ce1ef497|b514239b17d8c782e8fc9717591c9d6b8130e7089f536fa1d841866d41866542|ca1794ba628bebb8ae304a79b285fc8165758b95665cb7568c0d758e008827b0,
point,C05,FD003,primary,mean,clipped,rmse,41.22160996732206,0.2420411951535618,40.83856555325073,41.50035386729794,5,5,0cfbe6357863e5bffcf4b3223823d1323fd86b0a,outputs/c05_final_bounded_0cfbe63,C05_FD003_0cfbe6357863_seed_101|C05_FD003_0cfbe6357863_seed_13|C05_FD003_0cfbe6357863_seed_137|C05_FD003_0cfbe6357863_seed_37|C05_FD003_0cfbe6357863_seed_73,2e997dcc66a0d456dfc1ac9131ab7917bf2a897f53d564aba60576512fb35537|60882fe97a3f29d6b2a2067e4ebbaa3ff993a5bb00b5d52872a73d2045c22fce|9c1d792e662e378d8c99795993e7d7ecaffcaa1bbe21d144f6cc2849ce1ef497|b514239b17d8c782e8fc9717591c9d6b8130e7089f536fa1d841866d41866542|ca1794ba628bebb8ae304a79b285fc8165758b95665cb7568c0d758e008827b0,
point,C05,FD003,primary,mean,clipped,signed_error,12.836822043204307,0.7918295912396197,11.567455919395455,13.72213434969034,5,5,0cfbe6357863e5bffcf4b3223823d1323fd86b0a,outputs/c05_final_bounded_0cfbe63,C05_FD003_0cfbe6357863_seed_101|C05_FD003_0cfbe6357863_seed_13|C05_FD003_0cfbe6357863_seed_137|C05_FD003_0cfbe6357863_seed_37|C05_FD003_0cfbe6357863_seed_73,2e997dcc66a0d456dfc1ac9131ab7917bf2a897f53d564aba60576512fb35537|60882fe97a3f29d6b2a2067e4ebbaa3ff993a5bb00b5d52872a73d2045c22fce|9c1d792e662e378d8c99795993e7d7ecaffcaa1bbe21d144f6cc2849ce1ef497|b514239b17d8c782e8fc9717591c9d6b8130e7089f536fa1d841866d41866542|ca1794ba628bebb8ae304a79b285fc8165758b95665cb7568c0d758e008827b0,
point,C05,FD003,primary,mean,raw,mae,36.42202297110198,0.10166092480928483,36.272745591939554,36.556426869938065,5,5,0cfbe6357863e5bffcf4b3223823d1323fd86b0a,outputs/c05_final_bounded_0cfbe63,C05_FD003_0cfbe6357863_seed_101|C05_FD003_0cfbe6357863_seed_13|C05_FD003_0cfbe6357863_seed_137|C05_FD003_0cfbe6357863_seed_37|C05_FD003_0cfbe6357863_seed_73,2e997dcc66a0d456dfc1ac9131ab7917bf2a897f53d564aba60576512fb35537|60882fe97a3f29d6b2a2067e4ebbaa3ff993a5bb00b5d52872a73d2045c22fce|9c1d792e662e378d8c99795993e7d7ecaffcaa1bbe21d144f6cc2849ce1ef497|b514239b17d8c782e8fc9717591c9d6b8130e7089f536fa1d841866d41866542|ca1794ba628bebb8ae304a79b285fc8165758b95665cb7568c0d758e008827b0,
point,C05,FD003,primary,mean,raw,nasa_score,30752.44288528174,2254.099614474388,27207.95500862659,33384.151333184076,5,5,0cfbe6357863e5bffcf4b3223823d1323fd86b0a,outputs/c05_final_bounded_0cfbe63,C05_FD003_0cfbe6357863_seed_101|C05_FD003_0cfbe6357863_seed_13|C05_FD003_0cfbe6357863_seed_137|C05_FD003_0cfbe6357863_seed_37|C05_FD003_0cfbe6357863_seed_73,2e997dcc66a0d456dfc1ac9131ab7917bf2a897f53d564aba60576512fb35537|60882fe97a3f29d6b2a2067e4ebbaa3ff993a5bb00b5d52872a73d2045c22fce|9c1d792e662e378d8c99795993e7d7ecaffcaa1bbe21d144f6cc2849ce1ef497|b514239b17d8c782e8fc9717591c9d6b8130e7089f536fa1d841866d41866542|ca1794ba628bebb8ae304a79b285fc8165758b95665cb7568c0d758e008827b0,
point,C05,FD003,primary,mean,raw,rmse,42.909587990157675,0.20362094153223836,42.5881060153964,43.145279138509665,5,5,0cfbe6357863e5bffcf4b3223823d1323fd86b0a,outputs/c05_final_bounded_0cfbe63,C05_FD003_0cfbe6357863_seed_101|C05_FD003_0cfbe6357863_seed_13|C05_FD003_0cfbe6357863_seed_137|C05_FD003_0cfbe6357863_seed_37|C05_FD003_0cfbe6357863_seed_73,2e997dcc66a0d456dfc1ac9131ab7917bf2a897f53d564aba60576512fb35537|60882fe97a3f29d6b2a2067e4ebbaa3ff993a5bb00b5d52872a73d2045c22fce|9c1d792e662e378d8c99795993e7d7ecaffcaa1bbe21d144f6cc2849ce1ef497|b514239b17d8c782e8fc9717591c9d6b8130e7089f536fa1d841866d41866542|ca1794ba628bebb8ae304a79b285fc8165758b95665cb7568c0d758e008827b0,
point,C05,FD003,primary,mean,raw,signed_error,11.276822043204307,0.7918295912396213,10.00745591939545,12.162134349690339,5,5,0cfbe6357863e5bffcf4b3223823d1323fd86b0a,outputs/c05_final_bounded_0cfbe63,C05_FD003_0cfbe6357863_seed_101|C05_FD003_0cfbe6357863_seed_13|C05_FD003_0cfbe6357863_seed_137|C05_FD003_0cfbe6357863_seed_37|C05_FD003_0cfbe6357863_seed_73,2e997dcc66a0d456dfc1ac9131ab7917bf2a897f53d564aba60576512fb35537|60882fe97a3f29d6b2a2067e4ebbaa3ff993a5bb00b5d52872a73d2045c22fce|9c1d792e662e378d8c99795993e7d7ecaffcaa1bbe21d144f6cc2849ce1ef497|b514239b17d8c782e8fc9717591c9d6b8130e7089f536fa1d841866d41866542|ca1794ba628bebb8ae304a79b285fc8165758b95665cb7568c0d758e008827b0,
point,C05,FD003,primary,ridge,clipped,mae,33.450319194835394,1.0379877300746627,32.44127416083114,35.13979797900625,5,5,0cfbe6357863e5bffcf4b3223823d1323fd86b0a,outputs/c05_final_bounded_0cfbe63,C05_FD003_0cfbe6357863_seed_101|C05_FD003_0cfbe6357863_seed_13|C05_FD003_0cfbe6357863_seed_137|C05_FD003_0cfbe6357863_seed_37|C05_FD003_0cfbe6357863_seed_73,2e997dcc66a0d456dfc1ac9131ab7917bf2a897f53d564aba60576512fb35537|60882fe97a3f29d6b2a2067e4ebbaa3ff993a5bb00b5d52872a73d2045c22fce|9c1d792e662e378d8c99795993e7d7ecaffcaa1bbe21d144f6cc2849ce1ef497|b514239b17d8c782e8fc9717591c9d6b8130e7089f536fa1d841866d41866542|ca1794ba628bebb8ae304a79b285fc8165758b95665cb7568c0d758e008827b0,
point,C05,FD003,primary,ridge,clipped,nasa_score,854250.5627039395,58823.93314744587,749729.1982142796,885380.4170491367,5,5,0cfbe6357863e5bffcf4b3223823d1323fd86b0a,outputs/c05_final_bounded_0cfbe63,C05_FD003_0cfbe6357863_seed_101|C05_FD003_0cfbe6357863_seed_13|C05_FD003_0cfbe6357863_seed_137|C05_FD003_0cfbe6357863_seed_37|C05_FD003_0cfbe6357863_seed_73,2e997dcc66a0d456dfc1ac9131ab7917bf2a897f53d564aba60576512fb35537|60882fe97a3f29d6b2a2067e4ebbaa3ff993a5bb00b5d52872a73d2045c22fce|9c1d792e662e378d8c99795993e7d7ecaffcaa1bbe21d144f6cc2849ce1ef497|b514239b17d8c782e8fc9717591c9d6b8130e7089f536fa1d841866d41866542|ca1794ba628bebb8ae304a79b285fc8165758b95665cb7568c0d758e008827b0,
point,C05,FD003,primary,ridge,clipped,rmse,48.202432708998955,1.5295796238523462,46.43079390479501,50.5289364926238,5,5,0cfbe6357863e5bffcf4b3223823d1323fd86b0a,outputs/c05_final_bounded_0cfbe63,C05_FD003_0cfbe6357863_seed_101|C05_FD003_0cfbe6357863_seed_13|C05_FD003_0cfbe6357863_seed_137|C05_FD003_0cfbe6357863_seed_37|C05_FD003_0cfbe6357863_seed_73,2e997dcc66a0d456dfc1ac9131ab7917bf2a897f53d564aba60576512fb35537|60882fe97a3f29d6b2a2067e4ebbaa3ff993a5bb00b5d52872a73d2045c22fce|9c1d792e662e378d8c99795993e7d7ecaffcaa1bbe21d144f6cc2849ce1ef497|b514239b17d8c782e8fc9717591c9d6b8130e7089f536fa1d841866d41866542|ca1794ba628bebb8ae304a79b285fc8165758b95665cb7568c0d758e008827b0,
point,C05,FD003,primary,ridge,clipped,signed_error,5.718536938367374,4.293627144306302,-1.5852751547131156,9.219717996380645,5,5,0cfbe6357863e5bffcf4b3223823d1323fd86b0a,outputs/c05_final_bounded_0cfbe63,C05_FD003_0cfbe6357863_seed_101|C05_FD003_0cfbe6357863_seed_13|C05_FD003_0cfbe6357863_seed_137|C05_FD003_0cfbe6357863_seed_37|C05_FD003_0cfbe6357863_seed_73,2e997dcc66a0d456dfc1ac9131ab7917bf2a897f53d564aba60576512fb35537|60882fe97a3f29d6b2a2067e4ebbaa3ff993a5bb00b5d52872a73d2045c22fce|9c1d792e662e378d8c99795993e7d7ecaffcaa1bbe21d144f6cc2849ce1ef497|b514239b17d8c782e8fc9717591c9d6b8130e7089f536fa1d841866d41866542|ca1794ba628bebb8ae304a79b285fc8165758b95665cb7568c0d758e008827b0,
point,C05,FD003,primary,ridge,raw,mae,22128190538.617073,10341077814.035809,4394165028.883185,29988438398.67081,5,5,0cfbe6357863e5bffcf4b3223823d1323fd86b0a,outputs/c05_final_bounded_0cfbe63,C05_FD003_0cfbe6357863_seed_101|C05_FD003_0cfbe6357863_seed_13|C05_FD003_0cfbe6357863_seed_137|C05_FD003_0cfbe6357863_seed_37|C05_FD003_0cfbe6357863_seed_73,2e997dcc66a0d456dfc1ac9131ab7917bf2a897f53d564aba60576512fb35537|60882fe97a3f29d6b2a2067e4ebbaa3ff993a5bb00b5d52872a73d2045c22fce|9c1d792e662e378d8c99795993e7d7ecaffcaa1bbe21d144f6cc2849ce1ef497|b514239b17d8c782e8fc9717591c9d6b8130e7089f536fa1d841866d41866542|ca1794ba628bebb8ae304a79b285fc8165758b95665cb7568c0d758e008827b0,
point,C05,FD003,primary,ridge,raw,nasa_score,PENDING,PENDING,PENDING,PENDING,5,0,0cfbe6357863e5bffcf4b3223823d1323fd86b0a,outputs/c05_final_bounded_0cfbe63,C05_FD003_0cfbe6357863_seed_101|C05_FD003_0cfbe6357863_seed_13|C05_FD003_0cfbe6357863_seed_137|C05_FD003_0cfbe6357863_seed_37|C05_FD003_0cfbe6357863_seed_73,2e997dcc66a0d456dfc1ac9131ab7917bf2a897f53d564aba60576512fb35537|60882fe97a3f29d6b2a2067e4ebbaa3ff993a5bb00b5d52872a73d2045c22fce|9c1d792e662e378d8c99795993e7d7ecaffcaa1bbe21d144f6cc2849ce1ef497|b514239b17d8c782e8fc9717591c9d6b8130e7089f536fa1d841866d41866542|ca1794ba628bebb8ae304a79b285fc8165758b95665cb7568c0d758e008827b0,
point,C05,FD003,primary,ridge,raw,rmse,80443023790.0757,37393453375.22312,15832701046.632275,108113314314.06892,5,5,0cfbe6357863e5bffcf4b3223823d1323fd86b0a,outputs/c05_final_bounded_0cfbe63,C05_FD003_0cfbe6357863_seed_101|C05_FD003_0cfbe6357863_seed_13|C05_FD003_0cfbe6357863_seed_137|C05_FD003_0cfbe6357863_seed_37|C05_FD003_0cfbe6357863_seed_73,2e997dcc66a0d456dfc1ac9131ab7917bf2a897f53d564aba60576512fb35537|60882fe97a3f29d6b2a2067e4ebbaa3ff993a5bb00b5d52872a73d2045c22fce|9c1d792e662e378d8c99795993e7d7ecaffcaa1bbe21d144f6cc2849ce1ef497|b514239b17d8c782e8fc9717591c9d6b8130e7089f536fa1d841866d41866542|ca1794ba628bebb8ae304a79b285fc8165758b95665cb7568c0d758e008827b0,
point,C05,FD003,primary,ridge,raw,signed_error,-19083755695.68902,9888179698.3079,-26652108337.260387,-2634940686.0140977,5,5,0cfbe6357863e5bffcf4b3223823d1323fd86b0a,outputs/c05_final_bounded_0cfbe63,C05_FD003_0cfbe6357863_seed_101|C05_FD003_0cfbe6357863_seed_13|C05_FD003_0cfbe6357863_seed_137|C05_FD003_0cfbe6357863_seed_37|C05_FD003_0cfbe6357863_seed_73,2e997dcc66a0d456dfc1ac9131ab7917bf2a897f53d564aba60576512fb35537|60882fe97a3f29d6b2a2067e4ebbaa3ff993a5bb00b5d52872a73d2045c22fce|9c1d792e662e378d8c99795993e7d7ecaffcaa1bbe21d144f6cc2849ce1ef497|b514239b17d8c782e8fc9717591c9d6b8130e7089f536fa1d841866d41866542|ca1794ba628bebb8ae304a79b285fc8165758b95665cb7568c0d758e008827b0,
point,C05,FD004,primary,hist_gradient_boosting,clipped,mae,34.17606819966338,1.6351609596088097,31.81775773418544,36.24852722917021,5,5,0cfbe6357863e5bffcf4b3223823d1323fd86b0a,outputs/c05_final_bounded_0cfbe63,C05_FD004_0cfbe6357863_seed_101|C05_FD004_0cfbe6357863_seed_13|C05_FD004_0cfbe6357863_seed_137|C05_FD004_0cfbe6357863_seed_37|C05_FD004_0cfbe6357863_seed_73,2bbce1b4d71024e01938e363c85d775d16cccb5cd0bff11231fe2251e4c66807|3f987cd375bcfeaa415c55f45723c1ac56e0dcaa3f1e4b48b1d0ddacf083420b|71d058b92c91917c076c433b5e525ec6001a598c67efefbe0949a5feabd925a1|74f3fe21cd7921bd1b149d277454d338f86f0043357111c94ac9bc955fc25124|ece69655425f6c4f59916b506149e3c555a0d53181cb1fa3d181f530984d5929,
point,C05,FD004,primary,hist_gradient_boosting,clipped,nasa_score,22646.62213806157,18057.823887898874,12714.146139297896,54699.44752946971,5,5,0cfbe6357863e5bffcf4b3223823d1323fd86b0a,outputs/c05_final_bounded_0cfbe63,C05_FD004_0cfbe6357863_seed_101|C05_FD004_0cfbe6357863_seed_13|C05_FD004_0cfbe6357863_seed_137|C05_FD004_0cfbe6357863_seed_37|C05_FD004_0cfbe6357863_seed_73,2bbce1b4d71024e01938e363c85d775d16cccb5cd0bff11231fe2251e4c66807|3f987cd375bcfeaa415c55f45723c1ac56e0dcaa3f1e4b48b1d0ddacf083420b|71d058b92c91917c076c433b5e525ec6001a598c67efefbe0949a5feabd925a1|74f3fe21cd7921bd1b149d277454d338f86f0043357111c94ac9bc955fc25124|ece69655425f6c4f59916b506149e3c555a0d53181cb1fa3d181f530984d5929,
point,C05,FD004,primary,hist_gradient_boosting,clipped,rmse,39.1096174203261,1.3985820147669388,36.78711306444754,40.49285242798836,5,5,0cfbe6357863e5bffcf4b3223823d1323fd86b0a,outputs/c05_final_bounded_0cfbe63,C05_FD004_0cfbe6357863_seed_101|C05_FD004_0cfbe6357863_seed_13|C05_FD004_0cfbe6357863_seed_137|C05_FD004_0cfbe6357863_seed_37|C05_FD004_0cfbe6357863_seed_73,2bbce1b4d71024e01938e363c85d775d16cccb5cd0bff11231fe2251e4c66807|3f987cd375bcfeaa415c55f45723c1ac56e0dcaa3f1e4b48b1d0ddacf083420b|71d058b92c91917c076c433b5e525ec6001a598c67efefbe0949a5feabd925a1|74f3fe21cd7921bd1b149d277454d338f86f0043357111c94ac9bc955fc25124|ece69655425f6c4f59916b506149e3c555a0d53181cb1fa3d181f530984d5929,
point,C05,FD004,primary,hist_gradient_boosting,clipped,signed_error,-4.039896181047575,8.523180358320602,-12.557131143252155,8.25029370567884,5,5,0cfbe6357863e5bffcf4b3223823d1323fd86b0a,outputs/c05_final_bounded_0cfbe63,C05_FD004_0cfbe6357863_seed_101|C05_FD004_0cfbe6357863_seed_13|C05_FD004_0cfbe6357863_seed_137|C05_FD004_0cfbe6357863_seed_37|C05_FD004_0cfbe6357863_seed_73,2bbce1b4d71024e01938e363c85d775d16cccb5cd0bff11231fe2251e4c66807|3f987cd375bcfeaa415c55f45723c1ac56e0dcaa3f1e4b48b1d0ddacf083420b|71d058b92c91917c076c433b5e525ec6001a598c67efefbe0949a5feabd925a1|74f3fe21cd7921bd1b149d277454d338f86f0043357111c94ac9bc955fc25124|ece69655425f6c4f59916b506149e3c555a0d53181cb1fa3d181f530984d5929,
point,C05,FD004,primary,hist_gradient_boosting,raw,mae,42.86961658676016,1.6351609596088121,40.51130612128221,44.94207561626698,5,5,0cfbe6357863e5bffcf4b3223823d1323fd86b0a,outputs/c05_final_bounded_0cfbe63,C05_FD004_0cfbe6357863_seed_101|C05_FD004_0cfbe6357863_seed_13|C05_FD004_0cfbe6357863_seed_137|C05_FD004_0cfbe6357863_seed_37|C05_FD004_0cfbe6357863_seed_73,2bbce1b4d71024e01938e363c85d775d16cccb5cd0bff11231fe2251e4c66807|3f987cd375bcfeaa415c55f45723c1ac56e0dcaa3f1e4b48b1d0ddacf083420b|71d058b92c91917c076c433b5e525ec6001a598c67efefbe0949a5feabd925a1|74f3fe21cd7921bd1b149d277454d338f86f0043357111c94ac9bc955fc25124|ece69655425f6c4f59916b506149e3c555a0d53181cb1fa3d181f530984d5929,
point,C05,FD004,primary,hist_gradient_boosting,raw,nasa_score,128114.58837401017,55291.49900068485,78394.25318536592,198209.21407755165,5,5,0cfbe6357863e5bffcf4b3223823d1323fd86b0a,outputs/c05_final_bounded_0cfbe63,C05_FD004_0cfbe6357863_seed_101|C05_FD004_0cfbe6357863_seed_13|C05_FD004_0cfbe6357863_seed_137|C05_FD004_0cfbe6357863_seed_37|C05_FD004_0cfbe6357863_seed_73,2bbce1b4d71024e01938e363c85d775d16cccb5cd0bff11231fe2251e4c66807|3f987cd375bcfeaa415c55f45723c1ac56e0dcaa3f1e4b48b1d0ddacf083420b|71d058b92c91917c076c433b5e525ec6001a598c67efefbe0949a5feabd925a1|74f3fe21cd7921bd1b149d277454d338f86f0043357111c94ac9bc955fc25124|ece69655425f6c4f59916b506149e3c555a0d53181cb1fa3d181f530984d5929,
point,C05,FD004,primary,hist_gradient_boosting,raw,rmse,50.990706518239584,2.312087514241628,47.97694381080776,53.80198139879846,5,5,0cfbe6357863e5bffcf4b3223823d1323fd86b0a,outputs/c05_final_bounded_0cfbe63,C05_FD004_0cfbe6357863_seed_101|C05_FD004_0cfbe6357863_seed_13|C05_FD004_0cfbe6357863_seed_137|C05_FD004_0cfbe6357863_seed_37|C05_FD004_0cfbe6357863_seed_73,2bbce1b4d71024e01938e363c85d775d16cccb5cd0bff11231fe2251e4c66807|3f987cd375bcfeaa415c55f45723c1ac56e0dcaa3f1e4b48b1d0ddacf083420b|71d058b92c91917c076c433b5e525ec6001a598c67efefbe0949a5feabd925a1|74f3fe21cd7921bd1b149d277454d338f86f0043357111c94ac9bc955fc25124|ece69655425f6c4f59916b506149e3c555a0d53181cb1fa3d181f530984d5929,
point,C05,FD004,primary,hist_gradient_boosting,raw,signed_error,-12.733444568144352,8.523180358320607,-21.250679530348936,-0.4432546814179243,5,5,0cfbe6357863e5bffcf4b3223823d1323fd86b0a,outputs/c05_final_bounded_0cfbe63,C05_FD004_0cfbe6357863_seed_101|C05_FD004_0cfbe6357863_seed_13|C05_FD004_0cfbe6357863_seed_137|C05_FD004_0cfbe6357863_seed_37|C05_FD004_0cfbe6357863_seed_73,2bbce1b4d71024e01938e363c85d775d16cccb5cd0bff11231fe2251e4c66807|3f987cd375bcfeaa415c55f45723c1ac56e0dcaa3f1e4b48b1d0ddacf083420b|71d058b92c91917c076c433b5e525ec6001a598c67efefbe0949a5feabd925a1|74f3fe21cd7921bd1b149d277454d338f86f0043357111c94ac9bc955fc25124|ece69655425f6c4f59916b506149e3c555a0d53181cb1fa3d181f530984d5929,
point,C05,FD004,primary,mean,clipped,mae,37.78069604219268,0.01875001326593915,37.76627311008314,37.81340903550825,5,5,0cfbe6357863e5bffcf4b3223823d1323fd86b0a,outputs/c05_final_bounded_0cfbe63,C05_FD004_0cfbe6357863_seed_101|C05_FD004_0cfbe6357863_seed_13|C05_FD004_0cfbe6357863_seed_137|C05_FD004_0cfbe6357863_seed_37|C05_FD004_0cfbe6357863_seed_73,2bbce1b4d71024e01938e363c85d775d16cccb5cd0bff11231fe2251e4c66807|3f987cd375bcfeaa415c55f45723c1ac56e0dcaa3f1e4b48b1d0ddacf083420b|71d058b92c91917c076c433b5e525ec6001a598c67efefbe0949a5feabd925a1|74f3fe21cd7921bd1b149d277454d338f86f0043357111c94ac9bc955fc25124|ece69655425f6c4f59916b506149e3c555a0d53181cb1fa3d181f530984d5929,
point,C05,FD004,primary,mean,clipped,nasa_score,88118.90381933843,6590.827993230363,77751.45934099765,95808.24865150174,5,5,0cfbe6357863e5bffcf4b3223823d1323fd86b0a,outputs/c05_final_bounded_0cfbe63,C05_FD004_0cfbe6357863_seed_101|C05_FD004_0cfbe6357863_seed_13|C05_FD004_0cfbe6357863_seed_137|C05_FD004_0cfbe6357863_seed_37|C05_FD004_0cfbe6357863_seed_73,2bbce1b4d71024e01938e363c85d775d16cccb5cd0bff11231fe2251e4c66807|3f987cd375bcfeaa415c55f45723c1ac56e0dcaa3f1e4b48b1d0ddacf083420b|71d058b92c91917c076c433b5e525ec6001a598c67efefbe0949a5feabd925a1|74f3fe21cd7921bd1b149d277454d338f86f0043357111c94ac9bc955fc25124|ece69655425f6c4f59916b506149e3c555a0d53181cb1fa3d181f530984d5929,
point,C05,FD004,primary,mean,clipped,rmse,43.86586224365006,0.15325650141734504,43.62521102899912,44.0452775478029,5,5,0cfbe6357863e5bffcf4b3223823d1323fd86b0a,outputs/c05_final_bounded_0cfbe63,C05_FD004_0cfbe6357863_seed_101|C05_FD004_0cfbe6357863_seed_13|C05_FD004_0cfbe6357863_seed_137|C05_FD004_0cfbe6357863_seed_37|C05_FD004_0cfbe6357863_seed_73,2bbce1b4d71024e01938e363c85d775d16cccb5cd0bff11231fe2251e4c66807|3f987cd375bcfeaa415c55f45723c1ac56e0dcaa3f1e4b48b1d0ddacf083420b|71d058b92c91917c076c433b5e525ec6001a598c67efefbe0949a5feabd925a1|74f3fe21cd7921bd1b149d277454d338f86f0043357111c94ac9bc955fc25124|ece69655425f6c4f59916b506149e3c555a0d53181cb1fa3d181f530984d5929,
point,C05,FD004,primary,mean,clipped,signed_error,8.737951075462375,0.791829591239586,7.468584951653569,9.623263381948355,5,5,0cfbe6357863e5bffcf4b3223823d1323fd86b0a,outputs/c05_final_bounded_0cfbe63,C05_FD004_0cfbe6357863_seed_101|C05_FD004_0cfbe6357863_seed_13|C05_FD004_0cfbe6357863_seed_137|C05_FD004_0cfbe6357863_seed_37|C05_FD004_0cfbe6357863_seed_73,2bbce1b4d71024e01938e363c85d775d16cccb5cd0bff11231fe2251e4c66807|3f987cd375bcfeaa415c55f45723c1ac56e0dcaa3f1e4b48b1d0ddacf083420b|71d058b92c91917c076c433b5e525ec6001a598c67efefbe0949a5feabd925a1|74f3fe21cd7921bd1b149d277454d338f86f0043357111c94ac9bc955fc25124|ece69655425f6c4f59916b506149e3c555a0d53181cb1fa3d181f530984d5929,
point,C05,FD004,primary,mean,raw,mae,46.47424442928945,0.018750013265937237,46.45982149717992,46.50695742260502,5,5,0cfbe6357863e5bffcf4b3223823d1323fd86b0a,outputs/c05_final_bounded_0cfbe63,C05_FD004_0cfbe6357863_seed_101|C05_FD004_0cfbe6357863_seed_13|C05_FD004_0cfbe6357863_seed_137|C05_FD004_0cfbe6357863_seed_37|C05_FD004_0cfbe6357863_seed_73,2bbce1b4d71024e01938e363c85d775d16cccb5cd0bff11231fe2251e4c66807|3f987cd375bcfeaa415c55f45723c1ac56e0dcaa3f1e4b48b1d0ddacf083420b|71d058b92c91917c076c433b5e525ec6001a598c67efefbe0949a5feabd925a1|74f3fe21cd7921bd1b149d277454d338f86f0043357111c94ac9bc955fc25124|ece69655425f6c4f59916b506149e3c555a0d53181cb1fa3d181f530984d5929,
point,C05,FD004,primary,mean,raw,nasa_score,129049.47243438222,4055.37831171961,122812.4468002112,133986.74195133618,5,5,0cfbe6357863e5bffcf4b3223823d1323fd86b0a,outputs/c05_final_bounded_0cfbe63,C05_FD004_0cfbe6357863_seed_101|C05_FD004_0cfbe6357863_seed_13|C05_FD004_0cfbe6357863_seed_137|C05_FD004_0cfbe6357863_seed_37|C05_FD004_0cfbe6357863_seed_73,2bbce1b4d71024e01938e363c85d775d16cccb5cd0bff11231fe2251e4c66807|3f987cd375bcfeaa415c55f45723c1ac56e0dcaa3f1e4b48b1d0ddacf083420b|71d058b92c91917c076c433b5e525ec6001a598c67efefbe0949a5feabd925a1|74f3fe21cd7921bd1b149d277454d338f86f0043357111c94ac9bc955fc25124|ece69655425f6c4f59916b506149e3c555a0d53181cb1fa3d181f530984d5929,
point,C05,FD004,primary,mean,raw,rmse,54.52841061246748,0.006058353194962005,54.52379428868819,54.537551850288985,5,5,0cfbe6357863e5bffcf4b3223823d1323fd86b0a,outputs/c05_final_bounded_0cfbe63,C05_FD004_0cfbe6357863_seed_101|C05_FD004_0cfbe6357863_seed_13|C05_FD004_0cfbe6357863_seed_137|C05_FD004_0cfbe6357863_seed_37|C05_FD004_0cfbe6357863_seed_73,2bbce1b4d71024e01938e363c85d775d16cccb5cd0bff11231fe2251e4c66807|3f987cd375bcfeaa415c55f45723c1ac56e0dcaa3f1e4b48b1d0ddacf083420b|71d058b92c91917c076c433b5e525ec6001a598c67efefbe0949a5feabd925a1|74f3fe21cd7921bd1b149d277454d338f86f0043357111c94ac9bc955fc25124|ece69655425f6c4f59916b506149e3c555a0d53181cb1fa3d181f530984d5929,
point,C05,FD004,primary,mean,raw,signed_error,0.04440268836559512,0.7918295912396167,-1.224963435443253,0.9297149948516258,5,5,0cfbe6357863e5bffcf4b3223823d1323fd86b0a,outputs/c05_final_bounded_0cfbe63,C05_FD004_0cfbe6357863_seed_101|C05_FD004_0cfbe6357863_seed_13|C05_FD004_0cfbe6357863_seed_137|C05_FD004_0cfbe6357863_seed_37|C05_FD004_0cfbe6357863_seed_73,2bbce1b4d71024e01938e363c85d775d16cccb5cd0bff11231fe2251e4c66807|3f987cd375bcfeaa415c55f45723c1ac56e0dcaa3f1e4b48b1d0ddacf083420b|71d058b92c91917c076c433b5e525ec6001a598c67efefbe0949a5feabd925a1|74f3fe21cd7921bd1b149d277454d338f86f0043357111c94ac9bc955fc25124|ece69655425f6c4f59916b506149e3c555a0d53181cb1fa3d181f530984d5929,
point,C05,FD004,primary,ridge,clipped,mae,63.74032258064515,1.448632132264984,62.15725806451613,65.48387096774194,5,5,0cfbe6357863e5bffcf4b3223823d1323fd86b0a,outputs/c05_final_bounded_0cfbe63,C05_FD004_0cfbe6357863_seed_101|C05_FD004_0cfbe6357863_seed_13|C05_FD004_0cfbe6357863_seed_137|C05_FD004_0cfbe6357863_seed_37|C05_FD004_0cfbe6357863_seed_73,2bbce1b4d71024e01938e363c85d775d16cccb5cd0bff11231fe2251e4c66807|3f987cd375bcfeaa415c55f45723c1ac56e0dcaa3f1e4b48b1d0ddacf083420b|71d058b92c91917c076c433b5e525ec6001a598c67efefbe0949a5feabd925a1|74f3fe21cd7921bd1b149d277454d338f86f0043357111c94ac9bc955fc25124|ece69655425f6c4f59916b506149e3c555a0d53181cb1fa3d181f530984d5929,
point,C05,FD004,primary,ridge,clipped,nasa_score,2620478.122564315,86014.05623860452,2528519.0796902245,2749431.9878296815,5,5,0cfbe6357863e5bffcf4b3223823d1323fd86b0a,outputs/c05_final_bounded_0cfbe63,C05_FD004_0cfbe6357863_seed_101|C05_FD004_0cfbe6357863_seed_13|C05_FD004_0cfbe6357863_seed_137|C05_FD004_0cfbe6357863_seed_37|C05_FD004_0cfbe6357863_seed_73,2bbce1b4d71024e01938e363c85d775d16cccb5cd0bff11231fe2251e4c66807|3f987cd375bcfeaa415c55f45723c1ac56e0dcaa3f1e4b48b1d0ddacf083420b|71d058b92c91917c076c433b5e525ec6001a598c67efefbe0949a5feabd925a1|74f3fe21cd7921bd1b149d277454d338f86f0043357111c94ac9bc955fc25124|ece69655425f6c4f59916b506149e3c555a0d53181cb1fa3d181f530984d5929,
point,C05,FD004,primary,ridge,clipped,rmse,78.38047021083894,1.1545592540123175,77.11472914828207,79.76533121924668,5,5,0cfbe6357863e5bffcf4b3223823d1323fd86b0a,outputs/c05_final_bounded_0cfbe63,C05_FD004_0cfbe6357863_seed_101|C05_FD004_0cfbe6357863_seed_13|C05_FD004_0cfbe6357863_seed_137|C05_FD004_0cfbe6357863_seed_37|C05_FD004_0cfbe6357863_seed_73,2bbce1b4d71024e01938e363c85d775d16cccb5cd0bff11231fe2251e4c66807|3f987cd375bcfeaa415c55f45723c1ac56e0dcaa3f1e4b48b1d0ddacf083420b|71d058b92c91917c076c433b5e525ec6001a598c67efefbe0949a5feabd925a1|74f3fe21cd7921bd1b149d277454d338f86f0043357111c94ac9bc955fc25124|ece69655425f6c4f59916b506149e3c555a0d53181cb1fa3d181f530984d5929,
point,C05,FD004,primary,ridge,clipped,signed_error,-14.653225806451616,1.361820169970393,-16.870967741935484,-13.34274193548387,5,5,0cfbe6357863e5bffcf4b3223823d1323fd86b0a,outputs/c05_final_bounded_0cfbe63,C05_FD004_0cfbe6357863_seed_101|C05_FD004_0cfbe6357863_seed_13|C05_FD004_0cfbe6357863_seed_137|C05_FD004_0cfbe6357863_seed_37|C05_FD004_0cfbe6357863_seed_73,2bbce1b4d71024e01938e363c85d775d16cccb5cd0bff11231fe2251e4c66807|3f987cd375bcfeaa415c55f45723c1ac56e0dcaa3f1e4b48b1d0ddacf083420b|71d058b92c91917c076c433b5e525ec6001a598c67efefbe0949a5feabd925a1|74f3fe21cd7921bd1b149d277454d338f86f0043357111c94ac9bc955fc25124|ece69655425f6c4f59916b506149e3c555a0d53181cb1fa3d181f530984d5929,
point,C05,FD004,primary,ridge,raw,mae,16962044743712.496,5488286927344.869,9561534953693.299,22752971468432.97,5,5,0cfbe6357863e5bffcf4b3223823d1323fd86b0a,outputs/c05_final_bounded_0cfbe63,C05_FD004_0cfbe6357863_seed_101|C05_FD004_0cfbe6357863_seed_13|C05_FD004_0cfbe6357863_seed_137|C05_FD004_0cfbe6357863_seed_37|C05_FD004_0cfbe6357863_seed_73,2bbce1b4d71024e01938e363c85d775d16cccb5cd0bff11231fe2251e4c66807|3f987cd375bcfeaa415c55f45723c1ac56e0dcaa3f1e4b48b1d0ddacf083420b|71d058b92c91917c076c433b5e525ec6001a598c67efefbe0949a5feabd925a1|74f3fe21cd7921bd1b149d277454d338f86f0043357111c94ac9bc955fc25124|ece69655425f6c4f59916b506149e3c555a0d53181cb1fa3d181f530984d5929,
point,C05,FD004,primary,ridge,raw,nasa_score,PENDING,PENDING,PENDING,PENDING,5,0,0cfbe6357863e5bffcf4b3223823d1323fd86b0a,outputs/c05_final_bounded_0cfbe63,C05_FD004_0cfbe6357863_seed_101|C05_FD004_0cfbe6357863_seed_13|C05_FD004_0cfbe6357863_seed_137|C05_FD004_0cfbe6357863_seed_37|C05_FD004_0cfbe6357863_seed_73,2bbce1b4d71024e01938e363c85d775d16cccb5cd0bff11231fe2251e4c66807|3f987cd375bcfeaa415c55f45723c1ac56e0dcaa3f1e4b48b1d0ddacf083420b|71d058b92c91917c076c433b5e525ec6001a598c67efefbe0949a5feabd925a1|74f3fe21cd7921bd1b149d277454d338f86f0043357111c94ac9bc955fc25124|ece69655425f6c4f59916b506149e3c555a0d53181cb1fa3d181f530984d5929,
point,C05,FD004,primary,ridge,raw,rmse,21243822615042.562,6930278956971.988,11905855146183.656,28559119390274.266,5,5,0cfbe6357863e5bffcf4b3223823d1323fd86b0a,outputs/c05_final_bounded_0cfbe63,C05_FD004_0cfbe6357863_seed_101|C05_FD004_0cfbe6357863_seed_13|C05_FD004_0cfbe6357863_seed_137|C05_FD004_0cfbe6357863_seed_37|C05_FD004_0cfbe6357863_seed_73,2bbce1b4d71024e01938e363c85d775d16cccb5cd0bff11231fe2251e4c66807|3f987cd375bcfeaa415c55f45723c1ac56e0dcaa3f1e4b48b1d0ddacf083420b|71d058b92c91917c076c433b5e525ec6001a598c67efefbe0949a5feabd925a1|74f3fe21cd7921bd1b149d277454d338f86f0043357111c94ac9bc955fc25124|ece69655425f6c4f59916b506149e3c555a0d53181cb1fa3d181f530984d5929,
point,C05,FD004,primary,ridge,raw,signed_error,1465075800261.3423,611704307620.6027,871425731383.5537,2130619695496.3213,5,5,0cfbe6357863e5bffcf4b3223823d1323fd86b0a,outputs/c05_final_bounded_0cfbe63,C05_FD004_0cfbe6357863_seed_101|C05_FD004_0cfbe6357863_seed_13|C05_FD004_0cfbe6357863_seed_137|C05_FD004_0cfbe6357863_seed_37|C05_FD004_0cfbe6357863_seed_73,2bbce1b4d71024e01938e363c85d775d16cccb5cd0bff11231fe2251e4c66807|3f987cd375bcfeaa415c55f45723c1ac56e0dcaa3f1e4b48b1d0ddacf083420b|71d058b92c91917c076c433b5e525ec6001a598c67efefbe0949a5feabd925a1|74f3fe21cd7921bd1b149d277454d338f86f0043357111c94ac9bc955fc25124|ece69655425f6c4f59916b506149e3c555a0d53181cb1fa3d181f530984d5929,
point,C06,FD001,cap_130,hist_gradient_boosting,clipped,mae,13.223951152999962,0.38503980250903336,12.837652685207079,13.76359402364326,5,5,c86eff4203214cd7b64c5d908bb71cab69f7c555,outputs/c06_final_c86eff4,C06_cap_130_c86eff420321_seed_101|C06_cap_130_c86eff420321_seed_13|C06_cap_130_c86eff420321_seed_137|C06_cap_130_c86eff420321_seed_37|C06_cap_130_c86eff420321_seed_73,6a510b808ad78c878fa52db43591333f7acc89ed09509ad30349b2746d1ded26|adecec46e432f6570cc4f3dfe7a7706fdf8d75dc5500d4e3a13da170d1fa0100|b5bd104d48d60fcf78cbbf2cccd2a67fa063fcd8ea6ea1cd288bcf8acc0640cf|cbe5551c07643bf49a68deb2becb3de384e9874ce19044f5218b1d92f43772a1|df9604b2f75765d5a7ddf013c3fd60d14dc13761884debf8789c54f052ddc565,
point,C06,FD001,cap_130,hist_gradient_boosting,clipped,nasa_score,474.5744917732168,76.2133709537097,428.5712508645273,609.2835022111499,5,5,c86eff4203214cd7b64c5d908bb71cab69f7c555,outputs/c06_final_c86eff4,C06_cap_130_c86eff420321_seed_101|C06_cap_130_c86eff420321_seed_13|C06_cap_130_c86eff420321_seed_137|C06_cap_130_c86eff420321_seed_37|C06_cap_130_c86eff420321_seed_73,6a510b808ad78c878fa52db43591333f7acc89ed09509ad30349b2746d1ded26|adecec46e432f6570cc4f3dfe7a7706fdf8d75dc5500d4e3a13da170d1fa0100|b5bd104d48d60fcf78cbbf2cccd2a67fa063fcd8ea6ea1cd288bcf8acc0640cf|cbe5551c07643bf49a68deb2becb3de384e9874ce19044f5218b1d92f43772a1|df9604b2f75765d5a7ddf013c3fd60d14dc13761884debf8789c54f052ddc565,
point,C06,FD001,cap_130,hist_gradient_boosting,clipped,rmse,16.68531772988236,0.5263466545878981,15.951827811904366,17.30414511432838,5,5,c86eff4203214cd7b64c5d908bb71cab69f7c555,outputs/c06_final_c86eff4,C06_cap_130_c86eff420321_seed_101|C06_cap_130_c86eff420321_seed_13|C06_cap_130_c86eff420321_seed_137|C06_cap_130_c86eff420321_seed_37|C06_cap_130_c86eff420321_seed_73,6a510b808ad78c878fa52db43591333f7acc89ed09509ad30349b2746d1ded26|adecec46e432f6570cc4f3dfe7a7706fdf8d75dc5500d4e3a13da170d1fa0100|b5bd104d48d60fcf78cbbf2cccd2a67fa063fcd8ea6ea1cd288bcf8acc0640cf|cbe5551c07643bf49a68deb2becb3de384e9874ce19044f5218b1d92f43772a1|df9604b2f75765d5a7ddf013c3fd60d14dc13761884debf8789c54f052ddc565,
point,C06,FD001,cap_130,hist_gradient_boosting,clipped,signed_error,3.0068639853569588,1.8682968399785322,0.9813195520561959,5.320568379046072,5,5,c86eff4203214cd7b64c5d908bb71cab69f7c555,outputs/c06_final_c86eff4,C06_cap_130_c86eff420321_seed_101|C06_cap_130_c86eff420321_seed_13|C06_cap_130_c86eff420321_seed_137|C06_cap_130_c86eff420321_seed_37|C06_cap_130_c86eff420321_seed_73,6a510b808ad78c878fa52db43591333f7acc89ed09509ad30349b2746d1ded26|adecec46e432f6570cc4f3dfe7a7706fdf8d75dc5500d4e3a13da170d1fa0100|b5bd104d48d60fcf78cbbf2cccd2a67fa063fcd8ea6ea1cd288bcf8acc0640cf|cbe5551c07643bf49a68deb2becb3de384e9874ce19044f5218b1d92f43772a1|df9604b2f75765d5a7ddf013c3fd60d14dc13761884debf8789c54f052ddc565,
point,C06,FD001,cap_130,hist_gradient_boosting,raw,mae,13.823951152999962,0.3850398025090331,13.437652685207079,14.363594023643259,5,5,c86eff4203214cd7b64c5d908bb71cab69f7c555,outputs/c06_final_c86eff4,C06_cap_130_c86eff420321_seed_101|C06_cap_130_c86eff420321_seed_13|C06_cap_130_c86eff420321_seed_137|C06_cap_130_c86eff420321_seed_37|C06_cap_130_c86eff420321_seed_73,6a510b808ad78c878fa52db43591333f7acc89ed09509ad30349b2746d1ded26|adecec46e432f6570cc4f3dfe7a7706fdf8d75dc5500d4e3a13da170d1fa0100|b5bd104d48d60fcf78cbbf2cccd2a67fa063fcd8ea6ea1cd288bcf8acc0640cf|cbe5551c07643bf49a68deb2becb3de384e9874ce19044f5218b1d92f43772a1|df9604b2f75765d5a7ddf013c3fd60d14dc13761884debf8789c54f052ddc565,
point,C06,FD001,cap_130,hist_gradient_boosting,raw,nasa_score,500.5995439638076,72.82103919658279,449.0639976158562,627.8044670319543,5,5,c86eff4203214cd7b64c5d908bb71cab69f7c555,outputs/c06_final_c86eff4,C06_cap_130_c86eff420321_seed_101|C06_cap_130_c86eff420321_seed_13|C06_cap_130_c86eff420321_seed_137|C06_cap_130_c86eff420321_seed_37|C06_cap_130_c86eff420321_seed_73,6a510b808ad78c878fa52db43591333f7acc89ed09509ad30349b2746d1ded26|adecec46e432f6570cc4f3dfe7a7706fdf8d75dc5500d4e3a13da170d1fa0100|b5bd104d48d60fcf78cbbf2cccd2a67fa063fcd8ea6ea1cd288bcf8acc0640cf|cbe5551c07643bf49a68deb2becb3de384e9874ce19044f5218b1d92f43772a1|df9604b2f75765d5a7ddf013c3fd60d14dc13761884debf8789c54f052ddc565,
point,C06,FD001,cap_130,hist_gradient_boosting,raw,rmse,17.330132127937862,0.5385494157041242,16.574315810372884,18.00046932649411,5,5,c86eff4203214cd7b64c5d908bb71cab69f7c555,outputs/c06_final_c86eff4,C06_cap_130_c86eff420321_seed_101|C06_cap_130_c86eff420321_seed_13|C06_cap_130_c86eff420321_seed_137|C06_cap_130_c86eff420321_seed_37|C06_cap_130_c86eff420321_seed_73,6a510b808ad78c878fa52db43591333f7acc89ed09509ad30349b2746d1ded26|adecec46e432f6570cc4f3dfe7a7706fdf8d75dc5500d4e3a13da170d1fa0100|b5bd104d48d60fcf78cbbf2cccd2a67fa063fcd8ea6ea1cd288bcf8acc0640cf|cbe5551c07643bf49a68deb2becb3de384e9874ce19044f5218b1d92f43772a1|df9604b2f75765d5a7ddf013c3fd60d14dc13761884debf8789c54f052ddc565,
point,C06,FD001,cap_130,hist_gradient_boosting,raw,signed_error,2.4068639853569573,1.8682968399785316,0.38131955205619567,4.720568379046068,5,5,c86eff4203214cd7b64c5d908bb71cab69f7c555,outputs/c06_final_c86eff4,C06_cap_130_c86eff420321_seed_101|C06_cap_130_c86eff420321_seed_13|C06_cap_130_c86eff420321_seed_137|C06_cap_130_c86eff420321_seed_37|C06_cap_130_c86eff420321_seed_73,6a510b808ad78c878fa52db43591333f7acc89ed09509ad30349b2746d1ded26|adecec46e432f6570cc4f3dfe7a7706fdf8d75dc5500d4e3a13da170d1fa0100|b5bd104d48d60fcf78cbbf2cccd2a67fa063fcd8ea6ea1cd288bcf8acc0640cf|cbe5551c07643bf49a68deb2becb3de384e9874ce19044f5218b1d92f43772a1|df9604b2f75765d5a7ddf013c3fd60d14dc13761884debf8789c54f052ddc565,
point,C06,FD001,cap_130,mean,clipped,mae,35.33125217167193,0.019778661968171612,35.30207052896725,35.35733206288709,5,5,c86eff4203214cd7b64c5d908bb71cab69f7c555,outputs/c06_final_c86eff4,C06_cap_130_c86eff420321_seed_101|C06_cap_130_c86eff420321_seed_13|C06_cap_130_c86eff420321_seed_137|C06_cap_130_c86eff420321_seed_37|C06_cap_130_c86eff420321_seed_73,6a510b808ad78c878fa52db43591333f7acc89ed09509ad30349b2746d1ded26|adecec46e432f6570cc4f3dfe7a7706fdf8d75dc5500d4e3a13da170d1fa0100|b5bd104d48d60fcf78cbbf2cccd2a67fa063fcd8ea6ea1cd288bcf8acc0640cf|cbe5551c07643bf49a68deb2becb3de384e9874ce19044f5218b1d92f43772a1|df9604b2f75765d5a7ddf013c3fd60d14dc13761884debf8789c54f052ddc565,
point,C06,FD001,cap_130,mean,clipped,nasa_score,39402.8046210558,3220.5058911800875,34344.4331308193,43171.47664165517,5,5,c86eff4203214cd7b64c5d908bb71cab69f7c555,outputs/c06_final_c86eff4,C06_cap_130_c86eff420321_seed_101|C06_cap_130_c86eff420321_seed_13|C06_cap_130_c86eff420321_seed_137|C06_cap_130_c86eff420321_seed_37|C06_cap_130_c86eff420321_seed_73,6a510b808ad78c878fa52db43591333f7acc89ed09509ad30349b2746d1ded26|adecec46e432f6570cc4f3dfe7a7706fdf8d75dc5500d4e3a13da170d1fa0100|b5bd104d48d60fcf78cbbf2cccd2a67fa063fcd8ea6ea1cd288bcf8acc0640cf|cbe5551c07643bf49a68deb2becb3de384e9874ce19044f5218b1d92f43772a1|df9604b2f75765d5a7ddf013c3fd60d14dc13761884debf8789c54f052ddc565,
point,C06,FD001,cap_130,mean,clipped,rmse,42.89111048457492,0.2655105876714838,42.47107152778175,43.197100857869636,5,5,c86eff4203214cd7b64c5d908bb71cab69f7c555,outputs/c06_final_c86eff4,C06_cap_130_c86eff420321_seed_101|C06_cap_130_c86eff420321_seed_13|C06_cap_130_c86eff420321_seed_137|C06_cap_130_c86eff420321_seed_37|C06_cap_130_c86eff420321_seed_73,6a510b808ad78c878fa52db43591333f7acc89ed09509ad30349b2746d1ded26|adecec46e432f6570cc4f3dfe7a7706fdf8d75dc5500d4e3a13da170d1fa0100|b5bd104d48d60fcf78cbbf2cccd2a67fa063fcd8ea6ea1cd288bcf8acc0640cf|cbe5551c07643bf49a68deb2becb3de384e9874ce19044f5218b1d92f43772a1|df9604b2f75765d5a7ddf013c3fd60d14dc13761884debf8789c54f052ddc565,
point,C06,FD001,cap_130,mean,clipped,signed_error,13.555948269160869,0.8561701215147526,12.183526448362716,14.513301572177237,5,5,c86eff4203214cd7b64c5d908bb71cab69f7c555,outputs/c06_final_c86eff4,C06_cap_130_c86eff420321_seed_101|C06_cap_130_c86eff420321_seed_13|C06_cap_130_c86eff420321_seed_137|C06_cap_130_c86eff420321_seed_37|C06_cap_130_c86eff420321_seed_73,6a510b808ad78c878fa52db43591333f7acc89ed09509ad30349b2746d1ded26|adecec46e432f6570cc4f3dfe7a7706fdf8d75dc5500d4e3a13da170d1fa0100|b5bd104d48d60fcf78cbbf2cccd2a67fa063fcd8ea6ea1cd288bcf8acc0640cf|cbe5551c07643bf49a68deb2becb3de384e9874ce19044f5218b1d92f43772a1|df9604b2f75765d5a7ddf013c3fd60d14dc13761884debf8789c54f052ddc565,
point,C06,FD001,cap_130,mean,raw,mae,35.93125217167193,0.019778661968171612,35.90207052896725,35.95733206288709,5,5,c86eff4203214cd7b64c5d908bb71cab69f7c555,outputs/c06_final_c86eff4,C06_cap_130_c86eff420321_seed_101|C06_cap_130_c86eff420321_seed_13|C06_cap_130_c86eff420321_seed_137|C06_cap_130_c86eff420321_seed_37|C06_cap_130_c86eff420321_seed_73,6a510b808ad78c878fa52db43591333f7acc89ed09509ad30349b2746d1ded26|adecec46e432f6570cc4f3dfe7a7706fdf8d75dc5500d4e3a13da170d1fa0100|b5bd104d48d60fcf78cbbf2cccd2a67fa063fcd8ea6ea1cd288bcf8acc0640cf|cbe5551c07643bf49a68deb2becb3de384e9874ce19044f5218b1d92f43772a1|df9604b2f75765d5a7ddf013c3fd60d14dc13761884debf8789c54f052ddc565,
point,C06,FD001,cap_130,mean,raw,nasa_score,39572.92908846594,3209.081797919146,34533.167613959085,43329.244973859495,5,5,c86eff4203214cd7b64c5d908bb71cab69f7c555,outputs/c06_final_c86eff4,C06_cap_130_c86eff420321_seed_101|C06_cap_130_c86eff420321_seed_13|C06_cap_130_c86eff420321_seed_137|C06_cap_130_c86eff420321_seed_37|C06_cap_130_c86eff420321_seed_73,6a510b808ad78c878fa52db43591333f7acc89ed09509ad30349b2746d1ded26|adecec46e432f6570cc4f3dfe7a7706fdf8d75dc5500d4e3a13da170d1fa0100|b5bd104d48d60fcf78cbbf2cccd2a67fa063fcd8ea6ea1cd288bcf8acc0640cf|cbe5551c07643bf49a68deb2becb3de384e9874ce19044f5218b1d92f43772a1|df9604b2f75765d5a7ddf013c3fd60d14dc13761884debf8789c54f052ddc565,
point,C06,FD001,cap_130,mean,raw,rmse,43.5346152408394,0.24973287435332447,43.13986190265239,43.822934185633315,5,5,c86eff4203214cd7b64c5d908bb71cab69f7c555,outputs/c06_final_c86eff4,C06_cap_130_c86eff420321_seed_101|C06_cap_130_c86eff420321_seed_13|C06_cap_130_c86eff420321_seed_137|C06_cap_130_c86eff420321_seed_37|C06_cap_130_c86eff420321_seed_73,6a510b808ad78c878fa52db43591333f7acc89ed09509ad30349b2746d1ded26|adecec46e432f6570cc4f3dfe7a7706fdf8d75dc5500d4e3a13da170d1fa0100|b5bd104d48d60fcf78cbbf2cccd2a67fa063fcd8ea6ea1cd288bcf8acc0640cf|cbe5551c07643bf49a68deb2becb3de384e9874ce19044f5218b1d92f43772a1|df9604b2f75765d5a7ddf013c3fd60d14dc13761884debf8789c54f052ddc565,
point,C06,FD001,cap_130,mean,raw,signed_error,12.955948269160867,0.8561701215147532,11.583526448362715,13.913301572177238,5,5,c86eff4203214cd7b64c5d908bb71cab69f7c555,outputs/c06_final_c86eff4,C06_cap_130_c86eff420321_seed_101|C06_cap_130_c86eff420321_seed_13|C06_cap_130_c86eff420321_seed_137|C06_cap_130_c86eff420321_seed_37|C06_cap_130_c86eff420321_seed_73,6a510b808ad78c878fa52db43591333f7acc89ed09509ad30349b2746d1ded26|adecec46e432f6570cc4f3dfe7a7706fdf8d75dc5500d4e3a13da170d1fa0100|b5bd104d48d60fcf78cbbf2cccd2a67fa063fcd8ea6ea1cd288bcf8acc0640cf|cbe5551c07643bf49a68deb2becb3de384e9874ce19044f5218b1d92f43772a1|df9604b2f75765d5a7ddf013c3fd60d14dc13761884debf8789c54f052ddc565,
point,C06,FD001,cap_130,ridge,clipped,mae,14.417225587997933,0.3773231041512536,13.96730638730468,14.98774072854613,5,5,c86eff4203214cd7b64c5d908bb71cab69f7c555,outputs/c06_final_c86eff4,C06_cap_130_c86eff420321_seed_101|C06_cap_130_c86eff420321_seed_13|C06_cap_130_c86eff420321_seed_137|C06_cap_130_c86eff420321_seed_37|C06_cap_130_c86eff420321_seed_73,6a510b808ad78c878fa52db43591333f7acc89ed09509ad30349b2746d1ded26|adecec46e432f6570cc4f3dfe7a7706fdf8d75dc5500d4e3a13da170d1fa0100|b5bd104d48d60fcf78cbbf2cccd2a67fa063fcd8ea6ea1cd288bcf8acc0640cf|cbe5551c07643bf49a68deb2becb3de384e9874ce19044f5218b1d92f43772a1|df9604b2f75765d5a7ddf013c3fd60d14dc13761884debf8789c54f052ddc565,
point,C06,FD001,cap_130,ridge,clipped,nasa_score,602.8877492604488,36.426999292270324,555.3115120223858,636.0673894710761,5,5,c86eff4203214cd7b64c5d908bb71cab69f7c555,outputs/c06_final_c86eff4,C06_cap_130_c86eff420321_seed_101|C06_cap_130_c86eff420321_seed_13|C06_cap_130_c86eff420321_seed_137|C06_cap_130_c86eff420321_seed_37|C06_cap_130_c86eff420321_seed_73,6a510b808ad78c878fa52db43591333f7acc89ed09509ad30349b2746d1ded26|adecec46e432f6570cc4f3dfe7a7706fdf8d75dc5500d4e3a13da170d1fa0100|b5bd104d48d60fcf78cbbf2cccd2a67fa063fcd8ea6ea1cd288bcf8acc0640cf|cbe5551c07643bf49a68deb2becb3de384e9874ce19044f5218b1d92f43772a1|df9604b2f75765d5a7ddf013c3fd60d14dc13761884debf8789c54f052ddc565,
point,C06,FD001,cap_130,ridge,clipped,rmse,18.46371073090362,0.5955965883894877,18.03539458841285,19.404317158317536,5,5,c86eff4203214cd7b64c5d908bb71cab69f7c555,outputs/c06_final_c86eff4,C06_cap_130_c86eff420321_seed_101|C06_cap_130_c86eff420321_seed_13|C06_cap_130_c86eff420321_seed_137|C06_cap_130_c86eff420321_seed_37|C06_cap_130_c86eff420321_seed_73,6a510b808ad78c878fa52db43591333f7acc89ed09509ad30349b2746d1ded26|adecec46e432f6570cc4f3dfe7a7706fdf8d75dc5500d4e3a13da170d1fa0100|b5bd104d48d60fcf78cbbf2cccd2a67fa063fcd8ea6ea1cd288bcf8acc0640cf|cbe5551c07643bf49a68deb2becb3de384e9874ce19044f5218b1d92f43772a1|df9604b2f75765d5a7ddf013c3fd60d14dc13761884debf8789c54f052ddc565,
point,C06,FD001,cap_130,ridge,clipped,signed_error,1.662305111226673,1.807503043126479,-0.7545535593317271,4.0562482156926265,5,5,c86eff4203214cd7b64c5d908bb71cab69f7c555,outputs/c06_final_c86eff4,C06_cap_130_c86eff420321_seed_101|C06_cap_130_c86eff420321_seed_13|C06_cap_130_c86eff420321_seed_137|C06_cap_130_c86eff420321_seed_37|C06_cap_130_c86eff420321_seed_73,6a510b808ad78c878fa52db43591333f7acc89ed09509ad30349b2746d1ded26|adecec46e432f6570cc4f3dfe7a7706fdf8d75dc5500d4e3a13da170d1fa0100|b5bd104d48d60fcf78cbbf2cccd2a67fa063fcd8ea6ea1cd288bcf8acc0640cf|cbe5551c07643bf49a68deb2becb3de384e9874ce19044f5218b1d92f43772a1|df9604b2f75765d5a7ddf013c3fd60d14dc13761884debf8789c54f052ddc565,
point,C06,FD001,cap_130,ridge,raw,mae,15.061796455380705,0.4102335353825222,14.56180692723679,15.693279479731123,5,5,c86eff4203214cd7b64c5d908bb71cab69f7c555,outputs/c06_final_c86eff4,C06_cap_130_c86eff420321_seed_101|C06_cap_130_c86eff420321_seed_13|C06_cap_130_c86eff420321_seed_137|C06_cap_130_c86eff420321_seed_37|C06_cap_130_c86eff420321_seed_73,6a510b808ad78c878fa52db43591333f7acc89ed09509ad30349b2746d1ded26|adecec46e432f6570cc4f3dfe7a7706fdf8d75dc5500d4e3a13da170d1fa0100|b5bd104d48d60fcf78cbbf2cccd2a67fa063fcd8ea6ea1cd288bcf8acc0640cf|cbe5551c07643bf49a68deb2becb3de384e9874ce19044f5218b1d92f43772a1|df9604b2f75765d5a7ddf013c3fd60d14dc13761884debf8789c54f052ddc565,
point,C06,FD001,cap_130,ridge,raw,nasa_score,640.0698680168737,42.553533675728914,587.3638044011451,690.2797717148816,5,5,c86eff4203214cd7b64c5d908bb71cab69f7c555,outputs/c06_final_c86eff4,C06_cap_130_c86eff420321_seed_101|C06_cap_130_c86eff420321_seed_13|C06_cap_130_c86eff420321_seed_137|C06_cap_130_c86eff420321_seed_37|C06_cap_130_c86eff420321_seed_73,6a510b808ad78c878fa52db43591333f7acc89ed09509ad30349b2746d1ded26|adecec46e432f6570cc4f3dfe7a7706fdf8d75dc5500d4e3a13da170d1fa0100|b5bd104d48d60fcf78cbbf2cccd2a67fa063fcd8ea6ea1cd288bcf8acc0640cf|cbe5551c07643bf49a68deb2becb3de384e9874ce19044f5218b1d92f43772a1|df9604b2f75765d5a7ddf013c3fd60d14dc13761884debf8789c54f052ddc565,
point,C06,FD001,cap_130,ridge,raw,rmse,19.187899819189703,0.6509347159091613,18.73810016467407,20.24630187281856,5,5,c86eff4203214cd7b64c5d908bb71cab69f7c555,outputs/c06_final_c86eff4,C06_cap_130_c86eff420321_seed_101|C06_cap_130_c86eff420321_seed_13|C06_cap_130_c86eff420321_seed_137|C06_cap_130_c86eff420321_seed_37|C06_cap_130_c86eff420321_seed_73,6a510b808ad78c878fa52db43591333f7acc89ed09509ad30349b2746d1ded26|adecec46e432f6570cc4f3dfe7a7706fdf8d75dc5500d4e3a13da170d1fa0100|b5bd104d48d60fcf78cbbf2cccd2a67fa063fcd8ea6ea1cd288bcf8acc0640cf|cbe5551c07643bf49a68deb2becb3de384e9874ce19044f5218b1d92f43772a1|df9604b2f75765d5a7ddf013c3fd60d14dc13761884debf8789c54f052ddc565,
point,C06,FD001,cap_130,ridge,raw,signed_error,1.0220441418385373,1.8083239387983219,-1.4600923105167185,3.381037625434138,5,5,c86eff4203214cd7b64c5d908bb71cab69f7c555,outputs/c06_final_c86eff4,C06_cap_130_c86eff420321_seed_101|C06_cap_130_c86eff420321_seed_13|C06_cap_130_c86eff420321_seed_137|C06_cap_130_c86eff420321_seed_37|C06_cap_130_c86eff420321_seed_73,6a510b808ad78c878fa52db43591333f7acc89ed09509ad30349b2746d1ded26|adecec46e432f6570cc4f3dfe7a7706fdf8d75dc5500d4e3a13da170d1fa0100|b5bd104d48d60fcf78cbbf2cccd2a67fa063fcd8ea6ea1cd288bcf8acc0640cf|cbe5551c07643bf49a68deb2becb3de384e9874ce19044f5218b1d92f43772a1|df9604b2f75765d5a7ddf013c3fd60d14dc13761884debf8789c54f052ddc565,
point,C06,FD001,early_calibration,hist_gradient_boosting,clipped,mae,12.501927354788075,0.25219845314939315,12.313370795760061,12.936307245117574,5,5,c86eff4203214cd7b64c5d908bb71cab69f7c555,outputs/c06_final_c86eff4,C06_early_calibration_c86eff420321_seed_101|C06_early_calibration_c86eff420321_seed_13|C06_early_calibration_c86eff420321_seed_137|C06_early_calibration_c86eff420321_seed_37|C06_early_calibration_c86eff420321_seed_73,028f538fb2e54338bfd223f89fada9245fa9ea540845d5f1231ee52b82c697a3|5b654f3df7287bec31f6d0441c633c4b526185fba3bffca287da0124e24682f4|94d43e99e64fe62393ed8059e659acf93cf0bc9ab0ed0b89f3accac6ec3b14aa|c33276933f988495776a4639f2d07af0caabe97ca6f4a7452e2369ea73ef38e0|d46212af096ceda55313179ec9a969787b09c8c6f025326cd08b0a736ca4f4aa,
point,C06,FD001,early_calibration,hist_gradient_boosting,clipped,nasa_score,417.9741675831171,47.74796513581597,384.8227758548457,501.67496445920347,5,5,c86eff4203214cd7b64c5d908bb71cab69f7c555,outputs/c06_final_c86eff4,C06_early_calibration_c86eff420321_seed_101|C06_early_calibration_c86eff420321_seed_13|C06_early_calibration_c86eff420321_seed_137|C06_early_calibration_c86eff420321_seed_37|C06_early_calibration_c86eff420321_seed_73,028f538fb2e54338bfd223f89fada9245fa9ea540845d5f1231ee52b82c697a3|5b654f3df7287bec31f6d0441c633c4b526185fba3bffca287da0124e24682f4|94d43e99e64fe62393ed8059e659acf93cf0bc9ab0ed0b89f3accac6ec3b14aa|c33276933f988495776a4639f2d07af0caabe97ca6f4a7452e2369ea73ef38e0|d46212af096ceda55313179ec9a969787b09c8c6f025326cd08b0a736ca4f4aa,
point,C06,FD001,early_calibration,hist_gradient_boosting,clipped,rmse,16.018674267682496,0.3569510070848786,15.57096036136792,16.408302836831606,5,5,c86eff4203214cd7b64c5d908bb71cab69f7c555,outputs/c06_final_c86eff4,C06_early_calibration_c86eff420321_seed_101|C06_early_calibration_c86eff420321_seed_13|C06_early_calibration_c86eff420321_seed_137|C06_early_calibration_c86eff420321_seed_37|C06_early_calibration_c86eff420321_seed_73,028f538fb2e54338bfd223f89fada9245fa9ea540845d5f1231ee52b82c697a3|5b654f3df7287bec31f6d0441c633c4b526185fba3bffca287da0124e24682f4|94d43e99e64fe62393ed8059e659acf93cf0bc9ab0ed0b89f3accac6ec3b14aa|c33276933f988495776a4639f2d07af0caabe97ca6f4a7452e2369ea73ef38e0|d46212af096ceda55313179ec9a969787b09c8c6f025326cd08b0a736ca4f4aa,
point,C06,FD001,early_calibration,hist_gradient_boosting,clipped,signed_error,2.318658408624773,1.9234082721513976,0.20486603041940085,4.6857650849531005,5,5,c86eff4203214cd7b64c5d908bb71cab69f7c555,outputs/c06_final_c86eff4,C06_early_calibration_c86eff420321_seed_101|C06_early_calibration_c86eff420321_seed_13|C06_early_calibration_c86eff420321_seed_137|C06_early_calibration_c86eff420321_seed_37|C06_early_calibration_c86eff420321_seed_73,028f538fb2e54338bfd223f89fada9245fa9ea540845d5f1231ee52b82c697a3|5b654f3df7287bec31f6d0441c633c4b526185fba3bffca287da0124e24682f4|94d43e99e64fe62393ed8059e659acf93cf0bc9ab0ed0b89f3accac6ec3b14aa|c33276933f988495776a4639f2d07af0caabe97ca6f4a7452e2369ea73ef38e0|d46212af096ceda55313179ec9a969787b09c8c6f025326cd08b0a736ca4f4aa,
point,C06,FD001,early_calibration,hist_gradient_boosting,raw,mae,13.571927354788073,0.25219845314939315,13.383370795760062,14.006307245117574,5,5,c86eff4203214cd7b64c5d908bb71cab69f7c555,outputs/c06_final_c86eff4,C06_early_calibration_c86eff420321_seed_101|C06_early_calibration_c86eff420321_seed_13|C06_early_calibration_c86eff420321_seed_137|C06_early_calibration_c86eff420321_seed_37|C06_early_calibration_c86eff420321_seed_73,028f538fb2e54338bfd223f89fada9245fa9ea540845d5f1231ee52b82c697a3|5b654f3df7287bec31f6d0441c633c4b526185fba3bffca287da0124e24682f4|94d43e99e64fe62393ed8059e659acf93cf0bc9ab0ed0b89f3accac6ec3b14aa|c33276933f988495776a4639f2d07af0caabe97ca6f4a7452e2369ea73ef38e0|d46212af096ceda55313179ec9a969787b09c8c6f025326cd08b0a736ca4f4aa,
point,C06,FD001,early_calibration,hist_gradient_boosting,raw,nasa_score,470.5420928158272,43.494774247302786,432.24297923018287,540.0344490575861,5,5,c86eff4203214cd7b64c5d908bb71cab69f7c555,outputs/c06_final_c86eff4,C06_early_calibration_c86eff420321_seed_101|C06_early_calibration_c86eff420321_seed_13|C06_early_calibration_c86eff420321_seed_137|C06_early_calibration_c86eff420321_seed_37|C06_early_calibration_c86eff420321_seed_73,028f538fb2e54338bfd223f89fada9245fa9ea540845d5f1231ee52b82c697a3|5b654f3df7287bec31f6d0441c633c4b526185fba3bffca287da0124e24682f4|94d43e99e64fe62393ed8059e659acf93cf0bc9ab0ed0b89f3accac6ec3b14aa|c33276933f988495776a4639f2d07af0caabe97ca6f4a7452e2369ea73ef38e0|d46212af096ceda55313179ec9a969787b09c8c6f025326cd08b0a736ca4f4aa,
point,C06,FD001,early_calibration,hist_gradient_boosting,raw,rmse,17.28970615663748,0.4224521737544677,16.770030228077772,17.7993505617479,5,5,c86eff4203214cd7b64c5d908bb71cab69f7c555,outputs/c06_final_c86eff4,C06_early_calibration_c86eff420321_seed_101|C06_early_calibration_c86eff420321_seed_13|C06_early_calibration_c86eff420321_seed_137|C06_early_calibration_c86eff420321_seed_37|C06_early_calibration_c86eff420321_seed_73,028f538fb2e54338bfd223f89fada9245fa9ea540845d5f1231ee52b82c697a3|5b654f3df7287bec31f6d0441c633c4b526185fba3bffca287da0124e24682f4|94d43e99e64fe62393ed8059e659acf93cf0bc9ab0ed0b89f3accac6ec3b14aa|c33276933f988495776a4639f2d07af0caabe97ca6f4a7452e2369ea73ef38e0|d46212af096ceda55313179ec9a969787b09c8c6f025326cd08b0a736ca4f4aa,
point,C06,FD001,early_calibration,hist_gradient_boosting,raw,signed_error,1.2486584086247732,1.923408272151397,-0.8651339695805977,3.6157650849530993,5,5,c86eff4203214cd7b64c5d908bb71cab69f7c555,outputs/c06_final_c86eff4,C06_early_calibration_c86eff420321_seed_101|C06_early_calibration_c86eff420321_seed_13|C06_early_calibration_c86eff420321_seed_137|C06_early_calibration_c86eff420321_seed_37|C06_early_calibration_c86eff420321_seed_73,028f538fb2e54338bfd223f89fada9245fa9ea540845d5f1231ee52b82c697a3|5b654f3df7287bec31f6d0441c633c4b526185fba3bffca287da0124e24682f4|94d43e99e64fe62393ed8059e659acf93cf0bc9ab0ed0b89f3accac6ec3b14aa|c33276933f988495776a4639f2d07af0caabe97ca6f4a7452e2369ea73ef38e0|d46212af096ceda55313179ec9a969787b09c8c6f025326cd08b0a736ca4f4aa,
point,C06,FD001,early_calibration,mean,clipped,mae,34.83192853739876,0.004312340720780361,34.83,34.839642686993805,5,5,c86eff4203214cd7b64c5d908bb71cab69f7c555,outputs/c06_final_c86eff4,C06_early_calibration_c86eff420321_seed_101|C06_early_calibration_c86eff420321_seed_13|C06_early_calibration_c86eff420321_seed_137|C06_early_calibration_c86eff420321_seed_37|C06_early_calibration_c86eff420321_seed_73,028f538fb2e54338bfd223f89fada9245fa9ea540845d5f1231ee52b82c697a3|5b654f3df7287bec31f6d0441c633c4b526185fba3bffca287da0124e24682f4|94d43e99e64fe62393ed8059e659acf93cf0bc9ab0ed0b89f3accac6ec3b14aa|c33276933f988495776a4639f2d07af0caabe97ca6f4a7452e2369ea73ef38e0|d46212af096ceda55313179ec9a969787b09c8c6f025326cd08b0a736ca4f4aa,
point,C06,FD001,early_calibration,mean,clipped,nasa_score,32683.288665014366,2468.6098790915726,28799.55497154869,35562.46288542401,5,5,c86eff4203214cd7b64c5d908bb71cab69f7c555,outputs/c06_final_c86eff4,C06_early_calibration_c86eff420321_seed_101|C06_early_calibration_c86eff420321_seed_13|C06_early_calibration_c86eff420321_seed_137|C06_early_calibration_c86eff420321_seed_37|C06_early_calibration_c86eff420321_seed_73,028f538fb2e54338bfd223f89fada9245fa9ea540845d5f1231ee52b82c697a3|5b654f3df7287bec31f6d0441c633c4b526185fba3bffca287da0124e24682f4|94d43e99e64fe62393ed8059e659acf93cf0bc9ab0ed0b89f3accac6ec3b14aa|c33276933f988495776a4639f2d07af0caabe97ca6f4a7452e2369ea73ef38e0|d46212af096ceda55313179ec9a969787b09c8c6f025326cd08b0a736ca4f4aa,
point,C06,FD001,early_calibration,mean,clipped,rmse,41.87927686153857,0.22514047038435833,41.523325339842316,42.13910328552779,5,5,c86eff4203214cd7b64c5d908bb71cab69f7c555,outputs/c06_final_c86eff4,C06_early_calibration_c86eff420321_seed_101|C06_early_calibration_c86eff420321_seed_13|C06_early_calibration_c86eff420321_seed_137|C06_early_calibration_c86eff420321_seed_37|C06_early_calibration_c86eff420321_seed_73,028f538fb2e54338bfd223f89fada9245fa9ea540845d5f1231ee52b82c697a3|5b654f3df7287bec31f6d0441c633c4b526185fba3bffca287da0124e24682f4|94d43e99e64fe62393ed8059e659acf93cf0bc9ab0ed0b89f3accac6ec3b14aa|c33276933f988495776a4639f2d07af0caabe97ca6f4a7452e2369ea73ef38e0|d46212af096ceda55313179ec9a969787b09c8c6f025326cd08b0a736ca4f4aa,
point,C06,FD001,early_calibration,mean,clipped,signed_error,12.146822043204311,0.791829591239618,10.877455919395459,13.032134349690335,5,5,c86eff4203214cd7b64c5d908bb71cab69f7c555,outputs/c06_final_c86eff4,C06_early_calibration_c86eff420321_seed_101|C06_early_calibration_c86eff420321_seed_13|C06_early_calibration_c86eff420321_seed_137|C06_early_calibration_c86eff420321_seed_37|C06_early_calibration_c86eff420321_seed_73,028f538fb2e54338bfd223f89fada9245fa9ea540845d5f1231ee52b82c697a3|5b654f3df7287bec31f6d0441c633c4b526185fba3bffca287da0124e24682f4|94d43e99e64fe62393ed8059e659acf93cf0bc9ab0ed0b89f3accac6ec3b14aa|c33276933f988495776a4639f2d07af0caabe97ca6f4a7452e2369ea73ef38e0|d46212af096ceda55313179ec9a969787b09c8c6f025326cd08b0a736ca4f4aa,
point,C06,FD001,early_calibration,mean,raw,mae,35.90192853739877,0.004312340720780361,35.9,35.909642686993806,5,5,c86eff4203214cd7b64c5d908bb71cab69f7c555,outputs/c06_final_c86eff4,C06_early_calibration_c86eff420321_seed_101|C06_early_calibration_c86eff420321_seed_13|C06_early_calibration_c86eff420321_seed_137|C06_early_calibration_c86eff420321_seed_37|C06_early_calibration_c86eff420321_seed_73,028f538fb2e54338bfd223f89fada9245fa9ea540845d5f1231ee52b82c697a3|5b654f3df7287bec31f6d0441c633c4b526185fba3bffca287da0124e24682f4|94d43e99e64fe62393ed8059e659acf93cf0bc9ab0ed0b89f3accac6ec3b14aa|c33276933f988495776a4639f2d07af0caabe97ca6f4a7452e2369ea73ef38e0|d46212af096ceda55313179ec9a969787b09c8c6f025326cd08b0a736ca4f4aa,
point,C06,FD001,early_calibration,mean,raw,nasa_score,32963.42587112229,2451.234356582587,29107.961611339386,35823.76432364773,5,5,c86eff4203214cd7b64c5d908bb71cab69f7c555,outputs/c06_final_c86eff4,C06_early_calibration_c86eff420321_seed_101|C06_early_calibration_c86eff420321_seed_13|C06_early_calibration_c86eff420321_seed_137|C06_early_calibration_c86eff420321_seed_37|C06_early_calibration_c86eff420321_seed_73,028f538fb2e54338bfd223f89fada9245fa9ea540845d5f1231ee52b82c697a3|5b654f3df7287bec31f6d0441c633c4b526185fba3bffca287da0124e24682f4|94d43e99e64fe62393ed8059e659acf93cf0bc9ab0ed0b89f3accac6ec3b14aa|c33276933f988495776a4639f2d07af0caabe97ca6f4a7452e2369ea73ef38e0|d46212af096ceda55313179ec9a969787b09c8c6f025326cd08b0a736ca4f4aa,
point,C06,FD001,early_calibration,mean,raw,rmse,43.01203738027914,0.19944377508800148,42.6972574249317,43.24306023167234,5,5,c86eff4203214cd7b64c5d908bb71cab69f7c555,outputs/c06_final_c86eff4,C06_early_calibration_c86eff420321_seed_101|C06_early_calibration_c86eff420321_seed_13|C06_early_calibration_c86eff420321_seed_137|C06_early_calibration_c86eff420321_seed_37|C06_early_calibration_c86eff420321_seed_73,028f538fb2e54338bfd223f89fada9245fa9ea540845d5f1231ee52b82c697a3|5b654f3df7287bec31f6d0441c633c4b526185fba3bffca287da0124e24682f4|94d43e99e64fe62393ed8059e659acf93cf0bc9ab0ed0b89f3accac6ec3b14aa|c33276933f988495776a4639f2d07af0caabe97ca6f4a7452e2369ea73ef38e0|d46212af096ceda55313179ec9a969787b09c8c6f025326cd08b0a736ca4f4aa,
point,C06,FD001,early_calibration,mean,raw,signed_error,11.076822043204311,0.7918295912396208,9.807455919395451,11.962134349690334,5,5,c86eff4203214cd7b64c5d908bb71cab69f7c555,outputs/c06_final_c86eff4,C06_early_calibration_c86eff420321_seed_101|C06_early_calibration_c86eff420321_seed_13|C06_early_calibration_c86eff420321_seed_137|C06_early_calibration_c86eff420321_seed_37|C06_early_calibration_c86eff420321_seed_73,028f538fb2e54338bfd223f89fada9245fa9ea540845d5f1231ee52b82c697a3|5b654f3df7287bec31f6d0441c633c4b526185fba3bffca287da0124e24682f4|94d43e99e64fe62393ed8059e659acf93cf0bc9ab0ed0b89f3accac6ec3b14aa|c33276933f988495776a4639f2d07af0caabe97ca6f4a7452e2369ea73ef38e0|d46212af096ceda55313179ec9a969787b09c8c6f025326cd08b0a736ca4f4aa,
point,C06,FD001,early_calibration,ridge,clipped,mae,13.807421145749725,0.3927520498209285,13.460964052832376,14.426285007018455,5,5,c86eff4203214cd7b64c5d908bb71cab69f7c555,outputs/c06_final_c86eff4,C06_early_calibration_c86eff420321_seed_101|C06_early_calibration_c86eff420321_seed_13|C06_early_calibration_c86eff420321_seed_137|C06_early_calibration_c86eff420321_seed_37|C06_early_calibration_c86eff420321_seed_73,028f538fb2e54338bfd223f89fada9245fa9ea540845d5f1231ee52b82c697a3|5b654f3df7287bec31f6d0441c633c4b526185fba3bffca287da0124e24682f4|94d43e99e64fe62393ed8059e659acf93cf0bc9ab0ed0b89f3accac6ec3b14aa|c33276933f988495776a4639f2d07af0caabe97ca6f4a7452e2369ea73ef38e0|d46212af096ceda55313179ec9a969787b09c8c6f025326cd08b0a736ca4f4aa,
point,C06,FD001,early_calibration,ridge,clipped,nasa_score,534.9917886023602,31.41520753025417,493.2130284026379,571.388059042254,5,5,c86eff4203214cd7b64c5d908bb71cab69f7c555,outputs/c06_final_c86eff4,C06_early_calibration_c86eff420321_seed_101|C06_early_calibration_c86eff420321_seed_13|C06_early_calibration_c86eff420321_seed_137|C06_early_calibration_c86eff420321_seed_37|C06_early_calibration_c86eff420321_seed_73,028f538fb2e54338bfd223f89fada9245fa9ea540845d5f1231ee52b82c697a3|5b654f3df7287bec31f6d0441c633c4b526185fba3bffca287da0124e24682f4|94d43e99e64fe62393ed8059e659acf93cf0bc9ab0ed0b89f3accac6ec3b14aa|c33276933f988495776a4639f2d07af0caabe97ca6f4a7452e2369ea73ef38e0|d46212af096ceda55313179ec9a969787b09c8c6f025326cd08b0a736ca4f4aa,
point,C06,FD001,early_calibration,ridge,clipped,rmse,17.7924515662504,0.5986318699353089,17.35317009247391,18.757302031911998,5,5,c86eff4203214cd7b64c5d908bb71cab69f7c555,outputs/c06_final_c86eff4,C06_early_calibration_c86eff420321_seed_101|C06_early_calibration_c86eff420321_seed_13|C06_early_calibration_c86eff420321_seed_137|C06_early_calibration_c86eff420321_seed_37|C06_early_calibration_c86eff420321_seed_73,028f538fb2e54338bfd223f89fada9245fa9ea540845d5f1231ee52b82c697a3|5b654f3df7287bec31f6d0441c633c4b526185fba3bffca287da0124e24682f4|94d43e99e64fe62393ed8059e659acf93cf0bc9ab0ed0b89f3accac6ec3b14aa|c33276933f988495776a4639f2d07af0caabe97ca6f4a7452e2369ea73ef38e0|d46212af096ceda55313179ec9a969787b09c8c6f025326cd08b0a736ca4f4aa,
point,C06,FD001,early_calibration,ridge,clipped,signed_error,0.8074218640922398,1.6603264689633304,-1.3857142502156952,2.992667152367612,5,5,c86eff4203214cd7b64c5d908bb71cab69f7c555,outputs/c06_final_c86eff4,C06_early_calibration_c86eff420321_seed_101|C06_early_calibration_c86eff420321_seed_13|C06_early_calibration_c86eff420321_seed_137|C06_early_calibration_c86eff420321_seed_37|C06_early_calibration_c86eff420321_seed_73,028f538fb2e54338bfd223f89fada9245fa9ea540845d5f1231ee52b82c697a3|5b654f3df7287bec31f6d0441c633c4b526185fba3bffca287da0124e24682f4|94d43e99e64fe62393ed8059e659acf93cf0bc9ab0ed0b89f3accac6ec3b14aa|c33276933f988495776a4639f2d07af0caabe97ca6f4a7452e2369ea73ef38e0|d46212af096ceda55313179ec9a969787b09c8c6f025326cd08b0a736ca4f4aa,
point,C06,FD001,early_calibration,ridge,raw,mae,14.868719223481909,0.4015567127563842,14.534084883070147,15.520629605044277,5,5,c86eff4203214cd7b64c5d908bb71cab69f7c555,outputs/c06_final_c86eff4,C06_early_calibration_c86eff420321_seed_101|C06_early_calibration_c86eff420321_seed_13|C06_early_calibration_c86eff420321_seed_137|C06_early_calibration_c86eff420321_seed_37|C06_early_calibration_c86eff420321_seed_73,028f538fb2e54338bfd223f89fada9245fa9ea540845d5f1231ee52b82c697a3|5b654f3df7287bec31f6d0441c633c4b526185fba3bffca287da0124e24682f4|94d43e99e64fe62393ed8059e659acf93cf0bc9ab0ed0b89f3accac6ec3b14aa|c33276933f988495776a4639f2d07af0caabe97ca6f4a7452e2369ea73ef38e0|d46212af096ceda55313179ec9a969787b09c8c6f025326cd08b0a736ca4f4aa,
point,C06,FD001,early_calibration,ridge,raw,nasa_score,597.6902165197032,42.0160328458019,548.2030888670612,656.7451446483229,5,5,c86eff4203214cd7b64c5d908bb71cab69f7c555,outputs/c06_final_c86eff4,C06_early_calibration_c86eff420321_seed_101|C06_early_calibration_c86eff420321_seed_13|C06_early_calibration_c86eff420321_seed_137|C06_early_calibration_c86eff420321_seed_37|C06_early_calibration_c86eff420321_seed_73,028f538fb2e54338bfd223f89fada9245fa9ea540845d5f1231ee52b82c697a3|5b654f3df7287bec31f6d0441c633c4b526185fba3bffca287da0124e24682f4|94d43e99e64fe62393ed8059e659acf93cf0bc9ab0ed0b89f3accac6ec3b14aa|c33276933f988495776a4639f2d07af0caabe97ca6f4a7452e2369ea73ef38e0|d46212af096ceda55313179ec9a969787b09c8c6f025326cd08b0a736ca4f4aa,
point,C06,FD001,early_calibration,ridge,raw,rmse,19.053363899566442,0.658337876174575,18.48038572847197,20.116943049074276,5,5,c86eff4203214cd7b64c5d908bb71cab69f7c555,outputs/c06_final_c86eff4,C06_early_calibration_c86eff420321_seed_101|C06_early_calibration_c86eff420321_seed_13|C06_early_calibration_c86eff420321_seed_137|C06_early_calibration_c86eff420321_seed_37|C06_early_calibration_c86eff420321_seed_73,028f538fb2e54338bfd223f89fada9245fa9ea540845d5f1231ee52b82c697a3|5b654f3df7287bec31f6d0441c633c4b526185fba3bffca287da0124e24682f4|94d43e99e64fe62393ed8059e659acf93cf0bc9ab0ed0b89f3accac6ec3b14aa|c33276933f988495776a4639f2d07af0caabe97ca6f4a7452e2369ea73ef38e0|d46212af096ceda55313179ec9a969787b09c8c6f025326cd08b0a736ca4f4aa,
point,C06,FD001,early_calibration,ridge,raw,signed_error,-0.24601640885255954,1.6596279264317257,-2.480058848241517,1.9195463221298428,5,5,c86eff4203214cd7b64c5d908bb71cab69f7c555,outputs/c06_final_c86eff4,C06_early_calibration_c86eff420321_seed_101|C06_early_calibration_c86eff420321_seed_13|C06_early_calibration_c86eff420321_seed_137|C06_early_calibration_c86eff420321_seed_37|C06_early_calibration_c86eff420321_seed_73,028f538fb2e54338bfd223f89fada9245fa9ea540845d5f1231ee52b82c697a3|5b654f3df7287bec31f6d0441c633c4b526185fba3bffca287da0124e24682f4|94d43e99e64fe62393ed8059e659acf93cf0bc9ab0ed0b89f3accac6ec3b14aa|c33276933f988495776a4639f2d07af0caabe97ca6f4a7452e2369ea73ef38e0|d46212af096ceda55313179ec9a969787b09c8c6f025326cd08b0a736ca4f4aa,
point,C06,FD001,late_calibration,hist_gradient_boosting,clipped,mae,12.501927354788075,0.25219845314939315,12.313370795760061,12.936307245117574,5,5,c86eff4203214cd7b64c5d908bb71cab69f7c555,outputs/c06_final_c86eff4,C06_late_calibration_c86eff420321_seed_101|C06_late_calibration_c86eff420321_seed_13|C06_late_calibration_c86eff420321_seed_137|C06_late_calibration_c86eff420321_seed_37|C06_late_calibration_c86eff420321_seed_73,22cc268b9713f942eb1d9b078adcbb6d4e70934c25cdf7a3ff58939766d914e1|565653ebd216b202f2691a4b1a3c160dfcfd24f3935e1f9cffe9546c4db4ba28|6ccb5c7492798867277465ca994a670dad7fd90b6827e8cb36c08ccd7635c3f5|afbc5ddc66bae7926baede166957c69e4caf811221d2d13e11dfea5183c7ff93|e88a2610a01ee8763ea704268724c7db668a26675ed76946206cd1ec518884a4,
point,C06,FD001,late_calibration,hist_gradient_boosting,clipped,nasa_score,417.9741675831171,47.74796513581597,384.8227758548457,501.67496445920347,5,5,c86eff4203214cd7b64c5d908bb71cab69f7c555,outputs/c06_final_c86eff4,C06_late_calibration_c86eff420321_seed_101|C06_late_calibration_c86eff420321_seed_13|C06_late_calibration_c86eff420321_seed_137|C06_late_calibration_c86eff420321_seed_37|C06_late_calibration_c86eff420321_seed_73,22cc268b9713f942eb1d9b078adcbb6d4e70934c25cdf7a3ff58939766d914e1|565653ebd216b202f2691a4b1a3c160dfcfd24f3935e1f9cffe9546c4db4ba28|6ccb5c7492798867277465ca994a670dad7fd90b6827e8cb36c08ccd7635c3f5|afbc5ddc66bae7926baede166957c69e4caf811221d2d13e11dfea5183c7ff93|e88a2610a01ee8763ea704268724c7db668a26675ed76946206cd1ec518884a4,
point,C06,FD001,late_calibration,hist_gradient_boosting,clipped,rmse,16.018674267682496,0.3569510070848786,15.57096036136792,16.408302836831606,5,5,c86eff4203214cd7b64c5d908bb71cab69f7c555,outputs/c06_final_c86eff4,C06_late_calibration_c86eff420321_seed_101|C06_late_calibration_c86eff420321_seed_13|C06_late_calibration_c86eff420321_seed_137|C06_late_calibration_c86eff420321_seed_37|C06_late_calibration_c86eff420321_seed_73,22cc268b9713f942eb1d9b078adcbb6d4e70934c25cdf7a3ff58939766d914e1|565653ebd216b202f2691a4b1a3c160dfcfd24f3935e1f9cffe9546c4db4ba28|6ccb5c7492798867277465ca994a670dad7fd90b6827e8cb36c08ccd7635c3f5|afbc5ddc66bae7926baede166957c69e4caf811221d2d13e11dfea5183c7ff93|e88a2610a01ee8763ea704268724c7db668a26675ed76946206cd1ec518884a4,
point,C06,FD001,late_calibration,hist_gradient_boosting,clipped,signed_error,2.318658408624773,1.9234082721513976,0.20486603041940085,4.6857650849531005,5,5,c86eff4203214cd7b64c5d908bb71cab69f7c555,outputs/c06_final_c86eff4,C06_late_calibration_c86eff420321_seed_101|C06_late_calibration_c86eff420321_seed_13|C06_late_calibration_c86eff420321_seed_137|C06_late_calibration_c86eff420321_seed_37|C06_late_calibration_c86eff420321_seed_73,22cc268b9713f942eb1d9b078adcbb6d4e70934c25cdf7a3ff58939766d914e1|565653ebd216b202f2691a4b1a3c160dfcfd24f3935e1f9cffe9546c4db4ba28|6ccb5c7492798867277465ca994a670dad7fd90b6827e8cb36c08ccd7635c3f5|afbc5ddc66bae7926baede166957c69e4caf811221d2d13e11dfea5183c7ff93|e88a2610a01ee8763ea704268724c7db668a26675ed76946206cd1ec518884a4,
point,C06,FD001,late_calibration,hist_gradient_boosting,raw,mae,13.571927354788073,0.25219845314939315,13.383370795760062,14.006307245117574,5,5,c86eff4203214cd7b64c5d908bb71cab69f7c555,outputs/c06_final_c86eff4,C06_late_calibration_c86eff420321_seed_101|C06_late_calibration_c86eff420321_seed_13|C06_late_calibration_c86eff420321_seed_137|C06_late_calibration_c86eff420321_seed_37|C06_late_calibration_c86eff420321_seed_73,22cc268b9713f942eb1d9b078adcbb6d4e70934c25cdf7a3ff58939766d914e1|565653ebd216b202f2691a4b1a3c160dfcfd24f3935e1f9cffe9546c4db4ba28|6ccb5c7492798867277465ca994a670dad7fd90b6827e8cb36c08ccd7635c3f5|afbc5ddc66bae7926baede166957c69e4caf811221d2d13e11dfea5183c7ff93|e88a2610a01ee8763ea704268724c7db668a26675ed76946206cd1ec518884a4,
point,C06,FD001,late_calibration,hist_gradient_boosting,raw,nasa_score,470.5420928158272,43.494774247302786,432.24297923018287,540.0344490575861,5,5,c86eff4203214cd7b64c5d908bb71cab69f7c555,outputs/c06_final_c86eff4,C06_late_calibration_c86eff420321_seed_101|C06_late_calibration_c86eff420321_seed_13|C06_late_calibration_c86eff420321_seed_137|C06_late_calibration_c86eff420321_seed_37|C06_late_calibration_c86eff420321_seed_73,22cc268b9713f942eb1d9b078adcbb6d4e70934c25cdf7a3ff58939766d914e1|565653ebd216b202f2691a4b1a3c160dfcfd24f3935e1f9cffe9546c4db4ba28|6ccb5c7492798867277465ca994a670dad7fd90b6827e8cb36c08ccd7635c3f5|afbc5ddc66bae7926baede166957c69e4caf811221d2d13e11dfea5183c7ff93|e88a2610a01ee8763ea704268724c7db668a26675ed76946206cd1ec518884a4,
point,C06,FD001,late_calibration,hist_gradient_boosting,raw,rmse,17.28970615663748,0.4224521737544677,16.770030228077772,17.7993505617479,5,5,c86eff4203214cd7b64c5d908bb71cab69f7c555,outputs/c06_final_c86eff4,C06_late_calibration_c86eff420321_seed_101|C06_late_calibration_c86eff420321_seed_13|C06_late_calibration_c86eff420321_seed_137|C06_late_calibration_c86eff420321_seed_37|C06_late_calibration_c86eff420321_seed_73,22cc268b9713f942eb1d9b078adcbb6d4e70934c25cdf7a3ff58939766d914e1|565653ebd216b202f2691a4b1a3c160dfcfd24f3935e1f9cffe9546c4db4ba28|6ccb5c7492798867277465ca994a670dad7fd90b6827e8cb36c08ccd7635c3f5|afbc5ddc66bae7926baede166957c69e4caf811221d2d13e11dfea5183c7ff93|e88a2610a01ee8763ea704268724c7db668a26675ed76946206cd1ec518884a4,
point,C06,FD001,late_calibration,hist_gradient_boosting,raw,signed_error,1.2486584086247732,1.923408272151397,-0.8651339695805977,3.6157650849530993,5,5,c86eff4203214cd7b64c5d908bb71cab69f7c555,outputs/c06_final_c86eff4,C06_late_calibration_c86eff420321_seed_101|C06_late_calibration_c86eff420321_seed_13|C06_late_calibration_c86eff420321_seed_137|C06_late_calibration_c86eff420321_seed_37|C06_late_calibration_c86eff420321_seed_73,22cc268b9713f942eb1d9b078adcbb6d4e70934c25cdf7a3ff58939766d914e1|565653ebd216b202f2691a4b1a3c160dfcfd24f3935e1f9cffe9546c4db4ba28|6ccb5c7492798867277465ca994a670dad7fd90b6827e8cb36c08ccd7635c3f5|afbc5ddc66bae7926baede166957c69e4caf811221d2d13e11dfea5183c7ff93|e88a2610a01ee8763ea704268724c7db668a26675ed76946206cd1ec518884a4,
point,C06,FD001,late_calibration,mean,clipped,mae,34.83192853739876,0.004312340720780361,34.83,34.839642686993805,5,5,c86eff4203214cd7b64c5d908bb71cab69f7c555,outputs/c06_final_c86eff4,C06_late_calibration_c86eff420321_seed_101|C06_late_calibration_c86eff420321_seed_13|C06_late_calibration_c86eff420321_seed_137|C06_late_calibration_c86eff420321_seed_37|C06_late_calibration_c86eff420321_seed_73,22cc268b9713f942eb1d9b078adcbb6d4e70934c25cdf7a3ff58939766d914e1|565653ebd216b202f2691a4b1a3c160dfcfd24f3935e1f9cffe9546c4db4ba28|6ccb5c7492798867277465ca994a670dad7fd90b6827e8cb36c08ccd7635c3f5|afbc5ddc66bae7926baede166957c69e4caf811221d2d13e11dfea5183c7ff93|e88a2610a01ee8763ea704268724c7db668a26675ed76946206cd1ec518884a4,
point,C06,FD001,late_calibration,mean,clipped,nasa_score,32683.288665014366,2468.6098790915726,28799.55497154869,35562.46288542401,5,5,c86eff4203214cd7b64c5d908bb71cab69f7c555,outputs/c06_final_c86eff4,C06_late_calibration_c86eff420321_seed_101|C06_late_calibration_c86eff420321_seed_13|C06_late_calibration_c86eff420321_seed_137|C06_late_calibration_c86eff420321_seed_37|C06_late_calibration_c86eff420321_seed_73,22cc268b9713f942eb1d9b078adcbb6d4e70934c25cdf7a3ff58939766d914e1|565653ebd216b202f2691a4b1a3c160dfcfd24f3935e1f9cffe9546c4db4ba28|6ccb5c7492798867277465ca994a670dad7fd90b6827e8cb36c08ccd7635c3f5|afbc5ddc66bae7926baede166957c69e4caf811221d2d13e11dfea5183c7ff93|e88a2610a01ee8763ea704268724c7db668a26675ed76946206cd1ec518884a4,
point,C06,FD001,late_calibration,mean,clipped,rmse,41.87927686153857,0.22514047038435833,41.523325339842316,42.13910328552779,5,5,c86eff4203214cd7b64c5d908bb71cab69f7c555,outputs/c06_final_c86eff4,C06_late_calibration_c86eff420321_seed_101|C06_late_calibration_c86eff420321_seed_13|C06_late_calibration_c86eff420321_seed_137|C06_late_calibration_c86eff420321_seed_37|C06_late_calibration_c86eff420321_seed_73,22cc268b9713f942eb1d9b078adcbb6d4e70934c25cdf7a3ff58939766d914e1|565653ebd216b202f2691a4b1a3c160dfcfd24f3935e1f9cffe9546c4db4ba28|6ccb5c7492798867277465ca994a670dad7fd90b6827e8cb36c08ccd7635c3f5|afbc5ddc66bae7926baede166957c69e4caf811221d2d13e11dfea5183c7ff93|e88a2610a01ee8763ea704268724c7db668a26675ed76946206cd1ec518884a4,
point,C06,FD001,late_calibration,mean,clipped,signed_error,12.146822043204311,0.791829591239618,10.877455919395459,13.032134349690335,5,5,c86eff4203214cd7b64c5d908bb71cab69f7c555,outputs/c06_final_c86eff4,C06_late_calibration_c86eff420321_seed_101|C06_late_calibration_c86eff420321_seed_13|C06_late_calibration_c86eff420321_seed_137|C06_late_calibration_c86eff420321_seed_37|C06_late_calibration_c86eff420321_seed_73,22cc268b9713f942eb1d9b078adcbb6d4e70934c25cdf7a3ff58939766d914e1|565653ebd216b202f2691a4b1a3c160dfcfd24f3935e1f9cffe9546c4db4ba28|6ccb5c7492798867277465ca994a670dad7fd90b6827e8cb36c08ccd7635c3f5|afbc5ddc66bae7926baede166957c69e4caf811221d2d13e11dfea5183c7ff93|e88a2610a01ee8763ea704268724c7db668a26675ed76946206cd1ec518884a4,
point,C06,FD001,late_calibration,mean,raw,mae,35.90192853739877,0.004312340720780361,35.9,35.909642686993806,5,5,c86eff4203214cd7b64c5d908bb71cab69f7c555,outputs/c06_final_c86eff4,C06_late_calibration_c86eff420321_seed_101|C06_late_calibration_c86eff420321_seed_13|C06_late_calibration_c86eff420321_seed_137|C06_late_calibration_c86eff420321_seed_37|C06_late_calibration_c86eff420321_seed_73,22cc268b9713f942eb1d9b078adcbb6d4e70934c25cdf7a3ff58939766d914e1|565653ebd216b202f2691a4b1a3c160dfcfd24f3935e1f9cffe9546c4db4ba28|6ccb5c7492798867277465ca994a670dad7fd90b6827e8cb36c08ccd7635c3f5|afbc5ddc66bae7926baede166957c69e4caf811221d2d13e11dfea5183c7ff93|e88a2610a01ee8763ea704268724c7db668a26675ed76946206cd1ec518884a4,
point,C06,FD001,late_calibration,mean,raw,nasa_score,32963.42587112229,2451.234356582587,29107.961611339386,35823.76432364773,5,5,c86eff4203214cd7b64c5d908bb71cab69f7c555,outputs/c06_final_c86eff4,C06_late_calibration_c86eff420321_seed_101|C06_late_calibration_c86eff420321_seed_13|C06_late_calibration_c86eff420321_seed_137|C06_late_calibration_c86eff420321_seed_37|C06_late_calibration_c86eff420321_seed_73,22cc268b9713f942eb1d9b078adcbb6d4e70934c25cdf7a3ff58939766d914e1|565653ebd216b202f2691a4b1a3c160dfcfd24f3935e1f9cffe9546c4db4ba28|6ccb5c7492798867277465ca994a670dad7fd90b6827e8cb36c08ccd7635c3f5|afbc5ddc66bae7926baede166957c69e4caf811221d2d13e11dfea5183c7ff93|e88a2610a01ee8763ea704268724c7db668a26675ed76946206cd1ec518884a4,
point,C06,FD001,late_calibration,mean,raw,rmse,43.01203738027914,0.19944377508800148,42.6972574249317,43.24306023167234,5,5,c86eff4203214cd7b64c5d908bb71cab69f7c555,outputs/c06_final_c86eff4,C06_late_calibration_c86eff420321_seed_101|C06_late_calibration_c86eff420321_seed_13|C06_late_calibration_c86eff420321_seed_137|C06_late_calibration_c86eff420321_seed_37|C06_late_calibration_c86eff420321_seed_73,22cc268b9713f942eb1d9b078adcbb6d4e70934c25cdf7a3ff58939766d914e1|565653ebd216b202f2691a4b1a3c160dfcfd24f3935e1f9cffe9546c4db4ba28|6ccb5c7492798867277465ca994a670dad7fd90b6827e8cb36c08ccd7635c3f5|afbc5ddc66bae7926baede166957c69e4caf811221d2d13e11dfea5183c7ff93|e88a2610a01ee8763ea704268724c7db668a26675ed76946206cd1ec518884a4,
point,C06,FD001,late_calibration,mean,raw,signed_error,11.076822043204311,0.7918295912396208,9.807455919395451,11.962134349690334,5,5,c86eff4203214cd7b64c5d908bb71cab69f7c555,outputs/c06_final_c86eff4,C06_late_calibration_c86eff420321_seed_101|C06_late_calibration_c86eff420321_seed_13|C06_late_calibration_c86eff420321_seed_137|C06_late_calibration_c86eff420321_seed_37|C06_late_calibration_c86eff420321_seed_73,22cc268b9713f942eb1d9b078adcbb6d4e70934c25cdf7a3ff58939766d914e1|565653ebd216b202f2691a4b1a3c160dfcfd24f3935e1f9cffe9546c4db4ba28|6ccb5c7492798867277465ca994a670dad7fd90b6827e8cb36c08ccd7635c3f5|afbc5ddc66bae7926baede166957c69e4caf811221d2d13e11dfea5183c7ff93|e88a2610a01ee8763ea704268724c7db668a26675ed76946206cd1ec518884a4,
point,C06,FD001,late_calibration,ridge,clipped,mae,13.807421145749725,0.3927520498209285,13.460964052832376,14.426285007018455,5,5,c86eff4203214cd7b64c5d908bb71cab69f7c555,outputs/c06_final_c86eff4,C06_late_calibration_c86eff420321_seed_101|C06_late_calibration_c86eff420321_seed_13|C06_late_calibration_c86eff420321_seed_137|C06_late_calibration_c86eff420321_seed_37|C06_late_calibration_c86eff420321_seed_73,22cc268b9713f942eb1d9b078adcbb6d4e70934c25cdf7a3ff58939766d914e1|565653ebd216b202f2691a4b1a3c160dfcfd24f3935e1f9cffe9546c4db4ba28|6ccb5c7492798867277465ca994a670dad7fd90b6827e8cb36c08ccd7635c3f5|afbc5ddc66bae7926baede166957c69e4caf811221d2d13e11dfea5183c7ff93|e88a2610a01ee8763ea704268724c7db668a26675ed76946206cd1ec518884a4,
point,C06,FD001,late_calibration,ridge,clipped,nasa_score,534.9917886023602,31.41520753025417,493.2130284026379,571.388059042254,5,5,c86eff4203214cd7b64c5d908bb71cab69f7c555,outputs/c06_final_c86eff4,C06_late_calibration_c86eff420321_seed_101|C06_late_calibration_c86eff420321_seed_13|C06_late_calibration_c86eff420321_seed_137|C06_late_calibration_c86eff420321_seed_37|C06_late_calibration_c86eff420321_seed_73,22cc268b9713f942eb1d9b078adcbb6d4e70934c25cdf7a3ff58939766d914e1|565653ebd216b202f2691a4b1a3c160dfcfd24f3935e1f9cffe9546c4db4ba28|6ccb5c7492798867277465ca994a670dad7fd90b6827e8cb36c08ccd7635c3f5|afbc5ddc66bae7926baede166957c69e4caf811221d2d13e11dfea5183c7ff93|e88a2610a01ee8763ea704268724c7db668a26675ed76946206cd1ec518884a4,
point,C06,FD001,late_calibration,ridge,clipped,rmse,17.7924515662504,0.5986318699353089,17.35317009247391,18.757302031911998,5,5,c86eff4203214cd7b64c5d908bb71cab69f7c555,outputs/c06_final_c86eff4,C06_late_calibration_c86eff420321_seed_101|C06_late_calibration_c86eff420321_seed_13|C06_late_calibration_c86eff420321_seed_137|C06_late_calibration_c86eff420321_seed_37|C06_late_calibration_c86eff420321_seed_73,22cc268b9713f942eb1d9b078adcbb6d4e70934c25cdf7a3ff58939766d914e1|565653ebd216b202f2691a4b1a3c160dfcfd24f3935e1f9cffe9546c4db4ba28|6ccb5c7492798867277465ca994a670dad7fd90b6827e8cb36c08ccd7635c3f5|afbc5ddc66bae7926baede166957c69e4caf811221d2d13e11dfea5183c7ff93|e88a2610a01ee8763ea704268724c7db668a26675ed76946206cd1ec518884a4,
point,C06,FD001,late_calibration,ridge,clipped,signed_error,0.8074218640922398,1.6603264689633304,-1.3857142502156952,2.992667152367612,5,5,c86eff4203214cd7b64c5d908bb71cab69f7c555,outputs/c06_final_c86eff4,C06_late_calibration_c86eff420321_seed_101|C06_late_calibration_c86eff420321_seed_13|C06_late_calibration_c86eff420321_seed_137|C06_late_calibration_c86eff420321_seed_37|C06_late_calibration_c86eff420321_seed_73,22cc268b9713f942eb1d9b078adcbb6d4e70934c25cdf7a3ff58939766d914e1|565653ebd216b202f2691a4b1a3c160dfcfd24f3935e1f9cffe9546c4db4ba28|6ccb5c7492798867277465ca994a670dad7fd90b6827e8cb36c08ccd7635c3f5|afbc5ddc66bae7926baede166957c69e4caf811221d2d13e11dfea5183c7ff93|e88a2610a01ee8763ea704268724c7db668a26675ed76946206cd1ec518884a4,
point,C06,FD001,late_calibration,ridge,raw,mae,14.868719223481909,0.4015567127563842,14.534084883070147,15.520629605044277,5,5,c86eff4203214cd7b64c5d908bb71cab69f7c555,outputs/c06_final_c86eff4,C06_late_calibration_c86eff420321_seed_101|C06_late_calibration_c86eff420321_seed_13|C06_late_calibration_c86eff420321_seed_137|C06_late_calibration_c86eff420321_seed_37|C06_late_calibration_c86eff420321_seed_73,22cc268b9713f942eb1d9b078adcbb6d4e70934c25cdf7a3ff58939766d914e1|565653ebd216b202f2691a4b1a3c160dfcfd24f3935e1f9cffe9546c4db4ba28|6ccb5c7492798867277465ca994a670dad7fd90b6827e8cb36c08ccd7635c3f5|afbc5ddc66bae7926baede166957c69e4caf811221d2d13e11dfea5183c7ff93|e88a2610a01ee8763ea704268724c7db668a26675ed76946206cd1ec518884a4,
point,C06,FD001,late_calibration,ridge,raw,nasa_score,597.6902165197032,42.0160328458019,548.2030888670612,656.7451446483229,5,5,c86eff4203214cd7b64c5d908bb71cab69f7c555,outputs/c06_final_c86eff4,C06_late_calibration_c86eff420321_seed_101|C06_late_calibration_c86eff420321_seed_13|C06_late_calibration_c86eff420321_seed_137|C06_late_calibration_c86eff420321_seed_37|C06_late_calibration_c86eff420321_seed_73,22cc268b9713f942eb1d9b078adcbb6d4e70934c25cdf7a3ff58939766d914e1|565653ebd216b202f2691a4b1a3c160dfcfd24f3935e1f9cffe9546c4db4ba28|6ccb5c7492798867277465ca994a670dad7fd90b6827e8cb36c08ccd7635c3f5|afbc5ddc66bae7926baede166957c69e4caf811221d2d13e11dfea5183c7ff93|e88a2610a01ee8763ea704268724c7db668a26675ed76946206cd1ec518884a4,
point,C06,FD001,late_calibration,ridge,raw,rmse,19.053363899566442,0.658337876174575,18.48038572847197,20.116943049074276,5,5,c86eff4203214cd7b64c5d908bb71cab69f7c555,outputs/c06_final_c86eff4,C06_late_calibration_c86eff420321_seed_101|C06_late_calibration_c86eff420321_seed_13|C06_late_calibration_c86eff420321_seed_137|C06_late_calibration_c86eff420321_seed_37|C06_late_calibration_c86eff420321_seed_73,22cc268b9713f942eb1d9b078adcbb6d4e70934c25cdf7a3ff58939766d914e1|565653ebd216b202f2691a4b1a3c160dfcfd24f3935e1f9cffe9546c4db4ba28|6ccb5c7492798867277465ca994a670dad7fd90b6827e8cb36c08ccd7635c3f5|afbc5ddc66bae7926baede166957c69e4caf811221d2d13e11dfea5183c7ff93|e88a2610a01ee8763ea704268724c7db668a26675ed76946206cd1ec518884a4,
point,C06,FD001,late_calibration,ridge,raw,signed_error,-0.24601640885255954,1.6596279264317257,-2.480058848241517,1.9195463221298428,5,5,c86eff4203214cd7b64c5d908bb71cab69f7c555,outputs/c06_final_c86eff4,C06_late_calibration_c86eff420321_seed_101|C06_late_calibration_c86eff420321_seed_13|C06_late_calibration_c86eff420321_seed_137|C06_late_calibration_c86eff420321_seed_37|C06_late_calibration_c86eff420321_seed_73,22cc268b9713f942eb1d9b078adcbb6d4e70934c25cdf7a3ff58939766d914e1|565653ebd216b202f2691a4b1a3c160dfcfd24f3935e1f9cffe9546c4db4ba28|6ccb5c7492798867277465ca994a670dad7fd90b6827e8cb36c08ccd7635c3f5|afbc5ddc66bae7926baede166957c69e4caf811221d2d13e11dfea5183c7ff93|e88a2610a01ee8763ea704268724c7db668a26675ed76946206cd1ec518884a4,
point,C06,FD001,primary,hist_gradient_boosting,clipped,mae,12.501927354788075,0.25219845314939315,12.313370795760061,12.936307245117574,5,5,c86eff4203214cd7b64c5d908bb71cab69f7c555,outputs/c06_final_c86eff4,C06_primary_c86eff420321_seed_101|C06_primary_c86eff420321_seed_13|C06_primary_c86eff420321_seed_137|C06_primary_c86eff420321_seed_37|C06_primary_c86eff420321_seed_73,289afdd1f913956669715a713a3ac564fefca58bba6fc13afb58935878be5720|876fae5c024b2634b85d6e6a3379043f8c86f380c478a507a03344f10572142e|8819569faa808171ad07f68f2896f552d945bead1a30e6a0fddf49bca3759b2d|e11b5eaabca48e0dee3dc32442bd337c7cbaeffb5ddfafb12360af432be1a2b0|fa24209b5c5c35d3e8684a326a0eb294753ab57c8573bf0a83c9f44dfcda1273,
point,C06,FD001,primary,hist_gradient_boosting,clipped,nasa_score,417.9741675831171,47.74796513581597,384.8227758548457,501.67496445920347,5,5,c86eff4203214cd7b64c5d908bb71cab69f7c555,outputs/c06_final_c86eff4,C06_primary_c86eff420321_seed_101|C06_primary_c86eff420321_seed_13|C06_primary_c86eff420321_seed_137|C06_primary_c86eff420321_seed_37|C06_primary_c86eff420321_seed_73,289afdd1f913956669715a713a3ac564fefca58bba6fc13afb58935878be5720|876fae5c024b2634b85d6e6a3379043f8c86f380c478a507a03344f10572142e|8819569faa808171ad07f68f2896f552d945bead1a30e6a0fddf49bca3759b2d|e11b5eaabca48e0dee3dc32442bd337c7cbaeffb5ddfafb12360af432be1a2b0|fa24209b5c5c35d3e8684a326a0eb294753ab57c8573bf0a83c9f44dfcda1273,
point,C06,FD001,primary,hist_gradient_boosting,clipped,rmse,16.018674267682496,0.3569510070848786,15.57096036136792,16.408302836831606,5,5,c86eff4203214cd7b64c5d908bb71cab69f7c555,outputs/c06_final_c86eff4,C06_primary_c86eff420321_seed_101|C06_primary_c86eff420321_seed_13|C06_primary_c86eff420321_seed_137|C06_primary_c86eff420321_seed_37|C06_primary_c86eff420321_seed_73,289afdd1f913956669715a713a3ac564fefca58bba6fc13afb58935878be5720|876fae5c024b2634b85d6e6a3379043f8c86f380c478a507a03344f10572142e|8819569faa808171ad07f68f2896f552d945bead1a30e6a0fddf49bca3759b2d|e11b5eaabca48e0dee3dc32442bd337c7cbaeffb5ddfafb12360af432be1a2b0|fa24209b5c5c35d3e8684a326a0eb294753ab57c8573bf0a83c9f44dfcda1273,
point,C06,FD001,primary,hist_gradient_boosting,clipped,signed_error,2.318658408624773,1.9234082721513976,0.20486603041940085,4.6857650849531005,5,5,c86eff4203214cd7b64c5d908bb71cab69f7c555,outputs/c06_final_c86eff4,C06_primary_c86eff420321_seed_101|C06_primary_c86eff420321_seed_13|C06_primary_c86eff420321_seed_137|C06_primary_c86eff420321_seed_37|C06_primary_c86eff420321_seed_73,289afdd1f913956669715a713a3ac564fefca58bba6fc13afb58935878be5720|876fae5c024b2634b85d6e6a3379043f8c86f380c478a507a03344f10572142e|8819569faa808171ad07f68f2896f552d945bead1a30e6a0fddf49bca3759b2d|e11b5eaabca48e0dee3dc32442bd337c7cbaeffb5ddfafb12360af432be1a2b0|fa24209b5c5c35d3e8684a326a0eb294753ab57c8573bf0a83c9f44dfcda1273,
point,C06,FD001,primary,hist_gradient_boosting,raw,mae,13.571927354788073,0.25219845314939315,13.383370795760062,14.006307245117574,5,5,c86eff4203214cd7b64c5d908bb71cab69f7c555,outputs/c06_final_c86eff4,C06_primary_c86eff420321_seed_101|C06_primary_c86eff420321_seed_13|C06_primary_c86eff420321_seed_137|C06_primary_c86eff420321_seed_37|C06_primary_c86eff420321_seed_73,289afdd1f913956669715a713a3ac564fefca58bba6fc13afb58935878be5720|876fae5c024b2634b85d6e6a3379043f8c86f380c478a507a03344f10572142e|8819569faa808171ad07f68f2896f552d945bead1a30e6a0fddf49bca3759b2d|e11b5eaabca48e0dee3dc32442bd337c7cbaeffb5ddfafb12360af432be1a2b0|fa24209b5c5c35d3e8684a326a0eb294753ab57c8573bf0a83c9f44dfcda1273,
point,C06,FD001,primary,hist_gradient_boosting,raw,nasa_score,470.5420928158272,43.494774247302786,432.24297923018287,540.0344490575861,5,5,c86eff4203214cd7b64c5d908bb71cab69f7c555,outputs/c06_final_c86eff4,C06_primary_c86eff420321_seed_101|C06_primary_c86eff420321_seed_13|C06_primary_c86eff420321_seed_137|C06_primary_c86eff420321_seed_37|C06_primary_c86eff420321_seed_73,289afdd1f913956669715a713a3ac564fefca58bba6fc13afb58935878be5720|876fae5c024b2634b85d6e6a3379043f8c86f380c478a507a03344f10572142e|8819569faa808171ad07f68f2896f552d945bead1a30e6a0fddf49bca3759b2d|e11b5eaabca48e0dee3dc32442bd337c7cbaeffb5ddfafb12360af432be1a2b0|fa24209b5c5c35d3e8684a326a0eb294753ab57c8573bf0a83c9f44dfcda1273,
point,C06,FD001,primary,hist_gradient_boosting,raw,rmse,17.28970615663748,0.4224521737544677,16.770030228077772,17.7993505617479,5,5,c86eff4203214cd7b64c5d908bb71cab69f7c555,outputs/c06_final_c86eff4,C06_primary_c86eff420321_seed_101|C06_primary_c86eff420321_seed_13|C06_primary_c86eff420321_seed_137|C06_primary_c86eff420321_seed_37|C06_primary_c86eff420321_seed_73,289afdd1f913956669715a713a3ac564fefca58bba6fc13afb58935878be5720|876fae5c024b2634b85d6e6a3379043f8c86f380c478a507a03344f10572142e|8819569faa808171ad07f68f2896f552d945bead1a30e6a0fddf49bca3759b2d|e11b5eaabca48e0dee3dc32442bd337c7cbaeffb5ddfafb12360af432be1a2b0|fa24209b5c5c35d3e8684a326a0eb294753ab57c8573bf0a83c9f44dfcda1273,
point,C06,FD001,primary,hist_gradient_boosting,raw,signed_error,1.2486584086247732,1.923408272151397,-0.8651339695805977,3.6157650849530993,5,5,c86eff4203214cd7b64c5d908bb71cab69f7c555,outputs/c06_final_c86eff4,C06_primary_c86eff420321_seed_101|C06_primary_c86eff420321_seed_13|C06_primary_c86eff420321_seed_137|C06_primary_c86eff420321_seed_37|C06_primary_c86eff420321_seed_73,289afdd1f913956669715a713a3ac564fefca58bba6fc13afb58935878be5720|876fae5c024b2634b85d6e6a3379043f8c86f380c478a507a03344f10572142e|8819569faa808171ad07f68f2896f552d945bead1a30e6a0fddf49bca3759b2d|e11b5eaabca48e0dee3dc32442bd337c7cbaeffb5ddfafb12360af432be1a2b0|fa24209b5c5c35d3e8684a326a0eb294753ab57c8573bf0a83c9f44dfcda1273,
point,C06,FD001,primary,mean,clipped,mae,34.83192853739876,0.004312340720780361,34.83,34.839642686993805,5,5,c86eff4203214cd7b64c5d908bb71cab69f7c555,outputs/c06_final_c86eff4,C06_primary_c86eff420321_seed_101|C06_primary_c86eff420321_seed_13|C06_primary_c86eff420321_seed_137|C06_primary_c86eff420321_seed_37|C06_primary_c86eff420321_seed_73,289afdd1f913956669715a713a3ac564fefca58bba6fc13afb58935878be5720|876fae5c024b2634b85d6e6a3379043f8c86f380c478a507a03344f10572142e|8819569faa808171ad07f68f2896f552d945bead1a30e6a0fddf49bca3759b2d|e11b5eaabca48e0dee3dc32442bd337c7cbaeffb5ddfafb12360af432be1a2b0|fa24209b5c5c35d3e8684a326a0eb294753ab57c8573bf0a83c9f44dfcda1273,
point,C06,FD001,primary,mean,clipped,nasa_score,32683.288665014366,2468.6098790915726,28799.55497154869,35562.46288542401,5,5,c86eff4203214cd7b64c5d908bb71cab69f7c555,outputs/c06_final_c86eff4,C06_primary_c86eff420321_seed_101|C06_primary_c86eff420321_seed_13|C06_primary_c86eff420321_seed_137|C06_primary_c86eff420321_seed_37|C06_primary_c86eff420321_seed_73,289afdd1f913956669715a713a3ac564fefca58bba6fc13afb58935878be5720|876fae5c024b2634b85d6e6a3379043f8c86f380c478a507a03344f10572142e|8819569faa808171ad07f68f2896f552d945bead1a30e6a0fddf49bca3759b2d|e11b5eaabca48e0dee3dc32442bd337c7cbaeffb5ddfafb12360af432be1a2b0|fa24209b5c5c35d3e8684a326a0eb294753ab57c8573bf0a83c9f44dfcda1273,
point,C06,FD001,primary,mean,clipped,rmse,41.87927686153857,0.22514047038435833,41.523325339842316,42.13910328552779,5,5,c86eff4203214cd7b64c5d908bb71cab69f7c555,outputs/c06_final_c86eff4,C06_primary_c86eff420321_seed_101|C06_primary_c86eff420321_seed_13|C06_primary_c86eff420321_seed_137|C06_primary_c86eff420321_seed_37|C06_primary_c86eff420321_seed_73,289afdd1f913956669715a713a3ac564fefca58bba6fc13afb58935878be5720|876fae5c024b2634b85d6e6a3379043f8c86f380c478a507a03344f10572142e|8819569faa808171ad07f68f2896f552d945bead1a30e6a0fddf49bca3759b2d|e11b5eaabca48e0dee3dc32442bd337c7cbaeffb5ddfafb12360af432be1a2b0|fa24209b5c5c35d3e8684a326a0eb294753ab57c8573bf0a83c9f44dfcda1273,
point,C06,FD001,primary,mean,clipped,signed_error,12.146822043204311,0.791829591239618,10.877455919395459,13.032134349690335,5,5,c86eff4203214cd7b64c5d908bb71cab69f7c555,outputs/c06_final_c86eff4,C06_primary_c86eff420321_seed_101|C06_primary_c86eff420321_seed_13|C06_primary_c86eff420321_seed_137|C06_primary_c86eff420321_seed_37|C06_primary_c86eff420321_seed_73,289afdd1f913956669715a713a3ac564fefca58bba6fc13afb58935878be5720|876fae5c024b2634b85d6e6a3379043f8c86f380c478a507a03344f10572142e|8819569faa808171ad07f68f2896f552d945bead1a30e6a0fddf49bca3759b2d|e11b5eaabca48e0dee3dc32442bd337c7cbaeffb5ddfafb12360af432be1a2b0|fa24209b5c5c35d3e8684a326a0eb294753ab57c8573bf0a83c9f44dfcda1273,
point,C06,FD001,primary,mean,raw,mae,35.90192853739877,0.004312340720780361,35.9,35.909642686993806,5,5,c86eff4203214cd7b64c5d908bb71cab69f7c555,outputs/c06_final_c86eff4,C06_primary_c86eff420321_seed_101|C06_primary_c86eff420321_seed_13|C06_primary_c86eff420321_seed_137|C06_primary_c86eff420321_seed_37|C06_primary_c86eff420321_seed_73,289afdd1f913956669715a713a3ac564fefca58bba6fc13afb58935878be5720|876fae5c024b2634b85d6e6a3379043f8c86f380c478a507a03344f10572142e|8819569faa808171ad07f68f2896f552d945bead1a30e6a0fddf49bca3759b2d|e11b5eaabca48e0dee3dc32442bd337c7cbaeffb5ddfafb12360af432be1a2b0|fa24209b5c5c35d3e8684a326a0eb294753ab57c8573bf0a83c9f44dfcda1273,
point,C06,FD001,primary,mean,raw,nasa_score,32963.42587112229,2451.234356582587,29107.961611339386,35823.76432364773,5,5,c86eff4203214cd7b64c5d908bb71cab69f7c555,outputs/c06_final_c86eff4,C06_primary_c86eff420321_seed_101|C06_primary_c86eff420321_seed_13|C06_primary_c86eff420321_seed_137|C06_primary_c86eff420321_seed_37|C06_primary_c86eff420321_seed_73,289afdd1f913956669715a713a3ac564fefca58bba6fc13afb58935878be5720|876fae5c024b2634b85d6e6a3379043f8c86f380c478a507a03344f10572142e|8819569faa808171ad07f68f2896f552d945bead1a30e6a0fddf49bca3759b2d|e11b5eaabca48e0dee3dc32442bd337c7cbaeffb5ddfafb12360af432be1a2b0|fa24209b5c5c35d3e8684a326a0eb294753ab57c8573bf0a83c9f44dfcda1273,
point,C06,FD001,primary,mean,raw,rmse,43.01203738027914,0.19944377508800148,42.6972574249317,43.24306023167234,5,5,c86eff4203214cd7b64c5d908bb71cab69f7c555,outputs/c06_final_c86eff4,C06_primary_c86eff420321_seed_101|C06_primary_c86eff420321_seed_13|C06_primary_c86eff420321_seed_137|C06_primary_c86eff420321_seed_37|C06_primary_c86eff420321_seed_73,289afdd1f913956669715a713a3ac564fefca58bba6fc13afb58935878be5720|876fae5c024b2634b85d6e6a3379043f8c86f380c478a507a03344f10572142e|8819569faa808171ad07f68f2896f552d945bead1a30e6a0fddf49bca3759b2d|e11b5eaabca48e0dee3dc32442bd337c7cbaeffb5ddfafb12360af432be1a2b0|fa24209b5c5c35d3e8684a326a0eb294753ab57c8573bf0a83c9f44dfcda1273,
point,C06,FD001,primary,mean,raw,signed_error,11.076822043204311,0.7918295912396208,9.807455919395451,11.962134349690334,5,5,c86eff4203214cd7b64c5d908bb71cab69f7c555,outputs/c06_final_c86eff4,C06_primary_c86eff420321_seed_101|C06_primary_c86eff420321_seed_13|C06_primary_c86eff420321_seed_137|C06_primary_c86eff420321_seed_37|C06_primary_c86eff420321_seed_73,289afdd1f913956669715a713a3ac564fefca58bba6fc13afb58935878be5720|876fae5c024b2634b85d6e6a3379043f8c86f380c478a507a03344f10572142e|8819569faa808171ad07f68f2896f552d945bead1a30e6a0fddf49bca3759b2d|e11b5eaabca48e0dee3dc32442bd337c7cbaeffb5ddfafb12360af432be1a2b0|fa24209b5c5c35d3e8684a326a0eb294753ab57c8573bf0a83c9f44dfcda1273,
point,C06,FD001,primary,ridge,clipped,mae,13.807421145749725,0.3927520498209285,13.460964052832376,14.426285007018455,5,5,c86eff4203214cd7b64c5d908bb71cab69f7c555,outputs/c06_final_c86eff4,C06_primary_c86eff420321_seed_101|C06_primary_c86eff420321_seed_13|C06_primary_c86eff420321_seed_137|C06_primary_c86eff420321_seed_37|C06_primary_c86eff420321_seed_73,289afdd1f913956669715a713a3ac564fefca58bba6fc13afb58935878be5720|876fae5c024b2634b85d6e6a3379043f8c86f380c478a507a03344f10572142e|8819569faa808171ad07f68f2896f552d945bead1a30e6a0fddf49bca3759b2d|e11b5eaabca48e0dee3dc32442bd337c7cbaeffb5ddfafb12360af432be1a2b0|fa24209b5c5c35d3e8684a326a0eb294753ab57c8573bf0a83c9f44dfcda1273,
point,C06,FD001,primary,ridge,clipped,nasa_score,534.9917886023602,31.41520753025417,493.2130284026379,571.388059042254,5,5,c86eff4203214cd7b64c5d908bb71cab69f7c555,outputs/c06_final_c86eff4,C06_primary_c86eff420321_seed_101|C06_primary_c86eff420321_seed_13|C06_primary_c86eff420321_seed_137|C06_primary_c86eff420321_seed_37|C06_primary_c86eff420321_seed_73,289afdd1f913956669715a713a3ac564fefca58bba6fc13afb58935878be5720|876fae5c024b2634b85d6e6a3379043f8c86f380c478a507a03344f10572142e|8819569faa808171ad07f68f2896f552d945bead1a30e6a0fddf49bca3759b2d|e11b5eaabca48e0dee3dc32442bd337c7cbaeffb5ddfafb12360af432be1a2b0|fa24209b5c5c35d3e8684a326a0eb294753ab57c8573bf0a83c9f44dfcda1273,
point,C06,FD001,primary,ridge,clipped,rmse,17.7924515662504,0.5986318699353089,17.35317009247391,18.757302031911998,5,5,c86eff4203214cd7b64c5d908bb71cab69f7c555,outputs/c06_final_c86eff4,C06_primary_c86eff420321_seed_101|C06_primary_c86eff420321_seed_13|C06_primary_c86eff420321_seed_137|C06_primary_c86eff420321_seed_37|C06_primary_c86eff420321_seed_73,289afdd1f913956669715a713a3ac564fefca58bba6fc13afb58935878be5720|876fae5c024b2634b85d6e6a3379043f8c86f380c478a507a03344f10572142e|8819569faa808171ad07f68f2896f552d945bead1a30e6a0fddf49bca3759b2d|e11b5eaabca48e0dee3dc32442bd337c7cbaeffb5ddfafb12360af432be1a2b0|fa24209b5c5c35d3e8684a326a0eb294753ab57c8573bf0a83c9f44dfcda1273,
point,C06,FD001,primary,ridge,clipped,signed_error,0.8074218640922398,1.6603264689633304,-1.3857142502156952,2.992667152367612,5,5,c86eff4203214cd7b64c5d908bb71cab69f7c555,outputs/c06_final_c86eff4,C06_primary_c86eff420321_seed_101|C06_primary_c86eff420321_seed_13|C06_primary_c86eff420321_seed_137|C06_primary_c86eff420321_seed_37|C06_primary_c86eff420321_seed_73,289afdd1f913956669715a713a3ac564fefca58bba6fc13afb58935878be5720|876fae5c024b2634b85d6e6a3379043f8c86f380c478a507a03344f10572142e|8819569faa808171ad07f68f2896f552d945bead1a30e6a0fddf49bca3759b2d|e11b5eaabca48e0dee3dc32442bd337c7cbaeffb5ddfafb12360af432be1a2b0|fa24209b5c5c35d3e8684a326a0eb294753ab57c8573bf0a83c9f44dfcda1273,
point,C06,FD001,primary,ridge,raw,mae,14.868719223481909,0.4015567127563842,14.534084883070147,15.520629605044277,5,5,c86eff4203214cd7b64c5d908bb71cab69f7c555,outputs/c06_final_c86eff4,C06_primary_c86eff420321_seed_101|C06_primary_c86eff420321_seed_13|C06_primary_c86eff420321_seed_137|C06_primary_c86eff420321_seed_37|C06_primary_c86eff420321_seed_73,289afdd1f913956669715a713a3ac564fefca58bba6fc13afb58935878be5720|876fae5c024b2634b85d6e6a3379043f8c86f380c478a507a03344f10572142e|8819569faa808171ad07f68f2896f552d945bead1a30e6a0fddf49bca3759b2d|e11b5eaabca48e0dee3dc32442bd337c7cbaeffb5ddfafb12360af432be1a2b0|fa24209b5c5c35d3e8684a326a0eb294753ab57c8573bf0a83c9f44dfcda1273,
point,C06,FD001,primary,ridge,raw,nasa_score,597.6902165197032,42.0160328458019,548.2030888670612,656.7451446483229,5,5,c86eff4203214cd7b64c5d908bb71cab69f7c555,outputs/c06_final_c86eff4,C06_primary_c86eff420321_seed_101|C06_primary_c86eff420321_seed_13|C06_primary_c86eff420321_seed_137|C06_primary_c86eff420321_seed_37|C06_primary_c86eff420321_seed_73,289afdd1f913956669715a713a3ac564fefca58bba6fc13afb58935878be5720|876fae5c024b2634b85d6e6a3379043f8c86f380c478a507a03344f10572142e|8819569faa808171ad07f68f2896f552d945bead1a30e6a0fddf49bca3759b2d|e11b5eaabca48e0dee3dc32442bd337c7cbaeffb5ddfafb12360af432be1a2b0|fa24209b5c5c35d3e8684a326a0eb294753ab57c8573bf0a83c9f44dfcda1273,
point,C06,FD001,primary,ridge,raw,rmse,19.053363899566442,0.658337876174575,18.48038572847197,20.116943049074276,5,5,c86eff4203214cd7b64c5d908bb71cab69f7c555,outputs/c06_final_c86eff4,C06_primary_c86eff420321_seed_101|C06_primary_c86eff420321_seed_13|C06_primary_c86eff420321_seed_137|C06_primary_c86eff420321_seed_37|C06_primary_c86eff420321_seed_73,289afdd1f913956669715a713a3ac564fefca58bba6fc13afb58935878be5720|876fae5c024b2634b85d6e6a3379043f8c86f380c478a507a03344f10572142e|8819569faa808171ad07f68f2896f552d945bead1a30e6a0fddf49bca3759b2d|e11b5eaabca48e0dee3dc32442bd337c7cbaeffb5ddfafb12360af432be1a2b0|fa24209b5c5c35d3e8684a326a0eb294753ab57c8573bf0a83c9f44dfcda1273,
point,C06,FD001,primary,ridge,raw,signed_error,-0.24601640885255954,1.6596279264317257,-2.480058848241517,1.9195463221298428,5,5,c86eff4203214cd7b64c5d908bb71cab69f7c555,outputs/c06_final_c86eff4,C06_primary_c86eff420321_seed_101|C06_primary_c86eff420321_seed_13|C06_primary_c86eff420321_seed_137|C06_primary_c86eff420321_seed_37|C06_primary_c86eff420321_seed_73,289afdd1f913956669715a713a3ac564fefca58bba6fc13afb58935878be5720|876fae5c024b2634b85d6e6a3379043f8c86f380c478a507a03344f10572142e|8819569faa808171ad07f68f2896f552d945bead1a30e6a0fddf49bca3759b2d|e11b5eaabca48e0dee3dc32442bd337c7cbaeffb5ddfafb12360af432be1a2b0|fa24209b5c5c35d3e8684a326a0eb294753ab57c8573bf0a83c9f44dfcda1273,
point,C07,FD001,primary,hist_gradient_boosting,clipped,mae,11.309506660911977,0.5444410326927088,10.734689103430055,12.158687808737005,5,5,8b6c6bf96f05abb9a445fae98a7bba1bce888eb3,outputs/c07_final_8b6c6bf,C07_FD001_8b6c6bf96f05_seed_101|C07_FD001_8b6c6bf96f05_seed_13|C07_FD001_8b6c6bf96f05_seed_137|C07_FD001_8b6c6bf96f05_seed_37|C07_FD001_8b6c6bf96f05_seed_73,06a4d870dcf9827c0d4d7e079e469ea0aa794e9e5abaa412d7fe0ca553f5f207|29503b67b84e86fb51897ca413d6a93fce2c2a318664c7f1ea2a5d21424533e7|691d0bcefb5aac842f137c58685402dc0dab80593d7cdf9279969896b88910f7|81249fba316a747b947ddbffb30ca3b51b602ade96940d27bccff09315ac5d25|9342fce9a454df199b9eab9c6ce5ca95b39b446640e1ecda9ecc0a104dd31ddb,
point,C07,FD001,primary,hist_gradient_boosting,clipped,nasa_score,416.1085129200134,53.69663179186286,366.1565146241061,496.74463452402,5,5,8b6c6bf96f05abb9a445fae98a7bba1bce888eb3,outputs/c07_final_8b6c6bf,C07_FD001_8b6c6bf96f05_seed_101|C07_FD001_8b6c6bf96f05_seed_13|C07_FD001_8b6c6bf96f05_seed_137|C07_FD001_8b6c6bf96f05_seed_37|C07_FD001_8b6c6bf96f05_seed_73,06a4d870dcf9827c0d4d7e079e469ea0aa794e9e5abaa412d7fe0ca553f5f207|29503b67b84e86fb51897ca413d6a93fce2c2a318664c7f1ea2a5d21424533e7|691d0bcefb5aac842f137c58685402dc0dab80593d7cdf9279969896b88910f7|81249fba316a747b947ddbffb30ca3b51b602ade96940d27bccff09315ac5d25|9342fce9a454df199b9eab9c6ce5ca95b39b446640e1ecda9ecc0a104dd31ddb,
point,C07,FD001,primary,hist_gradient_boosting,clipped,rmse,15.500002637311534,0.6634214786604359,14.566342631107835,16.4251278540366,5,5,8b6c6bf96f05abb9a445fae98a7bba1bce888eb3,outputs/c07_final_8b6c6bf,C07_FD001_8b6c6bf96f05_seed_101|C07_FD001_8b6c6bf96f05_seed_13|C07_FD001_8b6c6bf96f05_seed_137|C07_FD001_8b6c6bf96f05_seed_37|C07_FD001_8b6c6bf96f05_seed_73,06a4d870dcf9827c0d4d7e079e469ea0aa794e9e5abaa412d7fe0ca553f5f207|29503b67b84e86fb51897ca413d6a93fce2c2a318664c7f1ea2a5d21424533e7|691d0bcefb5aac842f137c58685402dc0dab80593d7cdf9279969896b88910f7|81249fba316a747b947ddbffb30ca3b51b602ade96940d27bccff09315ac5d25|9342fce9a454df199b9eab9c6ce5ca95b39b446640e1ecda9ecc0a104dd31ddb,
point,C07,FD001,primary,hist_gradient_boosting,clipped,signed_error,0.9825134712290853,1.981174536136798,-1.386415589446114,3.6313787162904174,5,5,8b6c6bf96f05abb9a445fae98a7bba1bce888eb3,outputs/c07_final_8b6c6bf,C07_FD001_8b6c6bf96f05_seed_101|C07_FD001_8b6c6bf96f05_seed_13|C07_FD001_8b6c6bf96f05_seed_137|C07_FD001_8b6c6bf96f05_seed_37|C07_FD001_8b6c6bf96f05_seed_73,06a4d870dcf9827c0d4d7e079e469ea0aa794e9e5abaa412d7fe0ca553f5f207|29503b67b84e86fb51897ca413d6a93fce2c2a318664c7f1ea2a5d21424533e7|691d0bcefb5aac842f137c58685402dc0dab80593d7cdf9279969896b88910f7|81249fba316a747b947ddbffb30ca3b51b602ade96940d27bccff09315ac5d25|9342fce9a454df199b9eab9c6ce5ca95b39b446640e1ecda9ecc0a104dd31ddb,
point,C07,FD001,primary,hist_gradient_boosting,raw,mae,12.388758670889496,0.5468565653499324,11.804689103430055,13.228687808737003,5,5,8b6c6bf96f05abb9a445fae98a7bba1bce888eb3,outputs/c07_final_8b6c6bf,C07_FD001_8b6c6bf96f05_seed_101|C07_FD001_8b6c6bf96f05_seed_13|C07_FD001_8b6c6bf96f05_seed_137|C07_FD001_8b6c6bf96f05_seed_37|C07_FD001_8b6c6bf96f05_seed_73,06a4d870dcf9827c0d4d7e079e469ea0aa794e9e5abaa412d7fe0ca553f5f207|29503b67b84e86fb51897ca413d6a93fce2c2a318664c7f1ea2a5d21424533e7|691d0bcefb5aac842f137c58685402dc0dab80593d7cdf9279969896b88910f7|81249fba316a747b947ddbffb30ca3b51b602ade96940d27bccff09315ac5d25|9342fce9a454df199b9eab9c6ce5ca95b39b446640e1ecda9ecc0a104dd31ddb,
point,C07,FD001,primary,hist_gradient_boosting,raw,nasa_score,463.5346327916003,52.20788070117668,406.48862019249935,534.1362006700875,5,5,8b6c6bf96f05abb9a445fae98a7bba1bce888eb3,outputs/c07_final_8b6c6bf,C07_FD001_8b6c6bf96f05_seed_101|C07_FD001_8b6c6bf96f05_seed_13|C07_FD001_8b6c6bf96f05_seed_137|C07_FD001_8b6c6bf96f05_seed_37|C07_FD001_8b6c6bf96f05_seed_73,06a4d870dcf9827c0d4d7e079e469ea0aa794e9e5abaa412d7fe0ca553f5f207|29503b67b84e86fb51897ca413d6a93fce2c2a318664c7f1ea2a5d21424533e7|691d0bcefb5aac842f137c58685402dc0dab80593d7cdf9279969896b88910f7|81249fba316a747b947ddbffb30ca3b51b602ade96940d27bccff09315ac5d25|9342fce9a454df199b9eab9c6ce5ca95b39b446640e1ecda9ecc0a104dd31ddb,
point,C07,FD001,primary,hist_gradient_boosting,raw,rmse,16.713746447341116,0.6499734126678003,15.875611867743356,17.70278717705922,5,5,8b6c6bf96f05abb9a445fae98a7bba1bce888eb3,outputs/c07_final_8b6c6bf,C07_FD001_8b6c6bf96f05_seed_101|C07_FD001_8b6c6bf96f05_seed_13|C07_FD001_8b6c6bf96f05_seed_137|C07_FD001_8b6c6bf96f05_seed_37|C07_FD001_8b6c6bf96f05_seed_73,06a4d870dcf9827c0d4d7e079e469ea0aa794e9e5abaa412d7fe0ca553f5f207|29503b67b84e86fb51897ca413d6a93fce2c2a318664c7f1ea2a5d21424533e7|691d0bcefb5aac842f137c58685402dc0dab80593d7cdf9279969896b88910f7|81249fba316a747b947ddbffb30ca3b51b602ade96940d27bccff09315ac5d25|9342fce9a454df199b9eab9c6ce5ca95b39b446640e1ecda9ecc0a104dd31ddb,
point,C07,FD001,primary,hist_gradient_boosting,raw,signed_error,-0.07823451879339564,1.9966844668777801,-2.4564155894461135,2.6076387661780136,5,5,8b6c6bf96f05abb9a445fae98a7bba1bce888eb3,outputs/c07_final_8b6c6bf,C07_FD001_8b6c6bf96f05_seed_101|C07_FD001_8b6c6bf96f05_seed_13|C07_FD001_8b6c6bf96f05_seed_137|C07_FD001_8b6c6bf96f05_seed_37|C07_FD001_8b6c6bf96f05_seed_73,06a4d870dcf9827c0d4d7e079e469ea0aa794e9e5abaa412d7fe0ca553f5f207|29503b67b84e86fb51897ca413d6a93fce2c2a318664c7f1ea2a5d21424533e7|691d0bcefb5aac842f137c58685402dc0dab80593d7cdf9279969896b88910f7|81249fba316a747b947ddbffb30ca3b51b602ade96940d27bccff09315ac5d25|9342fce9a454df199b9eab9c6ce5ca95b39b446640e1ecda9ecc0a104dd31ddb,
point,C07,FD001,primary,mean,clipped,mae,34.83192853739876,0.004312340720780361,34.83,34.839642686993805,5,5,8b6c6bf96f05abb9a445fae98a7bba1bce888eb3,outputs/c07_final_8b6c6bf,C07_FD001_8b6c6bf96f05_seed_101|C07_FD001_8b6c6bf96f05_seed_13|C07_FD001_8b6c6bf96f05_seed_137|C07_FD001_8b6c6bf96f05_seed_37|C07_FD001_8b6c6bf96f05_seed_73,06a4d870dcf9827c0d4d7e079e469ea0aa794e9e5abaa412d7fe0ca553f5f207|29503b67b84e86fb51897ca413d6a93fce2c2a318664c7f1ea2a5d21424533e7|691d0bcefb5aac842f137c58685402dc0dab80593d7cdf9279969896b88910f7|81249fba316a747b947ddbffb30ca3b51b602ade96940d27bccff09315ac5d25|9342fce9a454df199b9eab9c6ce5ca95b39b446640e1ecda9ecc0a104dd31ddb,
point,C07,FD001,primary,mean,clipped,nasa_score,32683.288665014366,2468.6098790915726,28799.55497154869,35562.46288542401,5,5,8b6c6bf96f05abb9a445fae98a7bba1bce888eb3,outputs/c07_final_8b6c6bf,C07_FD001_8b6c6bf96f05_seed_101|C07_FD001_8b6c6bf96f05_seed_13|C07_FD001_8b6c6bf96f05_seed_137|C07_FD001_8b6c6bf96f05_seed_37|C07_FD001_8b6c6bf96f05_seed_73,06a4d870dcf9827c0d4d7e079e469ea0aa794e9e5abaa412d7fe0ca553f5f207|29503b67b84e86fb51897ca413d6a93fce2c2a318664c7f1ea2a5d21424533e7|691d0bcefb5aac842f137c58685402dc0dab80593d7cdf9279969896b88910f7|81249fba316a747b947ddbffb30ca3b51b602ade96940d27bccff09315ac5d25|9342fce9a454df199b9eab9c6ce5ca95b39b446640e1ecda9ecc0a104dd31ddb,
point,C07,FD001,primary,mean,clipped,rmse,41.87927686153857,0.22514047038435833,41.523325339842316,42.13910328552779,5,5,8b6c6bf96f05abb9a445fae98a7bba1bce888eb3,outputs/c07_final_8b6c6bf,C07_FD001_8b6c6bf96f05_seed_101|C07_FD001_8b6c6bf96f05_seed_13|C07_FD001_8b6c6bf96f05_seed_137|C07_FD001_8b6c6bf96f05_seed_37|C07_FD001_8b6c6bf96f05_seed_73,06a4d870dcf9827c0d4d7e079e469ea0aa794e9e5abaa412d7fe0ca553f5f207|29503b67b84e86fb51897ca413d6a93fce2c2a318664c7f1ea2a5d21424533e7|691d0bcefb5aac842f137c58685402dc0dab80593d7cdf9279969896b88910f7|81249fba316a747b947ddbffb30ca3b51b602ade96940d27bccff09315ac5d25|9342fce9a454df199b9eab9c6ce5ca95b39b446640e1ecda9ecc0a104dd31ddb,
point,C07,FD001,primary,mean,clipped,signed_error,12.146822043204311,0.791829591239618,10.877455919395459,13.032134349690335,5,5,8b6c6bf96f05abb9a445fae98a7bba1bce888eb3,outputs/c07_final_8b6c6bf,C07_FD001_8b6c6bf96f05_seed_101|C07_FD001_8b6c6bf96f05_seed_13|C07_FD001_8b6c6bf96f05_seed_137|C07_FD001_8b6c6bf96f05_seed_37|C07_FD001_8b6c6bf96f05_seed_73,06a4d870dcf9827c0d4d7e079e469ea0aa794e9e5abaa412d7fe0ca553f5f207|29503b67b84e86fb51897ca413d6a93fce2c2a318664c7f1ea2a5d21424533e7|691d0bcefb5aac842f137c58685402dc0dab80593d7cdf9279969896b88910f7|81249fba316a747b947ddbffb30ca3b51b602ade96940d27bccff09315ac5d25|9342fce9a454df199b9eab9c6ce5ca95b39b446640e1ecda9ecc0a104dd31ddb,
point,C07,FD001,primary,mean,raw,mae,35.90192853739877,0.004312340720780361,35.9,35.909642686993806,5,5,8b6c6bf96f05abb9a445fae98a7bba1bce888eb3,outputs/c07_final_8b6c6bf,C07_FD001_8b6c6bf96f05_seed_101|C07_FD001_8b6c6bf96f05_seed_13|C07_FD001_8b6c6bf96f05_seed_137|C07_FD001_8b6c6bf96f05_seed_37|C07_FD001_8b6c6bf96f05_seed_73,06a4d870dcf9827c0d4d7e079e469ea0aa794e9e5abaa412d7fe0ca553f5f207|29503b67b84e86fb51897ca413d6a93fce2c2a318664c7f1ea2a5d21424533e7|691d0bcefb5aac842f137c58685402dc0dab80593d7cdf9279969896b88910f7|81249fba316a747b947ddbffb30ca3b51b602ade96940d27bccff09315ac5d25|9342fce9a454df199b9eab9c6ce5ca95b39b446640e1ecda9ecc0a104dd31ddb,
point,C07,FD001,primary,mean,raw,nasa_score,32963.42587112229,2451.234356582587,29107.961611339386,35823.76432364773,5,5,8b6c6bf96f05abb9a445fae98a7bba1bce888eb3,outputs/c07_final_8b6c6bf,C07_FD001_8b6c6bf96f05_seed_101|C07_FD001_8b6c6bf96f05_seed_13|C07_FD001_8b6c6bf96f05_seed_137|C07_FD001_8b6c6bf96f05_seed_37|C07_FD001_8b6c6bf96f05_seed_73,06a4d870dcf9827c0d4d7e079e469ea0aa794e9e5abaa412d7fe0ca553f5f207|29503b67b84e86fb51897ca413d6a93fce2c2a318664c7f1ea2a5d21424533e7|691d0bcefb5aac842f137c58685402dc0dab80593d7cdf9279969896b88910f7|81249fba316a747b947ddbffb30ca3b51b602ade96940d27bccff09315ac5d25|9342fce9a454df199b9eab9c6ce5ca95b39b446640e1ecda9ecc0a104dd31ddb,
point,C07,FD001,primary,mean,raw,rmse,43.01203738027914,0.19944377508800148,42.6972574249317,43.24306023167234,5,5,8b6c6bf96f05abb9a445fae98a7bba1bce888eb3,outputs/c07_final_8b6c6bf,C07_FD001_8b6c6bf96f05_seed_101|C07_FD001_8b6c6bf96f05_seed_13|C07_FD001_8b6c6bf96f05_seed_137|C07_FD001_8b6c6bf96f05_seed_37|C07_FD001_8b6c6bf96f05_seed_73,06a4d870dcf9827c0d4d7e079e469ea0aa794e9e5abaa412d7fe0ca553f5f207|29503b67b84e86fb51897ca413d6a93fce2c2a318664c7f1ea2a5d21424533e7|691d0bcefb5aac842f137c58685402dc0dab80593d7cdf9279969896b88910f7|81249fba316a747b947ddbffb30ca3b51b602ade96940d27bccff09315ac5d25|9342fce9a454df199b9eab9c6ce5ca95b39b446640e1ecda9ecc0a104dd31ddb,
point,C07,FD001,primary,mean,raw,signed_error,11.076822043204311,0.7918295912396208,9.807455919395451,11.962134349690334,5,5,8b6c6bf96f05abb9a445fae98a7bba1bce888eb3,outputs/c07_final_8b6c6bf,C07_FD001_8b6c6bf96f05_seed_101|C07_FD001_8b6c6bf96f05_seed_13|C07_FD001_8b6c6bf96f05_seed_137|C07_FD001_8b6c6bf96f05_seed_37|C07_FD001_8b6c6bf96f05_seed_73,06a4d870dcf9827c0d4d7e079e469ea0aa794e9e5abaa412d7fe0ca553f5f207|29503b67b84e86fb51897ca413d6a93fce2c2a318664c7f1ea2a5d21424533e7|691d0bcefb5aac842f137c58685402dc0dab80593d7cdf9279969896b88910f7|81249fba316a747b947ddbffb30ca3b51b602ade96940d27bccff09315ac5d25|9342fce9a454df199b9eab9c6ce5ca95b39b446640e1ecda9ecc0a104dd31ddb,
point,C07,FD001,primary,ridge,clipped,mae,13.822210773481217,0.3926205106513767,13.463264377211212,14.44340983680497,5,5,8b6c6bf96f05abb9a445fae98a7bba1bce888eb3,outputs/c07_final_8b6c6bf,C07_FD001_8b6c6bf96f05_seed_101|C07_FD001_8b6c6bf96f05_seed_13|C07_FD001_8b6c6bf96f05_seed_137|C07_FD001_8b6c6bf96f05_seed_37|C07_FD001_8b6c6bf96f05_seed_73,06a4d870dcf9827c0d4d7e079e469ea0aa794e9e5abaa412d7fe0ca553f5f207|29503b67b84e86fb51897ca413d6a93fce2c2a318664c7f1ea2a5d21424533e7|691d0bcefb5aac842f137c58685402dc0dab80593d7cdf9279969896b88910f7|81249fba316a747b947ddbffb30ca3b51b602ade96940d27bccff09315ac5d25|9342fce9a454df199b9eab9c6ce5ca95b39b446640e1ecda9ecc0a104dd31ddb,
point,C07,FD001,primary,ridge,clipped,nasa_score,536.1550182278205,30.41827936166865,495.8102003880754,572.0902668785766,5,5,8b6c6bf96f05abb9a445fae98a7bba1bce888eb3,outputs/c07_final_8b6c6bf,C07_FD001_8b6c6bf96f05_seed_101|C07_FD001_8b6c6bf96f05_seed_13|C07_FD001_8b6c6bf96f05_seed_137|C07_FD001_8b6c6bf96f05_seed_37|C07_FD001_8b6c6bf96f05_seed_73,06a4d870dcf9827c0d4d7e079e469ea0aa794e9e5abaa412d7fe0ca553f5f207|29503b67b84e86fb51897ca413d6a93fce2c2a318664c7f1ea2a5d21424533e7|691d0bcefb5aac842f137c58685402dc0dab80593d7cdf9279969896b88910f7|81249fba316a747b947ddbffb30ca3b51b602ade96940d27bccff09315ac5d25|9342fce9a454df199b9eab9c6ce5ca95b39b446640e1ecda9ecc0a104dd31ddb,
point,C07,FD001,primary,ridge,clipped,rmse,17.809257444752852,0.5946009765916096,17.36604336238455,18.77377458864713,5,5,8b6c6bf96f05abb9a445fae98a7bba1bce888eb3,outputs/c07_final_8b6c6bf,C07_FD001_8b6c6bf96f05_seed_101|C07_FD001_8b6c6bf96f05_seed_13|C07_FD001_8b6c6bf96f05_seed_137|C07_FD001_8b6c6bf96f05_seed_37|C07_FD001_8b6c6bf96f05_seed_73,06a4d870dcf9827c0d4d7e079e469ea0aa794e9e5abaa412d7fe0ca553f5f207|29503b67b84e86fb51897ca413d6a93fce2c2a318664c7f1ea2a5d21424533e7|691d0bcefb5aac842f137c58685402dc0dab80593d7cdf9279969896b88910f7|81249fba316a747b947ddbffb30ca3b51b602ade96940d27bccff09315ac5d25|9342fce9a454df199b9eab9c6ce5ca95b39b446640e1ecda9ecc0a104dd31ddb,
point,C07,FD001,primary,ridge,clipped,signed_error,0.8077677652959203,1.6552908841238334,-1.3871159954684869,2.985609387966179,5,5,8b6c6bf96f05abb9a445fae98a7bba1bce888eb3,outputs/c07_final_8b6c6bf,C07_FD001_8b6c6bf96f05_seed_101|C07_FD001_8b6c6bf96f05_seed_13|C07_FD001_8b6c6bf96f05_seed_137|C07_FD001_8b6c6bf96f05_seed_37|C07_FD001_8b6c6bf96f05_seed_73,06a4d870dcf9827c0d4d7e079e469ea0aa794e9e5abaa412d7fe0ca553f5f207|29503b67b84e86fb51897ca413d6a93fce2c2a318664c7f1ea2a5d21424533e7|691d0bcefb5aac842f137c58685402dc0dab80593d7cdf9279969896b88910f7|81249fba316a747b947ddbffb30ca3b51b602ade96940d27bccff09315ac5d25|9342fce9a454df199b9eab9c6ce5ca95b39b446640e1ecda9ecc0a104dd31ddb,
point,C07,FD001,primary,ridge,raw,mae,14.882296299536733,0.40326712032830814,14.537645411364851,15.538553690571081,5,5,8b6c6bf96f05abb9a445fae98a7bba1bce888eb3,outputs/c07_final_8b6c6bf,C07_FD001_8b6c6bf96f05_seed_101|C07_FD001_8b6c6bf96f05_seed_13|C07_FD001_8b6c6bf96f05_seed_137|C07_FD001_8b6c6bf96f05_seed_37|C07_FD001_8b6c6bf96f05_seed_73,06a4d870dcf9827c0d4d7e079e469ea0aa794e9e5abaa412d7fe0ca553f5f207|29503b67b84e86fb51897ca413d6a93fce2c2a318664c7f1ea2a5d21424533e7|691d0bcefb5aac842f137c58685402dc0dab80593d7cdf9279969896b88910f7|81249fba316a747b947ddbffb30ca3b51b602ade96940d27bccff09315ac5d25|9342fce9a454df199b9eab9c6ce5ca95b39b446640e1ecda9ecc0a104dd31ddb,
point,C07,FD001,primary,ridge,raw,nasa_score,599.2155576985937,41.52229138483611,550.6958208888298,658.0254723767231,5,5,8b6c6bf96f05abb9a445fae98a7bba1bce888eb3,outputs/c07_final_8b6c6bf,C07_FD001_8b6c6bf96f05_seed_101|C07_FD001_8b6c6bf96f05_seed_13|C07_FD001_8b6c6bf96f05_seed_137|C07_FD001_8b6c6bf96f05_seed_37|C07_FD001_8b6c6bf96f05_seed_73,06a4d870dcf9827c0d4d7e079e469ea0aa794e9e5abaa412d7fe0ca553f5f207|29503b67b84e86fb51897ca413d6a93fce2c2a318664c7f1ea2a5d21424533e7|691d0bcefb5aac842f137c58685402dc0dab80593d7cdf9279969896b88910f7|81249fba316a747b947ddbffb30ca3b51b602ade96940d27bccff09315ac5d25|9342fce9a454df199b9eab9c6ce5ca95b39b446640e1ecda9ecc0a104dd31ddb,
point,C07,FD001,primary,ridge,raw,rmse,19.070882826189596,0.6559340257616625,18.49784611160712,20.13599943987735,5,5,8b6c6bf96f05abb9a445fae98a7bba1bce888eb3,outputs/c07_final_8b6c6bf,C07_FD001_8b6c6bf96f05_seed_101|C07_FD001_8b6c6bf96f05_seed_13|C07_FD001_8b6c6bf96f05_seed_137|C07_FD001_8b6c6bf96f05_seed_37|C07_FD001_8b6c6bf96f05_seed_73,06a4d870dcf9827c0d4d7e079e469ea0aa794e9e5abaa412d7fe0ca553f5f207|29503b67b84e86fb51897ca413d6a93fce2c2a318664c7f1ea2a5d21424533e7|691d0bcefb5aac842f137c58685402dc0dab80593d7cdf9279969896b88910f7|81249fba316a747b947ddbffb30ca3b51b602ade96940d27bccff09315ac5d25|9342fce9a454df199b9eab9c6ce5ca95b39b446640e1ecda9ecc0a104dd31ddb,
point,C07,FD001,primary,ridge,raw,signed_error,-0.24740844775687781,1.6537140234715184,-2.482259849234598,1.9112283538125427,5,5,8b6c6bf96f05abb9a445fae98a7bba1bce888eb3,outputs/c07_final_8b6c6bf,C07_FD001_8b6c6bf96f05_seed_101|C07_FD001_8b6c6bf96f05_seed_13|C07_FD001_8b6c6bf96f05_seed_137|C07_FD001_8b6c6bf96f05_seed_37|C07_FD001_8b6c6bf96f05_seed_73,06a4d870dcf9827c0d4d7e079e469ea0aa794e9e5abaa412d7fe0ca553f5f207|29503b67b84e86fb51897ca413d6a93fce2c2a318664c7f1ea2a5d21424533e7|691d0bcefb5aac842f137c58685402dc0dab80593d7cdf9279969896b88910f7|81249fba316a747b947ddbffb30ca3b51b602ade96940d27bccff09315ac5d25|9342fce9a454df199b9eab9c6ce5ca95b39b446640e1ecda9ecc0a104dd31ddb,
point,C07,FD002,primary,hist_gradient_boosting,clipped,mae,31.160096363448485,1.0424630375055859,29.950134383319227,32.36084211866155,5,5,8b6c6bf96f05abb9a445fae98a7bba1bce888eb3,outputs/c07_final_8b6c6bf,C07_FD002_8b6c6bf96f05_seed_101|C07_FD002_8b6c6bf96f05_seed_13|C07_FD002_8b6c6bf96f05_seed_137|C07_FD002_8b6c6bf96f05_seed_37|C07_FD002_8b6c6bf96f05_seed_73,1759ffb6253e2068e9b06e2d4019b6e87dae83d43ffc8f3b6805f8ba5513520d|252451e234cc6055be1a5195bc9de7a983ccaf35219e4fe6b058e5adb76e58d2|5bbfb4089f8029c74f40422e4e86f7cd9103392ccae8c4d608ca48d4151e57b8|5fa8c8be2a7d6d1006e0c4b00a195d97158660b468eeb95ef6265d37a83f8037|851c6ae71215de4f41bb1b5959da287b01f99597d925718aa9cef5ff14cc7c83,
point,C07,FD002,primary,hist_gradient_boosting,clipped,nasa_score,42673.739426806096,44835.312147355195,8718.821095791865,120652.12961641492,5,5,8b6c6bf96f05abb9a445fae98a7bba1bce888eb3,outputs/c07_final_8b6c6bf,C07_FD002_8b6c6bf96f05_seed_101|C07_FD002_8b6c6bf96f05_seed_13|C07_FD002_8b6c6bf96f05_seed_137|C07_FD002_8b6c6bf96f05_seed_37|C07_FD002_8b6c6bf96f05_seed_73,1759ffb6253e2068e9b06e2d4019b6e87dae83d43ffc8f3b6805f8ba5513520d|252451e234cc6055be1a5195bc9de7a983ccaf35219e4fe6b058e5adb76e58d2|5bbfb4089f8029c74f40422e4e86f7cd9103392ccae8c4d608ca48d4151e57b8|5fa8c8be2a7d6d1006e0c4b00a195d97158660b468eeb95ef6265d37a83f8037|851c6ae71215de4f41bb1b5959da287b01f99597d925718aa9cef5ff14cc7c83,
point,C07,FD002,primary,hist_gradient_boosting,clipped,rmse,36.955753586387026,2.3411445352928975,34.37468504363296,40.772213458770025,5,5,8b6c6bf96f05abb9a445fae98a7bba1bce888eb3,outputs/c07_final_8b6c6bf,C07_FD002_8b6c6bf96f05_seed_101|C07_FD002_8b6c6bf96f05_seed_13|C07_FD002_8b6c6bf96f05_seed_137|C07_FD002_8b6c6bf96f05_seed_37|C07_FD002_8b6c6bf96f05_seed_73,1759ffb6253e2068e9b06e2d4019b6e87dae83d43ffc8f3b6805f8ba5513520d|252451e234cc6055be1a5195bc9de7a983ccaf35219e4fe6b058e5adb76e58d2|5bbfb4089f8029c74f40422e4e86f7cd9103392ccae8c4d608ca48d4151e57b8|5fa8c8be2a7d6d1006e0c4b00a195d97158660b468eeb95ef6265d37a83f8037|851c6ae71215de4f41bb1b5959da287b01f99597d925718aa9cef5ff14cc7c83,
point,C07,FD002,primary,hist_gradient_boosting,clipped,signed_error,5.33221791221051,10.737891274841019,-7.665851783679236,20.339614053896316,5,5,8b6c6bf96f05abb9a445fae98a7bba1bce888eb3,outputs/c07_final_8b6c6bf,C07_FD002_8b6c6bf96f05_seed_101|C07_FD002_8b6c6bf96f05_seed_13|C07_FD002_8b6c6bf96f05_seed_137|C07_FD002_8b6c6bf96f05_seed_37|C07_FD002_8b6c6bf96f05_seed_73,1759ffb6253e2068e9b06e2d4019b6e87dae83d43ffc8f3b6805f8ba5513520d|252451e234cc6055be1a5195bc9de7a983ccaf35219e4fe6b058e5adb76e58d2|5bbfb4089f8029c74f40422e4e86f7cd9103392ccae8c4d608ca48d4151e57b8|5fa8c8be2a7d6d1006e0c4b00a195d97158660b468eeb95ef6265d37a83f8037|851c6ae71215de4f41bb1b5959da287b01f99597d925718aa9cef5ff14cc7c83,
point,C07,FD002,primary,hist_gradient_boosting,raw,mae,38.65430485765698,1.0424630375055888,37.44434287752772,39.85505061287005,5,5,8b6c6bf96f05abb9a445fae98a7bba1bce888eb3,outputs/c07_final_8b6c6bf,C07_FD002_8b6c6bf96f05_seed_101|C07_FD002_8b6c6bf96f05_seed_13|C07_FD002_8b6c6bf96f05_seed_137|C07_FD002_8b6c6bf96f05_seed_37|C07_FD002_8b6c6bf96f05_seed_73,1759ffb6253e2068e9b06e2d4019b6e87dae83d43ffc8f3b6805f8ba5513520d|252451e234cc6055be1a5195bc9de7a983ccaf35219e4fe6b058e5adb76e58d2|5bbfb4089f8029c74f40422e4e86f7cd9103392ccae8c4d608ca48d4151e57b8|5fa8c8be2a7d6d1006e0c4b00a195d97158660b468eeb95ef6265d37a83f8037|851c6ae71215de4f41bb1b5959da287b01f99597d925718aa9cef5ff14cc7c83,
point,C07,FD002,primary,hist_gradient_boosting,raw,nasa_score,96887.01970872,29645.57008409863,61874.90902626668,132902.81086057093,5,5,8b6c6bf96f05abb9a445fae98a7bba1bce888eb3,outputs/c07_final_8b6c6bf,C07_FD002_8b6c6bf96f05_seed_101|C07_FD002_8b6c6bf96f05_seed_13|C07_FD002_8b6c6bf96f05_seed_137|C07_FD002_8b6c6bf96f05_seed_37|C07_FD002_8b6c6bf96f05_seed_73,1759ffb6253e2068e9b06e2d4019b6e87dae83d43ffc8f3b6805f8ba5513520d|252451e234cc6055be1a5195bc9de7a983ccaf35219e4fe6b058e5adb76e58d2|5bbfb4089f8029c74f40422e4e86f7cd9103392ccae8c4d608ca48d4151e57b8|5fa8c8be2a7d6d1006e0c4b00a195d97158660b468eeb95ef6265d37a83f8037|851c6ae71215de4f41bb1b5959da287b01f99597d925718aa9cef5ff14cc7c83,
point,C07,FD002,primary,hist_gradient_boosting,raw,rmse,46.584565355235995,1.132728983771911,45.35186275796427,48.159401112908846,5,5,8b6c6bf96f05abb9a445fae98a7bba1bce888eb3,outputs/c07_final_8b6c6bf,C07_FD002_8b6c6bf96f05_seed_101|C07_FD002_8b6c6bf96f05_seed_13|C07_FD002_8b6c6bf96f05_seed_137|C07_FD002_8b6c6bf96f05_seed_37|C07_FD002_8b6c6bf96f05_seed_73,1759ffb6253e2068e9b06e2d4019b6e87dae83d43ffc8f3b6805f8ba5513520d|252451e234cc6055be1a5195bc9de7a983ccaf35219e4fe6b058e5adb76e58d2|5bbfb4089f8029c74f40422e4e86f7cd9103392ccae8c4d608ca48d4151e57b8|5fa8c8be2a7d6d1006e0c4b00a195d97158660b468eeb95ef6265d37a83f8037|851c6ae71215de4f41bb1b5959da287b01f99597d925718aa9cef5ff14cc7c83,
point,C07,FD002,primary,hist_gradient_boosting,raw,signed_error,-2.1619905819979808,10.737891274841019,-15.160060277887721,12.84540555968783,5,5,8b6c6bf96f05abb9a445fae98a7bba1bce888eb3,outputs/c07_final_8b6c6bf,C07_FD002_8b6c6bf96f05_seed_101|C07_FD002_8b6c6bf96f05_seed_13|C07_FD002_8b6c6bf96f05_seed_137|C07_FD002_8b6c6bf96f05_seed_37|C07_FD002_8b6c6bf96f05_seed_73,1759ffb6253e2068e9b06e2d4019b6e87dae83d43ffc8f3b6805f8ba5513520d|252451e234cc6055be1a5195bc9de7a983ccaf35219e4fe6b058e5adb76e58d2|5bbfb4089f8029c74f40422e4e86f7cd9103392ccae8c4d608ca48d4151e57b8|5fa8c8be2a7d6d1006e0c4b00a195d97158660b468eeb95ef6265d37a83f8037|851c6ae71215de4f41bb1b5959da287b01f99597d925718aa9cef5ff14cc7c83,
point,C07,FD002,primary,mean,clipped,mae,38.112409659471496,0.07746166976880067,37.99180144520195,38.20456330556378,5,5,8b6c6bf96f05abb9a445fae98a7bba1bce888eb3,outputs/c07_final_8b6c6bf,C07_FD002_8b6c6bf96f05_seed_101|C07_FD002_8b6c6bf96f05_seed_13|C07_FD002_8b6c6bf96f05_seed_137|C07_FD002_8b6c6bf96f05_seed_37|C07_FD002_8b6c6bf96f05_seed_73,1759ffb6253e2068e9b06e2d4019b6e87dae83d43ffc8f3b6805f8ba5513520d|252451e234cc6055be1a5195bc9de7a983ccaf35219e4fe6b058e5adb76e58d2|5bbfb4089f8029c74f40422e4e86f7cd9103392ccae8c4d608ca48d4151e57b8|5fa8c8be2a7d6d1006e0c4b00a195d97158660b468eeb95ef6265d37a83f8037|851c6ae71215de4f41bb1b5959da287b01f99597d925718aa9cef5ff14cc7c83,
point,C07,FD002,primary,mean,clipped,nasa_score,112334.17342550358,8483.422988214183,98987.53409841082,122228.3082621349,5,5,8b6c6bf96f05abb9a445fae98a7bba1bce888eb3,outputs/c07_final_8b6c6bf,C07_FD002_8b6c6bf96f05_seed_101|C07_FD002_8b6c6bf96f05_seed_13|C07_FD002_8b6c6bf96f05_seed_137|C07_FD002_8b6c6bf96f05_seed_37|C07_FD002_8b6c6bf96f05_seed_73,1759ffb6253e2068e9b06e2d4019b6e87dae83d43ffc8f3b6805f8ba5513520d|252451e234cc6055be1a5195bc9de7a983ccaf35219e4fe6b058e5adb76e58d2|5bbfb4089f8029c74f40422e4e86f7cd9103392ccae8c4d608ca48d4151e57b8|5fa8c8be2a7d6d1006e0c4b00a195d97158660b468eeb95ef6265d37a83f8037|851c6ae71215de4f41bb1b5959da287b01f99597d925718aa9cef5ff14cc7c83,
point,C07,FD002,primary,mean,clipped,rmse,44.84194209381898,0.2236586899493869,44.48803616309352,45.09959119708452,5,5,8b6c6bf96f05abb9a445fae98a7bba1bce888eb3,outputs/c07_final_8b6c6bf,C07_FD002_8b6c6bf96f05_seed_101|C07_FD002_8b6c6bf96f05_seed_13|C07_FD002_8b6c6bf96f05_seed_137|C07_FD002_8b6c6bf96f05_seed_37|C07_FD002_8b6c6bf96f05_seed_73,1759ffb6253e2068e9b06e2d4019b6e87dae83d43ffc8f3b6805f8ba5513520d|252451e234cc6055be1a5195bc9de7a983ccaf35219e4fe6b058e5adb76e58d2|5bbfb4089f8029c74f40422e4e86f7cd9103392ccae8c4d608ca48d4151e57b8|5fa8c8be2a7d6d1006e0c4b00a195d97158660b468eeb95ef6265d37a83f8037|851c6ae71215de4f41bb1b5959da287b01f99597d925718aa9cef5ff14cc7c83,
point,C07,FD002,primary,mean,clipped,signed_error,12.905702352084592,0.7918295912395549,11.636336228275846,13.791014658570518,5,5,8b6c6bf96f05abb9a445fae98a7bba1bce888eb3,outputs/c07_final_8b6c6bf,C07_FD002_8b6c6bf96f05_seed_101|C07_FD002_8b6c6bf96f05_seed_13|C07_FD002_8b6c6bf96f05_seed_137|C07_FD002_8b6c6bf96f05_seed_37|C07_FD002_8b6c6bf96f05_seed_73,1759ffb6253e2068e9b06e2d4019b6e87dae83d43ffc8f3b6805f8ba5513520d|252451e234cc6055be1a5195bc9de7a983ccaf35219e4fe6b058e5adb76e58d2|5bbfb4089f8029c74f40422e4e86f7cd9103392ccae8c4d608ca48d4151e57b8|5fa8c8be2a7d6d1006e0c4b00a195d97158660b468eeb95ef6265d37a83f8037|851c6ae71215de4f41bb1b5959da287b01f99597d925718aa9cef5ff14cc7c83,
point,C07,FD002,primary,mean,raw,mae,45.606618153679996,0.07746166976880257,45.486009939410444,45.69877179977228,5,5,8b6c6bf96f05abb9a445fae98a7bba1bce888eb3,outputs/c07_final_8b6c6bf,C07_FD002_8b6c6bf96f05_seed_101|C07_FD002_8b6c6bf96f05_seed_13|C07_FD002_8b6c6bf96f05_seed_137|C07_FD002_8b6c6bf96f05_seed_37|C07_FD002_8b6c6bf96f05_seed_73,1759ffb6253e2068e9b06e2d4019b6e87dae83d43ffc8f3b6805f8ba5513520d|252451e234cc6055be1a5195bc9de7a983ccaf35219e4fe6b058e5adb76e58d2|5bbfb4089f8029c74f40422e4e86f7cd9103392ccae8c4d608ca48d4151e57b8|5fa8c8be2a7d6d1006e0c4b00a195d97158660b468eeb95ef6265d37a83f8037|851c6ae71215de4f41bb1b5959da287b01f99597d925718aa9cef5ff14cc7c83,
point,C07,FD002,primary,mean,raw,nasa_score,150959.34006675627,6089.574229929488,141510.47498401118,158256.4094030522,5,5,8b6c6bf96f05abb9a445fae98a7bba1bce888eb3,outputs/c07_final_8b6c6bf,C07_FD002_8b6c6bf96f05_seed_101|C07_FD002_8b6c6bf96f05_seed_13|C07_FD002_8b6c6bf96f05_seed_137|C07_FD002_8b6c6bf96f05_seed_37|C07_FD002_8b6c6bf96f05_seed_73,1759ffb6253e2068e9b06e2d4019b6e87dae83d43ffc8f3b6805f8ba5513520d|252451e234cc6055be1a5195bc9de7a983ccaf35219e4fe6b058e5adb76e58d2|5bbfb4089f8029c74f40422e4e86f7cd9103392ccae8c4d608ca48d4151e57b8|5fa8c8be2a7d6d1006e0c4b00a195d97158660b468eeb95ef6265d37a83f8037|851c6ae71215de4f41bb1b5959da287b01f99597d925718aa9cef5ff14cc7c83,
point,C07,FD002,primary,mean,raw,rmse,54.054971931864465,0.07561545146199214,53.93807491765073,54.14617688746198,5,5,8b6c6bf96f05abb9a445fae98a7bba1bce888eb3,outputs/c07_final_8b6c6bf,C07_FD002_8b6c6bf96f05_seed_101|C07_FD002_8b6c6bf96f05_seed_13|C07_FD002_8b6c6bf96f05_seed_137|C07_FD002_8b6c6bf96f05_seed_37|C07_FD002_8b6c6bf96f05_seed_73,1759ffb6253e2068e9b06e2d4019b6e87dae83d43ffc8f3b6805f8ba5513520d|252451e234cc6055be1a5195bc9de7a983ccaf35219e4fe6b058e5adb76e58d2|5bbfb4089f8029c74f40422e4e86f7cd9103392ccae8c4d608ca48d4151e57b8|5fa8c8be2a7d6d1006e0c4b00a195d97158660b468eeb95ef6265d37a83f8037|851c6ae71215de4f41bb1b5959da287b01f99597d925718aa9cef5ff14cc7c83,
point,C07,FD002,primary,mean,raw,signed_error,5.411493857876142,0.7918295912395915,4.142127734067332,6.296806164362153,5,5,8b6c6bf96f05abb9a445fae98a7bba1bce888eb3,outputs/c07_final_8b6c6bf,C07_FD002_8b6c6bf96f05_seed_101|C07_FD002_8b6c6bf96f05_seed_13|C07_FD002_8b6c6bf96f05_seed_137|C07_FD002_8b6c6bf96f05_seed_37|C07_FD002_8b6c6bf96f05_seed_73,1759ffb6253e2068e9b06e2d4019b6e87dae83d43ffc8f3b6805f8ba5513520d|252451e234cc6055be1a5195bc9de7a983ccaf35219e4fe6b058e5adb76e58d2|5bbfb4089f8029c74f40422e4e86f7cd9103392ccae8c4d608ca48d4151e57b8|5fa8c8be2a7d6d1006e0c4b00a195d97158660b468eeb95ef6265d37a83f8037|851c6ae71215de4f41bb1b5959da287b01f99597d925718aa9cef5ff14cc7c83,
point,C07,FD002,primary,ridge,clipped,mae,57.77683397683397,10.145912783985539,51.30888030888031,74.47876447876448,5,5,8b6c6bf96f05abb9a445fae98a7bba1bce888eb3,outputs/c07_final_8b6c6bf,C07_FD002_8b6c6bf96f05_seed_101|C07_FD002_8b6c6bf96f05_seed_13|C07_FD002_8b6c6bf96f05_seed_137|C07_FD002_8b6c6bf96f05_seed_37|C07_FD002_8b6c6bf96f05_seed_73,1759ffb6253e2068e9b06e2d4019b6e87dae83d43ffc8f3b6805f8ba5513520d|252451e234cc6055be1a5195bc9de7a983ccaf35219e4fe6b058e5adb76e58d2|5bbfb4089f8029c74f40422e4e86f7cd9103392ccae8c4d608ca48d4151e57b8|5fa8c8be2a7d6d1006e0c4b00a195d97158660b468eeb95ef6265d37a83f8037|851c6ae71215de4f41bb1b5959da287b01f99597d925718aa9cef5ff14cc7c83,
point,C07,FD002,primary,ridge,clipped,nasa_score,4323761.683186477,1691418.3846565292,1309180.3305938772,5161052.450362769,5,5,8b6c6bf96f05abb9a445fae98a7bba1bce888eb3,outputs/c07_final_8b6c6bf,C07_FD002_8b6c6bf96f05_seed_101|C07_FD002_8b6c6bf96f05_seed_13|C07_FD002_8b6c6bf96f05_seed_137|C07_FD002_8b6c6bf96f05_seed_37|C07_FD002_8b6c6bf96f05_seed_73,1759ffb6253e2068e9b06e2d4019b6e87dae83d43ffc8f3b6805f8ba5513520d|252451e234cc6055be1a5195bc9de7a983ccaf35219e4fe6b058e5adb76e58d2|5bbfb4089f8029c74f40422e4e86f7cd9103392ccae8c4d608ca48d4151e57b8|5fa8c8be2a7d6d1006e0c4b00a195d97158660b468eeb95ef6265d37a83f8037|851c6ae71215de4f41bb1b5959da287b01f99597d925718aa9cef5ff14cc7c83,
point,C07,FD002,primary,ridge,clipped,rmse,72.31307597844562,8.343821847031325,66.90577134584309,85.86394913243718,5,5,8b6c6bf96f05abb9a445fae98a7bba1bce888eb3,outputs/c07_final_8b6c6bf,C07_FD002_8b6c6bf96f05_seed_101|C07_FD002_8b6c6bf96f05_seed_13|C07_FD002_8b6c6bf96f05_seed_137|C07_FD002_8b6c6bf96f05_seed_37|C07_FD002_8b6c6bf96f05_seed_73,1759ffb6253e2068e9b06e2d4019b6e87dae83d43ffc8f3b6805f8ba5513520d|252451e234cc6055be1a5195bc9de7a983ccaf35219e4fe6b058e5adb76e58d2|5bbfb4089f8029c74f40422e4e86f7cd9103392ccae8c4d608ca48d4151e57b8|5fa8c8be2a7d6d1006e0c4b00a195d97158660b468eeb95ef6265d37a83f8037|851c6ae71215de4f41bb1b5959da287b01f99597d925718aa9cef5ff14cc7c83,
point,C07,FD002,primary,ridge,clipped,signed_error,21.579150579150582,53.78470710458137,-72.72586872586872,51.30888030888031,5,5,8b6c6bf96f05abb9a445fae98a7bba1bce888eb3,outputs/c07_final_8b6c6bf,C07_FD002_8b6c6bf96f05_seed_101|C07_FD002_8b6c6bf96f05_seed_13|C07_FD002_8b6c6bf96f05_seed_137|C07_FD002_8b6c6bf96f05_seed_37|C07_FD002_8b6c6bf96f05_seed_73,1759ffb6253e2068e9b06e2d4019b6e87dae83d43ffc8f3b6805f8ba5513520d|252451e234cc6055be1a5195bc9de7a983ccaf35219e4fe6b058e5adb76e58d2|5bbfb4089f8029c74f40422e4e86f7cd9103392ccae8c4d608ca48d4151e57b8|5fa8c8be2a7d6d1006e0c4b00a195d97158660b468eeb95ef6265d37a83f8037|851c6ae71215de4f41bb1b5959da287b01f99597d925718aa9cef5ff14cc7c83,
point,C07,FD002,primary,ridge,raw,mae,855754422640942.6,975379634292596.8,38229296887100.54,2528961366894515.0,5,5,8b6c6bf96f05abb9a445fae98a7bba1bce888eb3,outputs/c07_final_8b6c6bf,C07_FD002_8b6c6bf96f05_seed_101|C07_FD002_8b6c6bf96f05_seed_13|C07_FD002_8b6c6bf96f05_seed_137|C07_FD002_8b6c6bf96f05_seed_37|C07_FD002_8b6c6bf96f05_seed_73,1759ffb6253e2068e9b06e2d4019b6e87dae83d43ffc8f3b6805f8ba5513520d|252451e234cc6055be1a5195bc9de7a983ccaf35219e4fe6b058e5adb76e58d2|5bbfb4089f8029c74f40422e4e86f7cd9103392ccae8c4d608ca48d4151e57b8|5fa8c8be2a7d6d1006e0c4b00a195d97158660b468eeb95ef6265d37a83f8037|851c6ae71215de4f41bb1b5959da287b01f99597d925718aa9cef5ff14cc7c83,
point,C07,FD002,primary,ridge,raw,nasa_score,PENDING,PENDING,PENDING,PENDING,5,0,8b6c6bf96f05abb9a445fae98a7bba1bce888eb3,outputs/c07_final_8b6c6bf,C07_FD002_8b6c6bf96f05_seed_101|C07_FD002_8b6c6bf96f05_seed_13|C07_FD002_8b6c6bf96f05_seed_137|C07_FD002_8b6c6bf96f05_seed_37|C07_FD002_8b6c6bf96f05_seed_73,1759ffb6253e2068e9b06e2d4019b6e87dae83d43ffc8f3b6805f8ba5513520d|252451e234cc6055be1a5195bc9de7a983ccaf35219e4fe6b058e5adb76e58d2|5bbfb4089f8029c74f40422e4e86f7cd9103392ccae8c4d608ca48d4151e57b8|5fa8c8be2a7d6d1006e0c4b00a195d97158660b468eeb95ef6265d37a83f8037|851c6ae71215de4f41bb1b5959da287b01f99597d925718aa9cef5ff14cc7c83,
point,C07,FD002,primary,ridge,raw,rmse,885730960620547.2,999017954677178.6,45500885316718.33,2598504473195521.0,5,5,8b6c6bf96f05abb9a445fae98a7bba1bce888eb3,outputs/c07_final_8b6c6bf,C07_FD002_8b6c6bf96f05_seed_101|C07_FD002_8b6c6bf96f05_seed_13|C07_FD002_8b6c6bf96f05_seed_137|C07_FD002_8b6c6bf96f05_seed_37|C07_FD002_8b6c6bf96f05_seed_73,1759ffb6253e2068e9b06e2d4019b6e87dae83d43ffc8f3b6805f8ba5513520d|252451e234cc6055be1a5195bc9de7a983ccaf35219e4fe6b058e5adb76e58d2|5bbfb4089f8029c74f40422e4e86f7cd9103392ccae8c4d608ca48d4151e57b8|5fa8c8be2a7d6d1006e0c4b00a195d97158660b468eeb95ef6265d37a83f8037|851c6ae71215de4f41bb1b5959da287b01f99597d925718aa9cef5ff14cc7c83,
point,C07,FD002,primary,ridge,raw,signed_error,724459067178246.2,1100235638981935.1,-324276228365044.9,2528961366894515.0,5,5,8b6c6bf96f05abb9a445fae98a7bba1bce888eb3,outputs/c07_final_8b6c6bf,C07_FD002_8b6c6bf96f05_seed_101|C07_FD002_8b6c6bf96f05_seed_13|C07_FD002_8b6c6bf96f05_seed_137|C07_FD002_8b6c6bf96f05_seed_37|C07_FD002_8b6c6bf96f05_seed_73,1759ffb6253e2068e9b06e2d4019b6e87dae83d43ffc8f3b6805f8ba5513520d|252451e234cc6055be1a5195bc9de7a983ccaf35219e4fe6b058e5adb76e58d2|5bbfb4089f8029c74f40422e4e86f7cd9103392ccae8c4d608ca48d4151e57b8|5fa8c8be2a7d6d1006e0c4b00a195d97158660b468eeb95ef6265d37a83f8037|851c6ae71215de4f41bb1b5959da287b01f99597d925718aa9cef5ff14cc7c83,
point,C07,FD004,primary,hist_gradient_boosting,clipped,mae,34.19432030448047,1.2609689442315624,32.93710023562315,35.62564835094078,5,5,8b6c6bf96f05abb9a445fae98a7bba1bce888eb3,outputs/c07_final_8b6c6bf,C07_FD004_8b6c6bf96f05_seed_101|C07_FD004_8b6c6bf96f05_seed_13|C07_FD004_8b6c6bf96f05_seed_137|C07_FD004_8b6c6bf96f05_seed_37|C07_FD004_8b6c6bf96f05_seed_73,43dbdc130184aeffecbb6903fcdf01d82d38e06597714e4487e40e4b0e0154a5|9478a3bbb523a2c5cc5196ccaced88e2e6568d51fff0eb57a5f879d3f41b31aa|a322bb46b08cf2769a1ba91dc02d96ccfdb139c3761043263387978b0365c2f4|c0ba64f841f371f33c3e2477f96954aa3371e3320f09857760768a4e90e766fd|cbdb81022c5c0662398eebbc77ba09d53893314a92ad6edd146e0fb80ed82250,
point,C07,FD004,primary,hist_gradient_boosting,clipped,nasa_score,31556.923006415705,27057.167871493948,13996.77944936053,79207.70290207573,5,5,8b6c6bf96f05abb9a445fae98a7bba1bce888eb3,outputs/c07_final_8b6c6bf,C07_FD004_8b6c6bf96f05_seed_101|C07_FD004_8b6c6bf96f05_seed_13|C07_FD004_8b6c6bf96f05_seed_137|C07_FD004_8b6c6bf96f05_seed_37|C07_FD004_8b6c6bf96f05_seed_73,43dbdc130184aeffecbb6903fcdf01d82d38e06597714e4487e40e4b0e0154a5|9478a3bbb523a2c5cc5196ccaced88e2e6568d51fff0eb57a5f879d3f41b31aa|a322bb46b08cf2769a1ba91dc02d96ccfdb139c3761043263387978b0365c2f4|c0ba64f841f371f33c3e2477f96954aa3371e3320f09857760768a4e90e766fd|cbdb81022c5c0662398eebbc77ba09d53893314a92ad6edd146e0fb80ed82250,
point,C07,FD004,primary,hist_gradient_boosting,clipped,rmse,39.517240788520176,1.1924011580866745,38.05863709706716,40.63302930965304,5,5,8b6c6bf96f05abb9a445fae98a7bba1bce888eb3,outputs/c07_final_8b6c6bf,C07_FD004_8b6c6bf96f05_seed_101|C07_FD004_8b6c6bf96f05_seed_13|C07_FD004_8b6c6bf96f05_seed_137|C07_FD004_8b6c6bf96f05_seed_37|C07_FD004_8b6c6bf96f05_seed_73,43dbdc130184aeffecbb6903fcdf01d82d38e06597714e4487e40e4b0e0154a5|9478a3bbb523a2c5cc5196ccaced88e2e6568d51fff0eb57a5f879d3f41b31aa|a322bb46b08cf2769a1ba91dc02d96ccfdb139c3761043263387978b0365c2f4|c0ba64f841f371f33c3e2477f96954aa3371e3320f09857760768a4e90e766fd|cbdb81022c5c0662398eebbc77ba09d53893314a92ad6edd146e0fb80ed82250,
point,C07,FD004,primary,hist_gradient_boosting,clipped,signed_error,-1.5949066635327942,10.580858539466877,-14.872657188342655,13.22635728628047,5,5,8b6c6bf96f05abb9a445fae98a7bba1bce888eb3,outputs/c07_final_8b6c6bf,C07_FD004_8b6c6bf96f05_seed_101|C07_FD004_8b6c6bf96f05_seed_13|C07_FD004_8b6c6bf96f05_seed_137|C07_FD004_8b6c6bf96f05_seed_37|C07_FD004_8b6c6bf96f05_seed_73,43dbdc130184aeffecbb6903fcdf01d82d38e06597714e4487e40e4b0e0154a5|9478a3bbb523a2c5cc5196ccaced88e2e6568d51fff0eb57a5f879d3f41b31aa|a322bb46b08cf2769a1ba91dc02d96ccfdb139c3761043263387978b0365c2f4|c0ba64f841f371f33c3e2477f96954aa3371e3320f09857760768a4e90e766fd|cbdb81022c5c0662398eebbc77ba09d53893314a92ad6edd146e0fb80ed82250,
point,C07,FD004,primary,hist_gradient_boosting,raw,mae,42.887868691577246,1.260968944231563,41.630648622719924,44.31919673803756,5,5,8b6c6bf96f05abb9a445fae98a7bba1bce888eb3,outputs/c07_final_8b6c6bf,C07_FD004_8b6c6bf96f05_seed_101|C07_FD004_8b6c6bf96f05_seed_13|C07_FD004_8b6c6bf96f05_seed_137|C07_FD004_8b6c6bf96f05_seed_37|C07_FD004_8b6c6bf96f05_seed_73,43dbdc130184aeffecbb6903fcdf01d82d38e06597714e4487e40e4b0e0154a5|9478a3bbb523a2c5cc5196ccaced88e2e6568d51fff0eb57a5f879d3f41b31aa|a322bb46b08cf2769a1ba91dc02d96ccfdb139c3761043263387978b0365c2f4|c0ba64f841f371f33c3e2477f96954aa3371e3320f09857760768a4e90e766fd|cbdb81022c5c0662398eebbc77ba09d53893314a92ad6edd146e0fb80ed82250,
point,C07,FD004,primary,hist_gradient_boosting,raw,nasa_score,127943.04025718181,62725.50075496426,83316.02286836035,233885.7615548216,5,5,8b6c6bf96f05abb9a445fae98a7bba1bce888eb3,outputs/c07_final_8b6c6bf,C07_FD004_8b6c6bf96f05_seed_101|C07_FD004_8b6c6bf96f05_seed_13|C07_FD004_8b6c6bf96f05_seed_137|C07_FD004_8b6c6bf96f05_seed_37|C07_FD004_8b6c6bf96f05_seed_73,43dbdc130184aeffecbb6903fcdf01d82d38e06597714e4487e40e4b0e0154a5|9478a3bbb523a2c5cc5196ccaced88e2e6568d51fff0eb57a5f879d3f41b31aa|a322bb46b08cf2769a1ba91dc02d96ccfdb139c3761043263387978b0365c2f4|c0ba64f841f371f33c3e2477f96954aa3371e3320f09857760768a4e90e766fd|cbdb81022c5c0662398eebbc77ba09d53893314a92ad6edd146e0fb80ed82250,
point,C07,FD004,primary,hist_gradient_boosting,raw,rmse,50.931056182389135,1.9832254042851143,49.29155412571962,53.52077560023986,5,5,8b6c6bf96f05abb9a445fae98a7bba1bce888eb3,outputs/c07_final_8b6c6bf,C07_FD004_8b6c6bf96f05_seed_101|C07_FD004_8b6c6bf96f05_seed_13|C07_FD004_8b6c6bf96f05_seed_137|C07_FD004_8b6c6bf96f05_seed_37|C07_FD004_8b6c6bf96f05_seed_73,43dbdc130184aeffecbb6903fcdf01d82d38e06597714e4487e40e4b0e0154a5|9478a3bbb523a2c5cc5196ccaced88e2e6568d51fff0eb57a5f879d3f41b31aa|a322bb46b08cf2769a1ba91dc02d96ccfdb139c3761043263387978b0365c2f4|c0ba64f841f371f33c3e2477f96954aa3371e3320f09857760768a4e90e766fd|cbdb81022c5c0662398eebbc77ba09d53893314a92ad6edd146e0fb80ed82250,
point,C07,FD004,primary,hist_gradient_boosting,raw,signed_error,-10.288455050629567,10.580858539466876,-23.566205575439426,4.5328088991837,5,5,8b6c6bf96f05abb9a445fae98a7bba1bce888eb3,outputs/c07_final_8b6c6bf,C07_FD004_8b6c6bf96f05_seed_101|C07_FD004_8b6c6bf96f05_seed_13|C07_FD004_8b6c6bf96f05_seed_137|C07_FD004_8b6c6bf96f05_seed_37|C07_FD004_8b6c6bf96f05_seed_73,43dbdc130184aeffecbb6903fcdf01d82d38e06597714e4487e40e4b0e0154a5|9478a3bbb523a2c5cc5196ccaced88e2e6568d51fff0eb57a5f879d3f41b31aa|a322bb46b08cf2769a1ba91dc02d96ccfdb139c3761043263387978b0365c2f4|c0ba64f841f371f33c3e2477f96954aa3371e3320f09857760768a4e90e766fd|cbdb81022c5c0662398eebbc77ba09d53893314a92ad6edd146e0fb80ed82250,
point,C07,FD004,primary,mean,clipped,mae,37.78069604219268,0.01875001326593915,37.76627311008314,37.81340903550825,5,5,8b6c6bf96f05abb9a445fae98a7bba1bce888eb3,outputs/c07_final_8b6c6bf,C07_FD004_8b6c6bf96f05_seed_101|C07_FD004_8b6c6bf96f05_seed_13|C07_FD004_8b6c6bf96f05_seed_137|C07_FD004_8b6c6bf96f05_seed_37|C07_FD004_8b6c6bf96f05_seed_73,43dbdc130184aeffecbb6903fcdf01d82d38e06597714e4487e40e4b0e0154a5|9478a3bbb523a2c5cc5196ccaced88e2e6568d51fff0eb57a5f879d3f41b31aa|a322bb46b08cf2769a1ba91dc02d96ccfdb139c3761043263387978b0365c2f4|c0ba64f841f371f33c3e2477f96954aa3371e3320f09857760768a4e90e766fd|cbdb81022c5c0662398eebbc77ba09d53893314a92ad6edd146e0fb80ed82250,
point,C07,FD004,primary,mean,clipped,nasa_score,88118.90381933843,6590.827993230363,77751.45934099765,95808.24865150174,5,5,8b6c6bf96f05abb9a445fae98a7bba1bce888eb3,outputs/c07_final_8b6c6bf,C07_FD004_8b6c6bf96f05_seed_101|C07_FD004_8b6c6bf96f05_seed_13|C07_FD004_8b6c6bf96f05_seed_137|C07_FD004_8b6c6bf96f05_seed_37|C07_FD004_8b6c6bf96f05_seed_73,43dbdc130184aeffecbb6903fcdf01d82d38e06597714e4487e40e4b0e0154a5|9478a3bbb523a2c5cc5196ccaced88e2e6568d51fff0eb57a5f879d3f41b31aa|a322bb46b08cf2769a1ba91dc02d96ccfdb139c3761043263387978b0365c2f4|c0ba64f841f371f33c3e2477f96954aa3371e3320f09857760768a4e90e766fd|cbdb81022c5c0662398eebbc77ba09d53893314a92ad6edd146e0fb80ed82250,
point,C07,FD004,primary,mean,clipped,rmse,43.86586224365006,0.15325650141734504,43.62521102899912,44.0452775478029,5,5,8b6c6bf96f05abb9a445fae98a7bba1bce888eb3,outputs/c07_final_8b6c6bf,C07_FD004_8b6c6bf96f05_seed_101|C07_FD004_8b6c6bf96f05_seed_13|C07_FD004_8b6c6bf96f05_seed_137|C07_FD004_8b6c6bf96f05_seed_37|C07_FD004_8b6c6bf96f05_seed_73,43dbdc130184aeffecbb6903fcdf01d82d38e06597714e4487e40e4b0e0154a5|9478a3bbb523a2c5cc5196ccaced88e2e6568d51fff0eb57a5f879d3f41b31aa|a322bb46b08cf2769a1ba91dc02d96ccfdb139c3761043263387978b0365c2f4|c0ba64f841f371f33c3e2477f96954aa3371e3320f09857760768a4e90e766fd|cbdb81022c5c0662398eebbc77ba09d53893314a92ad6edd146e0fb80ed82250,
point,C07,FD004,primary,mean,clipped,signed_error,8.737951075462375,0.791829591239586,7.468584951653569,9.623263381948355,5,5,8b6c6bf96f05abb9a445fae98a7bba1bce888eb3,outputs/c07_final_8b6c6bf,C07_FD004_8b6c6bf96f05_seed_101|C07_FD004_8b6c6bf96f05_seed_13|C07_FD004_8b6c6bf96f05_seed_137|C07_FD004_8b6c6bf96f05_seed_37|C07_FD004_8b6c6bf96f05_seed_73,43dbdc130184aeffecbb6903fcdf01d82d38e06597714e4487e40e4b0e0154a5|9478a3bbb523a2c5cc5196ccaced88e2e6568d51fff0eb57a5f879d3f41b31aa|a322bb46b08cf2769a1ba91dc02d96ccfdb139c3761043263387978b0365c2f4|c0ba64f841f371f33c3e2477f96954aa3371e3320f09857760768a4e90e766fd|cbdb81022c5c0662398eebbc77ba09d53893314a92ad6edd146e0fb80ed82250,
point,C07,FD004,primary,mean,raw,mae,46.47424442928945,0.018750013265937237,46.45982149717992,46.50695742260502,5,5,8b6c6bf96f05abb9a445fae98a7bba1bce888eb3,outputs/c07_final_8b6c6bf,C07_FD004_8b6c6bf96f05_seed_101|C07_FD004_8b6c6bf96f05_seed_13|C07_FD004_8b6c6bf96f05_seed_137|C07_FD004_8b6c6bf96f05_seed_37|C07_FD004_8b6c6bf96f05_seed_73,43dbdc130184aeffecbb6903fcdf01d82d38e06597714e4487e40e4b0e0154a5|9478a3bbb523a2c5cc5196ccaced88e2e6568d51fff0eb57a5f879d3f41b31aa|a322bb46b08cf2769a1ba91dc02d96ccfdb139c3761043263387978b0365c2f4|c0ba64f841f371f33c3e2477f96954aa3371e3320f09857760768a4e90e766fd|cbdb81022c5c0662398eebbc77ba09d53893314a92ad6edd146e0fb80ed82250,
point,C07,FD004,primary,mean,raw,nasa_score,129049.47243438222,4055.37831171961,122812.4468002112,133986.74195133618,5,5,8b6c6bf96f05abb9a445fae98a7bba1bce888eb3,outputs/c07_final_8b6c6bf,C07_FD004_8b6c6bf96f05_seed_101|C07_FD004_8b6c6bf96f05_seed_13|C07_FD004_8b6c6bf96f05_seed_137|C07_FD004_8b6c6bf96f05_seed_37|C07_FD004_8b6c6bf96f05_seed_73,43dbdc130184aeffecbb6903fcdf01d82d38e06597714e4487e40e4b0e0154a5|9478a3bbb523a2c5cc5196ccaced88e2e6568d51fff0eb57a5f879d3f41b31aa|a322bb46b08cf2769a1ba91dc02d96ccfdb139c3761043263387978b0365c2f4|c0ba64f841f371f33c3e2477f96954aa3371e3320f09857760768a4e90e766fd|cbdb81022c5c0662398eebbc77ba09d53893314a92ad6edd146e0fb80ed82250,
point,C07,FD004,primary,mean,raw,rmse,54.52841061246748,0.006058353194962005,54.52379428868819,54.537551850288985,5,5,8b6c6bf96f05abb9a445fae98a7bba1bce888eb3,outputs/c07_final_8b6c6bf,C07_FD004_8b6c6bf96f05_seed_101|C07_FD004_8b6c6bf96f05_seed_13|C07_FD004_8b6c6bf96f05_seed_137|C07_FD004_8b6c6bf96f05_seed_37|C07_FD004_8b6c6bf96f05_seed_73,43dbdc130184aeffecbb6903fcdf01d82d38e06597714e4487e40e4b0e0154a5|9478a3bbb523a2c5cc5196ccaced88e2e6568d51fff0eb57a5f879d3f41b31aa|a322bb46b08cf2769a1ba91dc02d96ccfdb139c3761043263387978b0365c2f4|c0ba64f841f371f33c3e2477f96954aa3371e3320f09857760768a4e90e766fd|cbdb81022c5c0662398eebbc77ba09d53893314a92ad6edd146e0fb80ed82250,
point,C07,FD004,primary,mean,raw,signed_error,0.04440268836559512,0.7918295912396167,-1.224963435443253,0.9297149948516258,5,5,8b6c6bf96f05abb9a445fae98a7bba1bce888eb3,outputs/c07_final_8b6c6bf,C07_FD004_8b6c6bf96f05_seed_101|C07_FD004_8b6c6bf96f05_seed_13|C07_FD004_8b6c6bf96f05_seed_137|C07_FD004_8b6c6bf96f05_seed_37|C07_FD004_8b6c6bf96f05_seed_73,43dbdc130184aeffecbb6903fcdf01d82d38e06597714e4487e40e4b0e0154a5|9478a3bbb523a2c5cc5196ccaced88e2e6568d51fff0eb57a5f879d3f41b31aa|a322bb46b08cf2769a1ba91dc02d96ccfdb139c3761043263387978b0365c2f4|c0ba64f841f371f33c3e2477f96954aa3371e3320f09857760768a4e90e766fd|cbdb81022c5c0662398eebbc77ba09d53893314a92ad6edd146e0fb80ed82250,
point,C07,FD004,primary,ridge,clipped,mae,55.045161290322575,13.664385099054982,47.141129032258064,78.6975806451613,5,5,8b6c6bf96f05abb9a445fae98a7bba1bce888eb3,outputs/c07_final_8b6c6bf,C07_FD004_8b6c6bf96f05_seed_101|C07_FD004_8b6c6bf96f05_seed_13|C07_FD004_8b6c6bf96f05_seed_137|C07_FD004_8b6c6bf96f05_seed_37|C07_FD004_8b6c6bf96f05_seed_73,43dbdc130184aeffecbb6903fcdf01d82d38e06597714e4487e40e4b0e0154a5|9478a3bbb523a2c5cc5196ccaced88e2e6568d51fff0eb57a5f879d3f41b31aa|a322bb46b08cf2769a1ba91dc02d96ccfdb139c3761043263387978b0365c2f4|c0ba64f841f371f33c3e2477f96954aa3371e3320f09857760768a4e90e766fd|cbdb81022c5c0662398eebbc77ba09d53893314a92ad6edd146e0fb80ed82250,
point,C07,FD004,primary,ridge,clipped,nasa_score,3473661.1485400596,1130158.3713304992,1458112.1708468227,4028362.3307686197,5,5,8b6c6bf96f05abb9a445fae98a7bba1bce888eb3,outputs/c07_final_8b6c6bf,C07_FD004_8b6c6bf96f05_seed_101|C07_FD004_8b6c6bf96f05_seed_13|C07_FD004_8b6c6bf96f05_seed_137|C07_FD004_8b6c6bf96f05_seed_37|C07_FD004_8b6c6bf96f05_seed_73,43dbdc130184aeffecbb6903fcdf01d82d38e06597714e4487e40e4b0e0154a5|9478a3bbb523a2c5cc5196ccaced88e2e6568d51fff0eb57a5f879d3f41b31aa|a322bb46b08cf2769a1ba91dc02d96ccfdb139c3761043263387978b0365c2f4|c0ba64f841f371f33c3e2477f96954aa3371e3320f09857760768a4e90e766fd|cbdb81022c5c0662398eebbc77ba09d53893314a92ad6edd146e0fb80ed82250,
point,C07,FD004,primary,ridge,clipped,rmse,70.41473831171128,11.148653692931322,63.793928571460825,89.52218593283762,5,5,8b6c6bf96f05abb9a445fae98a7bba1bce888eb3,outputs/c07_final_8b6c6bf,C07_FD004_8b6c6bf96f05_seed_101|C07_FD004_8b6c6bf96f05_seed_13|C07_FD004_8b6c6bf96f05_seed_137|C07_FD004_8b6c6bf96f05_seed_37|C07_FD004_8b6c6bf96f05_seed_73,43dbdc130184aeffecbb6903fcdf01d82d38e06597714e4487e40e4b0e0154a5|9478a3bbb523a2c5cc5196ccaced88e2e6568d51fff0eb57a5f879d3f41b31aa|a322bb46b08cf2769a1ba91dc02d96ccfdb139c3761043263387978b0365c2f4|c0ba64f841f371f33c3e2477f96954aa3371e3320f09857760768a4e90e766fd|cbdb81022c5c0662398eebbc77ba09d53893314a92ad6edd146e0fb80ed82250,
point,C07,FD004,primary,ridge,clipped,signed_error,18.008064516129032,53.85178393697454,-76.8508064516129,47.141129032258064,5,5,8b6c6bf96f05abb9a445fae98a7bba1bce888eb3,outputs/c07_final_8b6c6bf,C07_FD004_8b6c6bf96f05_seed_101|C07_FD004_8b6c6bf96f05_seed_13|C07_FD004_8b6c6bf96f05_seed_137|C07_FD004_8b6c6bf96f05_seed_37|C07_FD004_8b6c6bf96f05_seed_73,43dbdc130184aeffecbb6903fcdf01d82d38e06597714e4487e40e4b0e0154a5|9478a3bbb523a2c5cc5196ccaced88e2e6568d51fff0eb57a5f879d3f41b31aa|a322bb46b08cf2769a1ba91dc02d96ccfdb139c3761043263387978b0365c2f4|c0ba64f841f371f33c3e2477f96954aa3371e3320f09857760768a4e90e766fd|cbdb81022c5c0662398eebbc77ba09d53893314a92ad6edd146e0fb80ed82250,
point,C07,FD004,primary,ridge,raw,mae,888574944702600.8,1006976935245128.4,38261058903513.06,2614423656526668.0,5,5,8b6c6bf96f05abb9a445fae98a7bba1bce888eb3,outputs/c07_final_8b6c6bf,C07_FD004_8b6c6bf96f05_seed_101|C07_FD004_8b6c6bf96f05_seed_13|C07_FD004_8b6c6bf96f05_seed_137|C07_FD004_8b6c6bf96f05_seed_37|C07_FD004_8b6c6bf96f05_seed_73,43dbdc130184aeffecbb6903fcdf01d82d38e06597714e4487e40e4b0e0154a5|9478a3bbb523a2c5cc5196ccaced88e2e6568d51fff0eb57a5f879d3f41b31aa|a322bb46b08cf2769a1ba91dc02d96ccfdb139c3761043263387978b0365c2f4|c0ba64f841f371f33c3e2477f96954aa3371e3320f09857760768a4e90e766fd|cbdb81022c5c0662398eebbc77ba09d53893314a92ad6edd146e0fb80ed82250,
point,C07,FD004,primary,ridge,raw,nasa_score,PENDING,PENDING,PENDING,PENDING,5,0,8b6c6bf96f05abb9a445fae98a7bba1bce888eb3,outputs/c07_final_8b6c6bf,C07_FD004_8b6c6bf96f05_seed_101|C07_FD004_8b6c6bf96f05_seed_13|C07_FD004_8b6c6bf96f05_seed_137|C07_FD004_8b6c6bf96f05_seed_37|C07_FD004_8b6c6bf96f05_seed_73,43dbdc130184aeffecbb6903fcdf01d82d38e06597714e4487e40e4b0e0154a5|9478a3bbb523a2c5cc5196ccaced88e2e6568d51fff0eb57a5f879d3f41b31aa|a322bb46b08cf2769a1ba91dc02d96ccfdb139c3761043263387978b0365c2f4|c0ba64f841f371f33c3e2477f96954aa3371e3320f09857760768a4e90e766fd|cbdb81022c5c0662398eebbc77ba09d53893314a92ad6edd146e0fb80ed82250,
point,C07,FD004,primary,ridge,raw,rmse,916081598204780.8,1026574876448405.1,46364627431317.01,2674508277211957.5,5,5,8b6c6bf96f05abb9a445fae98a7bba1bce888eb3,outputs/c07_final_8b6c6bf,C07_FD004_8b6c6bf96f05_seed_101|C07_FD004_8b6c6bf96f05_seed_13|C07_FD004_8b6c6bf96f05_seed_137|C07_FD004_8b6c6bf96f05_seed_37|C07_FD004_8b6c6bf96f05_seed_73,43dbdc130184aeffecbb6903fcdf01d82d38e06597714e4487e40e4b0e0154a5|9478a3bbb523a2c5cc5196ccaced88e2e6568d51fff0eb57a5f879d3f41b31aa|a322bb46b08cf2769a1ba91dc02d96ccfdb139c3761043263387978b0365c2f4|c0ba64f841f371f33c3e2477f96954aa3371e3320f09857760768a4e90e766fd|cbdb81022c5c0662398eebbc77ba09d53893314a92ad6edd146e0fb80ed82250,
point,C07,FD004,primary,ridge,raw,signed_error,749925648568119.4,1139151040437571.5,-343067048219926.25,2614423656526668.0,5,5,8b6c6bf96f05abb9a445fae98a7bba1bce888eb3,outputs/c07_final_8b6c6bf,C07_FD004_8b6c6bf96f05_seed_101|C07_FD004_8b6c6bf96f05_seed_13|C07_FD004_8b6c6bf96f05_seed_137|C07_FD004_8b6c6bf96f05_seed_37|C07_FD004_8b6c6bf96f05_seed_73,43dbdc130184aeffecbb6903fcdf01d82d38e06597714e4487e40e4b0e0154a5|9478a3bbb523a2c5cc5196ccaced88e2e6568d51fff0eb57a5f879d3f41b31aa|a322bb46b08cf2769a1ba91dc02d96ccfdb139c3761043263387978b0365c2f4|c0ba64f841f371f33c3e2477f96954aa3371e3320f09857760768a4e90e766fd|cbdb81022c5c0662398eebbc77ba09d53893314a92ad6edd146e0fb80ed82250,
point,C08,FD001,primary,hist_gradient_boosting,clipped,mae,12.501927354788075,0.25219845314939315,12.313370795760061,12.936307245117574,5,5,8468e13b7f2c7c3d937f0b4de6f5198e95e7b0b8,outputs/c08_final_8468e13,C08_FD001_8468e13b7f2c_seed_101|C08_FD001_8468e13b7f2c_seed_13|C08_FD001_8468e13b7f2c_seed_137|C08_FD001_8468e13b7f2c_seed_37|C08_FD001_8468e13b7f2c_seed_73,4141544af1d2dd1db2eae48163b356f6c670744959b6a86f370de28f6a7aa3be|44a7939414f5e85427ca2c4ab1112e2e3ce4ab87bab40d29528e4f7a37583071|6d7412be60bfa6a329621318ea485760a1766e36e9a190de0c8af1aff812091e|94684685af8a146f8fde8232ff40ed5e71973df4d6ede1e5babefc89af7c9aa2|ab3bae9650ee71583be60d0ac47740bbb065d35acabb9fea725cb332b904c5ee,
point,C08,FD001,primary,hist_gradient_boosting,clipped,nasa_score,417.9741675831171,47.74796513581597,384.8227758548457,501.67496445920347,5,5,8468e13b7f2c7c3d937f0b4de6f5198e95e7b0b8,outputs/c08_final_8468e13,C08_FD001_8468e13b7f2c_seed_101|C08_FD001_8468e13b7f2c_seed_13|C08_FD001_8468e13b7f2c_seed_137|C08_FD001_8468e13b7f2c_seed_37|C08_FD001_8468e13b7f2c_seed_73,4141544af1d2dd1db2eae48163b356f6c670744959b6a86f370de28f6a7aa3be|44a7939414f5e85427ca2c4ab1112e2e3ce4ab87bab40d29528e4f7a37583071|6d7412be60bfa6a329621318ea485760a1766e36e9a190de0c8af1aff812091e|94684685af8a146f8fde8232ff40ed5e71973df4d6ede1e5babefc89af7c9aa2|ab3bae9650ee71583be60d0ac47740bbb065d35acabb9fea725cb332b904c5ee,
point,C08,FD001,primary,hist_gradient_boosting,clipped,rmse,16.018674267682496,0.3569510070848786,15.57096036136792,16.408302836831606,5,5,8468e13b7f2c7c3d937f0b4de6f5198e95e7b0b8,outputs/c08_final_8468e13,C08_FD001_8468e13b7f2c_seed_101|C08_FD001_8468e13b7f2c_seed_13|C08_FD001_8468e13b7f2c_seed_137|C08_FD001_8468e13b7f2c_seed_37|C08_FD001_8468e13b7f2c_seed_73,4141544af1d2dd1db2eae48163b356f6c670744959b6a86f370de28f6a7aa3be|44a7939414f5e85427ca2c4ab1112e2e3ce4ab87bab40d29528e4f7a37583071|6d7412be60bfa6a329621318ea485760a1766e36e9a190de0c8af1aff812091e|94684685af8a146f8fde8232ff40ed5e71973df4d6ede1e5babefc89af7c9aa2|ab3bae9650ee71583be60d0ac47740bbb065d35acabb9fea725cb332b904c5ee,
point,C08,FD001,primary,hist_gradient_boosting,clipped,signed_error,2.318658408624773,1.9234082721513976,0.20486603041940085,4.6857650849531005,5,5,8468e13b7f2c7c3d937f0b4de6f5198e95e7b0b8,outputs/c08_final_8468e13,C08_FD001_8468e13b7f2c_seed_101|C08_FD001_8468e13b7f2c_seed_13|C08_FD001_8468e13b7f2c_seed_137|C08_FD001_8468e13b7f2c_seed_37|C08_FD001_8468e13b7f2c_seed_73,4141544af1d2dd1db2eae48163b356f6c670744959b6a86f370de28f6a7aa3be|44a7939414f5e85427ca2c4ab1112e2e3ce4ab87bab40d29528e4f7a37583071|6d7412be60bfa6a329621318ea485760a1766e36e9a190de0c8af1aff812091e|94684685af8a146f8fde8232ff40ed5e71973df4d6ede1e5babefc89af7c9aa2|ab3bae9650ee71583be60d0ac47740bbb065d35acabb9fea725cb332b904c5ee,
point,C08,FD001,primary,hist_gradient_boosting,raw,mae,13.571927354788073,0.25219845314939315,13.383370795760062,14.006307245117574,5,5,8468e13b7f2c7c3d937f0b4de6f5198e95e7b0b8,outputs/c08_final_8468e13,C08_FD001_8468e13b7f2c_seed_101|C08_FD001_8468e13b7f2c_seed_13|C08_FD001_8468e13b7f2c_seed_137|C08_FD001_8468e13b7f2c_seed_37|C08_FD001_8468e13b7f2c_seed_73,4141544af1d2dd1db2eae48163b356f6c670744959b6a86f370de28f6a7aa3be|44a7939414f5e85427ca2c4ab1112e2e3ce4ab87bab40d29528e4f7a37583071|6d7412be60bfa6a329621318ea485760a1766e36e9a190de0c8af1aff812091e|94684685af8a146f8fde8232ff40ed5e71973df4d6ede1e5babefc89af7c9aa2|ab3bae9650ee71583be60d0ac47740bbb065d35acabb9fea725cb332b904c5ee,
point,C08,FD001,primary,hist_gradient_boosting,raw,nasa_score,470.5420928158272,43.494774247302786,432.24297923018287,540.0344490575861,5,5,8468e13b7f2c7c3d937f0b4de6f5198e95e7b0b8,outputs/c08_final_8468e13,C08_FD001_8468e13b7f2c_seed_101|C08_FD001_8468e13b7f2c_seed_13|C08_FD001_8468e13b7f2c_seed_137|C08_FD001_8468e13b7f2c_seed_37|C08_FD001_8468e13b7f2c_seed_73,4141544af1d2dd1db2eae48163b356f6c670744959b6a86f370de28f6a7aa3be|44a7939414f5e85427ca2c4ab1112e2e3ce4ab87bab40d29528e4f7a37583071|6d7412be60bfa6a329621318ea485760a1766e36e9a190de0c8af1aff812091e|94684685af8a146f8fde8232ff40ed5e71973df4d6ede1e5babefc89af7c9aa2|ab3bae9650ee71583be60d0ac47740bbb065d35acabb9fea725cb332b904c5ee,
point,C08,FD001,primary,hist_gradient_boosting,raw,rmse,17.28970615663748,0.4224521737544677,16.770030228077772,17.7993505617479,5,5,8468e13b7f2c7c3d937f0b4de6f5198e95e7b0b8,outputs/c08_final_8468e13,C08_FD001_8468e13b7f2c_seed_101|C08_FD001_8468e13b7f2c_seed_13|C08_FD001_8468e13b7f2c_seed_137|C08_FD001_8468e13b7f2c_seed_37|C08_FD001_8468e13b7f2c_seed_73,4141544af1d2dd1db2eae48163b356f6c670744959b6a86f370de28f6a7aa3be|44a7939414f5e85427ca2c4ab1112e2e3ce4ab87bab40d29528e4f7a37583071|6d7412be60bfa6a329621318ea485760a1766e36e9a190de0c8af1aff812091e|94684685af8a146f8fde8232ff40ed5e71973df4d6ede1e5babefc89af7c9aa2|ab3bae9650ee71583be60d0ac47740bbb065d35acabb9fea725cb332b904c5ee,
point,C08,FD001,primary,hist_gradient_boosting,raw,signed_error,1.2486584086247732,1.923408272151397,-0.8651339695805977,3.6157650849530993,5,5,8468e13b7f2c7c3d937f0b4de6f5198e95e7b0b8,outputs/c08_final_8468e13,C08_FD001_8468e13b7f2c_seed_101|C08_FD001_8468e13b7f2c_seed_13|C08_FD001_8468e13b7f2c_seed_137|C08_FD001_8468e13b7f2c_seed_37|C08_FD001_8468e13b7f2c_seed_73,4141544af1d2dd1db2eae48163b356f6c670744959b6a86f370de28f6a7aa3be|44a7939414f5e85427ca2c4ab1112e2e3ce4ab87bab40d29528e4f7a37583071|6d7412be60bfa6a329621318ea485760a1766e36e9a190de0c8af1aff812091e|94684685af8a146f8fde8232ff40ed5e71973df4d6ede1e5babefc89af7c9aa2|ab3bae9650ee71583be60d0ac47740bbb065d35acabb9fea725cb332b904c5ee,
point,C08,FD001,primary,mean,clipped,mae,34.83192853739876,0.004312340720780361,34.83,34.839642686993805,5,5,8468e13b7f2c7c3d937f0b4de6f5198e95e7b0b8,outputs/c08_final_8468e13,C08_FD001_8468e13b7f2c_seed_101|C08_FD001_8468e13b7f2c_seed_13|C08_FD001_8468e13b7f2c_seed_137|C08_FD001_8468e13b7f2c_seed_37|C08_FD001_8468e13b7f2c_seed_73,4141544af1d2dd1db2eae48163b356f6c670744959b6a86f370de28f6a7aa3be|44a7939414f5e85427ca2c4ab1112e2e3ce4ab87bab40d29528e4f7a37583071|6d7412be60bfa6a329621318ea485760a1766e36e9a190de0c8af1aff812091e|94684685af8a146f8fde8232ff40ed5e71973df4d6ede1e5babefc89af7c9aa2|ab3bae9650ee71583be60d0ac47740bbb065d35acabb9fea725cb332b904c5ee,
point,C08,FD001,primary,mean,clipped,nasa_score,32683.288665014366,2468.6098790915726,28799.55497154869,35562.46288542401,5,5,8468e13b7f2c7c3d937f0b4de6f5198e95e7b0b8,outputs/c08_final_8468e13,C08_FD001_8468e13b7f2c_seed_101|C08_FD001_8468e13b7f2c_seed_13|C08_FD001_8468e13b7f2c_seed_137|C08_FD001_8468e13b7f2c_seed_37|C08_FD001_8468e13b7f2c_seed_73,4141544af1d2dd1db2eae48163b356f6c670744959b6a86f370de28f6a7aa3be|44a7939414f5e85427ca2c4ab1112e2e3ce4ab87bab40d29528e4f7a37583071|6d7412be60bfa6a329621318ea485760a1766e36e9a190de0c8af1aff812091e|94684685af8a146f8fde8232ff40ed5e71973df4d6ede1e5babefc89af7c9aa2|ab3bae9650ee71583be60d0ac47740bbb065d35acabb9fea725cb332b904c5ee,
point,C08,FD001,primary,mean,clipped,rmse,41.87927686153857,0.22514047038435833,41.523325339842316,42.13910328552779,5,5,8468e13b7f2c7c3d937f0b4de6f5198e95e7b0b8,outputs/c08_final_8468e13,C08_FD001_8468e13b7f2c_seed_101|C08_FD001_8468e13b7f2c_seed_13|C08_FD001_8468e13b7f2c_seed_137|C08_FD001_8468e13b7f2c_seed_37|C08_FD001_8468e13b7f2c_seed_73,4141544af1d2dd1db2eae48163b356f6c670744959b6a86f370de28f6a7aa3be|44a7939414f5e85427ca2c4ab1112e2e3ce4ab87bab40d29528e4f7a37583071|6d7412be60bfa6a329621318ea485760a1766e36e9a190de0c8af1aff812091e|94684685af8a146f8fde8232ff40ed5e71973df4d6ede1e5babefc89af7c9aa2|ab3bae9650ee71583be60d0ac47740bbb065d35acabb9fea725cb332b904c5ee,
point,C08,FD001,primary,mean,clipped,signed_error,12.146822043204311,0.791829591239618,10.877455919395459,13.032134349690335,5,5,8468e13b7f2c7c3d937f0b4de6f5198e95e7b0b8,outputs/c08_final_8468e13,C08_FD001_8468e13b7f2c_seed_101|C08_FD001_8468e13b7f2c_seed_13|C08_FD001_8468e13b7f2c_seed_137|C08_FD001_8468e13b7f2c_seed_37|C08_FD001_8468e13b7f2c_seed_73,4141544af1d2dd1db2eae48163b356f6c670744959b6a86f370de28f6a7aa3be|44a7939414f5e85427ca2c4ab1112e2e3ce4ab87bab40d29528e4f7a37583071|6d7412be60bfa6a329621318ea485760a1766e36e9a190de0c8af1aff812091e|94684685af8a146f8fde8232ff40ed5e71973df4d6ede1e5babefc89af7c9aa2|ab3bae9650ee71583be60d0ac47740bbb065d35acabb9fea725cb332b904c5ee,
point,C08,FD001,primary,mean,raw,mae,35.90192853739877,0.004312340720780361,35.9,35.909642686993806,5,5,8468e13b7f2c7c3d937f0b4de6f5198e95e7b0b8,outputs/c08_final_8468e13,C08_FD001_8468e13b7f2c_seed_101|C08_FD001_8468e13b7f2c_seed_13|C08_FD001_8468e13b7f2c_seed_137|C08_FD001_8468e13b7f2c_seed_37|C08_FD001_8468e13b7f2c_seed_73,4141544af1d2dd1db2eae48163b356f6c670744959b6a86f370de28f6a7aa3be|44a7939414f5e85427ca2c4ab1112e2e3ce4ab87bab40d29528e4f7a37583071|6d7412be60bfa6a329621318ea485760a1766e36e9a190de0c8af1aff812091e|94684685af8a146f8fde8232ff40ed5e71973df4d6ede1e5babefc89af7c9aa2|ab3bae9650ee71583be60d0ac47740bbb065d35acabb9fea725cb332b904c5ee,
point,C08,FD001,primary,mean,raw,nasa_score,32963.42587112229,2451.234356582587,29107.961611339386,35823.76432364773,5,5,8468e13b7f2c7c3d937f0b4de6f5198e95e7b0b8,outputs/c08_final_8468e13,C08_FD001_8468e13b7f2c_seed_101|C08_FD001_8468e13b7f2c_seed_13|C08_FD001_8468e13b7f2c_seed_137|C08_FD001_8468e13b7f2c_seed_37|C08_FD001_8468e13b7f2c_seed_73,4141544af1d2dd1db2eae48163b356f6c670744959b6a86f370de28f6a7aa3be|44a7939414f5e85427ca2c4ab1112e2e3ce4ab87bab40d29528e4f7a37583071|6d7412be60bfa6a329621318ea485760a1766e36e9a190de0c8af1aff812091e|94684685af8a146f8fde8232ff40ed5e71973df4d6ede1e5babefc89af7c9aa2|ab3bae9650ee71583be60d0ac47740bbb065d35acabb9fea725cb332b904c5ee,
point,C08,FD001,primary,mean,raw,rmse,43.01203738027914,0.19944377508800148,42.6972574249317,43.24306023167234,5,5,8468e13b7f2c7c3d937f0b4de6f5198e95e7b0b8,outputs/c08_final_8468e13,C08_FD001_8468e13b7f2c_seed_101|C08_FD001_8468e13b7f2c_seed_13|C08_FD001_8468e13b7f2c_seed_137|C08_FD001_8468e13b7f2c_seed_37|C08_FD001_8468e13b7f2c_seed_73,4141544af1d2dd1db2eae48163b356f6c670744959b6a86f370de28f6a7aa3be|44a7939414f5e85427ca2c4ab1112e2e3ce4ab87bab40d29528e4f7a37583071|6d7412be60bfa6a329621318ea485760a1766e36e9a190de0c8af1aff812091e|94684685af8a146f8fde8232ff40ed5e71973df4d6ede1e5babefc89af7c9aa2|ab3bae9650ee71583be60d0ac47740bbb065d35acabb9fea725cb332b904c5ee,
point,C08,FD001,primary,mean,raw,signed_error,11.076822043204311,0.7918295912396208,9.807455919395451,11.962134349690334,5,5,8468e13b7f2c7c3d937f0b4de6f5198e95e7b0b8,outputs/c08_final_8468e13,C08_FD001_8468e13b7f2c_seed_101|C08_FD001_8468e13b7f2c_seed_13|C08_FD001_8468e13b7f2c_seed_137|C08_FD001_8468e13b7f2c_seed_37|C08_FD001_8468e13b7f2c_seed_73,4141544af1d2dd1db2eae48163b356f6c670744959b6a86f370de28f6a7aa3be|44a7939414f5e85427ca2c4ab1112e2e3ce4ab87bab40d29528e4f7a37583071|6d7412be60bfa6a329621318ea485760a1766e36e9a190de0c8af1aff812091e|94684685af8a146f8fde8232ff40ed5e71973df4d6ede1e5babefc89af7c9aa2|ab3bae9650ee71583be60d0ac47740bbb065d35acabb9fea725cb332b904c5ee,
point,C08,FD001,primary,ridge,clipped,mae,13.807421145749725,0.3927520498209285,13.460964052832376,14.426285007018455,5,5,8468e13b7f2c7c3d937f0b4de6f5198e95e7b0b8,outputs/c08_final_8468e13,C08_FD001_8468e13b7f2c_seed_101|C08_FD001_8468e13b7f2c_seed_13|C08_FD001_8468e13b7f2c_seed_137|C08_FD001_8468e13b7f2c_seed_37|C08_FD001_8468e13b7f2c_seed_73,4141544af1d2dd1db2eae48163b356f6c670744959b6a86f370de28f6a7aa3be|44a7939414f5e85427ca2c4ab1112e2e3ce4ab87bab40d29528e4f7a37583071|6d7412be60bfa6a329621318ea485760a1766e36e9a190de0c8af1aff812091e|94684685af8a146f8fde8232ff40ed5e71973df4d6ede1e5babefc89af7c9aa2|ab3bae9650ee71583be60d0ac47740bbb065d35acabb9fea725cb332b904c5ee,
point,C08,FD001,primary,ridge,clipped,nasa_score,534.9917886023602,31.41520753025417,493.2130284026379,571.388059042254,5,5,8468e13b7f2c7c3d937f0b4de6f5198e95e7b0b8,outputs/c08_final_8468e13,C08_FD001_8468e13b7f2c_seed_101|C08_FD001_8468e13b7f2c_seed_13|C08_FD001_8468e13b7f2c_seed_137|C08_FD001_8468e13b7f2c_seed_37|C08_FD001_8468e13b7f2c_seed_73,4141544af1d2dd1db2eae48163b356f6c670744959b6a86f370de28f6a7aa3be|44a7939414f5e85427ca2c4ab1112e2e3ce4ab87bab40d29528e4f7a37583071|6d7412be60bfa6a329621318ea485760a1766e36e9a190de0c8af1aff812091e|94684685af8a146f8fde8232ff40ed5e71973df4d6ede1e5babefc89af7c9aa2|ab3bae9650ee71583be60d0ac47740bbb065d35acabb9fea725cb332b904c5ee,
point,C08,FD001,primary,ridge,clipped,rmse,17.7924515662504,0.5986318699353089,17.35317009247391,18.757302031911998,5,5,8468e13b7f2c7c3d937f0b4de6f5198e95e7b0b8,outputs/c08_final_8468e13,C08_FD001_8468e13b7f2c_seed_101|C08_FD001_8468e13b7f2c_seed_13|C08_FD001_8468e13b7f2c_seed_137|C08_FD001_8468e13b7f2c_seed_37|C08_FD001_8468e13b7f2c_seed_73,4141544af1d2dd1db2eae48163b356f6c670744959b6a86f370de28f6a7aa3be|44a7939414f5e85427ca2c4ab1112e2e3ce4ab87bab40d29528e4f7a37583071|6d7412be60bfa6a329621318ea485760a1766e36e9a190de0c8af1aff812091e|94684685af8a146f8fde8232ff40ed5e71973df4d6ede1e5babefc89af7c9aa2|ab3bae9650ee71583be60d0ac47740bbb065d35acabb9fea725cb332b904c5ee,
point,C08,FD001,primary,ridge,clipped,signed_error,0.8074218640922398,1.6603264689633304,-1.3857142502156952,2.992667152367612,5,5,8468e13b7f2c7c3d937f0b4de6f5198e95e7b0b8,outputs/c08_final_8468e13,C08_FD001_8468e13b7f2c_seed_101|C08_FD001_8468e13b7f2c_seed_13|C08_FD001_8468e13b7f2c_seed_137|C08_FD001_8468e13b7f2c_seed_37|C08_FD001_8468e13b7f2c_seed_73,4141544af1d2dd1db2eae48163b356f6c670744959b6a86f370de28f6a7aa3be|44a7939414f5e85427ca2c4ab1112e2e3ce4ab87bab40d29528e4f7a37583071|6d7412be60bfa6a329621318ea485760a1766e36e9a190de0c8af1aff812091e|94684685af8a146f8fde8232ff40ed5e71973df4d6ede1e5babefc89af7c9aa2|ab3bae9650ee71583be60d0ac47740bbb065d35acabb9fea725cb332b904c5ee,
point,C08,FD001,primary,ridge,raw,mae,14.868719223481909,0.4015567127563842,14.534084883070147,15.520629605044277,5,5,8468e13b7f2c7c3d937f0b4de6f5198e95e7b0b8,outputs/c08_final_8468e13,C08_FD001_8468e13b7f2c_seed_101|C08_FD001_8468e13b7f2c_seed_13|C08_FD001_8468e13b7f2c_seed_137|C08_FD001_8468e13b7f2c_seed_37|C08_FD001_8468e13b7f2c_seed_73,4141544af1d2dd1db2eae48163b356f6c670744959b6a86f370de28f6a7aa3be|44a7939414f5e85427ca2c4ab1112e2e3ce4ab87bab40d29528e4f7a37583071|6d7412be60bfa6a329621318ea485760a1766e36e9a190de0c8af1aff812091e|94684685af8a146f8fde8232ff40ed5e71973df4d6ede1e5babefc89af7c9aa2|ab3bae9650ee71583be60d0ac47740bbb065d35acabb9fea725cb332b904c5ee,
point,C08,FD001,primary,ridge,raw,nasa_score,597.6902165197032,42.0160328458019,548.2030888670612,656.7451446483229,5,5,8468e13b7f2c7c3d937f0b4de6f5198e95e7b0b8,outputs/c08_final_8468e13,C08_FD001_8468e13b7f2c_seed_101|C08_FD001_8468e13b7f2c_seed_13|C08_FD001_8468e13b7f2c_seed_137|C08_FD001_8468e13b7f2c_seed_37|C08_FD001_8468e13b7f2c_seed_73,4141544af1d2dd1db2eae48163b356f6c670744959b6a86f370de28f6a7aa3be|44a7939414f5e85427ca2c4ab1112e2e3ce4ab87bab40d29528e4f7a37583071|6d7412be60bfa6a329621318ea485760a1766e36e9a190de0c8af1aff812091e|94684685af8a146f8fde8232ff40ed5e71973df4d6ede1e5babefc89af7c9aa2|ab3bae9650ee71583be60d0ac47740bbb065d35acabb9fea725cb332b904c5ee,
point,C08,FD001,primary,ridge,raw,rmse,19.053363899566442,0.658337876174575,18.48038572847197,20.116943049074276,5,5,8468e13b7f2c7c3d937f0b4de6f5198e95e7b0b8,outputs/c08_final_8468e13,C08_FD001_8468e13b7f2c_seed_101|C08_FD001_8468e13b7f2c_seed_13|C08_FD001_8468e13b7f2c_seed_137|C08_FD001_8468e13b7f2c_seed_37|C08_FD001_8468e13b7f2c_seed_73,4141544af1d2dd1db2eae48163b356f6c670744959b6a86f370de28f6a7aa3be|44a7939414f5e85427ca2c4ab1112e2e3ce4ab87bab40d29528e4f7a37583071|6d7412be60bfa6a329621318ea485760a1766e36e9a190de0c8af1aff812091e|94684685af8a146f8fde8232ff40ed5e71973df4d6ede1e5babefc89af7c9aa2|ab3bae9650ee71583be60d0ac47740bbb065d35acabb9fea725cb332b904c5ee,
point,C08,FD001,primary,ridge,raw,signed_error,-0.24601640885255954,1.6596279264317257,-2.480058848241517,1.9195463221298428,5,5,8468e13b7f2c7c3d937f0b4de6f5198e95e7b0b8,outputs/c08_final_8468e13,C08_FD001_8468e13b7f2c_seed_101|C08_FD001_8468e13b7f2c_seed_13|C08_FD001_8468e13b7f2c_seed_137|C08_FD001_8468e13b7f2c_seed_37|C08_FD001_8468e13b7f2c_seed_73,4141544af1d2dd1db2eae48163b356f6c670744959b6a86f370de28f6a7aa3be|44a7939414f5e85427ca2c4ab1112e2e3ce4ab87bab40d29528e4f7a37583071|6d7412be60bfa6a329621318ea485760a1766e36e9a190de0c8af1aff812091e|94684685af8a146f8fde8232ff40ed5e71973df4d6ede1e5babefc89af7c9aa2|ab3bae9650ee71583be60d0ac47740bbb065d35acabb9fea725cb332b904c5ee,
point,C08,FD002,primary,hist_gradient_boosting,clipped,mae,30.861292378451715,1.8430121621359914,28.209007761177276,32.37644548499069,5,5,8468e13b7f2c7c3d937f0b4de6f5198e95e7b0b8,outputs/c08_final_8468e13,C08_FD002_8468e13b7f2c_seed_101|C08_FD002_8468e13b7f2c_seed_13|C08_FD002_8468e13b7f2c_seed_137|C08_FD002_8468e13b7f2c_seed_37|C08_FD002_8468e13b7f2c_seed_73,408b17765a0f96e93d30f313b059e2421719a7e915306c226016e25cea8cbcc9|48e0718ac62097b2c394c7da184d85436efca39d6de07569904ad0c9fbde5e71|76301ed76681bc2a41be1f4e12b81d41107068fe3cc20e7bd9e915c463f25100|932ece49b8a11ce509e334e95730c2bc3b5b68c6353827060c574083d997389f|f60e0de8aa48b2687272a1e9bedc9005af72c0d4d1aa2433c4fc887f2d819d89,
point,C08,FD002,primary,hist_gradient_boosting,clipped,nasa_score,29049.131719511155,30219.781318280504,9475.858523299894,82234.78572918085,5,5,8468e13b7f2c7c3d937f0b4de6f5198e95e7b0b8,outputs/c08_final_8468e13,C08_FD002_8468e13b7f2c_seed_101|C08_FD002_8468e13b7f2c_seed_13|C08_FD002_8468e13b7f2c_seed_137|C08_FD002_8468e13b7f2c_seed_37|C08_FD002_8468e13b7f2c_seed_73,408b17765a0f96e93d30f313b059e2421719a7e915306c226016e25cea8cbcc9|48e0718ac62097b2c394c7da184d85436efca39d6de07569904ad0c9fbde5e71|76301ed76681bc2a41be1f4e12b81d41107068fe3cc20e7bd9e915c463f25100|932ece49b8a11ce509e334e95730c2bc3b5b68c6353827060c574083d997389f|f60e0de8aa48b2687272a1e9bedc9005af72c0d4d1aa2433c4fc887f2d819d89,
point,C08,FD002,primary,hist_gradient_boosting,clipped,rmse,35.988285767730375,2.309331477637858,33.72468363238086,39.296290636833604,5,5,8468e13b7f2c7c3d937f0b4de6f5198e95e7b0b8,outputs/c08_final_8468e13,C08_FD002_8468e13b7f2c_seed_101|C08_FD002_8468e13b7f2c_seed_13|C08_FD002_8468e13b7f2c_seed_137|C08_FD002_8468e13b7f2c_seed_37|C08_FD002_8468e13b7f2c_seed_73,408b17765a0f96e93d30f313b059e2421719a7e915306c226016e25cea8cbcc9|48e0718ac62097b2c394c7da184d85436efca39d6de07569904ad0c9fbde5e71|76301ed76681bc2a41be1f4e12b81d41107068fe3cc20e7bd9e915c463f25100|932ece49b8a11ce509e334e95730c2bc3b5b68c6353827060c574083d997389f|f60e0de8aa48b2687272a1e9bedc9005af72c0d4d1aa2433c4fc887f2d819d89,
point,C08,FD002,primary,hist_gradient_boosting,clipped,signed_error,3.239455100409521,8.23587182963347,-5.830636257265837,14.4339880172615,5,5,8468e13b7f2c7c3d937f0b4de6f5198e95e7b0b8,outputs/c08_final_8468e13,C08_FD002_8468e13b7f2c_seed_101|C08_FD002_8468e13b7f2c_seed_13|C08_FD002_8468e13b7f2c_seed_137|C08_FD002_8468e13b7f2c_seed_37|C08_FD002_8468e13b7f2c_seed_73,408b17765a0f96e93d30f313b059e2421719a7e915306c226016e25cea8cbcc9|48e0718ac62097b2c394c7da184d85436efca39d6de07569904ad0c9fbde5e71|76301ed76681bc2a41be1f4e12b81d41107068fe3cc20e7bd9e915c463f25100|932ece49b8a11ce509e334e95730c2bc3b5b68c6353827060c574083d997389f|f60e0de8aa48b2687272a1e9bedc9005af72c0d4d1aa2433c4fc887f2d819d89,
point,C08,FD002,primary,hist_gradient_boosting,raw,mae,38.35550087266021,1.8430121621359927,35.70321625538577,39.87065397919919,5,5,8468e13b7f2c7c3d937f0b4de6f5198e95e7b0b8,outputs/c08_final_8468e13,C08_FD002_8468e13b7f2c_seed_101|C08_FD002_8468e13b7f2c_seed_13|C08_FD002_8468e13b7f2c_seed_137|C08_FD002_8468e13b7f2c_seed_37|C08_FD002_8468e13b7f2c_seed_73,408b17765a0f96e93d30f313b059e2421719a7e915306c226016e25cea8cbcc9|48e0718ac62097b2c394c7da184d85436efca39d6de07569904ad0c9fbde5e71|76301ed76681bc2a41be1f4e12b81d41107068fe3cc20e7bd9e915c463f25100|932ece49b8a11ce509e334e95730c2bc3b5b68c6353827060c574083d997389f|f60e0de8aa48b2687272a1e9bedc9005af72c0d4d1aa2433c4fc887f2d819d89,
point,C08,FD002,primary,hist_gradient_boosting,raw,nasa_score,87639.64965193918,21898.405403973316,53089.04589165508,104516.82593870215,5,5,8468e13b7f2c7c3d937f0b4de6f5198e95e7b0b8,outputs/c08_final_8468e13,C08_FD002_8468e13b7f2c_seed_101|C08_FD002_8468e13b7f2c_seed_13|C08_FD002_8468e13b7f2c_seed_137|C08_FD002_8468e13b7f2c_seed_37|C08_FD002_8468e13b7f2c_seed_73,408b17765a0f96e93d30f313b059e2421719a7e915306c226016e25cea8cbcc9|48e0718ac62097b2c394c7da184d85436efca39d6de07569904ad0c9fbde5e71|76301ed76681bc2a41be1f4e12b81d41107068fe3cc20e7bd9e915c463f25100|932ece49b8a11ce509e334e95730c2bc3b5b68c6353827060c574083d997389f|f60e0de8aa48b2687272a1e9bedc9005af72c0d4d1aa2433c4fc887f2d819d89,
point,C08,FD002,primary,hist_gradient_boosting,raw,rmse,46.01743271467954,2.2958378501037413,42.50213076650574,48.17750822524849,5,5,8468e13b7f2c7c3d937f0b4de6f5198e95e7b0b8,outputs/c08_final_8468e13,C08_FD002_8468e13b7f2c_seed_101|C08_FD002_8468e13b7f2c_seed_13|C08_FD002_8468e13b7f2c_seed_137|C08_FD002_8468e13b7f2c_seed_37|C08_FD002_8468e13b7f2c_seed_73,408b17765a0f96e93d30f313b059e2421719a7e915306c226016e25cea8cbcc9|48e0718ac62097b2c394c7da184d85436efca39d6de07569904ad0c9fbde5e71|76301ed76681bc2a41be1f4e12b81d41107068fe3cc20e7bd9e915c463f25100|932ece49b8a11ce509e334e95730c2bc3b5b68c6353827060c574083d997389f|f60e0de8aa48b2687272a1e9bedc9005af72c0d4d1aa2433c4fc887f2d819d89,
point,C08,FD002,primary,hist_gradient_boosting,raw,signed_error,-4.2547533937989765,8.235871829633464,-13.324844751474327,6.939779523052984,5,5,8468e13b7f2c7c3d937f0b4de6f5198e95e7b0b8,outputs/c08_final_8468e13,C08_FD002_8468e13b7f2c_seed_101|C08_FD002_8468e13b7f2c_seed_13|C08_FD002_8468e13b7f2c_seed_137|C08_FD002_8468e13b7f2c_seed_37|C08_FD002_8468e13b7f2c_seed_73,408b17765a0f96e93d30f313b059e2421719a7e915306c226016e25cea8cbcc9|48e0718ac62097b2c394c7da184d85436efca39d6de07569904ad0c9fbde5e71|76301ed76681bc2a41be1f4e12b81d41107068fe3cc20e7bd9e915c463f25100|932ece49b8a11ce509e334e95730c2bc3b5b68c6353827060c574083d997389f|f60e0de8aa48b2687272a1e9bedc9005af72c0d4d1aa2433c4fc887f2d819d89,
point,C08,FD002,primary,mean,clipped,mae,38.112409659471496,0.07746166976880067,37.99180144520195,38.20456330556378,5,5,8468e13b7f2c7c3d937f0b4de6f5198e95e7b0b8,outputs/c08_final_8468e13,C08_FD002_8468e13b7f2c_seed_101|C08_FD002_8468e13b7f2c_seed_13|C08_FD002_8468e13b7f2c_seed_137|C08_FD002_8468e13b7f2c_seed_37|C08_FD002_8468e13b7f2c_seed_73,408b17765a0f96e93d30f313b059e2421719a7e915306c226016e25cea8cbcc9|48e0718ac62097b2c394c7da184d85436efca39d6de07569904ad0c9fbde5e71|76301ed76681bc2a41be1f4e12b81d41107068fe3cc20e7bd9e915c463f25100|932ece49b8a11ce509e334e95730c2bc3b5b68c6353827060c574083d997389f|f60e0de8aa48b2687272a1e9bedc9005af72c0d4d1aa2433c4fc887f2d819d89,
point,C08,FD002,primary,mean,clipped,nasa_score,112334.17342550358,8483.422988214183,98987.53409841082,122228.3082621349,5,5,8468e13b7f2c7c3d937f0b4de6f5198e95e7b0b8,outputs/c08_final_8468e13,C08_FD002_8468e13b7f2c_seed_101|C08_FD002_8468e13b7f2c_seed_13|C08_FD002_8468e13b7f2c_seed_137|C08_FD002_8468e13b7f2c_seed_37|C08_FD002_8468e13b7f2c_seed_73,408b17765a0f96e93d30f313b059e2421719a7e915306c226016e25cea8cbcc9|48e0718ac62097b2c394c7da184d85436efca39d6de07569904ad0c9fbde5e71|76301ed76681bc2a41be1f4e12b81d41107068fe3cc20e7bd9e915c463f25100|932ece49b8a11ce509e334e95730c2bc3b5b68c6353827060c574083d997389f|f60e0de8aa48b2687272a1e9bedc9005af72c0d4d1aa2433c4fc887f2d819d89,
point,C08,FD002,primary,mean,clipped,rmse,44.84194209381898,0.2236586899493869,44.48803616309352,45.09959119708452,5,5,8468e13b7f2c7c3d937f0b4de6f5198e95e7b0b8,outputs/c08_final_8468e13,C08_FD002_8468e13b7f2c_seed_101|C08_FD002_8468e13b7f2c_seed_13|C08_FD002_8468e13b7f2c_seed_137|C08_FD002_8468e13b7f2c_seed_37|C08_FD002_8468e13b7f2c_seed_73,408b17765a0f96e93d30f313b059e2421719a7e915306c226016e25cea8cbcc9|48e0718ac62097b2c394c7da184d85436efca39d6de07569904ad0c9fbde5e71|76301ed76681bc2a41be1f4e12b81d41107068fe3cc20e7bd9e915c463f25100|932ece49b8a11ce509e334e95730c2bc3b5b68c6353827060c574083d997389f|f60e0de8aa48b2687272a1e9bedc9005af72c0d4d1aa2433c4fc887f2d819d89,
point,C08,FD002,primary,mean,clipped,signed_error,12.905702352084592,0.7918295912395549,11.636336228275846,13.791014658570518,5,5,8468e13b7f2c7c3d937f0b4de6f5198e95e7b0b8,outputs/c08_final_8468e13,C08_FD002_8468e13b7f2c_seed_101|C08_FD002_8468e13b7f2c_seed_13|C08_FD002_8468e13b7f2c_seed_137|C08_FD002_8468e13b7f2c_seed_37|C08_FD002_8468e13b7f2c_seed_73,408b17765a0f96e93d30f313b059e2421719a7e915306c226016e25cea8cbcc9|48e0718ac62097b2c394c7da184d85436efca39d6de07569904ad0c9fbde5e71|76301ed76681bc2a41be1f4e12b81d41107068fe3cc20e7bd9e915c463f25100|932ece49b8a11ce509e334e95730c2bc3b5b68c6353827060c574083d997389f|f60e0de8aa48b2687272a1e9bedc9005af72c0d4d1aa2433c4fc887f2d819d89,
point,C08,FD002,primary,mean,raw,mae,45.606618153679996,0.07746166976880257,45.486009939410444,45.69877179977228,5,5,8468e13b7f2c7c3d937f0b4de6f5198e95e7b0b8,outputs/c08_final_8468e13,C08_FD002_8468e13b7f2c_seed_101|C08_FD002_8468e13b7f2c_seed_13|C08_FD002_8468e13b7f2c_seed_137|C08_FD002_8468e13b7f2c_seed_37|C08_FD002_8468e13b7f2c_seed_73,408b17765a0f96e93d30f313b059e2421719a7e915306c226016e25cea8cbcc9|48e0718ac62097b2c394c7da184d85436efca39d6de07569904ad0c9fbde5e71|76301ed76681bc2a41be1f4e12b81d41107068fe3cc20e7bd9e915c463f25100|932ece49b8a11ce509e334e95730c2bc3b5b68c6353827060c574083d997389f|f60e0de8aa48b2687272a1e9bedc9005af72c0d4d1aa2433c4fc887f2d819d89,
point,C08,FD002,primary,mean,raw,nasa_score,150959.34006675627,6089.574229929488,141510.47498401118,158256.4094030522,5,5,8468e13b7f2c7c3d937f0b4de6f5198e95e7b0b8,outputs/c08_final_8468e13,C08_FD002_8468e13b7f2c_seed_101|C08_FD002_8468e13b7f2c_seed_13|C08_FD002_8468e13b7f2c_seed_137|C08_FD002_8468e13b7f2c_seed_37|C08_FD002_8468e13b7f2c_seed_73,408b17765a0f96e93d30f313b059e2421719a7e915306c226016e25cea8cbcc9|48e0718ac62097b2c394c7da184d85436efca39d6de07569904ad0c9fbde5e71|76301ed76681bc2a41be1f4e12b81d41107068fe3cc20e7bd9e915c463f25100|932ece49b8a11ce509e334e95730c2bc3b5b68c6353827060c574083d997389f|f60e0de8aa48b2687272a1e9bedc9005af72c0d4d1aa2433c4fc887f2d819d89,
point,C08,FD002,primary,mean,raw,rmse,54.054971931864465,0.07561545146199214,53.93807491765073,54.14617688746198,5,5,8468e13b7f2c7c3d937f0b4de6f5198e95e7b0b8,outputs/c08_final_8468e13,C08_FD002_8468e13b7f2c_seed_101|C08_FD002_8468e13b7f2c_seed_13|C08_FD002_8468e13b7f2c_seed_137|C08_FD002_8468e13b7f2c_seed_37|C08_FD002_8468e13b7f2c_seed_73,408b17765a0f96e93d30f313b059e2421719a7e915306c226016e25cea8cbcc9|48e0718ac62097b2c394c7da184d85436efca39d6de07569904ad0c9fbde5e71|76301ed76681bc2a41be1f4e12b81d41107068fe3cc20e7bd9e915c463f25100|932ece49b8a11ce509e334e95730c2bc3b5b68c6353827060c574083d997389f|f60e0de8aa48b2687272a1e9bedc9005af72c0d4d1aa2433c4fc887f2d819d89,
point,C08,FD002,primary,mean,raw,signed_error,5.411493857876142,0.7918295912395915,4.142127734067332,6.296806164362153,5,5,8468e13b7f2c7c3d937f0b4de6f5198e95e7b0b8,outputs/c08_final_8468e13,C08_FD002_8468e13b7f2c_seed_101|C08_FD002_8468e13b7f2c_seed_13|C08_FD002_8468e13b7f2c_seed_137|C08_FD002_8468e13b7f2c_seed_37|C08_FD002_8468e13b7f2c_seed_73,408b17765a0f96e93d30f313b059e2421719a7e915306c226016e25cea8cbcc9|48e0718ac62097b2c394c7da184d85436efca39d6de07569904ad0c9fbde5e71|76301ed76681bc2a41be1f4e12b81d41107068fe3cc20e7bd9e915c463f25100|932ece49b8a11ce509e334e95730c2bc3b5b68c6353827060c574083d997389f|f60e0de8aa48b2687272a1e9bedc9005af72c0d4d1aa2433c4fc887f2d819d89,
point,C08,FD002,primary,ridge,clipped,mae,65.76833976833976,0.9912934737011658,64.55984555984556,66.86872586872587,5,5,8468e13b7f2c7c3d937f0b4de6f5198e95e7b0b8,outputs/c08_final_8468e13,C08_FD002_8468e13b7f2c_seed_101|C08_FD002_8468e13b7f2c_seed_13|C08_FD002_8468e13b7f2c_seed_137|C08_FD002_8468e13b7f2c_seed_37|C08_FD002_8468e13b7f2c_seed_73,408b17765a0f96e93d30f313b059e2421719a7e915306c226016e25cea8cbcc9|48e0718ac62097b2c394c7da184d85436efca39d6de07569904ad0c9fbde5e71|76301ed76681bc2a41be1f4e12b81d41107068fe3cc20e7bd9e915c463f25100|932ece49b8a11ce509e334e95730c2bc3b5b68c6353827060c574083d997389f|f60e0de8aa48b2687272a1e9bedc9005af72c0d4d1aa2433c4fc887f2d819d89,
point,C08,FD002,primary,ridge,clipped,nasa_score,3439135.277859521,132762.02191370676,3289717.7701491015,3627781.157479643,5,5,8468e13b7f2c7c3d937f0b4de6f5198e95e7b0b8,outputs/c08_final_8468e13,C08_FD002_8468e13b7f2c_seed_101|C08_FD002_8468e13b7f2c_seed_13|C08_FD002_8468e13b7f2c_seed_137|C08_FD002_8468e13b7f2c_seed_37|C08_FD002_8468e13b7f2c_seed_73,408b17765a0f96e93d30f313b059e2421719a7e915306c226016e25cea8cbcc9|48e0718ac62097b2c394c7da184d85436efca39d6de07569904ad0c9fbde5e71|76301ed76681bc2a41be1f4e12b81d41107068fe3cc20e7bd9e915c463f25100|932ece49b8a11ce509e334e95730c2bc3b5b68c6353827060c574083d997389f|f60e0de8aa48b2687272a1e9bedc9005af72c0d4d1aa2433c4fc887f2d819d89,
point,C08,FD002,primary,ridge,clipped,rmse,79.26743272830547,0.7816492805596966,78.3118949825178,80.13340710566932,5,5,8468e13b7f2c7c3d937f0b4de6f5198e95e7b0b8,outputs/c08_final_8468e13,C08_FD002_8468e13b7f2c_seed_101|C08_FD002_8468e13b7f2c_seed_13|C08_FD002_8468e13b7f2c_seed_137|C08_FD002_8468e13b7f2c_seed_37|C08_FD002_8468e13b7f2c_seed_73,408b17765a0f96e93d30f313b059e2421719a7e915306c226016e25cea8cbcc9|48e0718ac62097b2c394c7da184d85436efca39d6de07569904ad0c9fbde5e71|76301ed76681bc2a41be1f4e12b81d41107068fe3cc20e7bd9e915c463f25100|932ece49b8a11ce509e334e95730c2bc3b5b68c6353827060c574083d997389f|f60e0de8aa48b2687272a1e9bedc9005af72c0d4d1aa2433c4fc887f2d819d89,
point,C08,FD002,primary,ridge,clipped,signed_error,-10.37065637065637,1.8816205298859003,-12.397683397683398,-7.571428571428571,5,5,8468e13b7f2c7c3d937f0b4de6f5198e95e7b0b8,outputs/c08_final_8468e13,C08_FD002_8468e13b7f2c_seed_101|C08_FD002_8468e13b7f2c_seed_13|C08_FD002_8468e13b7f2c_seed_137|C08_FD002_8468e13b7f2c_seed_37|C08_FD002_8468e13b7f2c_seed_73,408b17765a0f96e93d30f313b059e2421719a7e915306c226016e25cea8cbcc9|48e0718ac62097b2c394c7da184d85436efca39d6de07569904ad0c9fbde5e71|76301ed76681bc2a41be1f4e12b81d41107068fe3cc20e7bd9e915c463f25100|932ece49b8a11ce509e334e95730c2bc3b5b68c6353827060c574083d997389f|f60e0de8aa48b2687272a1e9bedc9005af72c0d4d1aa2433c4fc887f2d819d89,
point,C08,FD002,primary,ridge,raw,mae,16621890658786.34,5461049991920.097,9070716517083.24,22010154539553.24,5,5,8468e13b7f2c7c3d937f0b4de6f5198e95e7b0b8,outputs/c08_final_8468e13,C08_FD002_8468e13b7f2c_seed_101|C08_FD002_8468e13b7f2c_seed_13|C08_FD002_8468e13b7f2c_seed_137|C08_FD002_8468e13b7f2c_seed_37|C08_FD002_8468e13b7f2c_seed_73,408b17765a0f96e93d30f313b059e2421719a7e915306c226016e25cea8cbcc9|48e0718ac62097b2c394c7da184d85436efca39d6de07569904ad0c9fbde5e71|76301ed76681bc2a41be1f4e12b81d41107068fe3cc20e7bd9e915c463f25100|932ece49b8a11ce509e334e95730c2bc3b5b68c6353827060c574083d997389f|f60e0de8aa48b2687272a1e9bedc9005af72c0d4d1aa2433c4fc887f2d819d89,
point,C08,FD002,primary,ridge,raw,nasa_score,PENDING,PENDING,PENDING,PENDING,5,0,8468e13b7f2c7c3d937f0b4de6f5198e95e7b0b8,outputs/c08_final_8468e13,C08_FD002_8468e13b7f2c_seed_101|C08_FD002_8468e13b7f2c_seed_13|C08_FD002_8468e13b7f2c_seed_137|C08_FD002_8468e13b7f2c_seed_37|C08_FD002_8468e13b7f2c_seed_73,408b17765a0f96e93d30f313b059e2421719a7e915306c226016e25cea8cbcc9|48e0718ac62097b2c394c7da184d85436efca39d6de07569904ad0c9fbde5e71|76301ed76681bc2a41be1f4e12b81d41107068fe3cc20e7bd9e915c463f25100|932ece49b8a11ce509e334e95730c2bc3b5b68c6353827060c574083d997389f|f60e0de8aa48b2687272a1e9bedc9005af72c0d4d1aa2433c4fc887f2d819d89,
point,C08,FD002,primary,ridge,raw,rmse,20902112683245.5,6782892988015.592,11533786481163.914,27644461857094.008,5,5,8468e13b7f2c7c3d937f0b4de6f5198e95e7b0b8,outputs/c08_final_8468e13,C08_FD002_8468e13b7f2c_seed_101|C08_FD002_8468e13b7f2c_seed_13|C08_FD002_8468e13b7f2c_seed_137|C08_FD002_8468e13b7f2c_seed_37|C08_FD002_8468e13b7f2c_seed_73,408b17765a0f96e93d30f313b059e2421719a7e915306c226016e25cea8cbcc9|48e0718ac62097b2c394c7da184d85436efca39d6de07569904ad0c9fbde5e71|76301ed76681bc2a41be1f4e12b81d41107068fe3cc20e7bd9e915c463f25100|932ece49b8a11ce509e334e95730c2bc3b5b68c6353827060c574083d997389f|f60e0de8aa48b2687272a1e9bedc9005af72c0d4d1aa2433c4fc887f2d819d89,
point,C08,FD002,primary,ridge,raw,signed_error,-442126952027.52405,363530621830.60864,-1020415803524.0406,-49530845529.28472,5,5,8468e13b7f2c7c3d937f0b4de6f5198e95e7b0b8,outputs/c08_final_8468e13,C08_FD002_8468e13b7f2c_seed_101|C08_FD002_8468e13b7f2c_seed_13|C08_FD002_8468e13b7f2c_seed_137|C08_FD002_8468e13b7f2c_seed_37|C08_FD002_8468e13b7f2c_seed_73,408b17765a0f96e93d30f313b059e2421719a7e915306c226016e25cea8cbcc9|48e0718ac62097b2c394c7da184d85436efca39d6de07569904ad0c9fbde5e71|76301ed76681bc2a41be1f4e12b81d41107068fe3cc20e7bd9e915c463f25100|932ece49b8a11ce509e334e95730c2bc3b5b68c6353827060c574083d997389f|f60e0de8aa48b2687272a1e9bedc9005af72c0d4d1aa2433c4fc887f2d819d89,
point,C08,FD003,primary,hist_gradient_boosting,clipped,mae,17.674055997854992,0.6650250883833092,17.265898520119435,18.83878834247258,5,5,8468e13b7f2c7c3d937f0b4de6f5198e95e7b0b8,outputs/c08_final_8468e13,C08_FD003_8468e13b7f2c_seed_101|C08_FD003_8468e13b7f2c_seed_13|C08_FD003_8468e13b7f2c_seed_137|C08_FD003_8468e13b7f2c_seed_37|C08_FD003_8468e13b7f2c_seed_73,5c87c1340ab5c22528d6b88e4ebd8ee70978603c0819643d315ab9ccb60873e7|64ace9282afe9fa5c15622e29ded1fa22da304e2526a8602a4d58bfc0abd725f|745d404b574a13d18fb7409ad2fffd4372e0114667dd510dffe8fea7eb42e01f|ba0f952fe28efb318d2b8a661daf9a3c36ed78a422e0660dc509e82a8e2117db|d2256344c125d1c6d4d32196b06bfbcc62e23e41e3d3563ffad8c4b5e4902992,
point,C08,FD003,primary,hist_gradient_boosting,clipped,nasa_score,2338.4551390868073,1006.8570139870693,1392.945975780299,3658.9358947277005,5,5,8468e13b7f2c7c3d937f0b4de6f5198e95e7b0b8,outputs/c08_final_8468e13,C08_FD003_8468e13b7f2c_seed_101|C08_FD003_8468e13b7f2c_seed_13|C08_FD003_8468e13b7f2c_seed_137|C08_FD003_8468e13b7f2c_seed_37|C08_FD003_8468e13b7f2c_seed_73,5c87c1340ab5c22528d6b88e4ebd8ee70978603c0819643d315ab9ccb60873e7|64ace9282afe9fa5c15622e29ded1fa22da304e2526a8602a4d58bfc0abd725f|745d404b574a13d18fb7409ad2fffd4372e0114667dd510dffe8fea7eb42e01f|ba0f952fe28efb318d2b8a661daf9a3c36ed78a422e0660dc509e82a8e2117db|d2256344c125d1c6d4d32196b06bfbcc62e23e41e3d3563ffad8c4b5e4902992,
point,C08,FD003,primary,hist_gradient_boosting,clipped,rmse,23.052005208073915,1.0823817167200227,21.982808581882498,24.543161308118567,5,5,8468e13b7f2c7c3d937f0b4de6f5198e95e7b0b8,outputs/c08_final_8468e13,C08_FD003_8468e13b7f2c_seed_101|C08_FD003_8468e13b7f2c_seed_13|C08_FD003_8468e13b7f2c_seed_137|C08_FD003_8468e13b7f2c_seed_37|C08_FD003_8468e13b7f2c_seed_73,5c87c1340ab5c22528d6b88e4ebd8ee70978603c0819643d315ab9ccb60873e7|64ace9282afe9fa5c15622e29ded1fa22da304e2526a8602a4d58bfc0abd725f|745d404b574a13d18fb7409ad2fffd4372e0114667dd510dffe8fea7eb42e01f|ba0f952fe28efb318d2b8a661daf9a3c36ed78a422e0660dc509e82a8e2117db|d2256344c125d1c6d4d32196b06bfbcc62e23e41e3d3563ffad8c4b5e4902992,
point,C08,FD003,primary,hist_gradient_boosting,clipped,signed_error,10.91132161025649,1.7385802856507382,8.948873650711498,12.675425708525863,5,5,8468e13b7f2c7c3d937f0b4de6f5198e95e7b0b8,outputs/c08_final_8468e13,C08_FD003_8468e13b7f2c_seed_101|C08_FD003_8468e13b7f2c_seed_13|C08_FD003_8468e13b7f2c_seed_137|C08_FD003_8468e13b7f2c_seed_37|C08_FD003_8468e13b7f2c_seed_73,5c87c1340ab5c22528d6b88e4ebd8ee70978603c0819643d315ab9ccb60873e7|64ace9282afe9fa5c15622e29ded1fa22da304e2526a8602a4d58bfc0abd725f|745d404b574a13d18fb7409ad2fffd4372e0114667dd510dffe8fea7eb42e01f|ba0f952fe28efb318d2b8a661daf9a3c36ed78a422e0660dc509e82a8e2117db|d2256344c125d1c6d4d32196b06bfbcc62e23e41e3d3563ffad8c4b5e4902992,
point,C08,FD003,primary,hist_gradient_boosting,raw,mae,19.23405599785499,0.6650250883833071,18.825898520119434,20.398788342472574,5,5,8468e13b7f2c7c3d937f0b4de6f5198e95e7b0b8,outputs/c08_final_8468e13,C08_FD003_8468e13b7f2c_seed_101|C08_FD003_8468e13b7f2c_seed_13|C08_FD003_8468e13b7f2c_seed_137|C08_FD003_8468e13b7f2c_seed_37|C08_FD003_8468e13b7f2c_seed_73,5c87c1340ab5c22528d6b88e4ebd8ee70978603c0819643d315ab9ccb60873e7|64ace9282afe9fa5c15622e29ded1fa22da304e2526a8602a4d58bfc0abd725f|745d404b574a13d18fb7409ad2fffd4372e0114667dd510dffe8fea7eb42e01f|ba0f952fe28efb318d2b8a661daf9a3c36ed78a422e0660dc509e82a8e2117db|d2256344c125d1c6d4d32196b06bfbcc62e23e41e3d3563ffad8c4b5e4902992,
point,C08,FD003,primary,hist_gradient_boosting,raw,nasa_score,2402.4423795153352,1004.1625520779212,1468.6736489656548,3725.295273298767,5,5,8468e13b7f2c7c3d937f0b4de6f5198e95e7b0b8,outputs/c08_final_8468e13,C08_FD003_8468e13b7f2c_seed_101|C08_FD003_8468e13b7f2c_seed_13|C08_FD003_8468e13b7f2c_seed_137|C08_FD003_8468e13b7f2c_seed_37|C08_FD003_8468e13b7f2c_seed_73,5c87c1340ab5c22528d6b88e4ebd8ee70978603c0819643d315ab9ccb60873e7|64ace9282afe9fa5c15622e29ded1fa22da304e2526a8602a4d58bfc0abd725f|745d404b574a13d18fb7409ad2fffd4372e0114667dd510dffe8fea7eb42e01f|ba0f952fe28efb318d2b8a661daf9a3c36ed78a422e0660dc509e82a8e2117db|d2256344c125d1c6d4d32196b06bfbcc62e23e41e3d3563ffad8c4b5e4902992,
point,C08,FD003,primary,hist_gradient_boosting,raw,rmse,24.263757941436154,1.0048048802791671,23.321075261944713,25.63725699965351,5,5,8468e13b7f2c7c3d937f0b4de6f5198e95e7b0b8,outputs/c08_final_8468e13,C08_FD003_8468e13b7f2c_seed_101|C08_FD003_8468e13b7f2c_seed_13|C08_FD003_8468e13b7f2c_seed_137|C08_FD003_8468e13b7f2c_seed_37|C08_FD003_8468e13b7f2c_seed_73,5c87c1340ab5c22528d6b88e4ebd8ee70978603c0819643d315ab9ccb60873e7|64ace9282afe9fa5c15622e29ded1fa22da304e2526a8602a4d58bfc0abd725f|745d404b574a13d18fb7409ad2fffd4372e0114667dd510dffe8fea7eb42e01f|ba0f952fe28efb318d2b8a661daf9a3c36ed78a422e0660dc509e82a8e2117db|d2256344c125d1c6d4d32196b06bfbcc62e23e41e3d3563ffad8c4b5e4902992,
point,C08,FD003,primary,hist_gradient_boosting,raw,signed_error,9.351321610256491,1.7385802856507389,7.3888736507115,11.115425708525864,5,5,8468e13b7f2c7c3d937f0b4de6f5198e95e7b0b8,outputs/c08_final_8468e13,C08_FD003_8468e13b7f2c_seed_101|C08_FD003_8468e13b7f2c_seed_13|C08_FD003_8468e13b7f2c_seed_137|C08_FD003_8468e13b7f2c_seed_37|C08_FD003_8468e13b7f2c_seed_73,5c87c1340ab5c22528d6b88e4ebd8ee70978603c0819643d315ab9ccb60873e7|64ace9282afe9fa5c15622e29ded1fa22da304e2526a8602a4d58bfc0abd725f|745d404b574a13d18fb7409ad2fffd4372e0114667dd510dffe8fea7eb42e01f|ba0f952fe28efb318d2b8a661daf9a3c36ed78a422e0660dc509e82a8e2117db|d2256344c125d1c6d4d32196b06bfbcc62e23e41e3d3563ffad8c4b5e4902992,
point,C08,FD003,primary,mean,clipped,mae,34.86202297110198,0.1016609248092854,34.71274559193955,34.99642686993806,5,5,8468e13b7f2c7c3d937f0b4de6f5198e95e7b0b8,outputs/c08_final_8468e13,C08_FD003_8468e13b7f2c_seed_101|C08_FD003_8468e13b7f2c_seed_13|C08_FD003_8468e13b7f2c_seed_137|C08_FD003_8468e13b7f2c_seed_37|C08_FD003_8468e13b7f2c_seed_73,5c87c1340ab5c22528d6b88e4ebd8ee70978603c0819643d315ab9ccb60873e7|64ace9282afe9fa5c15622e29ded1fa22da304e2526a8602a4d58bfc0abd725f|745d404b574a13d18fb7409ad2fffd4372e0114667dd510dffe8fea7eb42e01f|ba0f952fe28efb318d2b8a661daf9a3c36ed78a422e0660dc509e82a8e2117db|d2256344c125d1c6d4d32196b06bfbcc62e23e41e3d3563ffad8c4b5e4902992,
point,C08,FD003,primary,mean,clipped,nasa_score,30317.09585801504,2281.1014740898268,26728.67588791434,32978.076017692474,5,5,8468e13b7f2c7c3d937f0b4de6f5198e95e7b0b8,outputs/c08_final_8468e13,C08_FD003_8468e13b7f2c_seed_101|C08_FD003_8468e13b7f2c_seed_13|C08_FD003_8468e13b7f2c_seed_137|C08_FD003_8468e13b7f2c_seed_37|C08_FD003_8468e13b7f2c_seed_73,5c87c1340ab5c22528d6b88e4ebd8ee70978603c0819643d315ab9ccb60873e7|64ace9282afe9fa5c15622e29ded1fa22da304e2526a8602a4d58bfc0abd725f|745d404b574a13d18fb7409ad2fffd4372e0114667dd510dffe8fea7eb42e01f|ba0f952fe28efb318d2b8a661daf9a3c36ed78a422e0660dc509e82a8e2117db|d2256344c125d1c6d4d32196b06bfbcc62e23e41e3d3563ffad8c4b5e4902992,
point,C08,FD003,primary,mean,clipped,rmse,41.22160996732206,0.2420411951535618,40.83856555325073,41.50035386729794,5,5,8468e13b7f2c7c3d937f0b4de6f5198e95e7b0b8,outputs/c08_final_8468e13,C08_FD003_8468e13b7f2c_seed_101|C08_FD003_8468e13b7f2c_seed_13|C08_FD003_8468e13b7f2c_seed_137|C08_FD003_8468e13b7f2c_seed_37|C08_FD003_8468e13b7f2c_seed_73,5c87c1340ab5c22528d6b88e4ebd8ee70978603c0819643d315ab9ccb60873e7|64ace9282afe9fa5c15622e29ded1fa22da304e2526a8602a4d58bfc0abd725f|745d404b574a13d18fb7409ad2fffd4372e0114667dd510dffe8fea7eb42e01f|ba0f952fe28efb318d2b8a661daf9a3c36ed78a422e0660dc509e82a8e2117db|d2256344c125d1c6d4d32196b06bfbcc62e23e41e3d3563ffad8c4b5e4902992,
point,C08,FD003,primary,mean,clipped,signed_error,12.836822043204307,0.7918295912396197,11.567455919395455,13.72213434969034,5,5,8468e13b7f2c7c3d937f0b4de6f5198e95e7b0b8,outputs/c08_final_8468e13,C08_FD003_8468e13b7f2c_seed_101|C08_FD003_8468e13b7f2c_seed_13|C08_FD003_8468e13b7f2c_seed_137|C08_FD003_8468e13b7f2c_seed_37|C08_FD003_8468e13b7f2c_seed_73,5c87c1340ab5c22528d6b88e4ebd8ee70978603c0819643d315ab9ccb60873e7|64ace9282afe9fa5c15622e29ded1fa22da304e2526a8602a4d58bfc0abd725f|745d404b574a13d18fb7409ad2fffd4372e0114667dd510dffe8fea7eb42e01f|ba0f952fe28efb318d2b8a661daf9a3c36ed78a422e0660dc509e82a8e2117db|d2256344c125d1c6d4d32196b06bfbcc62e23e41e3d3563ffad8c4b5e4902992,
point,C08,FD003,primary,mean,raw,mae,36.42202297110198,0.10166092480928483,36.272745591939554,36.556426869938065,5,5,8468e13b7f2c7c3d937f0b4de6f5198e95e7b0b8,outputs/c08_final_8468e13,C08_FD003_8468e13b7f2c_seed_101|C08_FD003_8468e13b7f2c_seed_13|C08_FD003_8468e13b7f2c_seed_137|C08_FD003_8468e13b7f2c_seed_37|C08_FD003_8468e13b7f2c_seed_73,5c87c1340ab5c22528d6b88e4ebd8ee70978603c0819643d315ab9ccb60873e7|64ace9282afe9fa5c15622e29ded1fa22da304e2526a8602a4d58bfc0abd725f|745d404b574a13d18fb7409ad2fffd4372e0114667dd510dffe8fea7eb42e01f|ba0f952fe28efb318d2b8a661daf9a3c36ed78a422e0660dc509e82a8e2117db|d2256344c125d1c6d4d32196b06bfbcc62e23e41e3d3563ffad8c4b5e4902992,
point,C08,FD003,primary,mean,raw,nasa_score,30752.44288528174,2254.099614474388,27207.95500862659,33384.151333184076,5,5,8468e13b7f2c7c3d937f0b4de6f5198e95e7b0b8,outputs/c08_final_8468e13,C08_FD003_8468e13b7f2c_seed_101|C08_FD003_8468e13b7f2c_seed_13|C08_FD003_8468e13b7f2c_seed_137|C08_FD003_8468e13b7f2c_seed_37|C08_FD003_8468e13b7f2c_seed_73,5c87c1340ab5c22528d6b88e4ebd8ee70978603c0819643d315ab9ccb60873e7|64ace9282afe9fa5c15622e29ded1fa22da304e2526a8602a4d58bfc0abd725f|745d404b574a13d18fb7409ad2fffd4372e0114667dd510dffe8fea7eb42e01f|ba0f952fe28efb318d2b8a661daf9a3c36ed78a422e0660dc509e82a8e2117db|d2256344c125d1c6d4d32196b06bfbcc62e23e41e3d3563ffad8c4b5e4902992,
point,C08,FD003,primary,mean,raw,rmse,42.909587990157675,0.20362094153223836,42.5881060153964,43.145279138509665,5,5,8468e13b7f2c7c3d937f0b4de6f5198e95e7b0b8,outputs/c08_final_8468e13,C08_FD003_8468e13b7f2c_seed_101|C08_FD003_8468e13b7f2c_seed_13|C08_FD003_8468e13b7f2c_seed_137|C08_FD003_8468e13b7f2c_seed_37|C08_FD003_8468e13b7f2c_seed_73,5c87c1340ab5c22528d6b88e4ebd8ee70978603c0819643d315ab9ccb60873e7|64ace9282afe9fa5c15622e29ded1fa22da304e2526a8602a4d58bfc0abd725f|745d404b574a13d18fb7409ad2fffd4372e0114667dd510dffe8fea7eb42e01f|ba0f952fe28efb318d2b8a661daf9a3c36ed78a422e0660dc509e82a8e2117db|d2256344c125d1c6d4d32196b06bfbcc62e23e41e3d3563ffad8c4b5e4902992,
point,C08,FD003,primary,mean,raw,signed_error,11.276822043204307,0.7918295912396213,10.00745591939545,12.162134349690339,5,5,8468e13b7f2c7c3d937f0b4de6f5198e95e7b0b8,outputs/c08_final_8468e13,C08_FD003_8468e13b7f2c_seed_101|C08_FD003_8468e13b7f2c_seed_13|C08_FD003_8468e13b7f2c_seed_137|C08_FD003_8468e13b7f2c_seed_37|C08_FD003_8468e13b7f2c_seed_73,5c87c1340ab5c22528d6b88e4ebd8ee70978603c0819643d315ab9ccb60873e7|64ace9282afe9fa5c15622e29ded1fa22da304e2526a8602a4d58bfc0abd725f|745d404b574a13d18fb7409ad2fffd4372e0114667dd510dffe8fea7eb42e01f|ba0f952fe28efb318d2b8a661daf9a3c36ed78a422e0660dc509e82a8e2117db|d2256344c125d1c6d4d32196b06bfbcc62e23e41e3d3563ffad8c4b5e4902992,
point,C08,FD003,primary,ridge,clipped,mae,33.450319194835394,1.0379877300746627,32.44127416083114,35.13979797900625,5,5,8468e13b7f2c7c3d937f0b4de6f5198e95e7b0b8,outputs/c08_final_8468e13,C08_FD003_8468e13b7f2c_seed_101|C08_FD003_8468e13b7f2c_seed_13|C08_FD003_8468e13b7f2c_seed_137|C08_FD003_8468e13b7f2c_seed_37|C08_FD003_8468e13b7f2c_seed_73,5c87c1340ab5c22528d6b88e4ebd8ee70978603c0819643d315ab9ccb60873e7|64ace9282afe9fa5c15622e29ded1fa22da304e2526a8602a4d58bfc0abd725f|745d404b574a13d18fb7409ad2fffd4372e0114667dd510dffe8fea7eb42e01f|ba0f952fe28efb318d2b8a661daf9a3c36ed78a422e0660dc509e82a8e2117db|d2256344c125d1c6d4d32196b06bfbcc62e23e41e3d3563ffad8c4b5e4902992,
point,C08,FD003,primary,ridge,clipped,nasa_score,854250.5627039395,58823.93314744587,749729.1982142796,885380.4170491367,5,5,8468e13b7f2c7c3d937f0b4de6f5198e95e7b0b8,outputs/c08_final_8468e13,C08_FD003_8468e13b7f2c_seed_101|C08_FD003_8468e13b7f2c_seed_13|C08_FD003_8468e13b7f2c_seed_137|C08_FD003_8468e13b7f2c_seed_37|C08_FD003_8468e13b7f2c_seed_73,5c87c1340ab5c22528d6b88e4ebd8ee70978603c0819643d315ab9ccb60873e7|64ace9282afe9fa5c15622e29ded1fa22da304e2526a8602a4d58bfc0abd725f|745d404b574a13d18fb7409ad2fffd4372e0114667dd510dffe8fea7eb42e01f|ba0f952fe28efb318d2b8a661daf9a3c36ed78a422e0660dc509e82a8e2117db|d2256344c125d1c6d4d32196b06bfbcc62e23e41e3d3563ffad8c4b5e4902992,
point,C08,FD003,primary,ridge,clipped,rmse,48.202432708998955,1.5295796238523462,46.43079390479501,50.5289364926238,5,5,8468e13b7f2c7c3d937f0b4de6f5198e95e7b0b8,outputs/c08_final_8468e13,C08_FD003_8468e13b7f2c_seed_101|C08_FD003_8468e13b7f2c_seed_13|C08_FD003_8468e13b7f2c_seed_137|C08_FD003_8468e13b7f2c_seed_37|C08_FD003_8468e13b7f2c_seed_73,5c87c1340ab5c22528d6b88e4ebd8ee70978603c0819643d315ab9ccb60873e7|64ace9282afe9fa5c15622e29ded1fa22da304e2526a8602a4d58bfc0abd725f|745d404b574a13d18fb7409ad2fffd4372e0114667dd510dffe8fea7eb42e01f|ba0f952fe28efb318d2b8a661daf9a3c36ed78a422e0660dc509e82a8e2117db|d2256344c125d1c6d4d32196b06bfbcc62e23e41e3d3563ffad8c4b5e4902992,
point,C08,FD003,primary,ridge,clipped,signed_error,5.718536938367374,4.293627144306302,-1.5852751547131156,9.219717996380645,5,5,8468e13b7f2c7c3d937f0b4de6f5198e95e7b0b8,outputs/c08_final_8468e13,C08_FD003_8468e13b7f2c_seed_101|C08_FD003_8468e13b7f2c_seed_13|C08_FD003_8468e13b7f2c_seed_137|C08_FD003_8468e13b7f2c_seed_37|C08_FD003_8468e13b7f2c_seed_73,5c87c1340ab5c22528d6b88e4ebd8ee70978603c0819643d315ab9ccb60873e7|64ace9282afe9fa5c15622e29ded1fa22da304e2526a8602a4d58bfc0abd725f|745d404b574a13d18fb7409ad2fffd4372e0114667dd510dffe8fea7eb42e01f|ba0f952fe28efb318d2b8a661daf9a3c36ed78a422e0660dc509e82a8e2117db|d2256344c125d1c6d4d32196b06bfbcc62e23e41e3d3563ffad8c4b5e4902992,
point,C08,FD003,primary,ridge,raw,mae,22128190538.617073,10341077814.035809,4394165028.883185,29988438398.67081,5,5,8468e13b7f2c7c3d937f0b4de6f5198e95e7b0b8,outputs/c08_final_8468e13,C08_FD003_8468e13b7f2c_seed_101|C08_FD003_8468e13b7f2c_seed_13|C08_FD003_8468e13b7f2c_seed_137|C08_FD003_8468e13b7f2c_seed_37|C08_FD003_8468e13b7f2c_seed_73,5c87c1340ab5c22528d6b88e4ebd8ee70978603c0819643d315ab9ccb60873e7|64ace9282afe9fa5c15622e29ded1fa22da304e2526a8602a4d58bfc0abd725f|745d404b574a13d18fb7409ad2fffd4372e0114667dd510dffe8fea7eb42e01f|ba0f952fe28efb318d2b8a661daf9a3c36ed78a422e0660dc509e82a8e2117db|d2256344c125d1c6d4d32196b06bfbcc62e23e41e3d3563ffad8c4b5e4902992,
point,C08,FD003,primary,ridge,raw,nasa_score,PENDING,PENDING,PENDING,PENDING,5,0,8468e13b7f2c7c3d937f0b4de6f5198e95e7b0b8,outputs/c08_final_8468e13,C08_FD003_8468e13b7f2c_seed_101|C08_FD003_8468e13b7f2c_seed_13|C08_FD003_8468e13b7f2c_seed_137|C08_FD003_8468e13b7f2c_seed_37|C08_FD003_8468e13b7f2c_seed_73,5c87c1340ab5c22528d6b88e4ebd8ee70978603c0819643d315ab9ccb60873e7|64ace9282afe9fa5c15622e29ded1fa22da304e2526a8602a4d58bfc0abd725f|745d404b574a13d18fb7409ad2fffd4372e0114667dd510dffe8fea7eb42e01f|ba0f952fe28efb318d2b8a661daf9a3c36ed78a422e0660dc509e82a8e2117db|d2256344c125d1c6d4d32196b06bfbcc62e23e41e3d3563ffad8c4b5e4902992,
point,C08,FD003,primary,ridge,raw,rmse,80443023790.0757,37393453375.22312,15832701046.632275,108113314314.06892,5,5,8468e13b7f2c7c3d937f0b4de6f5198e95e7b0b8,outputs/c08_final_8468e13,C08_FD003_8468e13b7f2c_seed_101|C08_FD003_8468e13b7f2c_seed_13|C08_FD003_8468e13b7f2c_seed_137|C08_FD003_8468e13b7f2c_seed_37|C08_FD003_8468e13b7f2c_seed_73,5c87c1340ab5c22528d6b88e4ebd8ee70978603c0819643d315ab9ccb60873e7|64ace9282afe9fa5c15622e29ded1fa22da304e2526a8602a4d58bfc0abd725f|745d404b574a13d18fb7409ad2fffd4372e0114667dd510dffe8fea7eb42e01f|ba0f952fe28efb318d2b8a661daf9a3c36ed78a422e0660dc509e82a8e2117db|d2256344c125d1c6d4d32196b06bfbcc62e23e41e3d3563ffad8c4b5e4902992,
point,C08,FD003,primary,ridge,raw,signed_error,-19083755695.68902,9888179698.3079,-26652108337.260387,-2634940686.0140977,5,5,8468e13b7f2c7c3d937f0b4de6f5198e95e7b0b8,outputs/c08_final_8468e13,C08_FD003_8468e13b7f2c_seed_101|C08_FD003_8468e13b7f2c_seed_13|C08_FD003_8468e13b7f2c_seed_137|C08_FD003_8468e13b7f2c_seed_37|C08_FD003_8468e13b7f2c_seed_73,5c87c1340ab5c22528d6b88e4ebd8ee70978603c0819643d315ab9ccb60873e7|64ace9282afe9fa5c15622e29ded1fa22da304e2526a8602a4d58bfc0abd725f|745d404b574a13d18fb7409ad2fffd4372e0114667dd510dffe8fea7eb42e01f|ba0f952fe28efb318d2b8a661daf9a3c36ed78a422e0660dc509e82a8e2117db|d2256344c125d1c6d4d32196b06bfbcc62e23e41e3d3563ffad8c4b5e4902992,
point,C08,FD004,primary,hist_gradient_boosting,clipped,mae,34.17606819966338,1.6351609596088097,31.81775773418544,36.24852722917021,5,5,8468e13b7f2c7c3d937f0b4de6f5198e95e7b0b8,outputs/c08_final_8468e13,C08_FD004_8468e13b7f2c_seed_101|C08_FD004_8468e13b7f2c_seed_13|C08_FD004_8468e13b7f2c_seed_137|C08_FD004_8468e13b7f2c_seed_37|C08_FD004_8468e13b7f2c_seed_73,04b232953848ba1a9bfb194dd3b578b73f3aa6e26f9f50db29c77fc2713b601c|86b654f1dd9976d6f192d4d1eb6c8361d27782782949b248528fad06f07a79f0|acd12ea2caba8bc8665ad5380b1345fe7287ad00ce3336c7a47b6f9025dcb71f|c6f3e9790b43d97c7a58bd8abbf2ddd66597117cc59d2ec24084f1c80dc769c3|f1e65bd38d489bccf368196f7fabf61fc242c86fa764c7e8621f5f96e366476f,
point,C08,FD004,primary,hist_gradient_boosting,clipped,nasa_score,22646.62213806157,18057.823887898874,12714.146139297896,54699.44752946971,5,5,8468e13b7f2c7c3d937f0b4de6f5198e95e7b0b8,outputs/c08_final_8468e13,C08_FD004_8468e13b7f2c_seed_101|C08_FD004_8468e13b7f2c_seed_13|C08_FD004_8468e13b7f2c_seed_137|C08_FD004_8468e13b7f2c_seed_37|C08_FD004_8468e13b7f2c_seed_73,04b232953848ba1a9bfb194dd3b578b73f3aa6e26f9f50db29c77fc2713b601c|86b654f1dd9976d6f192d4d1eb6c8361d27782782949b248528fad06f07a79f0|acd12ea2caba8bc8665ad5380b1345fe7287ad00ce3336c7a47b6f9025dcb71f|c6f3e9790b43d97c7a58bd8abbf2ddd66597117cc59d2ec24084f1c80dc769c3|f1e65bd38d489bccf368196f7fabf61fc242c86fa764c7e8621f5f96e366476f,
point,C08,FD004,primary,hist_gradient_boosting,clipped,rmse,39.1096174203261,1.3985820147669388,36.78711306444754,40.49285242798836,5,5,8468e13b7f2c7c3d937f0b4de6f5198e95e7b0b8,outputs/c08_final_8468e13,C08_FD004_8468e13b7f2c_seed_101|C08_FD004_8468e13b7f2c_seed_13|C08_FD004_8468e13b7f2c_seed_137|C08_FD004_8468e13b7f2c_seed_37|C08_FD004_8468e13b7f2c_seed_73,04b232953848ba1a9bfb194dd3b578b73f3aa6e26f9f50db29c77fc2713b601c|86b654f1dd9976d6f192d4d1eb6c8361d27782782949b248528fad06f07a79f0|acd12ea2caba8bc8665ad5380b1345fe7287ad00ce3336c7a47b6f9025dcb71f|c6f3e9790b43d97c7a58bd8abbf2ddd66597117cc59d2ec24084f1c80dc769c3|f1e65bd38d489bccf368196f7fabf61fc242c86fa764c7e8621f5f96e366476f,
point,C08,FD004,primary,hist_gradient_boosting,clipped,signed_error,-4.039896181047575,8.523180358320602,-12.557131143252155,8.25029370567884,5,5,8468e13b7f2c7c3d937f0b4de6f5198e95e7b0b8,outputs/c08_final_8468e13,C08_FD004_8468e13b7f2c_seed_101|C08_FD004_8468e13b7f2c_seed_13|C08_FD004_8468e13b7f2c_seed_137|C08_FD004_8468e13b7f2c_seed_37|C08_FD004_8468e13b7f2c_seed_73,04b232953848ba1a9bfb194dd3b578b73f3aa6e26f9f50db29c77fc2713b601c|86b654f1dd9976d6f192d4d1eb6c8361d27782782949b248528fad06f07a79f0|acd12ea2caba8bc8665ad5380b1345fe7287ad00ce3336c7a47b6f9025dcb71f|c6f3e9790b43d97c7a58bd8abbf2ddd66597117cc59d2ec24084f1c80dc769c3|f1e65bd38d489bccf368196f7fabf61fc242c86fa764c7e8621f5f96e366476f,
point,C08,FD004,primary,hist_gradient_boosting,raw,mae,42.86961658676016,1.6351609596088121,40.51130612128221,44.94207561626698,5,5,8468e13b7f2c7c3d937f0b4de6f5198e95e7b0b8,outputs/c08_final_8468e13,C08_FD004_8468e13b7f2c_seed_101|C08_FD004_8468e13b7f2c_seed_13|C08_FD004_8468e13b7f2c_seed_137|C08_FD004_8468e13b7f2c_seed_37|C08_FD004_8468e13b7f2c_seed_73,04b232953848ba1a9bfb194dd3b578b73f3aa6e26f9f50db29c77fc2713b601c|86b654f1dd9976d6f192d4d1eb6c8361d27782782949b248528fad06f07a79f0|acd12ea2caba8bc8665ad5380b1345fe7287ad00ce3336c7a47b6f9025dcb71f|c6f3e9790b43d97c7a58bd8abbf2ddd66597117cc59d2ec24084f1c80dc769c3|f1e65bd38d489bccf368196f7fabf61fc242c86fa764c7e8621f5f96e366476f,
point,C08,FD004,primary,hist_gradient_boosting,raw,nasa_score,128114.58837401017,55291.49900068485,78394.25318536592,198209.21407755165,5,5,8468e13b7f2c7c3d937f0b4de6f5198e95e7b0b8,outputs/c08_final_8468e13,C08_FD004_8468e13b7f2c_seed_101|C08_FD004_8468e13b7f2c_seed_13|C08_FD004_8468e13b7f2c_seed_137|C08_FD004_8468e13b7f2c_seed_37|C08_FD004_8468e13b7f2c_seed_73,04b232953848ba1a9bfb194dd3b578b73f3aa6e26f9f50db29c77fc2713b601c|86b654f1dd9976d6f192d4d1eb6c8361d27782782949b248528fad06f07a79f0|acd12ea2caba8bc8665ad5380b1345fe7287ad00ce3336c7a47b6f9025dcb71f|c6f3e9790b43d97c7a58bd8abbf2ddd66597117cc59d2ec24084f1c80dc769c3|f1e65bd38d489bccf368196f7fabf61fc242c86fa764c7e8621f5f96e366476f,
point,C08,FD004,primary,hist_gradient_boosting,raw,rmse,50.990706518239584,2.312087514241628,47.97694381080776,53.80198139879846,5,5,8468e13b7f2c7c3d937f0b4de6f5198e95e7b0b8,outputs/c08_final_8468e13,C08_FD004_8468e13b7f2c_seed_101|C08_FD004_8468e13b7f2c_seed_13|C08_FD004_8468e13b7f2c_seed_137|C08_FD004_8468e13b7f2c_seed_37|C08_FD004_8468e13b7f2c_seed_73,04b232953848ba1a9bfb194dd3b578b73f3aa6e26f9f50db29c77fc2713b601c|86b654f1dd9976d6f192d4d1eb6c8361d27782782949b248528fad06f07a79f0|acd12ea2caba8bc8665ad5380b1345fe7287ad00ce3336c7a47b6f9025dcb71f|c6f3e9790b43d97c7a58bd8abbf2ddd66597117cc59d2ec24084f1c80dc769c3|f1e65bd38d489bccf368196f7fabf61fc242c86fa764c7e8621f5f96e366476f,
point,C08,FD004,primary,hist_gradient_boosting,raw,signed_error,-12.733444568144352,8.523180358320607,-21.250679530348936,-0.4432546814179243,5,5,8468e13b7f2c7c3d937f0b4de6f5198e95e7b0b8,outputs/c08_final_8468e13,C08_FD004_8468e13b7f2c_seed_101|C08_FD004_8468e13b7f2c_seed_13|C08_FD004_8468e13b7f2c_seed_137|C08_FD004_8468e13b7f2c_seed_37|C08_FD004_8468e13b7f2c_seed_73,04b232953848ba1a9bfb194dd3b578b73f3aa6e26f9f50db29c77fc2713b601c|86b654f1dd9976d6f192d4d1eb6c8361d27782782949b248528fad06f07a79f0|acd12ea2caba8bc8665ad5380b1345fe7287ad00ce3336c7a47b6f9025dcb71f|c6f3e9790b43d97c7a58bd8abbf2ddd66597117cc59d2ec24084f1c80dc769c3|f1e65bd38d489bccf368196f7fabf61fc242c86fa764c7e8621f5f96e366476f,
point,C08,FD004,primary,mean,clipped,mae,37.78069604219268,0.01875001326593915,37.76627311008314,37.81340903550825,5,5,8468e13b7f2c7c3d937f0b4de6f5198e95e7b0b8,outputs/c08_final_8468e13,C08_FD004_8468e13b7f2c_seed_101|C08_FD004_8468e13b7f2c_seed_13|C08_FD004_8468e13b7f2c_seed_137|C08_FD004_8468e13b7f2c_seed_37|C08_FD004_8468e13b7f2c_seed_73,04b232953848ba1a9bfb194dd3b578b73f3aa6e26f9f50db29c77fc2713b601c|86b654f1dd9976d6f192d4d1eb6c8361d27782782949b248528fad06f07a79f0|acd12ea2caba8bc8665ad5380b1345fe7287ad00ce3336c7a47b6f9025dcb71f|c6f3e9790b43d97c7a58bd8abbf2ddd66597117cc59d2ec24084f1c80dc769c3|f1e65bd38d489bccf368196f7fabf61fc242c86fa764c7e8621f5f96e366476f,
point,C08,FD004,primary,mean,clipped,nasa_score,88118.90381933843,6590.827993230363,77751.45934099765,95808.24865150174,5,5,8468e13b7f2c7c3d937f0b4de6f5198e95e7b0b8,outputs/c08_final_8468e13,C08_FD004_8468e13b7f2c_seed_101|C08_FD004_8468e13b7f2c_seed_13|C08_FD004_8468e13b7f2c_seed_137|C08_FD004_8468e13b7f2c_seed_37|C08_FD004_8468e13b7f2c_seed_73,04b232953848ba1a9bfb194dd3b578b73f3aa6e26f9f50db29c77fc2713b601c|86b654f1dd9976d6f192d4d1eb6c8361d27782782949b248528fad06f07a79f0|acd12ea2caba8bc8665ad5380b1345fe7287ad00ce3336c7a47b6f9025dcb71f|c6f3e9790b43d97c7a58bd8abbf2ddd66597117cc59d2ec24084f1c80dc769c3|f1e65bd38d489bccf368196f7fabf61fc242c86fa764c7e8621f5f96e366476f,
point,C08,FD004,primary,mean,clipped,rmse,43.86586224365006,0.15325650141734504,43.62521102899912,44.0452775478029,5,5,8468e13b7f2c7c3d937f0b4de6f5198e95e7b0b8,outputs/c08_final_8468e13,C08_FD004_8468e13b7f2c_seed_101|C08_FD004_8468e13b7f2c_seed_13|C08_FD004_8468e13b7f2c_seed_137|C08_FD004_8468e13b7f2c_seed_37|C08_FD004_8468e13b7f2c_seed_73,04b232953848ba1a9bfb194dd3b578b73f3aa6e26f9f50db29c77fc2713b601c|86b654f1dd9976d6f192d4d1eb6c8361d27782782949b248528fad06f07a79f0|acd12ea2caba8bc8665ad5380b1345fe7287ad00ce3336c7a47b6f9025dcb71f|c6f3e9790b43d97c7a58bd8abbf2ddd66597117cc59d2ec24084f1c80dc769c3|f1e65bd38d489bccf368196f7fabf61fc242c86fa764c7e8621f5f96e366476f,
point,C08,FD004,primary,mean,clipped,signed_error,8.737951075462375,0.791829591239586,7.468584951653569,9.623263381948355,5,5,8468e13b7f2c7c3d937f0b4de6f5198e95e7b0b8,outputs/c08_final_8468e13,C08_FD004_8468e13b7f2c_seed_101|C08_FD004_8468e13b7f2c_seed_13|C08_FD004_8468e13b7f2c_seed_137|C08_FD004_8468e13b7f2c_seed_37|C08_FD004_8468e13b7f2c_seed_73,04b232953848ba1a9bfb194dd3b578b73f3aa6e26f9f50db29c77fc2713b601c|86b654f1dd9976d6f192d4d1eb6c8361d27782782949b248528fad06f07a79f0|acd12ea2caba8bc8665ad5380b1345fe7287ad00ce3336c7a47b6f9025dcb71f|c6f3e9790b43d97c7a58bd8abbf2ddd66597117cc59d2ec24084f1c80dc769c3|f1e65bd38d489bccf368196f7fabf61fc242c86fa764c7e8621f5f96e366476f,
point,C08,FD004,primary,mean,raw,mae,46.47424442928945,0.018750013265937237,46.45982149717992,46.50695742260502,5,5,8468e13b7f2c7c3d937f0b4de6f5198e95e7b0b8,outputs/c08_final_8468e13,C08_FD004_8468e13b7f2c_seed_101|C08_FD004_8468e13b7f2c_seed_13|C08_FD004_8468e13b7f2c_seed_137|C08_FD004_8468e13b7f2c_seed_37|C08_FD004_8468e13b7f2c_seed_73,04b232953848ba1a9bfb194dd3b578b73f3aa6e26f9f50db29c77fc2713b601c|86b654f1dd9976d6f192d4d1eb6c8361d27782782949b248528fad06f07a79f0|acd12ea2caba8bc8665ad5380b1345fe7287ad00ce3336c7a47b6f9025dcb71f|c6f3e9790b43d97c7a58bd8abbf2ddd66597117cc59d2ec24084f1c80dc769c3|f1e65bd38d489bccf368196f7fabf61fc242c86fa764c7e8621f5f96e366476f,
point,C08,FD004,primary,mean,raw,nasa_score,129049.47243438222,4055.37831171961,122812.4468002112,133986.74195133618,5,5,8468e13b7f2c7c3d937f0b4de6f5198e95e7b0b8,outputs/c08_final_8468e13,C08_FD004_8468e13b7f2c_seed_101|C08_FD004_8468e13b7f2c_seed_13|C08_FD004_8468e13b7f2c_seed_137|C08_FD004_8468e13b7f2c_seed_37|C08_FD004_8468e13b7f2c_seed_73,04b232953848ba1a9bfb194dd3b578b73f3aa6e26f9f50db29c77fc2713b601c|86b654f1dd9976d6f192d4d1eb6c8361d27782782949b248528fad06f07a79f0|acd12ea2caba8bc8665ad5380b1345fe7287ad00ce3336c7a47b6f9025dcb71f|c6f3e9790b43d97c7a58bd8abbf2ddd66597117cc59d2ec24084f1c80dc769c3|f1e65bd38d489bccf368196f7fabf61fc242c86fa764c7e8621f5f96e366476f,
point,C08,FD004,primary,mean,raw,rmse,54.52841061246748,0.006058353194962005,54.52379428868819,54.537551850288985,5,5,8468e13b7f2c7c3d937f0b4de6f5198e95e7b0b8,outputs/c08_final_8468e13,C08_FD004_8468e13b7f2c_seed_101|C08_FD004_8468e13b7f2c_seed_13|C08_FD004_8468e13b7f2c_seed_137|C08_FD004_8468e13b7f2c_seed_37|C08_FD004_8468e13b7f2c_seed_73,04b232953848ba1a9bfb194dd3b578b73f3aa6e26f9f50db29c77fc2713b601c|86b654f1dd9976d6f192d4d1eb6c8361d27782782949b248528fad06f07a79f0|acd12ea2caba8bc8665ad5380b1345fe7287ad00ce3336c7a47b6f9025dcb71f|c6f3e9790b43d97c7a58bd8abbf2ddd66597117cc59d2ec24084f1c80dc769c3|f1e65bd38d489bccf368196f7fabf61fc242c86fa764c7e8621f5f96e366476f,
point,C08,FD004,primary,mean,raw,signed_error,0.04440268836559512,0.7918295912396167,-1.224963435443253,0.9297149948516258,5,5,8468e13b7f2c7c3d937f0b4de6f5198e95e7b0b8,outputs/c08_final_8468e13,C08_FD004_8468e13b7f2c_seed_101|C08_FD004_8468e13b7f2c_seed_13|C08_FD004_8468e13b7f2c_seed_137|C08_FD004_8468e13b7f2c_seed_37|C08_FD004_8468e13b7f2c_seed_73,04b232953848ba1a9bfb194dd3b578b73f3aa6e26f9f50db29c77fc2713b601c|86b654f1dd9976d6f192d4d1eb6c8361d27782782949b248528fad06f07a79f0|acd12ea2caba8bc8665ad5380b1345fe7287ad00ce3336c7a47b6f9025dcb71f|c6f3e9790b43d97c7a58bd8abbf2ddd66597117cc59d2ec24084f1c80dc769c3|f1e65bd38d489bccf368196f7fabf61fc242c86fa764c7e8621f5f96e366476f,
point,C08,FD004,primary,ridge,clipped,mae,63.74032258064515,1.448632132264984,62.15725806451613,65.48387096774194,5,5,8468e13b7f2c7c3d937f0b4de6f5198e95e7b0b8,outputs/c08_final_8468e13,C08_FD004_8468e13b7f2c_seed_101|C08_FD004_8468e13b7f2c_seed_13|C08_FD004_8468e13b7f2c_seed_137|C08_FD004_8468e13b7f2c_seed_37|C08_FD004_8468e13b7f2c_seed_73,04b232953848ba1a9bfb194dd3b578b73f3aa6e26f9f50db29c77fc2713b601c|86b654f1dd9976d6f192d4d1eb6c8361d27782782949b248528fad06f07a79f0|acd12ea2caba8bc8665ad5380b1345fe7287ad00ce3336c7a47b6f9025dcb71f|c6f3e9790b43d97c7a58bd8abbf2ddd66597117cc59d2ec24084f1c80dc769c3|f1e65bd38d489bccf368196f7fabf61fc242c86fa764c7e8621f5f96e366476f,
point,C08,FD004,primary,ridge,clipped,nasa_score,2620478.122564315,86014.05623860452,2528519.0796902245,2749431.9878296815,5,5,8468e13b7f2c7c3d937f0b4de6f5198e95e7b0b8,outputs/c08_final_8468e13,C08_FD004_8468e13b7f2c_seed_101|C08_FD004_8468e13b7f2c_seed_13|C08_FD004_8468e13b7f2c_seed_137|C08_FD004_8468e13b7f2c_seed_37|C08_FD004_8468e13b7f2c_seed_73,04b232953848ba1a9bfb194dd3b578b73f3aa6e26f9f50db29c77fc2713b601c|86b654f1dd9976d6f192d4d1eb6c8361d27782782949b248528fad06f07a79f0|acd12ea2caba8bc8665ad5380b1345fe7287ad00ce3336c7a47b6f9025dcb71f|c6f3e9790b43d97c7a58bd8abbf2ddd66597117cc59d2ec24084f1c80dc769c3|f1e65bd38d489bccf368196f7fabf61fc242c86fa764c7e8621f5f96e366476f,
point,C08,FD004,primary,ridge,clipped,rmse,78.38047021083894,1.1545592540123175,77.11472914828207,79.76533121924668,5,5,8468e13b7f2c7c3d937f0b4de6f5198e95e7b0b8,outputs/c08_final_8468e13,C08_FD004_8468e13b7f2c_seed_101|C08_FD004_8468e13b7f2c_seed_13|C08_FD004_8468e13b7f2c_seed_137|C08_FD004_8468e13b7f2c_seed_37|C08_FD004_8468e13b7f2c_seed_73,04b232953848ba1a9bfb194dd3b578b73f3aa6e26f9f50db29c77fc2713b601c|86b654f1dd9976d6f192d4d1eb6c8361d27782782949b248528fad06f07a79f0|acd12ea2caba8bc8665ad5380b1345fe7287ad00ce3336c7a47b6f9025dcb71f|c6f3e9790b43d97c7a58bd8abbf2ddd66597117cc59d2ec24084f1c80dc769c3|f1e65bd38d489bccf368196f7fabf61fc242c86fa764c7e8621f5f96e366476f,
point,C08,FD004,primary,ridge,clipped,signed_error,-14.653225806451616,1.361820169970393,-16.870967741935484,-13.34274193548387,5,5,8468e13b7f2c7c3d937f0b4de6f5198e95e7b0b8,outputs/c08_final_8468e13,C08_FD004_8468e13b7f2c_seed_101|C08_FD004_8468e13b7f2c_seed_13|C08_FD004_8468e13b7f2c_seed_137|C08_FD004_8468e13b7f2c_seed_37|C08_FD004_8468e13b7f2c_seed_73,04b232953848ba1a9bfb194dd3b578b73f3aa6e26f9f50db29c77fc2713b601c|86b654f1dd9976d6f192d4d1eb6c8361d27782782949b248528fad06f07a79f0|acd12ea2caba8bc8665ad5380b1345fe7287ad00ce3336c7a47b6f9025dcb71f|c6f3e9790b43d97c7a58bd8abbf2ddd66597117cc59d2ec24084f1c80dc769c3|f1e65bd38d489bccf368196f7fabf61fc242c86fa764c7e8621f5f96e366476f,
point,C08,FD004,primary,ridge,raw,mae,16962044743712.496,5488286927344.869,9561534953693.299,22752971468432.97,5,5,8468e13b7f2c7c3d937f0b4de6f5198e95e7b0b8,outputs/c08_final_8468e13,C08_FD004_8468e13b7f2c_seed_101|C08_FD004_8468e13b7f2c_seed_13|C08_FD004_8468e13b7f2c_seed_137|C08_FD004_8468e13b7f2c_seed_37|C08_FD004_8468e13b7f2c_seed_73,04b232953848ba1a9bfb194dd3b578b73f3aa6e26f9f50db29c77fc2713b601c|86b654f1dd9976d6f192d4d1eb6c8361d27782782949b248528fad06f07a79f0|acd12ea2caba8bc8665ad5380b1345fe7287ad00ce3336c7a47b6f9025dcb71f|c6f3e9790b43d97c7a58bd8abbf2ddd66597117cc59d2ec24084f1c80dc769c3|f1e65bd38d489bccf368196f7fabf61fc242c86fa764c7e8621f5f96e366476f,
point,C08,FD004,primary,ridge,raw,nasa_score,PENDING,PENDING,PENDING,PENDING,5,0,8468e13b7f2c7c3d937f0b4de6f5198e95e7b0b8,outputs/c08_final_8468e13,C08_FD004_8468e13b7f2c_seed_101|C08_FD004_8468e13b7f2c_seed_13|C08_FD004_8468e13b7f2c_seed_137|C08_FD004_8468e13b7f2c_seed_37|C08_FD004_8468e13b7f2c_seed_73,04b232953848ba1a9bfb194dd3b578b73f3aa6e26f9f50db29c77fc2713b601c|86b654f1dd9976d6f192d4d1eb6c8361d27782782949b248528fad06f07a79f0|acd12ea2caba8bc8665ad5380b1345fe7287ad00ce3336c7a47b6f9025dcb71f|c6f3e9790b43d97c7a58bd8abbf2ddd66597117cc59d2ec24084f1c80dc769c3|f1e65bd38d489bccf368196f7fabf61fc242c86fa764c7e8621f5f96e366476f,
point,C08,FD004,primary,ridge,raw,rmse,21243822615042.562,6930278956971.988,11905855146183.656,28559119390274.266,5,5,8468e13b7f2c7c3d937f0b4de6f5198e95e7b0b8,outputs/c08_final_8468e13,C08_FD004_8468e13b7f2c_seed_101|C08_FD004_8468e13b7f2c_seed_13|C08_FD004_8468e13b7f2c_seed_137|C08_FD004_8468e13b7f2c_seed_37|C08_FD004_8468e13b7f2c_seed_73,04b232953848ba1a9bfb194dd3b578b73f3aa6e26f9f50db29c77fc2713b601c|86b654f1dd9976d6f192d4d1eb6c8361d27782782949b248528fad06f07a79f0|acd12ea2caba8bc8665ad5380b1345fe7287ad00ce3336c7a47b6f9025dcb71f|c6f3e9790b43d97c7a58bd8abbf2ddd66597117cc59d2ec24084f1c80dc769c3|f1e65bd38d489bccf368196f7fabf61fc242c86fa764c7e8621f5f96e366476f,
point,C08,FD004,primary,ridge,raw,signed_error,1465075800261.3423,611704307620.6027,871425731383.5537,2130619695496.3213,5,5,8468e13b7f2c7c3d937f0b4de6f5198e95e7b0b8,outputs/c08_final_8468e13,C08_FD004_8468e13b7f2c_seed_101|C08_FD004_8468e13b7f2c_seed_13|C08_FD004_8468e13b7f2c_seed_137|C08_FD004_8468e13b7f2c_seed_37|C08_FD004_8468e13b7f2c_seed_73,04b232953848ba1a9bfb194dd3b578b73f3aa6e26f9f50db29c77fc2713b601c|86b654f1dd9976d6f192d4d1eb6c8361d27782782949b248528fad06f07a79f0|acd12ea2caba8bc8665ad5380b1345fe7287ad00ce3336c7a47b6f9025dcb71f|c6f3e9790b43d97c7a58bd8abbf2ddd66597117cc59d2ec24084f1c80dc769c3|f1e65bd38d489bccf368196f7fabf61fc242c86fa764c7e8621f5f96e366476f,
interval,C02,FD001,primary,hist_gradient_boosting,,coverage,0.9860000000000001,0.015165750888103114,0.96,1.0,5,5,319975dc35d27f4edba0be75ccef69cb92077127,outputs/c02_final_review_319975d,C02_319975dc35d2_seed_101|C02_319975dc35d2_seed_13|C02_319975dc35d2_seed_137|C02_319975dc35d2_seed_37|C02_319975dc35d2_seed_73,173c7c6015ef10ccac339fcd5466a29de1f7adf67a7ef554e967c34bfe8fa28e|536c1461374bad8862ab1d77b3e674813d9dbb273d08748a9a6f617ca477a771|569404e36c7a8a6169e85db0470a213cb734c1c7afd0556f4b129a180a6493be|5f4a5052cf528dbe40eee83320e2c57b04f876b9f51959d7c3bd20f9d4a93b46|b391e6f4aaef88de3a6cd942787c0147784a3d78a639a0d29966320343cd8a56,0.05
interval,C02,FD001,primary,hist_gradient_boosting,,mean_width,83.02268676665383,13.385756435292354,68.16806865763317,96.5871753101742,5,5,319975dc35d27f4edba0be75ccef69cb92077127,outputs/c02_final_review_319975d,C02_319975dc35d2_seed_101|C02_319975dc35d2_seed_13|C02_319975dc35d2_seed_137|C02_319975dc35d2_seed_37|C02_319975dc35d2_seed_73,173c7c6015ef10ccac339fcd5466a29de1f7adf67a7ef554e967c34bfe8fa28e|536c1461374bad8862ab1d77b3e674813d9dbb273d08748a9a6f617ca477a771|569404e36c7a8a6169e85db0470a213cb734c1c7afd0556f4b129a180a6493be|5f4a5052cf528dbe40eee83320e2c57b04f876b9f51959d7c3bd20f9d4a93b46|b391e6f4aaef88de3a6cd942787c0147784a3d78a639a0d29966320343cd8a56,0.05
interval,C02,FD001,primary,hist_gradient_boosting,,normalized_interval_score,0.7032509753645468,0.06951707541204072,0.6121412940045675,0.7729905089563259,5,5,319975dc35d27f4edba0be75ccef69cb92077127,outputs/c02_final_review_319975d,C02_319975dc35d2_seed_101|C02_319975dc35d2_seed_13|C02_319975dc35d2_seed_137|C02_319975dc35d2_seed_37|C02_319975dc35d2_seed_73,173c7c6015ef10ccac339fcd5466a29de1f7adf67a7ef554e967c34bfe8fa28e|536c1461374bad8862ab1d77b3e674813d9dbb273d08748a9a6f617ca477a771|569404e36c7a8a6169e85db0470a213cb734c1c7afd0556f4b129a180a6493be|5f4a5052cf528dbe40eee83320e2c57b04f876b9f51959d7c3bd20f9d4a93b46|b391e6f4aaef88de3a6cd942787c0147784a3d78a639a0d29966320343cd8a56,0.05
interval,C02,FD001,primary,hist_gradient_boosting,,coverage,0.9620000000000001,0.026832815729997468,0.93,0.99,5,5,319975dc35d27f4edba0be75ccef69cb92077127,outputs/c02_final_review_319975d,C02_319975dc35d2_seed_101|C02_319975dc35d2_seed_13|C02_319975dc35d2_seed_137|C02_319975dc35d2_seed_37|C02_319975dc35d2_seed_73,173c7c6015ef10ccac339fcd5466a29de1f7adf67a7ef554e967c34bfe8fa28e|536c1461374bad8862ab1d77b3e674813d9dbb273d08748a9a6f617ca477a771|569404e36c7a8a6169e85db0470a213cb734c1c7afd0556f4b129a180a6493be|5f4a5052cf528dbe40eee83320e2c57b04f876b9f51959d7c3bd20f9d4a93b46|b391e6f4aaef88de3a6cd942787c0147784a3d78a639a0d29966320343cd8a56,0.1
interval,C02,FD001,primary,hist_gradient_boosting,,mean_width,70.36879318538327,8.327227142220574,59.25950915956047,79.68830959567983,5,5,319975dc35d27f4edba0be75ccef69cb92077127,outputs/c02_final_review_319975d,C02_319975dc35d2_seed_101|C02_319975dc35d2_seed_13|C02_319975dc35d2_seed_137|C02_319975dc35d2_seed_37|C02_319975dc35d2_seed_73,173c7c6015ef10ccac339fcd5466a29de1f7adf67a7ef554e967c34bfe8fa28e|536c1461374bad8862ab1d77b3e674813d9dbb273d08748a9a6f617ca477a771|569404e36c7a8a6169e85db0470a213cb734c1c7afd0556f4b129a180a6493be|5f4a5052cf528dbe40eee83320e2c57b04f876b9f51959d7c3bd20f9d4a93b46|b391e6f4aaef88de3a6cd942787c0147784a3d78a639a0d29966320343cd8a56,0.1
interval,C02,FD001,primary,hist_gradient_boosting,,normalized_interval_score,0.605343312640259,0.04818680598492071,0.5293755551284808,0.6559211561653021,5,5,319975dc35d27f4edba0be75ccef69cb92077127,outputs/c02_final_review_319975d,C02_319975dc35d2_seed_101|C02_319975dc35d2_seed_13|C02_319975dc35d2_seed_137|C02_319975dc35d2_seed_37|C02_319975dc35d2_seed_73,173c7c6015ef10ccac339fcd5466a29de1f7adf67a7ef554e967c34bfe8fa28e|536c1461374bad8862ab1d77b3e674813d9dbb273d08748a9a6f617ca477a771|569404e36c7a8a6169e85db0470a213cb734c1c7afd0556f4b129a180a6493be|5f4a5052cf528dbe40eee83320e2c57b04f876b9f51959d7c3bd20f9d4a93b46|b391e6f4aaef88de3a6cd942787c0147784a3d78a639a0d29966320343cd8a56,0.1
interval,C02,FD001,primary,mean,,coverage,0.8220000000000001,0.03271085446759223,0.8,0.88,5,5,319975dc35d27f4edba0be75ccef69cb92077127,outputs/c02_final_review_319975d,C02_319975dc35d2_seed_101|C02_319975dc35d2_seed_13|C02_319975dc35d2_seed_137|C02_319975dc35d2_seed_37|C02_319975dc35d2_seed_73,173c7c6015ef10ccac339fcd5466a29de1f7adf67a7ef554e967c34bfe8fa28e|536c1461374bad8862ab1d77b3e674813d9dbb273d08748a9a6f617ca477a771|569404e36c7a8a6169e85db0470a213cb734c1c7afd0556f4b129a180a6493be|5f4a5052cf528dbe40eee83320e2c57b04f876b9f51959d7c3bd20f9d4a93b46|b391e6f4aaef88de3a6cd942787c0147784a3d78a639a0d29966320343cd8a56,0.05
interval,C02,FD001,primary,mean,,mean_width,127.19364408640863,5.417147209238673,119.79646802677206,135.08318411199738,5,5,319975dc35d27f4edba0be75ccef69cb92077127,outputs/c02_final_review_319975d,C02_319975dc35d2_seed_101|C02_319975dc35d2_seed_13|C02_319975dc35d2_seed_137|C02_319975dc35d2_seed_37|C02_319975dc35d2_seed_73,173c7c6015ef10ccac339fcd5466a29de1f7adf67a7ef554e967c34bfe8fa28e|536c1461374bad8862ab1d77b3e674813d9dbb273d08748a9a6f617ca477a771|569404e36c7a8a6169e85db0470a213cb734c1c7afd0556f4b129a180a6493be|5f4a5052cf528dbe40eee83320e2c57b04f876b9f51959d7c3bd20f9d4a93b46|b391e6f4aaef88de3a6cd942787c0147784a3d78a639a0d29966320343cd8a56,0.05
interval,C02,FD001,primary,mean,,normalized_interval_score,1.539149152691269,0.1279211487867142,1.3814654728959792,1.7199717442141764,5,5,319975dc35d27f4edba0be75ccef69cb92077127,outputs/c02_final_review_319975d,C02_319975dc35d2_seed_101|C02_319975dc35d2_seed_13|C02_319975dc35d2_seed_137|C02_319975dc35d2_seed_37|C02_319975dc35d2_seed_73,173c7c6015ef10ccac339fcd5466a29de1f7adf67a7ef554e967c34bfe8fa28e|536c1461374bad8862ab1d77b3e674813d9dbb273d08748a9a6f617ca477a771|569404e36c7a8a6169e85db0470a213cb734c1c7afd0556f4b129a180a6493be|5f4a5052cf528dbe40eee83320e2c57b04f876b9f51959d7c3bd20f9d4a93b46|b391e6f4aaef88de3a6cd942787c0147784a3d78a639a0d29966320343cd8a56,0.05
interval,C02,FD001,primary,mean,,coverage,0.784,0.031304951684997084,0.75,0.81,5,5,319975dc35d27f4edba0be75ccef69cb92077127,outputs/c02_final_review_319975d,C02_319975dc35d2_seed_101|C02_319975dc35d2_seed_13|C02_319975dc35d2_seed_137|C02_319975dc35d2_seed_37|C02_319975dc35d2_seed_73,173c7c6015ef10ccac339fcd5466a29de1f7adf67a7ef554e967c34bfe8fa28e|536c1461374bad8862ab1d77b3e674813d9dbb273d08748a9a6f617ca477a771|569404e36c7a8a6169e85db0470a213cb734c1c7afd0556f4b129a180a6493be|5f4a5052cf528dbe40eee83320e2c57b04f876b9f51959d7c3bd20f9d4a93b46|b391e6f4aaef88de3a6cd942787c0147784a3d78a639a0d29966320343cd8a56,0.1
interval,C02,FD001,primary,mean,,mean_width,117.19364408640863,5.069528804325026,110.65491183879088,122.96426869938068,5,5,319975dc35d27f4edba0be75ccef69cb92077127,outputs/c02_final_review_319975d,C02_319975dc35d2_seed_101|C02_319975dc35d2_seed_13|C02_319975dc35d2_seed_137|C02_319975dc35d2_seed_37|C02_319975dc35d2_seed_73,173c7c6015ef10ccac339fcd5466a29de1f7adf67a7ef554e967c34bfe8fa28e|536c1461374bad8862ab1d77b3e674813d9dbb273d08748a9a6f617ca477a771|569404e36c7a8a6169e85db0470a213cb734c1c7afd0556f4b129a180a6493be|5f4a5052cf528dbe40eee83320e2c57b04f876b9f51959d7c3bd20f9d4a93b46|b391e6f4aaef88de3a6cd942787c0147784a3d78a639a0d29966320343cd8a56,0.1
interval,C02,FD001,primary,mean,,normalized_interval_score,1.3561091526912694,0.03370033878817655,1.3174654728959792,1.4015717442141766,5,5,319975dc35d27f4edba0be75ccef69cb92077127,outputs/c02_final_review_319975d,C02_319975dc35d2_seed_101|C02_319975dc35d2_seed_13|C02_319975dc35d2_seed_137|C02_319975dc35d2_seed_37|C02_319975dc35d2_seed_73,173c7c6015ef10ccac339fcd5466a29de1f7adf67a7ef554e967c34bfe8fa28e|536c1461374bad8862ab1d77b3e674813d9dbb273d08748a9a6f617ca477a771|569404e36c7a8a6169e85db0470a213cb734c1c7afd0556f4b129a180a6493be|5f4a5052cf528dbe40eee83320e2c57b04f876b9f51959d7c3bd20f9d4a93b46|b391e6f4aaef88de3a6cd942787c0147784a3d78a639a0d29966320343cd8a56,0.1
interval,C02,FD001,primary,ridge,,coverage,0.966,0.02607680962081058,0.93,1.0,5,5,319975dc35d27f4edba0be75ccef69cb92077127,outputs/c02_final_review_319975d,C02_319975dc35d2_seed_101|C02_319975dc35d2_seed_13|C02_319975dc35d2_seed_137|C02_319975dc35d2_seed_37|C02_319975dc35d2_seed_73,173c7c6015ef10ccac339fcd5466a29de1f7adf67a7ef554e967c34bfe8fa28e|536c1461374bad8862ab1d77b3e674813d9dbb273d08748a9a6f617ca477a771|569404e36c7a8a6169e85db0470a213cb734c1c7afd0556f4b129a180a6493be|5f4a5052cf528dbe40eee83320e2c57b04f876b9f51959d7c3bd20f9d4a93b46|b391e6f4aaef88de3a6cd942787c0147784a3d78a639a0d29966320343cd8a56,0.05
interval,C02,FD001,primary,ridge,,mean_width,80.20050388169773,13.34595866467691,67.943308082884,102.88065205539169,5,5,319975dc35d27f4edba0be75ccef69cb92077127,outputs/c02_final_review_319975d,C02_319975dc35d2_seed_101|C02_319975dc35d2_seed_13|C02_319975dc35d2_seed_137|C02_319975dc35d2_seed_37|C02_319975dc35d2_seed_73,173c7c6015ef10ccac339fcd5466a29de1f7adf67a7ef554e967c34bfe8fa28e|536c1461374bad8862ab1d77b3e674813d9dbb273d08748a9a6f617ca477a771|569404e36c7a8a6169e85db0470a213cb734c1c7afd0556f4b129a180a6493be|5f4a5052cf528dbe40eee83320e2c57b04f876b9f51959d7c3bd20f9d4a93b46|b391e6f4aaef88de3a6cd942787c0147784a3d78a639a0d29966320343cd8a56,0.05
interval,C02,FD001,primary,ridge,,normalized_interval_score,0.7167560303391821,0.06962849395220144,0.6570713642602454,0.8230452164431336,5,5,319975dc35d27f4edba0be75ccef69cb92077127,outputs/c02_final_review_319975d,C02_319975dc35d2_seed_101|C02_319975dc35d2_seed_13|C02_319975dc35d2_seed_137|C02_319975dc35d2_seed_37|C02_319975dc35d2_seed_73,173c7c6015ef10ccac339fcd5466a29de1f7adf67a7ef554e967c34bfe8fa28e|536c1461374bad8862ab1d77b3e674813d9dbb273d08748a9a6f617ca477a771|569404e36c7a8a6169e85db0470a213cb734c1c7afd0556f4b129a180a6493be|5f4a5052cf528dbe40eee83320e2c57b04f876b9f51959d7c3bd20f9d4a93b46|b391e6f4aaef88de3a6cd942787c0147784a3d78a639a0d29966320343cd8a56,0.05
interval,C02,FD001,primary,ridge,,coverage,0.952,0.02774887385102321,0.92,0.99,5,5,319975dc35d27f4edba0be75ccef69cb92077127,outputs/c02_final_review_319975d,C02_319975dc35d2_seed_101|C02_319975dc35d2_seed_13|C02_319975dc35d2_seed_137|C02_319975dc35d2_seed_37|C02_319975dc35d2_seed_73,173c7c6015ef10ccac339fcd5466a29de1f7adf67a7ef554e967c34bfe8fa28e|536c1461374bad8862ab1d77b3e674813d9dbb273d08748a9a6f617ca477a771|569404e36c7a8a6169e85db0470a213cb734c1c7afd0556f4b129a180a6493be|5f4a5052cf528dbe40eee83320e2c57b04f876b9f51959d7c3bd20f9d4a93b46|b391e6f4aaef88de3a6cd942787c0147784a3d78a639a0d29966320343cd8a56,0.1
interval,C02,FD001,primary,ridge,,mean_width,76.68337517323693,13.377810456622852,63.42192282041391,99.27901279576177,5,5,319975dc35d27f4edba0be75ccef69cb92077127,outputs/c02_final_review_319975d,C02_319975dc35d2_seed_101|C02_319975dc35d2_seed_13|C02_319975dc35d2_seed_137|C02_319975dc35d2_seed_37|C02_319975dc35d2_seed_73,173c7c6015ef10ccac339fcd5466a29de1f7adf67a7ef554e967c34bfe8fa28e|536c1461374bad8862ab1d77b3e674813d9dbb273d08748a9a6f617ca477a771|569404e36c7a8a6169e85db0470a213cb734c1c7afd0556f4b129a180a6493be|5f4a5052cf528dbe40eee83320e2c57b04f876b9f51959d7c3bd20f9d4a93b46|b391e6f4aaef88de3a6cd942787c0147784a3d78a639a0d29966320343cd8a56,0.1
interval,C02,FD001,primary,ridge,,normalized_interval_score,0.66249616973528,0.07805574834600403,0.6114918602411042,0.7952623838042412,5,5,319975dc35d27f4edba0be75ccef69cb92077127,outputs/c02_final_review_319975d,C02_319975dc35d2_seed_101|C02_319975dc35d2_seed_13|C02_319975dc35d2_seed_137|C02_319975dc35d2_seed_37|C02_319975dc35d2_seed_73,173c7c6015ef10ccac339fcd5466a29de1f7adf67a7ef554e967c34bfe8fa28e|536c1461374bad8862ab1d77b3e674813d9dbb273d08748a9a6f617ca477a771|569404e36c7a8a6169e85db0470a213cb734c1c7afd0556f4b129a180a6493be|5f4a5052cf528dbe40eee83320e2c57b04f876b9f51959d7c3bd20f9d4a93b46|b391e6f4aaef88de3a6cd942787c0147784a3d78a639a0d29966320343cd8a56,0.1
interval,C03,FD001,primary,hist_gradient_boosting_cqr,,coverage,0.9640000000000001,0.03646916505762093,0.9,0.99,5,5,b542ee03a95a4e43fc142a2ae8cafb02ef6ca7e3,outputs/c03_final_review_b542ee0,C03_b542ee03a95a_seed_101|C03_b542ee03a95a_seed_13|C03_b542ee03a95a_seed_137|C03_b542ee03a95a_seed_37|C03_b542ee03a95a_seed_73,1d0608fa177cc8dc310ee8077887364dbb589d0fd33e39702ef6c5a4e1a586e4|a6ccba12f6993f56a630b70fa9643196cec57149bbf009b551f6828251a18d94|b78efe5d3564b9333206b23fc40ea1fb3e6819a5d530807f515fc995b6882525|e1f74c67b7907a280ece2395698e9e04d07db4885a189f5a10d9346d67d7ead7|fe5f690f2aaa659873f4d9c65553e2dc0ad769d6878e9169ca146d4df114df4e,0.05
interval,C03,FD001,primary,hist_gradient_boosting_cqr,,mean_width,102.98720352632336,3.4469242961484103,96.98614677823599,105.04054569954917,5,5,b542ee03a95a4e43fc142a2ae8cafb02ef6ca7e3,outputs/c03_final_review_b542ee0,C03_b542ee03a95a_seed_101|C03_b542ee03a95a_seed_13|C03_b542ee03a95a_seed_137|C03_b542ee03a95a_seed_37|C03_b542ee03a95a_seed_73,1d0608fa177cc8dc310ee8077887364dbb589d0fd33e39702ef6c5a4e1a586e4|a6ccba12f6993f56a630b70fa9643196cec57149bbf009b551f6828251a18d94|b78efe5d3564b9333206b23fc40ea1fb3e6819a5d530807f515fc995b6882525|e1f74c67b7907a280ece2395698e9e04d07db4885a189f5a10d9346d67d7ead7|fe5f690f2aaa659873f4d9c65553e2dc0ad769d6878e9169ca146d4df114df4e,0.05
interval,C03,FD001,primary,hist_gradient_boosting_cqr,,normalized_interval_score,0.8477424672479842,0.011967320582652685,0.8308296016401701,0.8636463099990664,5,5,b542ee03a95a4e43fc142a2ae8cafb02ef6ca7e3,outputs/c03_final_review_b542ee0,C03_b542ee03a95a_seed_101|C03_b542ee03a95a_seed_13|C03_b542ee03a95a_seed_137|C03_b542ee03a95a_seed_37|C03_b542ee03a95a_seed_73,1d0608fa177cc8dc310ee8077887364dbb589d0fd33e39702ef6c5a4e1a586e4|a6ccba12f6993f56a630b70fa9643196cec57149bbf009b551f6828251a18d94|b78efe5d3564b9333206b23fc40ea1fb3e6819a5d530807f515fc995b6882525|e1f74c67b7907a280ece2395698e9e04d07db4885a189f5a10d9346d67d7ead7|fe5f690f2aaa659873f4d9c65553e2dc0ad769d6878e9169ca146d4df114df4e,0.05
interval,C03,FD001,primary,hist_gradient_boosting_cqr,,coverage,0.9179999999999999,0.054497706373754846,0.86,0.99,5,5,b542ee03a95a4e43fc142a2ae8cafb02ef6ca7e3,outputs/c03_final_review_b542ee0,C03_b542ee03a95a_seed_101|C03_b542ee03a95a_seed_13|C03_b542ee03a95a_seed_137|C03_b542ee03a95a_seed_37|C03_b542ee03a95a_seed_73,1d0608fa177cc8dc310ee8077887364dbb589d0fd33e39702ef6c5a4e1a586e4|a6ccba12f6993f56a630b70fa9643196cec57149bbf009b551f6828251a18d94|b78efe5d3564b9333206b23fc40ea1fb3e6819a5d530807f515fc995b6882525|e1f74c67b7907a280ece2395698e9e04d07db4885a189f5a10d9346d67d7ead7|fe5f690f2aaa659873f4d9c65553e2dc0ad769d6878e9169ca146d4df114df4e,0.1
interval,C03,FD001,primary,hist_gradient_boosting_cqr,,mean_width,81.44833586821588,8.790991095403315,73.81184717037583,95.60922427931563,5,5,b542ee03a95a4e43fc142a2ae8cafb02ef6ca7e3,outputs/c03_final_review_b542ee0,C03_b542ee03a95a_seed_101|C03_b542ee03a95a_seed_13|C03_b542ee03a95a_seed_137|C03_b542ee03a95a_seed_37|C03_b542ee03a95a_seed_73,1d0608fa177cc8dc310ee8077887364dbb589d0fd33e39702ef6c5a4e1a586e4|a6ccba12f6993f56a630b70fa9643196cec57149bbf009b551f6828251a18d94|b78efe5d3564b9333206b23fc40ea1fb3e6819a5d530807f515fc995b6882525|e1f74c67b7907a280ece2395698e9e04d07db4885a189f5a10d9346d67d7ead7|fe5f690f2aaa659873f4d9c65553e2dc0ad769d6878e9169ca146d4df114df4e,0.1
interval,C03,FD001,primary,hist_gradient_boosting_cqr,,normalized_interval_score,0.7048488651519438,0.05436414441895203,0.642430898962911,0.7711676986252075,5,5,b542ee03a95a4e43fc142a2ae8cafb02ef6ca7e3,outputs/c03_final_review_b542ee0,C03_b542ee03a95a_seed_101|C03_b542ee03a95a_seed_13|C03_b542ee03a95a_seed_137|C03_b542ee03a95a_seed_37|C03_b542ee03a95a_seed_73,1d0608fa177cc8dc310ee8077887364dbb589d0fd33e39702ef6c5a4e1a586e4|a6ccba12f6993f56a630b70fa9643196cec57149bbf009b551f6828251a18d94|b78efe5d3564b9333206b23fc40ea1fb3e6819a5d530807f515fc995b6882525|e1f74c67b7907a280ece2395698e9e04d07db4885a189f5a10d9346d67d7ead7|fe5f690f2aaa659873f4d9c65553e2dc0ad769d6878e9169ca146d4df114df4e,0.1
interval,C04,FD001,primary,hist_gradient_boosting,,coverage,0.9860000000000001,0.015165750888103114,0.96,1.0,5,5,3bf92063fd99e23b7cbdf6a439a2fc4344807710,outputs/c04_final_hardened_3bf9206,C04_FD001_3bf92063fd99_seed_101|C04_FD001_3bf92063fd99_seed_13|C04_FD001_3bf92063fd99_seed_137|C04_FD001_3bf92063fd99_seed_37|C04_FD001_3bf92063fd99_seed_73,09e61c3b3615a061f475bd1b4e26fb48a0a7db4c04457628dc9a8352774cebeb|0dea8fa2f60f248a17c178fe74ffbf2065edabe834c64cab4ffc912aa51ea8ed|0eb89ab2ad1ed2cf44330f86f852d0bdb0a7aa8fd86ba72ba06e772600daf7fa|6ddf10543ed9a7395595ca347ad4dd3d2abda80fbfe38523b434dd1738dead81|fe0fc1d46cd1e622e3ca117be6270d39fe4f4e4cac0da5eb33a184d5d435e5fc,0.05
interval,C04,FD001,primary,hist_gradient_boosting,,mean_width,83.02268676665383,13.385756435292354,68.16806865763317,96.5871753101742,5,5,3bf92063fd99e23b7cbdf6a439a2fc4344807710,outputs/c04_final_hardened_3bf9206,C04_FD001_3bf92063fd99_seed_101|C04_FD001_3bf92063fd99_seed_13|C04_FD001_3bf92063fd99_seed_137|C04_FD001_3bf92063fd99_seed_37|C04_FD001_3bf92063fd99_seed_73,09e61c3b3615a061f475bd1b4e26fb48a0a7db4c04457628dc9a8352774cebeb|0dea8fa2f60f248a17c178fe74ffbf2065edabe834c64cab4ffc912aa51ea8ed|0eb89ab2ad1ed2cf44330f86f852d0bdb0a7aa8fd86ba72ba06e772600daf7fa|6ddf10543ed9a7395595ca347ad4dd3d2abda80fbfe38523b434dd1738dead81|fe0fc1d46cd1e622e3ca117be6270d39fe4f4e4cac0da5eb33a184d5d435e5fc,0.05
interval,C04,FD001,primary,hist_gradient_boosting,,normalized_interval_score,0.7032509753645468,0.06951707541204072,0.6121412940045675,0.7729905089563259,5,5,3bf92063fd99e23b7cbdf6a439a2fc4344807710,outputs/c04_final_hardened_3bf9206,C04_FD001_3bf92063fd99_seed_101|C04_FD001_3bf92063fd99_seed_13|C04_FD001_3bf92063fd99_seed_137|C04_FD001_3bf92063fd99_seed_37|C04_FD001_3bf92063fd99_seed_73,09e61c3b3615a061f475bd1b4e26fb48a0a7db4c04457628dc9a8352774cebeb|0dea8fa2f60f248a17c178fe74ffbf2065edabe834c64cab4ffc912aa51ea8ed|0eb89ab2ad1ed2cf44330f86f852d0bdb0a7aa8fd86ba72ba06e772600daf7fa|6ddf10543ed9a7395595ca347ad4dd3d2abda80fbfe38523b434dd1738dead81|fe0fc1d46cd1e622e3ca117be6270d39fe4f4e4cac0da5eb33a184d5d435e5fc,0.05
interval,C04,FD001,primary,hist_gradient_boosting,,coverage,0.9620000000000001,0.026832815729997468,0.93,0.99,5,5,3bf92063fd99e23b7cbdf6a439a2fc4344807710,outputs/c04_final_hardened_3bf9206,C04_FD001_3bf92063fd99_seed_101|C04_FD001_3bf92063fd99_seed_13|C04_FD001_3bf92063fd99_seed_137|C04_FD001_3bf92063fd99_seed_37|C04_FD001_3bf92063fd99_seed_73,09e61c3b3615a061f475bd1b4e26fb48a0a7db4c04457628dc9a8352774cebeb|0dea8fa2f60f248a17c178fe74ffbf2065edabe834c64cab4ffc912aa51ea8ed|0eb89ab2ad1ed2cf44330f86f852d0bdb0a7aa8fd86ba72ba06e772600daf7fa|6ddf10543ed9a7395595ca347ad4dd3d2abda80fbfe38523b434dd1738dead81|fe0fc1d46cd1e622e3ca117be6270d39fe4f4e4cac0da5eb33a184d5d435e5fc,0.1
interval,C04,FD001,primary,hist_gradient_boosting,,mean_width,70.36879318538327,8.327227142220574,59.25950915956047,79.68830959567983,5,5,3bf92063fd99e23b7cbdf6a439a2fc4344807710,outputs/c04_final_hardened_3bf9206,C04_FD001_3bf92063fd99_seed_101|C04_FD001_3bf92063fd99_seed_13|C04_FD001_3bf92063fd99_seed_137|C04_FD001_3bf92063fd99_seed_37|C04_FD001_3bf92063fd99_seed_73,09e61c3b3615a061f475bd1b4e26fb48a0a7db4c04457628dc9a8352774cebeb|0dea8fa2f60f248a17c178fe74ffbf2065edabe834c64cab4ffc912aa51ea8ed|0eb89ab2ad1ed2cf44330f86f852d0bdb0a7aa8fd86ba72ba06e772600daf7fa|6ddf10543ed9a7395595ca347ad4dd3d2abda80fbfe38523b434dd1738dead81|fe0fc1d46cd1e622e3ca117be6270d39fe4f4e4cac0da5eb33a184d5d435e5fc,0.1
interval,C04,FD001,primary,hist_gradient_boosting,,normalized_interval_score,0.605343312640259,0.04818680598492071,0.5293755551284808,0.6559211561653021,5,5,3bf92063fd99e23b7cbdf6a439a2fc4344807710,outputs/c04_final_hardened_3bf9206,C04_FD001_3bf92063fd99_seed_101|C04_FD001_3bf92063fd99_seed_13|C04_FD001_3bf92063fd99_seed_137|C04_FD001_3bf92063fd99_seed_37|C04_FD001_3bf92063fd99_seed_73,09e61c3b3615a061f475bd1b4e26fb48a0a7db4c04457628dc9a8352774cebeb|0dea8fa2f60f248a17c178fe74ffbf2065edabe834c64cab4ffc912aa51ea8ed|0eb89ab2ad1ed2cf44330f86f852d0bdb0a7aa8fd86ba72ba06e772600daf7fa|6ddf10543ed9a7395595ca347ad4dd3d2abda80fbfe38523b434dd1738dead81|fe0fc1d46cd1e622e3ca117be6270d39fe4f4e4cac0da5eb33a184d5d435e5fc,0.1
interval,C04,FD001,primary,mean,,coverage,0.8220000000000001,0.03271085446759223,0.8,0.88,5,5,3bf92063fd99e23b7cbdf6a439a2fc4344807710,outputs/c04_final_hardened_3bf9206,C04_FD001_3bf92063fd99_seed_101|C04_FD001_3bf92063fd99_seed_13|C04_FD001_3bf92063fd99_seed_137|C04_FD001_3bf92063fd99_seed_37|C04_FD001_3bf92063fd99_seed_73,09e61c3b3615a061f475bd1b4e26fb48a0a7db4c04457628dc9a8352774cebeb|0dea8fa2f60f248a17c178fe74ffbf2065edabe834c64cab4ffc912aa51ea8ed|0eb89ab2ad1ed2cf44330f86f852d0bdb0a7aa8fd86ba72ba06e772600daf7fa|6ddf10543ed9a7395595ca347ad4dd3d2abda80fbfe38523b434dd1738dead81|fe0fc1d46cd1e622e3ca117be6270d39fe4f4e4cac0da5eb33a184d5d435e5fc,0.05
interval,C04,FD001,primary,mean,,mean_width,127.19364408640863,5.417147209238673,119.79646802677206,135.08318411199738,5,5,3bf92063fd99e23b7cbdf6a439a2fc4344807710,outputs/c04_final_hardened_3bf9206,C04_FD001_3bf92063fd99_seed_101|C04_FD001_3bf92063fd99_seed_13|C04_FD001_3bf92063fd99_seed_137|C04_FD001_3bf92063fd99_seed_37|C04_FD001_3bf92063fd99_seed_73,09e61c3b3615a061f475bd1b4e26fb48a0a7db4c04457628dc9a8352774cebeb|0dea8fa2f60f248a17c178fe74ffbf2065edabe834c64cab4ffc912aa51ea8ed|0eb89ab2ad1ed2cf44330f86f852d0bdb0a7aa8fd86ba72ba06e772600daf7fa|6ddf10543ed9a7395595ca347ad4dd3d2abda80fbfe38523b434dd1738dead81|fe0fc1d46cd1e622e3ca117be6270d39fe4f4e4cac0da5eb33a184d5d435e5fc,0.05
interval,C04,FD001,primary,mean,,normalized_interval_score,1.539149152691269,0.1279211487867142,1.3814654728959792,1.7199717442141764,5,5,3bf92063fd99e23b7cbdf6a439a2fc4344807710,outputs/c04_final_hardened_3bf9206,C04_FD001_3bf92063fd99_seed_101|C04_FD001_3bf92063fd99_seed_13|C04_FD001_3bf92063fd99_seed_137|C04_FD001_3bf92063fd99_seed_37|C04_FD001_3bf92063fd99_seed_73,09e61c3b3615a061f475bd1b4e26fb48a0a7db4c04457628dc9a8352774cebeb|0dea8fa2f60f248a17c178fe74ffbf2065edabe834c64cab4ffc912aa51ea8ed|0eb89ab2ad1ed2cf44330f86f852d0bdb0a7aa8fd86ba72ba06e772600daf7fa|6ddf10543ed9a7395595ca347ad4dd3d2abda80fbfe38523b434dd1738dead81|fe0fc1d46cd1e622e3ca117be6270d39fe4f4e4cac0da5eb33a184d5d435e5fc,0.05
interval,C04,FD001,primary,mean,,coverage,0.784,0.031304951684997084,0.75,0.81,5,5,3bf92063fd99e23b7cbdf6a439a2fc4344807710,outputs/c04_final_hardened_3bf9206,C04_FD001_3bf92063fd99_seed_101|C04_FD001_3bf92063fd99_seed_13|C04_FD001_3bf92063fd99_seed_137|C04_FD001_3bf92063fd99_seed_37|C04_FD001_3bf92063fd99_seed_73,09e61c3b3615a061f475bd1b4e26fb48a0a7db4c04457628dc9a8352774cebeb|0dea8fa2f60f248a17c178fe74ffbf2065edabe834c64cab4ffc912aa51ea8ed|0eb89ab2ad1ed2cf44330f86f852d0bdb0a7aa8fd86ba72ba06e772600daf7fa|6ddf10543ed9a7395595ca347ad4dd3d2abda80fbfe38523b434dd1738dead81|fe0fc1d46cd1e622e3ca117be6270d39fe4f4e4cac0da5eb33a184d5d435e5fc,0.1
interval,C04,FD001,primary,mean,,mean_width,117.19364408640863,5.069528804325026,110.65491183879088,122.96426869938068,5,5,3bf92063fd99e23b7cbdf6a439a2fc4344807710,outputs/c04_final_hardened_3bf9206,C04_FD001_3bf92063fd99_seed_101|C04_FD001_3bf92063fd99_seed_13|C04_FD001_3bf92063fd99_seed_137|C04_FD001_3bf92063fd99_seed_37|C04_FD001_3bf92063fd99_seed_73,09e61c3b3615a061f475bd1b4e26fb48a0a7db4c04457628dc9a8352774cebeb|0dea8fa2f60f248a17c178fe74ffbf2065edabe834c64cab4ffc912aa51ea8ed|0eb89ab2ad1ed2cf44330f86f852d0bdb0a7aa8fd86ba72ba06e772600daf7fa|6ddf10543ed9a7395595ca347ad4dd3d2abda80fbfe38523b434dd1738dead81|fe0fc1d46cd1e622e3ca117be6270d39fe4f4e4cac0da5eb33a184d5d435e5fc,0.1
interval,C04,FD001,primary,mean,,normalized_interval_score,1.3561091526912694,0.03370033878817655,1.3174654728959792,1.4015717442141766,5,5,3bf92063fd99e23b7cbdf6a439a2fc4344807710,outputs/c04_final_hardened_3bf9206,C04_FD001_3bf92063fd99_seed_101|C04_FD001_3bf92063fd99_seed_13|C04_FD001_3bf92063fd99_seed_137|C04_FD001_3bf92063fd99_seed_37|C04_FD001_3bf92063fd99_seed_73,09e61c3b3615a061f475bd1b4e26fb48a0a7db4c04457628dc9a8352774cebeb|0dea8fa2f60f248a17c178fe74ffbf2065edabe834c64cab4ffc912aa51ea8ed|0eb89ab2ad1ed2cf44330f86f852d0bdb0a7aa8fd86ba72ba06e772600daf7fa|6ddf10543ed9a7395595ca347ad4dd3d2abda80fbfe38523b434dd1738dead81|fe0fc1d46cd1e622e3ca117be6270d39fe4f4e4cac0da5eb33a184d5d435e5fc,0.1
interval,C04,FD001,primary,ridge,,coverage,0.966,0.02607680962081058,0.93,1.0,5,5,3bf92063fd99e23b7cbdf6a439a2fc4344807710,outputs/c04_final_hardened_3bf9206,C04_FD001_3bf92063fd99_seed_101|C04_FD001_3bf92063fd99_seed_13|C04_FD001_3bf92063fd99_seed_137|C04_FD001_3bf92063fd99_seed_37|C04_FD001_3bf92063fd99_seed_73,09e61c3b3615a061f475bd1b4e26fb48a0a7db4c04457628dc9a8352774cebeb|0dea8fa2f60f248a17c178fe74ffbf2065edabe834c64cab4ffc912aa51ea8ed|0eb89ab2ad1ed2cf44330f86f852d0bdb0a7aa8fd86ba72ba06e772600daf7fa|6ddf10543ed9a7395595ca347ad4dd3d2abda80fbfe38523b434dd1738dead81|fe0fc1d46cd1e622e3ca117be6270d39fe4f4e4cac0da5eb33a184d5d435e5fc,0.05
interval,C04,FD001,primary,ridge,,mean_width,80.20050388169773,13.34595866467691,67.943308082884,102.88065205539169,5,5,3bf92063fd99e23b7cbdf6a439a2fc4344807710,outputs/c04_final_hardened_3bf9206,C04_FD001_3bf92063fd99_seed_101|C04_FD001_3bf92063fd99_seed_13|C04_FD001_3bf92063fd99_seed_137|C04_FD001_3bf92063fd99_seed_37|C04_FD001_3bf92063fd99_seed_73,09e61c3b3615a061f475bd1b4e26fb48a0a7db4c04457628dc9a8352774cebeb|0dea8fa2f60f248a17c178fe74ffbf2065edabe834c64cab4ffc912aa51ea8ed|0eb89ab2ad1ed2cf44330f86f852d0bdb0a7aa8fd86ba72ba06e772600daf7fa|6ddf10543ed9a7395595ca347ad4dd3d2abda80fbfe38523b434dd1738dead81|fe0fc1d46cd1e622e3ca117be6270d39fe4f4e4cac0da5eb33a184d5d435e5fc,0.05
interval,C04,FD001,primary,ridge,,normalized_interval_score,0.7167560303391821,0.06962849395220144,0.6570713642602454,0.8230452164431336,5,5,3bf92063fd99e23b7cbdf6a439a2fc4344807710,outputs/c04_final_hardened_3bf9206,C04_FD001_3bf92063fd99_seed_101|C04_FD001_3bf92063fd99_seed_13|C04_FD001_3bf92063fd99_seed_137|C04_FD001_3bf92063fd99_seed_37|C04_FD001_3bf92063fd99_seed_73,09e61c3b3615a061f475bd1b4e26fb48a0a7db4c04457628dc9a8352774cebeb|0dea8fa2f60f248a17c178fe74ffbf2065edabe834c64cab4ffc912aa51ea8ed|0eb89ab2ad1ed2cf44330f86f852d0bdb0a7aa8fd86ba72ba06e772600daf7fa|6ddf10543ed9a7395595ca347ad4dd3d2abda80fbfe38523b434dd1738dead81|fe0fc1d46cd1e622e3ca117be6270d39fe4f4e4cac0da5eb33a184d5d435e5fc,0.05
interval,C04,FD001,primary,ridge,,coverage,0.952,0.02774887385102321,0.92,0.99,5,5,3bf92063fd99e23b7cbdf6a439a2fc4344807710,outputs/c04_final_hardened_3bf9206,C04_FD001_3bf92063fd99_seed_101|C04_FD001_3bf92063fd99_seed_13|C04_FD001_3bf92063fd99_seed_137|C04_FD001_3bf92063fd99_seed_37|C04_FD001_3bf92063fd99_seed_73,09e61c3b3615a061f475bd1b4e26fb48a0a7db4c04457628dc9a8352774cebeb|0dea8fa2f60f248a17c178fe74ffbf2065edabe834c64cab4ffc912aa51ea8ed|0eb89ab2ad1ed2cf44330f86f852d0bdb0a7aa8fd86ba72ba06e772600daf7fa|6ddf10543ed9a7395595ca347ad4dd3d2abda80fbfe38523b434dd1738dead81|fe0fc1d46cd1e622e3ca117be6270d39fe4f4e4cac0da5eb33a184d5d435e5fc,0.1
interval,C04,FD001,primary,ridge,,mean_width,76.68337517323693,13.377810456622852,63.42192282041391,99.27901279576177,5,5,3bf92063fd99e23b7cbdf6a439a2fc4344807710,outputs/c04_final_hardened_3bf9206,C04_FD001_3bf92063fd99_seed_101|C04_FD001_3bf92063fd99_seed_13|C04_FD001_3bf92063fd99_seed_137|C04_FD001_3bf92063fd99_seed_37|C04_FD001_3bf92063fd99_seed_73,09e61c3b3615a061f475bd1b4e26fb48a0a7db4c04457628dc9a8352774cebeb|0dea8fa2f60f248a17c178fe74ffbf2065edabe834c64cab4ffc912aa51ea8ed|0eb89ab2ad1ed2cf44330f86f852d0bdb0a7aa8fd86ba72ba06e772600daf7fa|6ddf10543ed9a7395595ca347ad4dd3d2abda80fbfe38523b434dd1738dead81|fe0fc1d46cd1e622e3ca117be6270d39fe4f4e4cac0da5eb33a184d5d435e5fc,0.1
interval,C04,FD001,primary,ridge,,normalized_interval_score,0.66249616973528,0.07805574834600403,0.6114918602411042,0.7952623838042412,5,5,3bf92063fd99e23b7cbdf6a439a2fc4344807710,outputs/c04_final_hardened_3bf9206,C04_FD001_3bf92063fd99_seed_101|C04_FD001_3bf92063fd99_seed_13|C04_FD001_3bf92063fd99_seed_137|C04_FD001_3bf92063fd99_seed_37|C04_FD001_3bf92063fd99_seed_73,09e61c3b3615a061f475bd1b4e26fb48a0a7db4c04457628dc9a8352774cebeb|0dea8fa2f60f248a17c178fe74ffbf2065edabe834c64cab4ffc912aa51ea8ed|0eb89ab2ad1ed2cf44330f86f852d0bdb0a7aa8fd86ba72ba06e772600daf7fa|6ddf10543ed9a7395595ca347ad4dd3d2abda80fbfe38523b434dd1738dead81|fe0fc1d46cd1e622e3ca117be6270d39fe4f4e4cac0da5eb33a184d5d435e5fc,0.1
interval,C04,FD002,primary,hist_gradient_boosting,,coverage,0.7042471042471042,0.08999535375573174,0.5791505791505791,0.806949806949807,5,5,3bf92063fd99e23b7cbdf6a439a2fc4344807710,outputs/c04_final_hardened_3bf9206,C04_FD002_3bf92063fd99_seed_101|C04_FD002_3bf92063fd99_seed_13|C04_FD002_3bf92063fd99_seed_137|C04_FD002_3bf92063fd99_seed_37|C04_FD002_3bf92063fd99_seed_73,39b3b9af814b55c77878f2ee1325a73d921f9b1de6c3b8708be443837358b92e|3a51502e3788ac64548cb37a111dcb7d5649affb6f64e7ec04a063de2eed88f6|4e34ac3a5e260b42aac866e476ceb167dea09c411672612dfc666bf34fcb9a63|a7637c768221f74000508d083c4f791d1b5b1ec95f2b1618129769251b727125|e8d53874de3a9e6cee27ea4a366a05be6cfc5d832f3239ee0057100eedd595d8,0.05
interval,C04,FD002,primary,hist_gradient_boosting,,mean_width,83.02268676665383,13.385756435292352,68.16806865763319,96.58717531017419,5,5,3bf92063fd99e23b7cbdf6a439a2fc4344807710,outputs/c04_final_hardened_3bf9206,C04_FD002_3bf92063fd99_seed_101|C04_FD002_3bf92063fd99_seed_13|C04_FD002_3bf92063fd99_seed_137|C04_FD002_3bf92063fd99_seed_37|C04_FD002_3bf92063fd99_seed_73,39b3b9af814b55c77878f2ee1325a73d921f9b1de6c3b8708be443837358b92e|3a51502e3788ac64548cb37a111dcb7d5649affb6f64e7ec04a063de2eed88f6|4e34ac3a5e260b42aac866e476ceb167dea09c411672612dfc666bf34fcb9a63|a7637c768221f74000508d083c4f791d1b5b1ec95f2b1618129769251b727125|e8d53874de3a9e6cee27ea4a366a05be6cfc5d832f3239ee0057100eedd595d8,0.05
interval,C04,FD002,primary,hist_gradient_boosting,,normalized_interval_score,1.938737722566111,0.6216300413634145,1.1546404101295635,2.7064442377352256,5,5,3bf92063fd99e23b7cbdf6a439a2fc4344807710,outputs/c04_final_hardened_3bf9206,C04_FD002_3bf92063fd99_seed_101|C04_FD002_3bf92063fd99_seed_13|C04_FD002_3bf92063fd99_seed_137|C04_FD002_3bf92063fd99_seed_37|C04_FD002_3bf92063fd99_seed_73,39b3b9af814b55c77878f2ee1325a73d921f9b1de6c3b8708be443837358b92e|3a51502e3788ac64548cb37a111dcb7d5649affb6f64e7ec04a063de2eed88f6|4e34ac3a5e260b42aac866e476ceb167dea09c411672612dfc666bf34fcb9a63|a7637c768221f74000508d083c4f791d1b5b1ec95f2b1618129769251b727125|e8d53874de3a9e6cee27ea4a366a05be6cfc5d832f3239ee0057100eedd595d8,0.05
interval,C04,FD002,primary,hist_gradient_boosting,,coverage,0.5891891891891892,0.1255746618222626,0.4247104247104247,0.7104247104247104,5,5,3bf92063fd99e23b7cbdf6a439a2fc4344807710,outputs/c04_final_hardened_3bf9206,C04_FD002_3bf92063fd99_seed_101|C04_FD002_3bf92063fd99_seed_13|C04_FD002_3bf92063fd99_seed_137|C04_FD002_3bf92063fd99_seed_37|C04_FD002_3bf92063fd99_seed_73,39b3b9af814b55c77878f2ee1325a73d921f9b1de6c3b8708be443837358b92e|3a51502e3788ac64548cb37a111dcb7d5649affb6f64e7ec04a063de2eed88f6|4e34ac3a5e260b42aac866e476ceb167dea09c411672612dfc666bf34fcb9a63|a7637c768221f74000508d083c4f791d1b5b1ec95f2b1618129769251b727125|e8d53874de3a9e6cee27ea4a366a05be6cfc5d832f3239ee0057100eedd595d8,0.1
interval,C04,FD002,primary,hist_gradient_boosting,,mean_width,70.36879318538327,8.32722714222057,59.25950915956047,79.68830959567981,5,5,3bf92063fd99e23b7cbdf6a439a2fc4344807710,outputs/c04_final_hardened_3bf9206,C04_FD002_3bf92063fd99_seed_101|C04_FD002_3bf92063fd99_seed_13|C04_FD002_3bf92063fd99_seed_137|C04_FD002_3bf92063fd99_seed_37|C04_FD002_3bf92063fd99_seed_73,39b3b9af814b55c77878f2ee1325a73d921f9b1de6c3b8708be443837358b92e|3a51502e3788ac64548cb37a111dcb7d5649affb6f64e7ec04a063de2eed88f6|4e34ac3a5e260b42aac866e476ceb167dea09c411672612dfc666bf34fcb9a63|a7637c768221f74000508d083c4f791d1b5b1ec95f2b1618129769251b727125|e8d53874de3a9e6cee27ea4a366a05be6cfc5d832f3239ee0057100eedd595d8,0.1
interval,C04,FD002,primary,hist_gradient_boosting,,normalized_interval_score,1.5475942733514862,0.2995178621905602,1.0954909795406338,1.8782628378133446,5,5,3bf92063fd99e23b7cbdf6a439a2fc4344807710,outputs/c04_final_hardened_3bf9206,C04_FD002_3bf92063fd99_seed_101|C04_FD002_3bf92063fd99_seed_13|C04_FD002_3bf92063fd99_seed_137|C04_FD002_3bf92063fd99_seed_37|C04_FD002_3bf92063fd99_seed_73,39b3b9af814b55c77878f2ee1325a73d921f9b1de6c3b8708be443837358b92e|3a51502e3788ac64548cb37a111dcb7d5649affb6f64e7ec04a063de2eed88f6|4e34ac3a5e260b42aac866e476ceb167dea09c411672612dfc666bf34fcb9a63|a7637c768221f74000508d083c4f791d1b5b1ec95f2b1618129769251b727125|e8d53874de3a9e6cee27ea4a366a05be6cfc5d832f3239ee0057100eedd595d8,0.1
interval,C04,FD002,primary,mean,,coverage,0.7853281853281853,0.01112344424006788,0.7722007722007722,0.7992277992277992,5,5,3bf92063fd99e23b7cbdf6a439a2fc4344807710,outputs/c04_final_hardened_3bf9206,C04_FD002_3bf92063fd99_seed_101|C04_FD002_3bf92063fd99_seed_13|C04_FD002_3bf92063fd99_seed_137|C04_FD002_3bf92063fd99_seed_37|C04_FD002_3bf92063fd99_seed_73,39b3b9af814b55c77878f2ee1325a73d921f9b1de6c3b8708be443837358b92e|3a51502e3788ac64548cb37a111dcb7d5649affb6f64e7ec04a063de2eed88f6|4e34ac3a5e260b42aac866e476ceb167dea09c411672612dfc666bf34fcb9a63|a7637c768221f74000508d083c4f791d1b5b1ec95f2b1618129769251b727125|e8d53874de3a9e6cee27ea4a366a05be6cfc5d832f3239ee0057100eedd595d8,0.05
interval,C04,FD002,primary,mean,,mean_width,127.19364408640861,5.417147209238678,119.79646802677205,135.08318411199738,5,5,3bf92063fd99e23b7cbdf6a439a2fc4344807710,outputs/c04_final_hardened_3bf9206,C04_FD002_3bf92063fd99_seed_101|C04_FD002_3bf92063fd99_seed_13|C04_FD002_3bf92063fd99_seed_137|C04_FD002_3bf92063fd99_seed_37|C04_FD002_3bf92063fd99_seed_73,39b3b9af814b55c77878f2ee1325a73d921f9b1de6c3b8708be443837358b92e|3a51502e3788ac64548cb37a111dcb7d5649affb6f64e7ec04a063de2eed88f6|4e34ac3a5e260b42aac866e476ceb167dea09c411672612dfc666bf34fcb9a63|a7637c768221f74000508d083c4f791d1b5b1ec95f2b1618129769251b727125|e8d53874de3a9e6cee27ea4a366a05be6cfc5d832f3239ee0057100eedd595d8,0.05
interval,C04,FD002,primary,mean,,normalized_interval_score,1.7801128592549755,0.1606904714563914,1.572402924633431,2.0036227094651413,5,5,3bf92063fd99e23b7cbdf6a439a2fc4344807710,outputs/c04_final_hardened_3bf9206,C04_FD002_3bf92063fd99_seed_101|C04_FD002_3bf92063fd99_seed_13|C04_FD002_3bf92063fd99_seed_137|C04_FD002_3bf92063fd99_seed_37|C04_FD002_3bf92063fd99_seed_73,39b3b9af814b55c77878f2ee1325a73d921f9b1de6c3b8708be443837358b92e|3a51502e3788ac64548cb37a111dcb7d5649affb6f64e7ec04a063de2eed88f6|4e34ac3a5e260b42aac866e476ceb167dea09c411672612dfc666bf34fcb9a63|a7637c768221f74000508d083c4f791d1b5b1ec95f2b1618129769251b727125|e8d53874de3a9e6cee27ea4a366a05be6cfc5d832f3239ee0057100eedd595d8,0.05
interval,C04,FD002,primary,mean,,coverage,0.7714285714285715,0.004229517818572703,0.7683397683397684,0.7760617760617761,5,5,3bf92063fd99e23b7cbdf6a439a2fc4344807710,outputs/c04_final_hardened_3bf9206,C04_FD002_3bf92063fd99_seed_101|C04_FD002_3bf92063fd99_seed_13|C04_FD002_3bf92063fd99_seed_137|C04_FD002_3bf92063fd99_seed_37|C04_FD002_3bf92063fd99_seed_73,39b3b9af814b55c77878f2ee1325a73d921f9b1de6c3b8708be443837358b92e|3a51502e3788ac64548cb37a111dcb7d5649affb6f64e7ec04a063de2eed88f6|4e34ac3a5e260b42aac866e476ceb167dea09c411672612dfc666bf34fcb9a63|a7637c768221f74000508d083c4f791d1b5b1ec95f2b1618129769251b727125|e8d53874de3a9e6cee27ea4a366a05be6cfc5d832f3239ee0057100eedd595d8,0.1
interval,C04,FD002,primary,mean,,mean_width,117.19364408640861,5.069528804325007,110.65491183879091,122.96426869938065,5,5,3bf92063fd99e23b7cbdf6a439a2fc4344807710,outputs/c04_final_hardened_3bf9206,C04_FD002_3bf92063fd99_seed_101|C04_FD002_3bf92063fd99_seed_13|C04_FD002_3bf92063fd99_seed_137|C04_FD002_3bf92063fd99_seed_37|C04_FD002_3bf92063fd99_seed_73,39b3b9af814b55c77878f2ee1325a73d921f9b1de6c3b8708be443837358b92e|3a51502e3788ac64548cb37a111dcb7d5649affb6f64e7ec04a063de2eed88f6|4e34ac3a5e260b42aac866e476ceb167dea09c411672612dfc666bf34fcb9a63|a7637c768221f74000508d083c4f791d1b5b1ec95f2b1618129769251b727125|e8d53874de3a9e6cee27ea4a366a05be6cfc5d832f3239ee0057100eedd595d8,0.1
interval,C04,FD002,primary,mean,,normalized_interval_score,1.4974873766294927,0.03616235602765009,1.4548430790735853,1.54419413803657,5,5,3bf92063fd99e23b7cbdf6a439a2fc4344807710,outputs/c04_final_hardened_3bf9206,C04_FD002_3bf92063fd99_seed_101|C04_FD002_3bf92063fd99_seed_13|C04_FD002_3bf92063fd99_seed_137|C04_FD002_3bf92063fd99_seed_37|C04_FD002_3bf92063fd99_seed_73,39b3b9af814b55c77878f2ee1325a73d921f9b1de6c3b8708be443837358b92e|3a51502e3788ac64548cb37a111dcb7d5649affb6f64e7ec04a063de2eed88f6|4e34ac3a5e260b42aac866e476ceb167dea09c411672612dfc666bf34fcb9a63|a7637c768221f74000508d083c4f791d1b5b1ec95f2b1618129769251b727125|e8d53874de3a9e6cee27ea4a366a05be6cfc5d832f3239ee0057100eedd595d8,0.1
interval,C04,FD002,primary,ridge,,coverage,0.3413127413127413,0.03905152991039469,0.30115830115830117,0.4015444015444015,5,5,3bf92063fd99e23b7cbdf6a439a2fc4344807710,outputs/c04_final_hardened_3bf9206,C04_FD002_3bf92063fd99_seed_101|C04_FD002_3bf92063fd99_seed_13|C04_FD002_3bf92063fd99_seed_137|C04_FD002_3bf92063fd99_seed_37|C04_FD002_3bf92063fd99_seed_73,39b3b9af814b55c77878f2ee1325a73d921f9b1de6c3b8708be443837358b92e|3a51502e3788ac64548cb37a111dcb7d5649affb6f64e7ec04a063de2eed88f6|4e34ac3a5e260b42aac866e476ceb167dea09c411672612dfc666bf34fcb9a63|a7637c768221f74000508d083c4f791d1b5b1ec95f2b1618129769251b727125|e8d53874de3a9e6cee27ea4a366a05be6cfc5d832f3239ee0057100eedd595d8,0.05
interval,C04,FD002,primary,ridge,,mean_width,80.20050388169773,13.345958664676914,67.94330808288399,102.88065205539169,5,5,3bf92063fd99e23b7cbdf6a439a2fc4344807710,outputs/c04_final_hardened_3bf9206,C04_FD002_3bf92063fd99_seed_101|C04_FD002_3bf92063fd99_seed_13|C04_FD002_3bf92063fd99_seed_137|C04_FD002_3bf92063fd99_seed_37|C04_FD002_3bf92063fd99_seed_73,39b3b9af814b55c77878f2ee1325a73d921f9b1de6c3b8708be443837358b92e|3a51502e3788ac64548cb37a111dcb7d5649affb6f64e7ec04a063de2eed88f6|4e34ac3a5e260b42aac866e476ceb167dea09c411672612dfc666bf34fcb9a63|a7637c768221f74000508d083c4f791d1b5b1ec95f2b1618129769251b727125|e8d53874de3a9e6cee27ea4a366a05be6cfc5d832f3239ee0057100eedd595d8,0.05
interval,C04,FD002,primary,ridge,,normalized_interval_score,11.85817231329247,1.2075740413788294,9.916171969440379,13.036063058947546,5,5,3bf92063fd99e23b7cbdf6a439a2fc4344807710,outputs/c04_final_hardened_3bf9206,C04_FD002_3bf92063fd99_seed_101|C04_FD002_3bf92063fd99_seed_13|C04_FD002_3bf92063fd99_seed_137|C04_FD002_3bf92063fd99_seed_37|C04_FD002_3bf92063fd99_seed_73,39b3b9af814b55c77878f2ee1325a73d921f9b1de6c3b8708be443837358b92e|3a51502e3788ac64548cb37a111dcb7d5649affb6f64e7ec04a063de2eed88f6|4e34ac3a5e260b42aac866e476ceb167dea09c411672612dfc666bf34fcb9a63|a7637c768221f74000508d083c4f791d1b5b1ec95f2b1618129769251b727125|e8d53874de3a9e6cee27ea4a366a05be6cfc5d832f3239ee0057100eedd595d8,0.05
interval,C04,FD002,primary,ridge,,coverage,0.32895752895752894,0.03574297084488995,0.28957528957528955,0.3861003861003861,5,5,3bf92063fd99e23b7cbdf6a439a2fc4344807710,outputs/c04_final_hardened_3bf9206,C04_FD002_3bf92063fd99_seed_101|C04_FD002_3bf92063fd99_seed_13|C04_FD002_3bf92063fd99_seed_137|C04_FD002_3bf92063fd99_seed_37|C04_FD002_3bf92063fd99_seed_73,39b3b9af814b55c77878f2ee1325a73d921f9b1de6c3b8708be443837358b92e|3a51502e3788ac64548cb37a111dcb7d5649affb6f64e7ec04a063de2eed88f6|4e34ac3a5e260b42aac866e476ceb167dea09c411672612dfc666bf34fcb9a63|a7637c768221f74000508d083c4f791d1b5b1ec95f2b1618129769251b727125|e8d53874de3a9e6cee27ea4a366a05be6cfc5d832f3239ee0057100eedd595d8,0.1
interval,C04,FD002,primary,ridge,,mean_width,76.68337517323693,13.377810456622868,63.4219228204139,99.2790127957618,5,5,3bf92063fd99e23b7cbdf6a439a2fc4344807710,outputs/c04_final_hardened_3bf9206,C04_FD002_3bf92063fd99_seed_101|C04_FD002_3bf92063fd99_seed_13|C04_FD002_3bf92063fd99_seed_137|C04_FD002_3bf92063fd99_seed_37|C04_FD002_3bf92063fd99_seed_73,39b3b9af814b55c77878f2ee1325a73d921f9b1de6c3b8708be443837358b92e|3a51502e3788ac64548cb37a111dcb7d5649affb6f64e7ec04a063de2eed88f6|4e34ac3a5e260b42aac866e476ceb167dea09c411672612dfc666bf34fcb9a63|a7637c768221f74000508d083c4f791d1b5b1ec95f2b1618129769251b727125|e8d53874de3a9e6cee27ea4a366a05be6cfc5d832f3239ee0057100eedd595d8,0.1
interval,C04,FD002,primary,ridge,,normalized_interval_score,6.40795825756031,0.5549501335565588,5.51473772876729,7.007565714932067,5,5,3bf92063fd99e23b7cbdf6a439a2fc4344807710,outputs/c04_final_hardened_3bf9206,C04_FD002_3bf92063fd99_seed_101|C04_FD002_3bf92063fd99_seed_13|C04_FD002_3bf92063fd99_seed_137|C04_FD002_3bf92063fd99_seed_37|C04_FD002_3bf92063fd99_seed_73,39b3b9af814b55c77878f2ee1325a73d921f9b1de6c3b8708be443837358b92e|3a51502e3788ac64548cb37a111dcb7d5649affb6f64e7ec04a063de2eed88f6|4e34ac3a5e260b42aac866e476ceb167dea09c411672612dfc666bf34fcb9a63|a7637c768221f74000508d083c4f791d1b5b1ec95f2b1618129769251b727125|e8d53874de3a9e6cee27ea4a366a05be6cfc5d832f3239ee0057100eedd595d8,0.1
interval,C04,FD003,primary,hist_gradient_boosting,,coverage,0.9099999999999999,0.05958187643906493,0.83,0.98,5,5,3bf92063fd99e23b7cbdf6a439a2fc4344807710,outputs/c04_final_hardened_3bf9206,C04_FD003_3bf92063fd99_seed_101|C04_FD003_3bf92063fd99_seed_13|C04_FD003_3bf92063fd99_seed_137|C04_FD003_3bf92063fd99_seed_37|C04_FD003_3bf92063fd99_seed_73,3f09d3d00b4955dc54138f3732d7535701d6d555398521e5c0eaee9557389313|4cacabac155ff181fe370d1d21b2002654d35ae4852ce36b7d60d51a5c5e6763|a280b2375c32fd5e565408e82f529d5f5936d1822d8eebbb74a330fb5d20b0fc|c52a53204a7de7c78a8448790722f53ec980c1e4e4fce78c47732a315ea0edc1|d7d3e5652655a1c0d36eba5dc30edd8c2f893c02e7c6b5263f900f73c5851248,0.05
interval,C04,FD003,primary,hist_gradient_boosting,,mean_width,83.02268676665383,13.385756435292354,68.16806865763317,96.5871753101742,5,5,3bf92063fd99e23b7cbdf6a439a2fc4344807710,outputs/c04_final_hardened_3bf9206,C04_FD003_3bf92063fd99_seed_101|C04_FD003_3bf92063fd99_seed_13|C04_FD003_3bf92063fd99_seed_137|C04_FD003_3bf92063fd99_seed_37|C04_FD003_3bf92063fd99_seed_73,3f09d3d00b4955dc54138f3732d7535701d6d555398521e5c0eaee9557389313|4cacabac155ff181fe370d1d21b2002654d35ae4852ce36b7d60d51a5c5e6763|a280b2375c32fd5e565408e82f529d5f5936d1822d8eebbb74a330fb5d20b0fc|c52a53204a7de7c78a8448790722f53ec980c1e4e4fce78c47732a315ea0edc1|d7d3e5652655a1c0d36eba5dc30edd8c2f893c02e7c6b5263f900f73c5851248,0.05
interval,C04,FD003,primary,hist_gradient_boosting,,normalized_interval_score,0.9370832335785227,0.18428773611386742,0.7864243227289782,1.2440723061504837,5,5,3bf92063fd99e23b7cbdf6a439a2fc4344807710,outputs/c04_final_hardened_3bf9206,C04_FD003_3bf92063fd99_seed_101|C04_FD003_3bf92063fd99_seed_13|C04_FD003_3bf92063fd99_seed_137|C04_FD003_3bf92063fd99_seed_37|C04_FD003_3bf92063fd99_seed_73,3f09d3d00b4955dc54138f3732d7535701d6d555398521e5c0eaee9557389313|4cacabac155ff181fe370d1d21b2002654d35ae4852ce36b7d60d51a5c5e6763|a280b2375c32fd5e565408e82f529d5f5936d1822d8eebbb74a330fb5d20b0fc|c52a53204a7de7c78a8448790722f53ec980c1e4e4fce78c47732a315ea0edc1|d7d3e5652655a1c0d36eba5dc30edd8c2f893c02e7c6b5263f900f73c5851248,0.05
interval,C04,FD003,primary,hist_gradient_boosting,,coverage,0.842,0.05974947698515864,0.76,0.91,5,5,3bf92063fd99e23b7cbdf6a439a2fc4344807710,outputs/c04_final_hardened_3bf9206,C04_FD003_3bf92063fd99_seed_101|C04_FD003_3bf92063fd99_seed_13|C04_FD003_3bf92063fd99_seed_137|C04_FD003_3bf92063fd99_seed_37|C04_FD003_3bf92063fd99_seed_73,3f09d3d00b4955dc54138f3732d7535701d6d555398521e5c0eaee9557389313|4cacabac155ff181fe370d1d21b2002654d35ae4852ce36b7d60d51a5c5e6763|a280b2375c32fd5e565408e82f529d5f5936d1822d8eebbb74a330fb5d20b0fc|c52a53204a7de7c78a8448790722f53ec980c1e4e4fce78c47732a315ea0edc1|d7d3e5652655a1c0d36eba5dc30edd8c2f893c02e7c6b5263f900f73c5851248,0.1
interval,C04,FD003,primary,hist_gradient_boosting,,mean_width,70.36879318538327,8.327227142220574,59.25950915956047,79.68830959567983,5,5,3bf92063fd99e23b7cbdf6a439a2fc4344807710,outputs/c04_final_hardened_3bf9206,C04_FD003_3bf92063fd99_seed_101|C04_FD003_3bf92063fd99_seed_13|C04_FD003_3bf92063fd99_seed_137|C04_FD003_3bf92063fd99_seed_37|C04_FD003_3bf92063fd99_seed_73,3f09d3d00b4955dc54138f3732d7535701d6d555398521e5c0eaee9557389313|4cacabac155ff181fe370d1d21b2002654d35ae4852ce36b7d60d51a5c5e6763|a280b2375c32fd5e565408e82f529d5f5936d1822d8eebbb74a330fb5d20b0fc|c52a53204a7de7c78a8448790722f53ec980c1e4e4fce78c47732a315ea0edc1|d7d3e5652655a1c0d36eba5dc30edd8c2f893c02e7c6b5263f900f73c5851248,0.1
interval,C04,FD003,primary,hist_gradient_boosting,,normalized_interval_score,0.8016440254644408,0.11168921341804204,0.7097525522094511,0.9712122402520348,5,5,3bf92063fd99e23b7cbdf6a439a2fc4344807710,outputs/c04_final_hardened_3bf9206,C04_FD003_3bf92063fd99_seed_101|C04_FD003_3bf92063fd99_seed_13|C04_FD003_3bf92063fd99_seed_137|C04_FD003_3bf92063fd99_seed_37|C04_FD003_3bf92063fd99_seed_73,3f09d3d00b4955dc54138f3732d7535701d6d555398521e5c0eaee9557389313|4cacabac155ff181fe370d1d21b2002654d35ae4852ce36b7d60d51a5c5e6763|a280b2375c32fd5e565408e82f529d5f5936d1822d8eebbb74a330fb5d20b0fc|c52a53204a7de7c78a8448790722f53ec980c1e4e4fce78c47732a315ea0edc1|d7d3e5652655a1c0d36eba5dc30edd8c2f893c02e7c6b5263f900f73c5851248,0.1
interval,C04,FD003,primary,mean,,coverage,0.8540000000000001,0.01140175425099139,0.84,0.87,5,5,3bf92063fd99e23b7cbdf6a439a2fc4344807710,outputs/c04_final_hardened_3bf9206,C04_FD003_3bf92063fd99_seed_101|C04_FD003_3bf92063fd99_seed_13|C04_FD003_3bf92063fd99_seed_137|C04_FD003_3bf92063fd99_seed_37|C04_FD003_3bf92063fd99_seed_73,3f09d3d00b4955dc54138f3732d7535701d6d555398521e5c0eaee9557389313|4cacabac155ff181fe370d1d21b2002654d35ae4852ce36b7d60d51a5c5e6763|a280b2375c32fd5e565408e82f529d5f5936d1822d8eebbb74a330fb5d20b0fc|c52a53204a7de7c78a8448790722f53ec980c1e4e4fce78c47732a315ea0edc1|d7d3e5652655a1c0d36eba5dc30edd8c2f893c02e7c6b5263f900f73c5851248,0.05
interval,C04,FD003,primary,mean,,mean_width,127.19364408640863,5.417147209238673,119.79646802677206,135.08318411199738,5,5,3bf92063fd99e23b7cbdf6a439a2fc4344807710,outputs/c04_final_hardened_3bf9206,C04_FD003_3bf92063fd99_seed_101|C04_FD003_3bf92063fd99_seed_13|C04_FD003_3bf92063fd99_seed_137|C04_FD003_3bf92063fd99_seed_37|C04_FD003_3bf92063fd99_seed_73,3f09d3d00b4955dc54138f3732d7535701d6d555398521e5c0eaee9557389313|4cacabac155ff181fe370d1d21b2002654d35ae4852ce36b7d60d51a5c5e6763|a280b2375c32fd5e565408e82f529d5f5936d1822d8eebbb74a330fb5d20b0fc|c52a53204a7de7c78a8448790722f53ec980c1e4e4fce78c47732a315ea0edc1|d7d3e5652655a1c0d36eba5dc30edd8c2f893c02e7c6b5263f900f73c5851248,0.05
interval,C04,FD003,primary,mean,,normalized_interval_score,1.504589152691269,0.09702708011016109,1.3846654728959789,1.6399717442141764,5,5,3bf92063fd99e23b7cbdf6a439a2fc4344807710,outputs/c04_final_hardened_3bf9206,C04_FD003_3bf92063fd99_seed_101|C04_FD003_3bf92063fd99_seed_13|C04_FD003_3bf92063fd99_seed_137|C04_FD003_3bf92063fd99_seed_37|C04_FD003_3bf92063fd99_seed_73,3f09d3d00b4955dc54138f3732d7535701d6d555398521e5c0eaee9557389313|4cacabac155ff181fe370d1d21b2002654d35ae4852ce36b7d60d51a5c5e6763|a280b2375c32fd5e565408e82f529d5f5936d1822d8eebbb74a330fb5d20b0fc|c52a53204a7de7c78a8448790722f53ec980c1e4e4fce78c47732a315ea0edc1|d7d3e5652655a1c0d36eba5dc30edd8c2f893c02e7c6b5263f900f73c5851248,0.05
interval,C04,FD003,primary,mean,,coverage,0.82,0.019999999999999962,0.8,0.84,5,5,3bf92063fd99e23b7cbdf6a439a2fc4344807710,outputs/c04_final_hardened_3bf9206,C04_FD003_3bf92063fd99_seed_101|C04_FD003_3bf92063fd99_seed_13|C04_FD003_3bf92063fd99_seed_137|C04_FD003_3bf92063fd99_seed_37|C04_FD003_3bf92063fd99_seed_73,3f09d3d00b4955dc54138f3732d7535701d6d555398521e5c0eaee9557389313|4cacabac155ff181fe370d1d21b2002654d35ae4852ce36b7d60d51a5c5e6763|a280b2375c32fd5e565408e82f529d5f5936d1822d8eebbb74a330fb5d20b0fc|c52a53204a7de7c78a8448790722f53ec980c1e4e4fce78c47732a315ea0edc1|d7d3e5652655a1c0d36eba5dc30edd8c2f893c02e7c6b5263f900f73c5851248,0.1
interval,C04,FD003,primary,mean,,mean_width,117.19364408640863,5.069528804325026,110.65491183879088,122.96426869938068,5,5,3bf92063fd99e23b7cbdf6a439a2fc4344807710,outputs/c04_final_hardened_3bf9206,C04_FD003_3bf92063fd99_seed_101|C04_FD003_3bf92063fd99_seed_13|C04_FD003_3bf92063fd99_seed_137|C04_FD003_3bf92063fd99_seed_37|C04_FD003_3bf92063fd99_seed_73,3f09d3d00b4955dc54138f3732d7535701d6d555398521e5c0eaee9557389313|4cacabac155ff181fe370d1d21b2002654d35ae4852ce36b7d60d51a5c5e6763|a280b2375c32fd5e565408e82f529d5f5936d1822d8eebbb74a330fb5d20b0fc|c52a53204a7de7c78a8448790722f53ec980c1e4e4fce78c47732a315ea0edc1|d7d3e5652655a1c0d36eba5dc30edd8c2f893c02e7c6b5263f900f73c5851248,0.1
interval,C04,FD003,primary,mean,,normalized_interval_score,1.3109891526912691,0.022547981618239198,1.283865472895979,1.3439717442141763,5,5,3bf92063fd99e23b7cbdf6a439a2fc4344807710,outputs/c04_final_hardened_3bf9206,C04_FD003_3bf92063fd99_seed_101|C04_FD003_3bf92063fd99_seed_13|C04_FD003_3bf92063fd99_seed_137|C04_FD003_3bf92063fd99_seed_37|C04_FD003_3bf92063fd99_seed_73,3f09d3d00b4955dc54138f3732d7535701d6d555398521e5c0eaee9557389313|4cacabac155ff181fe370d1d21b2002654d35ae4852ce36b7d60d51a5c5e6763|a280b2375c32fd5e565408e82f529d5f5936d1822d8eebbb74a330fb5d20b0fc|c52a53204a7de7c78a8448790722f53ec980c1e4e4fce78c47732a315ea0edc1|d7d3e5652655a1c0d36eba5dc30edd8c2f893c02e7c6b5263f900f73c5851248,0.1
interval,C04,FD003,primary,ridge,,coverage,0.708,0.03962322551231788,0.66,0.76,5,5,3bf92063fd99e23b7cbdf6a439a2fc4344807710,outputs/c04_final_hardened_3bf9206,C04_FD003_3bf92063fd99_seed_101|C04_FD003_3bf92063fd99_seed_13|C04_FD003_3bf92063fd99_seed_137|C04_FD003_3bf92063fd99_seed_37|C04_FD003_3bf92063fd99_seed_73,3f09d3d00b4955dc54138f3732d7535701d6d555398521e5c0eaee9557389313|4cacabac155ff181fe370d1d21b2002654d35ae4852ce36b7d60d51a5c5e6763|a280b2375c32fd5e565408e82f529d5f5936d1822d8eebbb74a330fb5d20b0fc|c52a53204a7de7c78a8448790722f53ec980c1e4e4fce78c47732a315ea0edc1|d7d3e5652655a1c0d36eba5dc30edd8c2f893c02e7c6b5263f900f73c5851248,0.05
interval,C04,FD003,primary,ridge,,mean_width,80.20050388169773,13.345958664676912,67.943308082884,102.88065205539169,5,5,3bf92063fd99e23b7cbdf6a439a2fc4344807710,outputs/c04_final_hardened_3bf9206,C04_FD003_3bf92063fd99_seed_101|C04_FD003_3bf92063fd99_seed_13|C04_FD003_3bf92063fd99_seed_137|C04_FD003_3bf92063fd99_seed_37|C04_FD003_3bf92063fd99_seed_73,3f09d3d00b4955dc54138f3732d7535701d6d555398521e5c0eaee9557389313|4cacabac155ff181fe370d1d21b2002654d35ae4852ce36b7d60d51a5c5e6763|a280b2375c32fd5e565408e82f529d5f5936d1822d8eebbb74a330fb5d20b0fc|c52a53204a7de7c78a8448790722f53ec980c1e4e4fce78c47732a315ea0edc1|d7d3e5652655a1c0d36eba5dc30edd8c2f893c02e7c6b5263f900f73c5851248,0.05
interval,C04,FD003,primary,ridge,,normalized_interval_score,4.356961526662603,0.37577636449113816,4.015520162900899,4.969119072576306,5,5,3bf92063fd99e23b7cbdf6a439a2fc4344807710,outputs/c04_final_hardened_3bf9206,C04_FD003_3bf92063fd99_seed_101|C04_FD003_3bf92063fd99_seed_13|C04_FD003_3bf92063fd99_seed_137|C04_FD003_3bf92063fd99_seed_37|C04_FD003_3bf92063fd99_seed_73,3f09d3d00b4955dc54138f3732d7535701d6d555398521e5c0eaee9557389313|4cacabac155ff181fe370d1d21b2002654d35ae4852ce36b7d60d51a5c5e6763|a280b2375c32fd5e565408e82f529d5f5936d1822d8eebbb74a330fb5d20b0fc|c52a53204a7de7c78a8448790722f53ec980c1e4e4fce78c47732a315ea0edc1|d7d3e5652655a1c0d36eba5dc30edd8c2f893c02e7c6b5263f900f73c5851248,0.05
interval,C04,FD003,primary,ridge,,coverage,0.6940000000000001,0.04449719092257396,0.64,0.76,5,5,3bf92063fd99e23b7cbdf6a439a2fc4344807710,outputs/c04_final_hardened_3bf9206,C04_FD003_3bf92063fd99_seed_101|C04_FD003_3bf92063fd99_seed_13|C04_FD003_3bf92063fd99_seed_137|C04_FD003_3bf92063fd99_seed_37|C04_FD003_3bf92063fd99_seed_73,3f09d3d00b4955dc54138f3732d7535701d6d555398521e5c0eaee9557389313|4cacabac155ff181fe370d1d21b2002654d35ae4852ce36b7d60d51a5c5e6763|a280b2375c32fd5e565408e82f529d5f5936d1822d8eebbb74a330fb5d20b0fc|c52a53204a7de7c78a8448790722f53ec980c1e4e4fce78c47732a315ea0edc1|d7d3e5652655a1c0d36eba5dc30edd8c2f893c02e7c6b5263f900f73c5851248,0.1
interval,C04,FD003,primary,ridge,,mean_width,76.68337517323693,13.377810456622852,63.42192282041391,99.27901279576177,5,5,3bf92063fd99e23b7cbdf6a439a2fc4344807710,outputs/c04_final_hardened_3bf9206,C04_FD003_3bf92063fd99_seed_101|C04_FD003_3bf92063fd99_seed_13|C04_FD003_3bf92063fd99_seed_137|C04_FD003_3bf92063fd99_seed_37|C04_FD003_3bf92063fd99_seed_73,3f09d3d00b4955dc54138f3732d7535701d6d555398521e5c0eaee9557389313|4cacabac155ff181fe370d1d21b2002654d35ae4852ce36b7d60d51a5c5e6763|a280b2375c32fd5e565408e82f529d5f5936d1822d8eebbb74a330fb5d20b0fc|c52a53204a7de7c78a8448790722f53ec980c1e4e4fce78c47732a315ea0edc1|d7d3e5652655a1c0d36eba5dc30edd8c2f893c02e7c6b5263f900f73c5851248,0.1
interval,C04,FD003,primary,ridge,,normalized_interval_score,2.554424974585828,0.1772561157471877,2.374426883241086,2.8464547475300948,5,5,3bf92063fd99e23b7cbdf6a439a2fc4344807710,outputs/c04_final_hardened_3bf9206,C04_FD003_3bf92063fd99_seed_101|C04_FD003_3bf92063fd99_seed_13|C04_FD003_3bf92063fd99_seed_137|C04_FD003_3bf92063fd99_seed_37|C04_FD003_3bf92063fd99_seed_73,3f09d3d00b4955dc54138f3732d7535701d6d555398521e5c0eaee9557389313|4cacabac155ff181fe370d1d21b2002654d35ae4852ce36b7d60d51a5c5e6763|a280b2375c32fd5e565408e82f529d5f5936d1822d8eebbb74a330fb5d20b0fc|c52a53204a7de7c78a8448790722f53ec980c1e4e4fce78c47732a315ea0edc1|d7d3e5652655a1c0d36eba5dc30edd8c2f893c02e7c6b5263f900f73c5851248,0.1
interval,C04,FD004,primary,hist_gradient_boosting,,coverage,0.6298387096774193,0.11324114177924569,0.4879032258064516,0.7459677419354839,5,5,3bf92063fd99e23b7cbdf6a439a2fc4344807710,outputs/c04_final_hardened_3bf9206,C04_FD004_3bf92063fd99_seed_101|C04_FD004_3bf92063fd99_seed_13|C04_FD004_3bf92063fd99_seed_137|C04_FD004_3bf92063fd99_seed_37|C04_FD004_3bf92063fd99_seed_73,1c08faede2582624803d4b9cfb0b1506c4b1b42083a2a1dea7a2959bc3121108|288229b7f42eaea4421ebce9b2ffa23fc9550f063e8a22a19ee4326ca1156103|6a49609200cd54bad7502c1381d9721caeb4bfd298c5a7ac2a5effc5165dd643|6e06015c4fcdc28c448dac7b3c1c59cace3949f642d1ef952b369d2f1ffeae31|8b2ff1aaee617177379692a16091dd8e45246fc2aabdfb843bc007d3c9ec7da9,0.05
interval,C04,FD004,primary,hist_gradient_boosting,,mean_width,83.02268676665385,13.385756435292356,68.16806865763319,96.58717531017419,5,5,3bf92063fd99e23b7cbdf6a439a2fc4344807710,outputs/c04_final_hardened_3bf9206,C04_FD004_3bf92063fd99_seed_101|C04_FD004_3bf92063fd99_seed_13|C04_FD004_3bf92063fd99_seed_137|C04_FD004_3bf92063fd99_seed_37|C04_FD004_3bf92063fd99_seed_73,1c08faede2582624803d4b9cfb0b1506c4b1b42083a2a1dea7a2959bc3121108|288229b7f42eaea4421ebce9b2ffa23fc9550f063e8a22a19ee4326ca1156103|6a49609200cd54bad7502c1381d9721caeb4bfd298c5a7ac2a5effc5165dd643|6e06015c4fcdc28c448dac7b3c1c59cace3949f642d1ef952b369d2f1ffeae31|8b2ff1aaee617177379692a16091dd8e45246fc2aabdfb843bc007d3c9ec7da9,0.05
interval,C04,FD004,primary,hist_gradient_boosting,,normalized_interval_score,2.331022580584887,0.5732022699384889,1.616607356719844,3.120363076044144,5,5,3bf92063fd99e23b7cbdf6a439a2fc4344807710,outputs/c04_final_hardened_3bf9206,C04_FD004_3bf92063fd99_seed_101|C04_FD004_3bf92063fd99_seed_13|C04_FD004_3bf92063fd99_seed_137|C04_FD004_3bf92063fd99_seed_37|C04_FD004_3bf92063fd99_seed_73,1c08faede2582624803d4b9cfb0b1506c4b1b42083a2a1dea7a2959bc3121108|288229b7f42eaea4421ebce9b2ffa23fc9550f063e8a22a19ee4326ca1156103|6a49609200cd54bad7502c1381d9721caeb4bfd298c5a7ac2a5effc5165dd643|6e06015c4fcdc28c448dac7b3c1c59cace3949f642d1ef952b369d2f1ffeae31|8b2ff1aaee617177379692a16091dd8e45246fc2aabdfb843bc007d3c9ec7da9,0.05
interval,C04,FD004,primary,hist_gradient_boosting,,coverage,0.5096774193548387,0.11026585506367798,0.375,0.625,5,5,3bf92063fd99e23b7cbdf6a439a2fc4344807710,outputs/c04_final_hardened_3bf9206,C04_FD004_3bf92063fd99_seed_101|C04_FD004_3bf92063fd99_seed_13|C04_FD004_3bf92063fd99_seed_137|C04_FD004_3bf92063fd99_seed_37|C04_FD004_3bf92063fd99_seed_73,1c08faede2582624803d4b9cfb0b1506c4b1b42083a2a1dea7a2959bc3121108|288229b7f42eaea4421ebce9b2ffa23fc9550f063e8a22a19ee4326ca1156103|6a49609200cd54bad7502c1381d9721caeb4bfd298c5a7ac2a5effc5165dd643|6e06015c4fcdc28c448dac7b3c1c59cace3949f642d1ef952b369d2f1ffeae31|8b2ff1aaee617177379692a16091dd8e45246fc2aabdfb843bc007d3c9ec7da9,0.1
interval,C04,FD004,primary,hist_gradient_boosting,,mean_width,70.36879318538327,8.327227142220561,59.25950915956049,79.6883095956798,5,5,3bf92063fd99e23b7cbdf6a439a2fc4344807710,outputs/c04_final_hardened_3bf9206,C04_FD004_3bf92063fd99_seed_101|C04_FD004_3bf92063fd99_seed_13|C04_FD004_3bf92063fd99_seed_137|C04_FD004_3bf92063fd99_seed_37|C04_FD004_3bf92063fd99_seed_73,1c08faede2582624803d4b9cfb0b1506c4b1b42083a2a1dea7a2959bc3121108|288229b7f42eaea4421ebce9b2ffa23fc9550f063e8a22a19ee4326ca1156103|6a49609200cd54bad7502c1381d9721caeb4bfd298c5a7ac2a5effc5165dd643|6e06015c4fcdc28c448dac7b3c1c59cace3949f642d1ef952b369d2f1ffeae31|8b2ff1aaee617177379692a16091dd8e45246fc2aabdfb843bc007d3c9ec7da9,0.1
interval,C04,FD004,primary,hist_gradient_boosting,,normalized_interval_score,1.8091340531836564,0.2346382066711659,1.5622591824835583,2.1519732732239962,5,5,3bf92063fd99e23b7cbdf6a439a2fc4344807710,outputs/c04_final_hardened_3bf9206,C04_FD004_3bf92063fd99_seed_101|C04_FD004_3bf92063fd99_seed_13|C04_FD004_3bf92063fd99_seed_137|C04_FD004_3bf92063fd99_seed_37|C04_FD004_3bf92063fd99_seed_73,1c08faede2582624803d4b9cfb0b1506c4b1b42083a2a1dea7a2959bc3121108|288229b7f42eaea4421ebce9b2ffa23fc9550f063e8a22a19ee4326ca1156103|6a49609200cd54bad7502c1381d9721caeb4bfd298c5a7ac2a5effc5165dd643|6e06015c4fcdc28c448dac7b3c1c59cace3949f642d1ef952b369d2f1ffeae31|8b2ff1aaee617177379692a16091dd8e45246fc2aabdfb843bc007d3c9ec7da9,0.1
interval,C04,FD004,primary,mean,,coverage,0.8209677419354839,0.020080483222562496,0.7903225806451613,0.8387096774193549,5,5,3bf92063fd99e23b7cbdf6a439a2fc4344807710,outputs/c04_final_hardened_3bf9206,C04_FD004_3bf92063fd99_seed_101|C04_FD004_3bf92063fd99_seed_13|C04_FD004_3bf92063fd99_seed_137|C04_FD004_3bf92063fd99_seed_37|C04_FD004_3bf92063fd99_seed_73,1c08faede2582624803d4b9cfb0b1506c4b1b42083a2a1dea7a2959bc3121108|288229b7f42eaea4421ebce9b2ffa23fc9550f063e8a22a19ee4326ca1156103|6a49609200cd54bad7502c1381d9721caeb4bfd298c5a7ac2a5effc5165dd643|6e06015c4fcdc28c448dac7b3c1c59cace3949f642d1ef952b369d2f1ffeae31|8b2ff1aaee617177379692a16091dd8e45246fc2aabdfb843bc007d3c9ec7da9,0.05
interval,C04,FD004,primary,mean,,mean_width,127.19364408640861,5.4171472092386574,119.79646802677205,135.08318411199733,5,5,3bf92063fd99e23b7cbdf6a439a2fc4344807710,outputs/c04_final_hardened_3bf9206,C04_FD004_3bf92063fd99_seed_101|C04_FD004_3bf92063fd99_seed_13|C04_FD004_3bf92063fd99_seed_137|C04_FD004_3bf92063fd99_seed_37|C04_FD004_3bf92063fd99_seed_73,1c08faede2582624803d4b9cfb0b1506c4b1b42083a2a1dea7a2959bc3121108|288229b7f42eaea4421ebce9b2ffa23fc9550f063e8a22a19ee4326ca1156103|6a49609200cd54bad7502c1381d9721caeb4bfd298c5a7ac2a5effc5165dd643|6e06015c4fcdc28c448dac7b3c1c59cace3949f642d1ef952b369d2f1ffeae31|8b2ff1aaee617177379692a16091dd8e45246fc2aabdfb843bc007d3c9ec7da9,0.05
interval,C04,FD004,primary,mean,,normalized_interval_score,1.617549152691269,0.12915037806602478,1.4600203116056567,1.8035330345367566,5,5,3bf92063fd99e23b7cbdf6a439a2fc4344807710,outputs/c04_final_hardened_3bf9206,C04_FD004_3bf92063fd99_seed_101|C04_FD004_3bf92063fd99_seed_13|C04_FD004_3bf92063fd99_seed_137|C04_FD004_3bf92063fd99_seed_37|C04_FD004_3bf92063fd99_seed_73,1c08faede2582624803d4b9cfb0b1506c4b1b42083a2a1dea7a2959bc3121108|288229b7f42eaea4421ebce9b2ffa23fc9550f063e8a22a19ee4326ca1156103|6a49609200cd54bad7502c1381d9721caeb4bfd298c5a7ac2a5effc5165dd643|6e06015c4fcdc28c448dac7b3c1c59cace3949f642d1ef952b369d2f1ffeae31|8b2ff1aaee617177379692a16091dd8e45246fc2aabdfb843bc007d3c9ec7da9,0.05
interval,C04,FD004,primary,mean,,coverage,0.793548387096774,0.0044171173992352064,0.7903225806451613,0.7983870967741935,5,5,3bf92063fd99e23b7cbdf6a439a2fc4344807710,outputs/c04_final_hardened_3bf9206,C04_FD004_3bf92063fd99_seed_101|C04_FD004_3bf92063fd99_seed_13|C04_FD004_3bf92063fd99_seed_137|C04_FD004_3bf92063fd99_seed_37|C04_FD004_3bf92063fd99_seed_73,1c08faede2582624803d4b9cfb0b1506c4b1b42083a2a1dea7a2959bc3121108|288229b7f42eaea4421ebce9b2ffa23fc9550f063e8a22a19ee4326ca1156103|6a49609200cd54bad7502c1381d9721caeb4bfd298c5a7ac2a5effc5165dd643|6e06015c4fcdc28c448dac7b3c1c59cace3949f642d1ef952b369d2f1ffeae31|8b2ff1aaee617177379692a16091dd8e45246fc2aabdfb843bc007d3c9ec7da9,0.1
interval,C04,FD004,primary,mean,,mean_width,117.19364408640861,5.069528804325007,110.65491183879092,122.96426869938067,5,5,3bf92063fd99e23b7cbdf6a439a2fc4344807710,outputs/c04_final_hardened_3bf9206,C04_FD004_3bf92063fd99_seed_101|C04_FD004_3bf92063fd99_seed_13|C04_FD004_3bf92063fd99_seed_137|C04_FD004_3bf92063fd99_seed_37|C04_FD004_3bf92063fd99_seed_73,1c08faede2582624803d4b9cfb0b1506c4b1b42083a2a1dea7a2959bc3121108|288229b7f42eaea4421ebce9b2ffa23fc9550f063e8a22a19ee4326ca1156103|6a49609200cd54bad7502c1381d9721caeb4bfd298c5a7ac2a5effc5165dd643|6e06015c4fcdc28c448dac7b3c1c59cace3949f642d1ef952b369d2f1ffeae31|8b2ff1aaee617177379692a16091dd8e45246fc2aabdfb843bc007d3c9ec7da9,0.1
interval,C04,FD004,primary,mean,,normalized_interval_score,1.3936781849493336,0.02979012937437113,1.3576977309604952,1.433597550665789,5,5,3bf92063fd99e23b7cbdf6a439a2fc4344807710,outputs/c04_final_hardened_3bf9206,C04_FD004_3bf92063fd99_seed_101|C04_FD004_3bf92063fd99_seed_13|C04_FD004_3bf92063fd99_seed_137|C04_FD004_3bf92063fd99_seed_37|C04_FD004_3bf92063fd99_seed_73,1c08faede2582624803d4b9cfb0b1506c4b1b42083a2a1dea7a2959bc3121108|288229b7f42eaea4421ebce9b2ffa23fc9550f063e8a22a19ee4326ca1156103|6a49609200cd54bad7502c1381d9721caeb4bfd298c5a7ac2a5effc5165dd643|6e06015c4fcdc28c448dac7b3c1c59cace3949f642d1ef952b369d2f1ffeae31|8b2ff1aaee617177379692a16091dd8e45246fc2aabdfb843bc007d3c9ec7da9,0.1
interval,C04,FD004,primary,ridge,,coverage,0.3798387096774193,0.03305467989019224,0.3467741935483871,0.42338709677419356,5,5,3bf92063fd99e23b7cbdf6a439a2fc4344807710,outputs/c04_final_hardened_3bf9206,C04_FD004_3bf92063fd99_seed_101|C04_FD004_3bf92063fd99_seed_13|C04_FD004_3bf92063fd99_seed_137|C04_FD004_3bf92063fd99_seed_37|C04_FD004_3bf92063fd99_seed_73,1c08faede2582624803d4b9cfb0b1506c4b1b42083a2a1dea7a2959bc3121108|288229b7f42eaea4421ebce9b2ffa23fc9550f063e8a22a19ee4326ca1156103|6a49609200cd54bad7502c1381d9721caeb4bfd298c5a7ac2a5effc5165dd643|6e06015c4fcdc28c448dac7b3c1c59cace3949f642d1ef952b369d2f1ffeae31|8b2ff1aaee617177379692a16091dd8e45246fc2aabdfb843bc007d3c9ec7da9,0.05
interval,C04,FD004,primary,ridge,,mean_width,80.20050388169773,13.345958664676916,67.94330808288399,102.88065205539169,5,5,3bf92063fd99e23b7cbdf6a439a2fc4344807710,outputs/c04_final_hardened_3bf9206,C04_FD004_3bf92063fd99_seed_101|C04_FD004_3bf92063fd99_seed_13|C04_FD004_3bf92063fd99_seed_137|C04_FD004_3bf92063fd99_seed_37|C04_FD004_3bf92063fd99_seed_73,1c08faede2582624803d4b9cfb0b1506c4b1b42083a2a1dea7a2959bc3121108|288229b7f42eaea4421ebce9b2ffa23fc9550f063e8a22a19ee4326ca1156103|6a49609200cd54bad7502c1381d9721caeb4bfd298c5a7ac2a5effc5165dd643|6e06015c4fcdc28c448dac7b3c1c59cace3949f642d1ef952b369d2f1ffeae31|8b2ff1aaee617177379692a16091dd8e45246fc2aabdfb843bc007d3c9ec7da9,0.05
interval,C04,FD004,primary,ridge,,normalized_interval_score,11.564604556694684,1.1496597146170067,9.81276570423603,12.677213619871324,5,5,3bf92063fd99e23b7cbdf6a439a2fc4344807710,outputs/c04_final_hardened_3bf9206,C04_FD004_3bf92063fd99_seed_101|C04_FD004_3bf92063fd99_seed_13|C04_FD004_3bf92063fd99_seed_137|C04_FD004_3bf92063fd99_seed_37|C04_FD004_3bf92063fd99_seed_73,1c08faede2582624803d4b9cfb0b1506c4b1b42083a2a1dea7a2959bc3121108|288229b7f42eaea4421ebce9b2ffa23fc9550f063e8a22a19ee4326ca1156103|6a49609200cd54bad7502c1381d9721caeb4bfd298c5a7ac2a5effc5165dd643|6e06015c4fcdc28c448dac7b3c1c59cace3949f642d1ef952b369d2f1ffeae31|8b2ff1aaee617177379692a16091dd8e45246fc2aabdfb843bc007d3c9ec7da9,0.05
interval,C04,FD004,primary,ridge,,coverage,0.367741935483871,0.031024813002695724,0.33064516129032256,0.4112903225806452,5,5,3bf92063fd99e23b7cbdf6a439a2fc4344807710,outputs/c04_final_hardened_3bf9206,C04_FD004_3bf92063fd99_seed_101|C04_FD004_3bf92063fd99_seed_13|C04_FD004_3bf92063fd99_seed_137|C04_FD004_3bf92063fd99_seed_37|C04_FD004_3bf92063fd99_seed_73,1c08faede2582624803d4b9cfb0b1506c4b1b42083a2a1dea7a2959bc3121108|288229b7f42eaea4421ebce9b2ffa23fc9550f063e8a22a19ee4326ca1156103|6a49609200cd54bad7502c1381d9721caeb4bfd298c5a7ac2a5effc5165dd643|6e06015c4fcdc28c448dac7b3c1c59cace3949f642d1ef952b369d2f1ffeae31|8b2ff1aaee617177379692a16091dd8e45246fc2aabdfb843bc007d3c9ec7da9,0.1
interval,C04,FD004,primary,ridge,,mean_width,76.68337517323694,13.37781045662287,63.421922820413904,99.27901279576182,5,5,3bf92063fd99e23b7cbdf6a439a2fc4344807710,outputs/c04_final_hardened_3bf9206,C04_FD004_3bf92063fd99_seed_101|C04_FD004_3bf92063fd99_seed_13|C04_FD004_3bf92063fd99_seed_137|C04_FD004_3bf92063fd99_seed_37|C04_FD004_3bf92063fd99_seed_73,1c08faede2582624803d4b9cfb0b1506c4b1b42083a2a1dea7a2959bc3121108|288229b7f42eaea4421ebce9b2ffa23fc9550f063e8a22a19ee4326ca1156103|6a49609200cd54bad7502c1381d9721caeb4bfd298c5a7ac2a5effc5165dd643|6e06015c4fcdc28c448dac7b3c1c59cace3949f642d1ef952b369d2f1ffeae31|8b2ff1aaee617177379692a16091dd8e45246fc2aabdfb843bc007d3c9ec7da9,0.1
interval,C04,FD004,primary,ridge,,normalized_interval_score,6.249761255459692,0.5186251032891637,5.456575370694732,6.813814354115341,5,5,3bf92063fd99e23b7cbdf6a439a2fc4344807710,outputs/c04_final_hardened_3bf9206,C04_FD004_3bf92063fd99_seed_101|C04_FD004_3bf92063fd99_seed_13|C04_FD004_3bf92063fd99_seed_137|C04_FD004_3bf92063fd99_seed_37|C04_FD004_3bf92063fd99_seed_73,1c08faede2582624803d4b9cfb0b1506c4b1b42083a2a1dea7a2959bc3121108|288229b7f42eaea4421ebce9b2ffa23fc9550f063e8a22a19ee4326ca1156103|6a49609200cd54bad7502c1381d9721caeb4bfd298c5a7ac2a5effc5165dd643|6e06015c4fcdc28c448dac7b3c1c59cace3949f642d1ef952b369d2f1ffeae31|8b2ff1aaee617177379692a16091dd8e45246fc2aabdfb843bc007d3c9ec7da9,0.1
interval,C05,FD002,primary,hist_gradient_boosting,,coverage,0.7042471042471042,0.08999535375573174,0.5791505791505791,0.806949806949807,5,5,0cfbe6357863e5bffcf4b3223823d1323fd86b0a,outputs/c05_final_bounded_0cfbe63,C05_FD002_0cfbe6357863_seed_101|C05_FD002_0cfbe6357863_seed_13|C05_FD002_0cfbe6357863_seed_137|C05_FD002_0cfbe6357863_seed_37|C05_FD002_0cfbe6357863_seed_73,1e95a13993dad8fb4c5db1d71a8ec149792edbaad0e4a83cf95ad506a3aa4b1c|3a4301dbf785b66065f41e6606400b7adda5445c868f9692a2d2af904fe2616a|70d7be6bf67e11cf173126f71cafab59bc9610c729270ecc14bc6c9199780609|99352554768cf7505302650644f9471ae66c5ae7a06713d578b73209ca6bc14b|ff59ec61b276ad590c54f60902a1c198b9e920da5130c6a0e9f543191c012847,0.05
interval,C05,FD002,primary,hist_gradient_boosting,,mean_width,83.02268676665383,13.385756435292352,68.16806865763319,96.58717531017419,5,5,0cfbe6357863e5bffcf4b3223823d1323fd86b0a,outputs/c05_final_bounded_0cfbe63,C05_FD002_0cfbe6357863_seed_101|C05_FD002_0cfbe6357863_seed_13|C05_FD002_0cfbe6357863_seed_137|C05_FD002_0cfbe6357863_seed_37|C05_FD002_0cfbe6357863_seed_73,1e95a13993dad8fb4c5db1d71a8ec149792edbaad0e4a83cf95ad506a3aa4b1c|3a4301dbf785b66065f41e6606400b7adda5445c868f9692a2d2af904fe2616a|70d7be6bf67e11cf173126f71cafab59bc9610c729270ecc14bc6c9199780609|99352554768cf7505302650644f9471ae66c5ae7a06713d578b73209ca6bc14b|ff59ec61b276ad590c54f60902a1c198b9e920da5130c6a0e9f543191c012847,0.05
interval,C05,FD002,primary,hist_gradient_boosting,,normalized_interval_score,1.938737722566111,0.6216300413634145,1.1546404101295635,2.7064442377352256,5,5,0cfbe6357863e5bffcf4b3223823d1323fd86b0a,outputs/c05_final_bounded_0cfbe63,C05_FD002_0cfbe6357863_seed_101|C05_FD002_0cfbe6357863_seed_13|C05_FD002_0cfbe6357863_seed_137|C05_FD002_0cfbe6357863_seed_37|C05_FD002_0cfbe6357863_seed_73,1e95a13993dad8fb4c5db1d71a8ec149792edbaad0e4a83cf95ad506a3aa4b1c|3a4301dbf785b66065f41e6606400b7adda5445c868f9692a2d2af904fe2616a|70d7be6bf67e11cf173126f71cafab59bc9610c729270ecc14bc6c9199780609|99352554768cf7505302650644f9471ae66c5ae7a06713d578b73209ca6bc14b|ff59ec61b276ad590c54f60902a1c198b9e920da5130c6a0e9f543191c012847,0.05
interval,C05,FD002,primary,hist_gradient_boosting,,coverage,0.5891891891891892,0.1255746618222626,0.4247104247104247,0.7104247104247104,5,5,0cfbe6357863e5bffcf4b3223823d1323fd86b0a,outputs/c05_final_bounded_0cfbe63,C05_FD002_0cfbe6357863_seed_101|C05_FD002_0cfbe6357863_seed_13|C05_FD002_0cfbe6357863_seed_137|C05_FD002_0cfbe6357863_seed_37|C05_FD002_0cfbe6357863_seed_73,1e95a13993dad8fb4c5db1d71a8ec149792edbaad0e4a83cf95ad506a3aa4b1c|3a4301dbf785b66065f41e6606400b7adda5445c868f9692a2d2af904fe2616a|70d7be6bf67e11cf173126f71cafab59bc9610c729270ecc14bc6c9199780609|99352554768cf7505302650644f9471ae66c5ae7a06713d578b73209ca6bc14b|ff59ec61b276ad590c54f60902a1c198b9e920da5130c6a0e9f543191c012847,0.1
interval,C05,FD002,primary,hist_gradient_boosting,,mean_width,70.36879318538327,8.32722714222057,59.25950915956047,79.68830959567981,5,5,0cfbe6357863e5bffcf4b3223823d1323fd86b0a,outputs/c05_final_bounded_0cfbe63,C05_FD002_0cfbe6357863_seed_101|C05_FD002_0cfbe6357863_seed_13|C05_FD002_0cfbe6357863_seed_137|C05_FD002_0cfbe6357863_seed_37|C05_FD002_0cfbe6357863_seed_73,1e95a13993dad8fb4c5db1d71a8ec149792edbaad0e4a83cf95ad506a3aa4b1c|3a4301dbf785b66065f41e6606400b7adda5445c868f9692a2d2af904fe2616a|70d7be6bf67e11cf173126f71cafab59bc9610c729270ecc14bc6c9199780609|99352554768cf7505302650644f9471ae66c5ae7a06713d578b73209ca6bc14b|ff59ec61b276ad590c54f60902a1c198b9e920da5130c6a0e9f543191c012847,0.1
interval,C05,FD002,primary,hist_gradient_boosting,,normalized_interval_score,1.5475942733514862,0.2995178621905602,1.0954909795406338,1.8782628378133446,5,5,0cfbe6357863e5bffcf4b3223823d1323fd86b0a,outputs/c05_final_bounded_0cfbe63,C05_FD002_0cfbe6357863_seed_101|C05_FD002_0cfbe6357863_seed_13|C05_FD002_0cfbe6357863_seed_137|C05_FD002_0cfbe6357863_seed_37|C05_FD002_0cfbe6357863_seed_73,1e95a13993dad8fb4c5db1d71a8ec149792edbaad0e4a83cf95ad506a3aa4b1c|3a4301dbf785b66065f41e6606400b7adda5445c868f9692a2d2af904fe2616a|70d7be6bf67e11cf173126f71cafab59bc9610c729270ecc14bc6c9199780609|99352554768cf7505302650644f9471ae66c5ae7a06713d578b73209ca6bc14b|ff59ec61b276ad590c54f60902a1c198b9e920da5130c6a0e9f543191c012847,0.1
interval,C05,FD002,primary,mean,,coverage,0.7853281853281853,0.01112344424006788,0.7722007722007722,0.7992277992277992,5,5,0cfbe6357863e5bffcf4b3223823d1323fd86b0a,outputs/c05_final_bounded_0cfbe63,C05_FD002_0cfbe6357863_seed_101|C05_FD002_0cfbe6357863_seed_13|C05_FD002_0cfbe6357863_seed_137|C05_FD002_0cfbe6357863_seed_37|C05_FD002_0cfbe6357863_seed_73,1e95a13993dad8fb4c5db1d71a8ec149792edbaad0e4a83cf95ad506a3aa4b1c|3a4301dbf785b66065f41e6606400b7adda5445c868f9692a2d2af904fe2616a|70d7be6bf67e11cf173126f71cafab59bc9610c729270ecc14bc6c9199780609|99352554768cf7505302650644f9471ae66c5ae7a06713d578b73209ca6bc14b|ff59ec61b276ad590c54f60902a1c198b9e920da5130c6a0e9f543191c012847,0.05
interval,C05,FD002,primary,mean,,mean_width,127.19364408640861,5.417147209238678,119.79646802677205,135.08318411199738,5,5,0cfbe6357863e5bffcf4b3223823d1323fd86b0a,outputs/c05_final_bounded_0cfbe63,C05_FD002_0cfbe6357863_seed_101|C05_FD002_0cfbe6357863_seed_13|C05_FD002_0cfbe6357863_seed_137|C05_FD002_0cfbe6357863_seed_37|C05_FD002_0cfbe6357863_seed_73,1e95a13993dad8fb4c5db1d71a8ec149792edbaad0e4a83cf95ad506a3aa4b1c|3a4301dbf785b66065f41e6606400b7adda5445c868f9692a2d2af904fe2616a|70d7be6bf67e11cf173126f71cafab59bc9610c729270ecc14bc6c9199780609|99352554768cf7505302650644f9471ae66c5ae7a06713d578b73209ca6bc14b|ff59ec61b276ad590c54f60902a1c198b9e920da5130c6a0e9f543191c012847,0.05
interval,C05,FD002,primary,mean,,normalized_interval_score,1.7801128592549755,0.1606904714563914,1.572402924633431,2.0036227094651413,5,5,0cfbe6357863e5bffcf4b3223823d1323fd86b0a,outputs/c05_final_bounded_0cfbe63,C05_FD002_0cfbe6357863_seed_101|C05_FD002_0cfbe6357863_seed_13|C05_FD002_0cfbe6357863_seed_137|C05_FD002_0cfbe6357863_seed_37|C05_FD002_0cfbe6357863_seed_73,1e95a13993dad8fb4c5db1d71a8ec149792edbaad0e4a83cf95ad506a3aa4b1c|3a4301dbf785b66065f41e6606400b7adda5445c868f9692a2d2af904fe2616a|70d7be6bf67e11cf173126f71cafab59bc9610c729270ecc14bc6c9199780609|99352554768cf7505302650644f9471ae66c5ae7a06713d578b73209ca6bc14b|ff59ec61b276ad590c54f60902a1c198b9e920da5130c6a0e9f543191c012847,0.05
interval,C05,FD002,primary,mean,,coverage,0.7714285714285715,0.004229517818572703,0.7683397683397684,0.7760617760617761,5,5,0cfbe6357863e5bffcf4b3223823d1323fd86b0a,outputs/c05_final_bounded_0cfbe63,C05_FD002_0cfbe6357863_seed_101|C05_FD002_0cfbe6357863_seed_13|C05_FD002_0cfbe6357863_seed_137|C05_FD002_0cfbe6357863_seed_37|C05_FD002_0cfbe6357863_seed_73,1e95a13993dad8fb4c5db1d71a8ec149792edbaad0e4a83cf95ad506a3aa4b1c|3a4301dbf785b66065f41e6606400b7adda5445c868f9692a2d2af904fe2616a|70d7be6bf67e11cf173126f71cafab59bc9610c729270ecc14bc6c9199780609|99352554768cf7505302650644f9471ae66c5ae7a06713d578b73209ca6bc14b|ff59ec61b276ad590c54f60902a1c198b9e920da5130c6a0e9f543191c012847,0.1
interval,C05,FD002,primary,mean,,mean_width,117.19364408640861,5.069528804325007,110.65491183879091,122.96426869938065,5,5,0cfbe6357863e5bffcf4b3223823d1323fd86b0a,outputs/c05_final_bounded_0cfbe63,C05_FD002_0cfbe6357863_seed_101|C05_FD002_0cfbe6357863_seed_13|C05_FD002_0cfbe6357863_seed_137|C05_FD002_0cfbe6357863_seed_37|C05_FD002_0cfbe6357863_seed_73,1e95a13993dad8fb4c5db1d71a8ec149792edbaad0e4a83cf95ad506a3aa4b1c|3a4301dbf785b66065f41e6606400b7adda5445c868f9692a2d2af904fe2616a|70d7be6bf67e11cf173126f71cafab59bc9610c729270ecc14bc6c9199780609|99352554768cf7505302650644f9471ae66c5ae7a06713d578b73209ca6bc14b|ff59ec61b276ad590c54f60902a1c198b9e920da5130c6a0e9f543191c012847,0.1
interval,C05,FD002,primary,mean,,normalized_interval_score,1.4974873766294927,0.03616235602765009,1.4548430790735853,1.54419413803657,5,5,0cfbe6357863e5bffcf4b3223823d1323fd86b0a,outputs/c05_final_bounded_0cfbe63,C05_FD002_0cfbe6357863_seed_101|C05_FD002_0cfbe6357863_seed_13|C05_FD002_0cfbe6357863_seed_137|C05_FD002_0cfbe6357863_seed_37|C05_FD002_0cfbe6357863_seed_73,1e95a13993dad8fb4c5db1d71a8ec149792edbaad0e4a83cf95ad506a3aa4b1c|3a4301dbf785b66065f41e6606400b7adda5445c868f9692a2d2af904fe2616a|70d7be6bf67e11cf173126f71cafab59bc9610c729270ecc14bc6c9199780609|99352554768cf7505302650644f9471ae66c5ae7a06713d578b73209ca6bc14b|ff59ec61b276ad590c54f60902a1c198b9e920da5130c6a0e9f543191c012847,0.1
interval,C05,FD002,primary,ridge,,coverage,0.3413127413127413,0.03905152991039469,0.30115830115830117,0.4015444015444015,5,5,0cfbe6357863e5bffcf4b3223823d1323fd86b0a,outputs/c05_final_bounded_0cfbe63,C05_FD002_0cfbe6357863_seed_101|C05_FD002_0cfbe6357863_seed_13|C05_FD002_0cfbe6357863_seed_137|C05_FD002_0cfbe6357863_seed_37|C05_FD002_0cfbe6357863_seed_73,1e95a13993dad8fb4c5db1d71a8ec149792edbaad0e4a83cf95ad506a3aa4b1c|3a4301dbf785b66065f41e6606400b7adda5445c868f9692a2d2af904fe2616a|70d7be6bf67e11cf173126f71cafab59bc9610c729270ecc14bc6c9199780609|99352554768cf7505302650644f9471ae66c5ae7a06713d578b73209ca6bc14b|ff59ec61b276ad590c54f60902a1c198b9e920da5130c6a0e9f543191c012847,0.05
interval,C05,FD002,primary,ridge,,mean_width,80.20050388169773,13.345958664676914,67.94330808288399,102.88065205539169,5,5,0cfbe6357863e5bffcf4b3223823d1323fd86b0a,outputs/c05_final_bounded_0cfbe63,C05_FD002_0cfbe6357863_seed_101|C05_FD002_0cfbe6357863_seed_13|C05_FD002_0cfbe6357863_seed_137|C05_FD002_0cfbe6357863_seed_37|C05_FD002_0cfbe6357863_seed_73,1e95a13993dad8fb4c5db1d71a8ec149792edbaad0e4a83cf95ad506a3aa4b1c|3a4301dbf785b66065f41e6606400b7adda5445c868f9692a2d2af904fe2616a|70d7be6bf67e11cf173126f71cafab59bc9610c729270ecc14bc6c9199780609|99352554768cf7505302650644f9471ae66c5ae7a06713d578b73209ca6bc14b|ff59ec61b276ad590c54f60902a1c198b9e920da5130c6a0e9f543191c012847,0.05
interval,C05,FD002,primary,ridge,,normalized_interval_score,11.85817231329247,1.2075740413788294,9.916171969440379,13.036063058947546,5,5,0cfbe6357863e5bffcf4b3223823d1323fd86b0a,outputs/c05_final_bounded_0cfbe63,C05_FD002_0cfbe6357863_seed_101|C05_FD002_0cfbe6357863_seed_13|C05_FD002_0cfbe6357863_seed_137|C05_FD002_0cfbe6357863_seed_37|C05_FD002_0cfbe6357863_seed_73,1e95a13993dad8fb4c5db1d71a8ec149792edbaad0e4a83cf95ad506a3aa4b1c|3a4301dbf785b66065f41e6606400b7adda5445c868f9692a2d2af904fe2616a|70d7be6bf67e11cf173126f71cafab59bc9610c729270ecc14bc6c9199780609|99352554768cf7505302650644f9471ae66c5ae7a06713d578b73209ca6bc14b|ff59ec61b276ad590c54f60902a1c198b9e920da5130c6a0e9f543191c012847,0.05
interval,C05,FD002,primary,ridge,,coverage,0.32895752895752894,0.03574297084488995,0.28957528957528955,0.3861003861003861,5,5,0cfbe6357863e5bffcf4b3223823d1323fd86b0a,outputs/c05_final_bounded_0cfbe63,C05_FD002_0cfbe6357863_seed_101|C05_FD002_0cfbe6357863_seed_13|C05_FD002_0cfbe6357863_seed_137|C05_FD002_0cfbe6357863_seed_37|C05_FD002_0cfbe6357863_seed_73,1e95a13993dad8fb4c5db1d71a8ec149792edbaad0e4a83cf95ad506a3aa4b1c|3a4301dbf785b66065f41e6606400b7adda5445c868f9692a2d2af904fe2616a|70d7be6bf67e11cf173126f71cafab59bc9610c729270ecc14bc6c9199780609|99352554768cf7505302650644f9471ae66c5ae7a06713d578b73209ca6bc14b|ff59ec61b276ad590c54f60902a1c198b9e920da5130c6a0e9f543191c012847,0.1
interval,C05,FD002,primary,ridge,,mean_width,76.68337517323693,13.377810456622868,63.4219228204139,99.2790127957618,5,5,0cfbe6357863e5bffcf4b3223823d1323fd86b0a,outputs/c05_final_bounded_0cfbe63,C05_FD002_0cfbe6357863_seed_101|C05_FD002_0cfbe6357863_seed_13|C05_FD002_0cfbe6357863_seed_137|C05_FD002_0cfbe6357863_seed_37|C05_FD002_0cfbe6357863_seed_73,1e95a13993dad8fb4c5db1d71a8ec149792edbaad0e4a83cf95ad506a3aa4b1c|3a4301dbf785b66065f41e6606400b7adda5445c868f9692a2d2af904fe2616a|70d7be6bf67e11cf173126f71cafab59bc9610c729270ecc14bc6c9199780609|99352554768cf7505302650644f9471ae66c5ae7a06713d578b73209ca6bc14b|ff59ec61b276ad590c54f60902a1c198b9e920da5130c6a0e9f543191c012847,0.1
interval,C05,FD002,primary,ridge,,normalized_interval_score,6.40795825756031,0.5549501335565588,5.51473772876729,7.007565714932067,5,5,0cfbe6357863e5bffcf4b3223823d1323fd86b0a,outputs/c05_final_bounded_0cfbe63,C05_FD002_0cfbe6357863_seed_101|C05_FD002_0cfbe6357863_seed_13|C05_FD002_0cfbe6357863_seed_137|C05_FD002_0cfbe6357863_seed_37|C05_FD002_0cfbe6357863_seed_73,1e95a13993dad8fb4c5db1d71a8ec149792edbaad0e4a83cf95ad506a3aa4b1c|3a4301dbf785b66065f41e6606400b7adda5445c868f9692a2d2af904fe2616a|70d7be6bf67e11cf173126f71cafab59bc9610c729270ecc14bc6c9199780609|99352554768cf7505302650644f9471ae66c5ae7a06713d578b73209ca6bc14b|ff59ec61b276ad590c54f60902a1c198b9e920da5130c6a0e9f543191c012847,0.1
interval,C05,FD003,primary,hist_gradient_boosting,,coverage,0.9099999999999999,0.05958187643906493,0.83,0.98,5,5,0cfbe6357863e5bffcf4b3223823d1323fd86b0a,outputs/c05_final_bounded_0cfbe63,C05_FD003_0cfbe6357863_seed_101|C05_FD003_0cfbe6357863_seed_13|C05_FD003_0cfbe6357863_seed_137|C05_FD003_0cfbe6357863_seed_37|C05_FD003_0cfbe6357863_seed_73,2e997dcc66a0d456dfc1ac9131ab7917bf2a897f53d564aba60576512fb35537|60882fe97a3f29d6b2a2067e4ebbaa3ff993a5bb00b5d52872a73d2045c22fce|9c1d792e662e378d8c99795993e7d7ecaffcaa1bbe21d144f6cc2849ce1ef497|b514239b17d8c782e8fc9717591c9d6b8130e7089f536fa1d841866d41866542|ca1794ba628bebb8ae304a79b285fc8165758b95665cb7568c0d758e008827b0,0.05
interval,C05,FD003,primary,hist_gradient_boosting,,mean_width,83.02268676665383,13.385756435292354,68.16806865763317,96.5871753101742,5,5,0cfbe6357863e5bffcf4b3223823d1323fd86b0a,outputs/c05_final_bounded_0cfbe63,C05_FD003_0cfbe6357863_seed_101|C05_FD003_0cfbe6357863_seed_13|C05_FD003_0cfbe6357863_seed_137|C05_FD003_0cfbe6357863_seed_37|C05_FD003_0cfbe6357863_seed_73,2e997dcc66a0d456dfc1ac9131ab7917bf2a897f53d564aba60576512fb35537|60882fe97a3f29d6b2a2067e4ebbaa3ff993a5bb00b5d52872a73d2045c22fce|9c1d792e662e378d8c99795993e7d7ecaffcaa1bbe21d144f6cc2849ce1ef497|b514239b17d8c782e8fc9717591c9d6b8130e7089f536fa1d841866d41866542|ca1794ba628bebb8ae304a79b285fc8165758b95665cb7568c0d758e008827b0,0.05
interval,C05,FD003,primary,hist_gradient_boosting,,normalized_interval_score,0.9370832335785227,0.18428773611386742,0.7864243227289782,1.2440723061504837,5,5,0cfbe6357863e5bffcf4b3223823d1323fd86b0a,outputs/c05_final_bounded_0cfbe63,C05_FD003_0cfbe6357863_seed_101|C05_FD003_0cfbe6357863_seed_13|C05_FD003_0cfbe6357863_seed_137|C05_FD003_0cfbe6357863_seed_37|C05_FD003_0cfbe6357863_seed_73,2e997dcc66a0d456dfc1ac9131ab7917bf2a897f53d564aba60576512fb35537|60882fe97a3f29d6b2a2067e4ebbaa3ff993a5bb00b5d52872a73d2045c22fce|9c1d792e662e378d8c99795993e7d7ecaffcaa1bbe21d144f6cc2849ce1ef497|b514239b17d8c782e8fc9717591c9d6b8130e7089f536fa1d841866d41866542|ca1794ba628bebb8ae304a79b285fc8165758b95665cb7568c0d758e008827b0,0.05
interval,C05,FD003,primary,hist_gradient_boosting,,coverage,0.8460000000000001,0.06580273550544843,0.76,0.93,5,5,0cfbe6357863e5bffcf4b3223823d1323fd86b0a,outputs/c05_final_bounded_0cfbe63,C05_FD003_0cfbe6357863_seed_101|C05_FD003_0cfbe6357863_seed_13|C05_FD003_0cfbe6357863_seed_137|C05_FD003_0cfbe6357863_seed_37|C05_FD003_0cfbe6357863_seed_73,2e997dcc66a0d456dfc1ac9131ab7917bf2a897f53d564aba60576512fb35537|60882fe97a3f29d6b2a2067e4ebbaa3ff993a5bb00b5d52872a73d2045c22fce|9c1d792e662e378d8c99795993e7d7ecaffcaa1bbe21d144f6cc2849ce1ef497|b514239b17d8c782e8fc9717591c9d6b8130e7089f536fa1d841866d41866542|ca1794ba628bebb8ae304a79b285fc8165758b95665cb7568c0d758e008827b0,0.1
interval,C05,FD003,primary,hist_gradient_boosting,,mean_width,70.75207690545042,8.888604571353778,59.25950915956047,81.60472819601564,5,5,0cfbe6357863e5bffcf4b3223823d1323fd86b0a,outputs/c05_final_bounded_0cfbe63,C05_FD003_0cfbe6357863_seed_101|C05_FD003_0cfbe6357863_seed_13|C05_FD003_0cfbe6357863_seed_137|C05_FD003_0cfbe6357863_seed_37|C05_FD003_0cfbe6357863_seed_73,2e997dcc66a0d456dfc1ac9131ab7917bf2a897f53d564aba60576512fb35537|60882fe97a3f29d6b2a2067e4ebbaa3ff993a5bb00b5d52872a73d2045c22fce|9c1d792e662e378d8c99795993e7d7ecaffcaa1bbe21d144f6cc2849ce1ef497|b514239b17d8c782e8fc9717591c9d6b8130e7089f536fa1d841866d41866542|ca1794ba628bebb8ae304a79b285fc8165758b95665cb7568c0d758e008827b0,0.1
interval,C05,FD003,primary,hist_gradient_boosting,,normalized_interval_score,0.8026769148492374,0.11107310919395372,0.7097525522094511,0.9712122402520348,5,5,0cfbe6357863e5bffcf4b3223823d1323fd86b0a,outputs/c05_final_bounded_0cfbe63,C05_FD003_0cfbe6357863_seed_101|C05_FD003_0cfbe6357863_seed_13|C05_FD003_0cfbe6357863_seed_137|C05_FD003_0cfbe6357863_seed_37|C05_FD003_0cfbe6357863_seed_73,2e997dcc66a0d456dfc1ac9131ab7917bf2a897f53d564aba60576512fb35537|60882fe97a3f29d6b2a2067e4ebbaa3ff993a5bb00b5d52872a73d2045c22fce|9c1d792e662e378d8c99795993e7d7ecaffcaa1bbe21d144f6cc2849ce1ef497|b514239b17d8c782e8fc9717591c9d6b8130e7089f536fa1d841866d41866542|ca1794ba628bebb8ae304a79b285fc8165758b95665cb7568c0d758e008827b0,0.1
interval,C05,FD003,primary,mean,,coverage,0.8540000000000001,0.01140175425099139,0.84,0.87,5,5,0cfbe6357863e5bffcf4b3223823d1323fd86b0a,outputs/c05_final_bounded_0cfbe63,C05_FD003_0cfbe6357863_seed_101|C05_FD003_0cfbe6357863_seed_13|C05_FD003_0cfbe6357863_seed_137|C05_FD003_0cfbe6357863_seed_37|C05_FD003_0cfbe6357863_seed_73,2e997dcc66a0d456dfc1ac9131ab7917bf2a897f53d564aba60576512fb35537|60882fe97a3f29d6b2a2067e4ebbaa3ff993a5bb00b5d52872a73d2045c22fce|9c1d792e662e378d8c99795993e7d7ecaffcaa1bbe21d144f6cc2849ce1ef497|b514239b17d8c782e8fc9717591c9d6b8130e7089f536fa1d841866d41866542|ca1794ba628bebb8ae304a79b285fc8165758b95665cb7568c0d758e008827b0,0.05
interval,C05,FD003,primary,mean,,mean_width,127.19364408640863,5.417147209238673,119.79646802677206,135.08318411199738,5,5,0cfbe6357863e5bffcf4b3223823d1323fd86b0a,outputs/c05_final_bounded_0cfbe63,C05_FD003_0cfbe6357863_seed_101|C05_FD003_0cfbe6357863_seed_13|C05_FD003_0cfbe6357863_seed_137|C05_FD003_0cfbe6357863_seed_37|C05_FD003_0cfbe6357863_seed_73,2e997dcc66a0d456dfc1ac9131ab7917bf2a897f53d564aba60576512fb35537|60882fe97a3f29d6b2a2067e4ebbaa3ff993a5bb00b5d52872a73d2045c22fce|9c1d792e662e378d8c99795993e7d7ecaffcaa1bbe21d144f6cc2849ce1ef497|b514239b17d8c782e8fc9717591c9d6b8130e7089f536fa1d841866d41866542|ca1794ba628bebb8ae304a79b285fc8165758b95665cb7568c0d758e008827b0,0.05
interval,C05,FD003,primary,mean,,normalized_interval_score,1.504589152691269,0.09702708011016109,1.3846654728959789,1.6399717442141764,5,5,0cfbe6357863e5bffcf4b3223823d1323fd86b0a,outputs/c05_final_bounded_0cfbe63,C05_FD003_0cfbe6357863_seed_101|C05_FD003_0cfbe6357863_seed_13|C05_FD003_0cfbe6357863_seed_137|C05_FD003_0cfbe6357863_seed_37|C05_FD003_0cfbe6357863_seed_73,2e997dcc66a0d456dfc1ac9131ab7917bf2a897f53d564aba60576512fb35537|60882fe97a3f29d6b2a2067e4ebbaa3ff993a5bb00b5d52872a73d2045c22fce|9c1d792e662e378d8c99795993e7d7ecaffcaa1bbe21d144f6cc2849ce1ef497|b514239b17d8c782e8fc9717591c9d6b8130e7089f536fa1d841866d41866542|ca1794ba628bebb8ae304a79b285fc8165758b95665cb7568c0d758e008827b0,0.05
interval,C05,FD003,primary,mean,,coverage,0.82,0.019999999999999962,0.8,0.84,5,5,0cfbe6357863e5bffcf4b3223823d1323fd86b0a,outputs/c05_final_bounded_0cfbe63,C05_FD003_0cfbe6357863_seed_101|C05_FD003_0cfbe6357863_seed_13|C05_FD003_0cfbe6357863_seed_137|C05_FD003_0cfbe6357863_seed_37|C05_FD003_0cfbe6357863_seed_73,2e997dcc66a0d456dfc1ac9131ab7917bf2a897f53d564aba60576512fb35537|60882fe97a3f29d6b2a2067e4ebbaa3ff993a5bb00b5d52872a73d2045c22fce|9c1d792e662e378d8c99795993e7d7ecaffcaa1bbe21d144f6cc2849ce1ef497|b514239b17d8c782e8fc9717591c9d6b8130e7089f536fa1d841866d41866542|ca1794ba628bebb8ae304a79b285fc8165758b95665cb7568c0d758e008827b0,0.1
interval,C05,FD003,primary,mean,,mean_width,117.19364408640863,5.069528804325026,110.65491183879088,122.96426869938068,5,5,0cfbe6357863e5bffcf4b3223823d1323fd86b0a,outputs/c05_final_bounded_0cfbe63,C05_FD003_0cfbe6357863_seed_101|C05_FD003_0cfbe6357863_seed_13|C05_FD003_0cfbe6357863_seed_137|C05_FD003_0cfbe6357863_seed_37|C05_FD003_0cfbe6357863_seed_73,2e997dcc66a0d456dfc1ac9131ab7917bf2a897f53d564aba60576512fb35537|60882fe97a3f29d6b2a2067e4ebbaa3ff993a5bb00b5d52872a73d2045c22fce|9c1d792e662e378d8c99795993e7d7ecaffcaa1bbe21d144f6cc2849ce1ef497|b514239b17d8c782e8fc9717591c9d6b8130e7089f536fa1d841866d41866542|ca1794ba628bebb8ae304a79b285fc8165758b95665cb7568c0d758e008827b0,0.1
interval,C05,FD003,primary,mean,,normalized_interval_score,1.3109891526912691,0.022547981618239198,1.283865472895979,1.3439717442141763,5,5,0cfbe6357863e5bffcf4b3223823d1323fd86b0a,outputs/c05_final_bounded_0cfbe63,C05_FD003_0cfbe6357863_seed_101|C05_FD003_0cfbe6357863_seed_13|C05_FD003_0cfbe6357863_seed_137|C05_FD003_0cfbe6357863_seed_37|C05_FD003_0cfbe6357863_seed_73,2e997dcc66a0d456dfc1ac9131ab7917bf2a897f53d564aba60576512fb35537|60882fe97a3f29d6b2a2067e4ebbaa3ff993a5bb00b5d52872a73d2045c22fce|9c1d792e662e378d8c99795993e7d7ecaffcaa1bbe21d144f6cc2849ce1ef497|b514239b17d8c782e8fc9717591c9d6b8130e7089f536fa1d841866d41866542|ca1794ba628bebb8ae304a79b285fc8165758b95665cb7568c0d758e008827b0,0.1
interval,C05,FD003,primary,ridge,,coverage,0.708,0.03962322551231788,0.66,0.76,5,5,0cfbe6357863e5bffcf4b3223823d1323fd86b0a,outputs/c05_final_bounded_0cfbe63,C05_FD003_0cfbe6357863_seed_101|C05_FD003_0cfbe6357863_seed_13|C05_FD003_0cfbe6357863_seed_137|C05_FD003_0cfbe6357863_seed_37|C05_FD003_0cfbe6357863_seed_73,2e997dcc66a0d456dfc1ac9131ab7917bf2a897f53d564aba60576512fb35537|60882fe97a3f29d6b2a2067e4ebbaa3ff993a5bb00b5d52872a73d2045c22fce|9c1d792e662e378d8c99795993e7d7ecaffcaa1bbe21d144f6cc2849ce1ef497|b514239b17d8c782e8fc9717591c9d6b8130e7089f536fa1d841866d41866542|ca1794ba628bebb8ae304a79b285fc8165758b95665cb7568c0d758e008827b0,0.05
interval,C05,FD003,primary,ridge,,mean_width,80.20050388169773,13.345958664676912,67.943308082884,102.88065205539169,5,5,0cfbe6357863e5bffcf4b3223823d1323fd86b0a,outputs/c05_final_bounded_0cfbe63,C05_FD003_0cfbe6357863_seed_101|C05_FD003_0cfbe6357863_seed_13|C05_FD003_0cfbe6357863_seed_137|C05_FD003_0cfbe6357863_seed_37|C05_FD003_0cfbe6357863_seed_73,2e997dcc66a0d456dfc1ac9131ab7917bf2a897f53d564aba60576512fb35537|60882fe97a3f29d6b2a2067e4ebbaa3ff993a5bb00b5d52872a73d2045c22fce|9c1d792e662e378d8c99795993e7d7ecaffcaa1bbe21d144f6cc2849ce1ef497|b514239b17d8c782e8fc9717591c9d6b8130e7089f536fa1d841866d41866542|ca1794ba628bebb8ae304a79b285fc8165758b95665cb7568c0d758e008827b0,0.05
interval,C05,FD003,primary,ridge,,normalized_interval_score,4.356961526662603,0.37577636449113816,4.015520162900899,4.969119072576306,5,5,0cfbe6357863e5bffcf4b3223823d1323fd86b0a,outputs/c05_final_bounded_0cfbe63,C05_FD003_0cfbe6357863_seed_101|C05_FD003_0cfbe6357863_seed_13|C05_FD003_0cfbe6357863_seed_137|C05_FD003_0cfbe6357863_seed_37|C05_FD003_0cfbe6357863_seed_73,2e997dcc66a0d456dfc1ac9131ab7917bf2a897f53d564aba60576512fb35537|60882fe97a3f29d6b2a2067e4ebbaa3ff993a5bb00b5d52872a73d2045c22fce|9c1d792e662e378d8c99795993e7d7ecaffcaa1bbe21d144f6cc2849ce1ef497|b514239b17d8c782e8fc9717591c9d6b8130e7089f536fa1d841866d41866542|ca1794ba628bebb8ae304a79b285fc8165758b95665cb7568c0d758e008827b0,0.05
interval,C05,FD003,primary,ridge,,coverage,0.6980000000000002,0.04711687595755897,0.64,0.76,5,5,0cfbe6357863e5bffcf4b3223823d1323fd86b0a,outputs/c05_final_bounded_0cfbe63,C05_FD003_0cfbe6357863_seed_101|C05_FD003_0cfbe6357863_seed_13|C05_FD003_0cfbe6357863_seed_137|C05_FD003_0cfbe6357863_seed_37|C05_FD003_0cfbe6357863_seed_73,2e997dcc66a0d456dfc1ac9131ab7917bf2a897f53d564aba60576512fb35537|60882fe97a3f29d6b2a2067e4ebbaa3ff993a5bb00b5d52872a73d2045c22fce|9c1d792e662e378d8c99795993e7d7ecaffcaa1bbe21d144f6cc2849ce1ef497|b514239b17d8c782e8fc9717591c9d6b8130e7089f536fa1d841866d41866542|ca1794ba628bebb8ae304a79b285fc8165758b95665cb7568c0d758e008827b0,0.1
interval,C05,FD003,primary,ridge,,mean_width,77.32097507749128,13.2885721157197,63.42192282041391,99.27901279576177,5,5,0cfbe6357863e5bffcf4b3223823d1323fd86b0a,outputs/c05_final_bounded_0cfbe63,C05_FD003_0cfbe6357863_seed_101|C05_FD003_0cfbe6357863_seed_13|C05_FD003_0cfbe6357863_seed_137|C05_FD003_0cfbe6357863_seed_37|C05_FD003_0cfbe6357863_seed_73,2e997dcc66a0d456dfc1ac9131ab7917bf2a897f53d564aba60576512fb35537|60882fe97a3f29d6b2a2067e4ebbaa3ff993a5bb00b5d52872a73d2045c22fce|9c1d792e662e378d8c99795993e7d7ecaffcaa1bbe21d144f6cc2849ce1ef497|b514239b17d8c782e8fc9717591c9d6b8130e7089f536fa1d841866d41866542|ca1794ba628bebb8ae304a79b285fc8165758b95665cb7568c0d758e008827b0,0.1
interval,C05,FD003,primary,ridge,,normalized_interval_score,2.5434354581388554,0.1922727434963514,2.319479301006222,2.8464547475300948,5,5,0cfbe6357863e5bffcf4b3223823d1323fd86b0a,outputs/c05_final_bounded_0cfbe63,C05_FD003_0cfbe6357863_seed_101|C05_FD003_0cfbe6357863_seed_13|C05_FD003_0cfbe6357863_seed_137|C05_FD003_0cfbe6357863_seed_37|C05_FD003_0cfbe6357863_seed_73,2e997dcc66a0d456dfc1ac9131ab7917bf2a897f53d564aba60576512fb35537|60882fe97a3f29d6b2a2067e4ebbaa3ff993a5bb00b5d52872a73d2045c22fce|9c1d792e662e378d8c99795993e7d7ecaffcaa1bbe21d144f6cc2849ce1ef497|b514239b17d8c782e8fc9717591c9d6b8130e7089f536fa1d841866d41866542|ca1794ba628bebb8ae304a79b285fc8165758b95665cb7568c0d758e008827b0,0.1
interval,C05,FD004,primary,hist_gradient_boosting,,coverage,0.6298387096774193,0.11324114177924569,0.4879032258064516,0.7459677419354839,5,5,0cfbe6357863e5bffcf4b3223823d1323fd86b0a,outputs/c05_final_bounded_0cfbe63,C05_FD004_0cfbe6357863_seed_101|C05_FD004_0cfbe6357863_seed_13|C05_FD004_0cfbe6357863_seed_137|C05_FD004_0cfbe6357863_seed_37|C05_FD004_0cfbe6357863_seed_73,2bbce1b4d71024e01938e363c85d775d16cccb5cd0bff11231fe2251e4c66807|3f987cd375bcfeaa415c55f45723c1ac56e0dcaa3f1e4b48b1d0ddacf083420b|71d058b92c91917c076c433b5e525ec6001a598c67efefbe0949a5feabd925a1|74f3fe21cd7921bd1b149d277454d338f86f0043357111c94ac9bc955fc25124|ece69655425f6c4f59916b506149e3c555a0d53181cb1fa3d181f530984d5929,0.05
interval,C05,FD004,primary,hist_gradient_boosting,,mean_width,83.02268676665385,13.385756435292356,68.16806865763319,96.58717531017419,5,5,0cfbe6357863e5bffcf4b3223823d1323fd86b0a,outputs/c05_final_bounded_0cfbe63,C05_FD004_0cfbe6357863_seed_101|C05_FD004_0cfbe6357863_seed_13|C05_FD004_0cfbe6357863_seed_137|C05_FD004_0cfbe6357863_seed_37|C05_FD004_0cfbe6357863_seed_73,2bbce1b4d71024e01938e363c85d775d16cccb5cd0bff11231fe2251e4c66807|3f987cd375bcfeaa415c55f45723c1ac56e0dcaa3f1e4b48b1d0ddacf083420b|71d058b92c91917c076c433b5e525ec6001a598c67efefbe0949a5feabd925a1|74f3fe21cd7921bd1b149d277454d338f86f0043357111c94ac9bc955fc25124|ece69655425f6c4f59916b506149e3c555a0d53181cb1fa3d181f530984d5929,0.05
interval,C05,FD004,primary,hist_gradient_boosting,,normalized_interval_score,2.331022580584887,0.5732022699384889,1.616607356719844,3.120363076044144,5,5,0cfbe6357863e5bffcf4b3223823d1323fd86b0a,outputs/c05_final_bounded_0cfbe63,C05_FD004_0cfbe6357863_seed_101|C05_FD004_0cfbe6357863_seed_13|C05_FD004_0cfbe6357863_seed_137|C05_FD004_0cfbe6357863_seed_37|C05_FD004_0cfbe6357863_seed_73,2bbce1b4d71024e01938e363c85d775d16cccb5cd0bff11231fe2251e4c66807|3f987cd375bcfeaa415c55f45723c1ac56e0dcaa3f1e4b48b1d0ddacf083420b|71d058b92c91917c076c433b5e525ec6001a598c67efefbe0949a5feabd925a1|74f3fe21cd7921bd1b149d277454d338f86f0043357111c94ac9bc955fc25124|ece69655425f6c4f59916b506149e3c555a0d53181cb1fa3d181f530984d5929,0.05
interval,C05,FD004,primary,hist_gradient_boosting,,coverage,0.5096774193548387,0.11026585506367798,0.375,0.625,5,5,0cfbe6357863e5bffcf4b3223823d1323fd86b0a,outputs/c05_final_bounded_0cfbe63,C05_FD004_0cfbe6357863_seed_101|C05_FD004_0cfbe6357863_seed_13|C05_FD004_0cfbe6357863_seed_137|C05_FD004_0cfbe6357863_seed_37|C05_FD004_0cfbe6357863_seed_73,2bbce1b4d71024e01938e363c85d775d16cccb5cd0bff11231fe2251e4c66807|3f987cd375bcfeaa415c55f45723c1ac56e0dcaa3f1e4b48b1d0ddacf083420b|71d058b92c91917c076c433b5e525ec6001a598c67efefbe0949a5feabd925a1|74f3fe21cd7921bd1b149d277454d338f86f0043357111c94ac9bc955fc25124|ece69655425f6c4f59916b506149e3c555a0d53181cb1fa3d181f530984d5929,0.1
interval,C05,FD004,primary,hist_gradient_boosting,,mean_width,70.36879318538327,8.327227142220561,59.25950915956049,79.6883095956798,5,5,0cfbe6357863e5bffcf4b3223823d1323fd86b0a,outputs/c05_final_bounded_0cfbe63,C05_FD004_0cfbe6357863_seed_101|C05_FD004_0cfbe6357863_seed_13|C05_FD004_0cfbe6357863_seed_137|C05_FD004_0cfbe6357863_seed_37|C05_FD004_0cfbe6357863_seed_73,2bbce1b4d71024e01938e363c85d775d16cccb5cd0bff11231fe2251e4c66807|3f987cd375bcfeaa415c55f45723c1ac56e0dcaa3f1e4b48b1d0ddacf083420b|71d058b92c91917c076c433b5e525ec6001a598c67efefbe0949a5feabd925a1|74f3fe21cd7921bd1b149d277454d338f86f0043357111c94ac9bc955fc25124|ece69655425f6c4f59916b506149e3c555a0d53181cb1fa3d181f530984d5929,0.1
interval,C05,FD004,primary,hist_gradient_boosting,,normalized_interval_score,1.8091340531836564,0.2346382066711659,1.5622591824835583,2.1519732732239962,5,5,0cfbe6357863e5bffcf4b3223823d1323fd86b0a,outputs/c05_final_bounded_0cfbe63,C05_FD004_0cfbe6357863_seed_101|C05_FD004_0cfbe6357863_seed_13|C05_FD004_0cfbe6357863_seed_137|C05_FD004_0cfbe6357863_seed_37|C05_FD004_0cfbe6357863_seed_73,2bbce1b4d71024e01938e363c85d775d16cccb5cd0bff11231fe2251e4c66807|3f987cd375bcfeaa415c55f45723c1ac56e0dcaa3f1e4b48b1d0ddacf083420b|71d058b92c91917c076c433b5e525ec6001a598c67efefbe0949a5feabd925a1|74f3fe21cd7921bd1b149d277454d338f86f0043357111c94ac9bc955fc25124|ece69655425f6c4f59916b506149e3c555a0d53181cb1fa3d181f530984d5929,0.1
interval,C05,FD004,primary,mean,,coverage,0.8209677419354839,0.020080483222562496,0.7903225806451613,0.8387096774193549,5,5,0cfbe6357863e5bffcf4b3223823d1323fd86b0a,outputs/c05_final_bounded_0cfbe63,C05_FD004_0cfbe6357863_seed_101|C05_FD004_0cfbe6357863_seed_13|C05_FD004_0cfbe6357863_seed_137|C05_FD004_0cfbe6357863_seed_37|C05_FD004_0cfbe6357863_seed_73,2bbce1b4d71024e01938e363c85d775d16cccb5cd0bff11231fe2251e4c66807|3f987cd375bcfeaa415c55f45723c1ac56e0dcaa3f1e4b48b1d0ddacf083420b|71d058b92c91917c076c433b5e525ec6001a598c67efefbe0949a5feabd925a1|74f3fe21cd7921bd1b149d277454d338f86f0043357111c94ac9bc955fc25124|ece69655425f6c4f59916b506149e3c555a0d53181cb1fa3d181f530984d5929,0.05
interval,C05,FD004,primary,mean,,mean_width,127.19364408640861,5.4171472092386574,119.79646802677205,135.08318411199733,5,5,0cfbe6357863e5bffcf4b3223823d1323fd86b0a,outputs/c05_final_bounded_0cfbe63,C05_FD004_0cfbe6357863_seed_101|C05_FD004_0cfbe6357863_seed_13|C05_FD004_0cfbe6357863_seed_137|C05_FD004_0cfbe6357863_seed_37|C05_FD004_0cfbe6357863_seed_73,2bbce1b4d71024e01938e363c85d775d16cccb5cd0bff11231fe2251e4c66807|3f987cd375bcfeaa415c55f45723c1ac56e0dcaa3f1e4b48b1d0ddacf083420b|71d058b92c91917c076c433b5e525ec6001a598c67efefbe0949a5feabd925a1|74f3fe21cd7921bd1b149d277454d338f86f0043357111c94ac9bc955fc25124|ece69655425f6c4f59916b506149e3c555a0d53181cb1fa3d181f530984d5929,0.05
interval,C05,FD004,primary,mean,,normalized_interval_score,1.617549152691269,0.12915037806602478,1.4600203116056567,1.8035330345367566,5,5,0cfbe6357863e5bffcf4b3223823d1323fd86b0a,outputs/c05_final_bounded_0cfbe63,C05_FD004_0cfbe6357863_seed_101|C05_FD004_0cfbe6357863_seed_13|C05_FD004_0cfbe6357863_seed_137|C05_FD004_0cfbe6357863_seed_37|C05_FD004_0cfbe6357863_seed_73,2bbce1b4d71024e01938e363c85d775d16cccb5cd0bff11231fe2251e4c66807|3f987cd375bcfeaa415c55f45723c1ac56e0dcaa3f1e4b48b1d0ddacf083420b|71d058b92c91917c076c433b5e525ec6001a598c67efefbe0949a5feabd925a1|74f3fe21cd7921bd1b149d277454d338f86f0043357111c94ac9bc955fc25124|ece69655425f6c4f59916b506149e3c555a0d53181cb1fa3d181f530984d5929,0.05
interval,C05,FD004,primary,mean,,coverage,0.793548387096774,0.0044171173992352064,0.7903225806451613,0.7983870967741935,5,5,0cfbe6357863e5bffcf4b3223823d1323fd86b0a,outputs/c05_final_bounded_0cfbe63,C05_FD004_0cfbe6357863_seed_101|C05_FD004_0cfbe6357863_seed_13|C05_FD004_0cfbe6357863_seed_137|C05_FD004_0cfbe6357863_seed_37|C05_FD004_0cfbe6357863_seed_73,2bbce1b4d71024e01938e363c85d775d16cccb5cd0bff11231fe2251e4c66807|3f987cd375bcfeaa415c55f45723c1ac56e0dcaa3f1e4b48b1d0ddacf083420b|71d058b92c91917c076c433b5e525ec6001a598c67efefbe0949a5feabd925a1|74f3fe21cd7921bd1b149d277454d338f86f0043357111c94ac9bc955fc25124|ece69655425f6c4f59916b506149e3c555a0d53181cb1fa3d181f530984d5929,0.1
interval,C05,FD004,primary,mean,,mean_width,117.19364408640861,5.069528804325007,110.65491183879092,122.96426869938067,5,5,0cfbe6357863e5bffcf4b3223823d1323fd86b0a,outputs/c05_final_bounded_0cfbe63,C05_FD004_0cfbe6357863_seed_101|C05_FD004_0cfbe6357863_seed_13|C05_FD004_0cfbe6357863_seed_137|C05_FD004_0cfbe6357863_seed_37|C05_FD004_0cfbe6357863_seed_73,2bbce1b4d71024e01938e363c85d775d16cccb5cd0bff11231fe2251e4c66807|3f987cd375bcfeaa415c55f45723c1ac56e0dcaa3f1e4b48b1d0ddacf083420b|71d058b92c91917c076c433b5e525ec6001a598c67efefbe0949a5feabd925a1|74f3fe21cd7921bd1b149d277454d338f86f0043357111c94ac9bc955fc25124|ece69655425f6c4f59916b506149e3c555a0d53181cb1fa3d181f530984d5929,0.1
interval,C05,FD004,primary,mean,,normalized_interval_score,1.3936781849493336,0.02979012937437113,1.3576977309604952,1.433597550665789,5,5,0cfbe6357863e5bffcf4b3223823d1323fd86b0a,outputs/c05_final_bounded_0cfbe63,C05_FD004_0cfbe6357863_seed_101|C05_FD004_0cfbe6357863_seed_13|C05_FD004_0cfbe6357863_seed_137|C05_FD004_0cfbe6357863_seed_37|C05_FD004_0cfbe6357863_seed_73,2bbce1b4d71024e01938e363c85d775d16cccb5cd0bff11231fe2251e4c66807|3f987cd375bcfeaa415c55f45723c1ac56e0dcaa3f1e4b48b1d0ddacf083420b|71d058b92c91917c076c433b5e525ec6001a598c67efefbe0949a5feabd925a1|74f3fe21cd7921bd1b149d277454d338f86f0043357111c94ac9bc955fc25124|ece69655425f6c4f59916b506149e3c555a0d53181cb1fa3d181f530984d5929,0.1
interval,C05,FD004,primary,ridge,,coverage,0.3798387096774193,0.03305467989019224,0.3467741935483871,0.42338709677419356,5,5,0cfbe6357863e5bffcf4b3223823d1323fd86b0a,outputs/c05_final_bounded_0cfbe63,C05_FD004_0cfbe6357863_seed_101|C05_FD004_0cfbe6357863_seed_13|C05_FD004_0cfbe6357863_seed_137|C05_FD004_0cfbe6357863_seed_37|C05_FD004_0cfbe6357863_seed_73,2bbce1b4d71024e01938e363c85d775d16cccb5cd0bff11231fe2251e4c66807|3f987cd375bcfeaa415c55f45723c1ac56e0dcaa3f1e4b48b1d0ddacf083420b|71d058b92c91917c076c433b5e525ec6001a598c67efefbe0949a5feabd925a1|74f3fe21cd7921bd1b149d277454d338f86f0043357111c94ac9bc955fc25124|ece69655425f6c4f59916b506149e3c555a0d53181cb1fa3d181f530984d5929,0.05
interval,C05,FD004,primary,ridge,,mean_width,80.20050388169773,13.345958664676916,67.94330808288399,102.88065205539169,5,5,0cfbe6357863e5bffcf4b3223823d1323fd86b0a,outputs/c05_final_bounded_0cfbe63,C05_FD004_0cfbe6357863_seed_101|C05_FD004_0cfbe6357863_seed_13|C05_FD004_0cfbe6357863_seed_137|C05_FD004_0cfbe6357863_seed_37|C05_FD004_0cfbe6357863_seed_73,2bbce1b4d71024e01938e363c85d775d16cccb5cd0bff11231fe2251e4c66807|3f987cd375bcfeaa415c55f45723c1ac56e0dcaa3f1e4b48b1d0ddacf083420b|71d058b92c91917c076c433b5e525ec6001a598c67efefbe0949a5feabd925a1|74f3fe21cd7921bd1b149d277454d338f86f0043357111c94ac9bc955fc25124|ece69655425f6c4f59916b506149e3c555a0d53181cb1fa3d181f530984d5929,0.05
interval,C05,FD004,primary,ridge,,normalized_interval_score,11.564604556694684,1.1496597146170067,9.81276570423603,12.677213619871324,5,5,0cfbe6357863e5bffcf4b3223823d1323fd86b0a,outputs/c05_final_bounded_0cfbe63,C05_FD004_0cfbe6357863_seed_101|C05_FD004_0cfbe6357863_seed_13|C05_FD004_0cfbe6357863_seed_137|C05_FD004_0cfbe6357863_seed_37|C05_FD004_0cfbe6357863_seed_73,2bbce1b4d71024e01938e363c85d775d16cccb5cd0bff11231fe2251e4c66807|3f987cd375bcfeaa415c55f45723c1ac56e0dcaa3f1e4b48b1d0ddacf083420b|71d058b92c91917c076c433b5e525ec6001a598c67efefbe0949a5feabd925a1|74f3fe21cd7921bd1b149d277454d338f86f0043357111c94ac9bc955fc25124|ece69655425f6c4f59916b506149e3c555a0d53181cb1fa3d181f530984d5929,0.05
interval,C05,FD004,primary,ridge,,coverage,0.367741935483871,0.031024813002695724,0.33064516129032256,0.4112903225806452,5,5,0cfbe6357863e5bffcf4b3223823d1323fd86b0a,outputs/c05_final_bounded_0cfbe63,C05_FD004_0cfbe6357863_seed_101|C05_FD004_0cfbe6357863_seed_13|C05_FD004_0cfbe6357863_seed_137|C05_FD004_0cfbe6357863_seed_37|C05_FD004_0cfbe6357863_seed_73,2bbce1b4d71024e01938e363c85d775d16cccb5cd0bff11231fe2251e4c66807|3f987cd375bcfeaa415c55f45723c1ac56e0dcaa3f1e4b48b1d0ddacf083420b|71d058b92c91917c076c433b5e525ec6001a598c67efefbe0949a5feabd925a1|74f3fe21cd7921bd1b149d277454d338f86f0043357111c94ac9bc955fc25124|ece69655425f6c4f59916b506149e3c555a0d53181cb1fa3d181f530984d5929,0.1
interval,C05,FD004,primary,ridge,,mean_width,76.68337517323694,13.37781045662287,63.421922820413904,99.27901279576182,5,5,0cfbe6357863e5bffcf4b3223823d1323fd86b0a,outputs/c05_final_bounded_0cfbe63,C05_FD004_0cfbe6357863_seed_101|C05_FD004_0cfbe6357863_seed_13|C05_FD004_0cfbe6357863_seed_137|C05_FD004_0cfbe6357863_seed_37|C05_FD004_0cfbe6357863_seed_73,2bbce1b4d71024e01938e363c85d775d16cccb5cd0bff11231fe2251e4c66807|3f987cd375bcfeaa415c55f45723c1ac56e0dcaa3f1e4b48b1d0ddacf083420b|71d058b92c91917c076c433b5e525ec6001a598c67efefbe0949a5feabd925a1|74f3fe21cd7921bd1b149d277454d338f86f0043357111c94ac9bc955fc25124|ece69655425f6c4f59916b506149e3c555a0d53181cb1fa3d181f530984d5929,0.1
interval,C05,FD004,primary,ridge,,normalized_interval_score,6.249761255459692,0.5186251032891637,5.456575370694732,6.813814354115341,5,5,0cfbe6357863e5bffcf4b3223823d1323fd86b0a,outputs/c05_final_bounded_0cfbe63,C05_FD004_0cfbe6357863_seed_101|C05_FD004_0cfbe6357863_seed_13|C05_FD004_0cfbe6357863_seed_137|C05_FD004_0cfbe6357863_seed_37|C05_FD004_0cfbe6357863_seed_73,2bbce1b4d71024e01938e363c85d775d16cccb5cd0bff11231fe2251e4c66807|3f987cd375bcfeaa415c55f45723c1ac56e0dcaa3f1e4b48b1d0ddacf083420b|71d058b92c91917c076c433b5e525ec6001a598c67efefbe0949a5feabd925a1|74f3fe21cd7921bd1b149d277454d338f86f0043357111c94ac9bc955fc25124|ece69655425f6c4f59916b506149e3c555a0d53181cb1fa3d181f530984d5929,0.1
interval,C06,FD001,cap_130,hist_gradient_boosting,,coverage,0.984,0.018165902124584965,0.96,1.0,5,5,c86eff4203214cd7b64c5d908bb71cab69f7c555,outputs/c06_final_c86eff4,C06_cap_130_c86eff420321_seed_101|C06_cap_130_c86eff420321_seed_13|C06_cap_130_c86eff420321_seed_137|C06_cap_130_c86eff420321_seed_37|C06_cap_130_c86eff420321_seed_73,6a510b808ad78c878fa52db43591333f7acc89ed09509ad30349b2746d1ded26|adecec46e432f6570cc4f3dfe7a7706fdf8d75dc5500d4e3a13da170d1fa0100|b5bd104d48d60fcf78cbbf2cccd2a67fa063fcd8ea6ea1cd288bcf8acc0640cf|cbe5551c07643bf49a68deb2becb3de384e9874ce19044f5218b1d92f43772a1|df9604b2f75765d5a7ddf013c3fd60d14dc13761884debf8789c54f052ddc565,0.05
interval,C06,FD001,cap_130,hist_gradient_boosting,,mean_width,89.67243134523387,17.947653574944578,66.60583038354291,110.50850064847808,5,5,c86eff4203214cd7b64c5d908bb71cab69f7c555,outputs/c06_final_c86eff4,C06_cap_130_c86eff420321_seed_101|C06_cap_130_c86eff420321_seed_13|C06_cap_130_c86eff420321_seed_137|C06_cap_130_c86eff420321_seed_37|C06_cap_130_c86eff420321_seed_73,6a510b808ad78c878fa52db43591333f7acc89ed09509ad30349b2746d1ded26|adecec46e432f6570cc4f3dfe7a7706fdf8d75dc5500d4e3a13da170d1fa0100|b5bd104d48d60fcf78cbbf2cccd2a67fa063fcd8ea6ea1cd288bcf8acc0640cf|cbe5551c07643bf49a68deb2becb3de384e9874ce19044f5218b1d92f43772a1|df9604b2f75765d5a7ddf013c3fd60d14dc13761884debf8789c54f052ddc565,0.05
interval,C06,FD001,cap_130,hist_gradient_boosting,,normalized_interval_score,0.7257574580382947,0.10052700353969779,0.5938936398132858,0.8500653896036775,5,5,c86eff4203214cd7b64c5d908bb71cab69f7c555,outputs/c06_final_c86eff4,C06_cap_130_c86eff420321_seed_101|C06_cap_130_c86eff420321_seed_13|C06_cap_130_c86eff420321_seed_137|C06_cap_130_c86eff420321_seed_37|C06_cap_130_c86eff420321_seed_73,6a510b808ad78c878fa52db43591333f7acc89ed09509ad30349b2746d1ded26|adecec46e432f6570cc4f3dfe7a7706fdf8d75dc5500d4e3a13da170d1fa0100|b5bd104d48d60fcf78cbbf2cccd2a67fa063fcd8ea6ea1cd288bcf8acc0640cf|cbe5551c07643bf49a68deb2becb3de384e9874ce19044f5218b1d92f43772a1|df9604b2f75765d5a7ddf013c3fd60d14dc13761884debf8789c54f052ddc565,0.05
interval,C06,FD001,cap_130,hist_gradient_boosting,,coverage,0.962,0.02588435821108956,0.93,0.99,5,5,c86eff4203214cd7b64c5d908bb71cab69f7c555,outputs/c06_final_c86eff4,C06_cap_130_c86eff420321_seed_101|C06_cap_130_c86eff420321_seed_13|C06_cap_130_c86eff420321_seed_137|C06_cap_130_c86eff420321_seed_37|C06_cap_130_c86eff420321_seed_73,6a510b808ad78c878fa52db43591333f7acc89ed09509ad30349b2746d1ded26|adecec46e432f6570cc4f3dfe7a7706fdf8d75dc5500d4e3a13da170d1fa0100|b5bd104d48d60fcf78cbbf2cccd2a67fa063fcd8ea6ea1cd288bcf8acc0640cf|cbe5551c07643bf49a68deb2becb3de384e9874ce19044f5218b1d92f43772a1|df9604b2f75765d5a7ddf013c3fd60d14dc13761884debf8789c54f052ddc565,0.1
interval,C06,FD001,cap_130,hist_gradient_boosting,,mean_width,73.25173230652521,8.524995601254956,63.54494921762102,85.97432616879152,5,5,c86eff4203214cd7b64c5d908bb71cab69f7c555,outputs/c06_final_c86eff4,C06_cap_130_c86eff420321_seed_101|C06_cap_130_c86eff420321_seed_13|C06_cap_130_c86eff420321_seed_137|C06_cap_130_c86eff420321_seed_37|C06_cap_130_c86eff420321_seed_73,6a510b808ad78c878fa52db43591333f7acc89ed09509ad30349b2746d1ded26|adecec46e432f6570cc4f3dfe7a7706fdf8d75dc5500d4e3a13da170d1fa0100|b5bd104d48d60fcf78cbbf2cccd2a67fa063fcd8ea6ea1cd288bcf8acc0640cf|cbe5551c07643bf49a68deb2becb3de384e9874ce19044f5218b1d92f43772a1|df9604b2f75765d5a7ddf013c3fd60d14dc13761884debf8789c54f052ddc565,0.1
interval,C06,FD001,cap_130,hist_gradient_boosting,,normalized_interval_score,0.6042116952774708,0.04899120770251149,0.5366414227960747,0.6747196566152754,5,5,c86eff4203214cd7b64c5d908bb71cab69f7c555,outputs/c06_final_c86eff4,C06_cap_130_c86eff420321_seed_101|C06_cap_130_c86eff420321_seed_13|C06_cap_130_c86eff420321_seed_137|C06_cap_130_c86eff420321_seed_37|C06_cap_130_c86eff420321_seed_73,6a510b808ad78c878fa52db43591333f7acc89ed09509ad30349b2746d1ded26|adecec46e432f6570cc4f3dfe7a7706fdf8d75dc5500d4e3a13da170d1fa0100|b5bd104d48d60fcf78cbbf2cccd2a67fa063fcd8ea6ea1cd288bcf8acc0640cf|cbe5551c07643bf49a68deb2becb3de384e9874ce19044f5218b1d92f43772a1|df9604b2f75765d5a7ddf013c3fd60d14dc13761884debf8789c54f052ddc565,0.1
interval,C06,FD001,cap_130,mean,,coverage,0.8220000000000001,0.03271085446759223,0.8,0.88,5,5,c86eff4203214cd7b64c5d908bb71cab69f7c555,outputs/c06_final_c86eff4,C06_cap_130_c86eff420321_seed_101|C06_cap_130_c86eff420321_seed_13|C06_cap_130_c86eff420321_seed_137|C06_cap_130_c86eff420321_seed_37|C06_cap_130_c86eff420321_seed_73,6a510b808ad78c878fa52db43591333f7acc89ed09509ad30349b2746d1ded26|adecec46e432f6570cc4f3dfe7a7706fdf8d75dc5500d4e3a13da170d1fa0100|b5bd104d48d60fcf78cbbf2cccd2a67fa063fcd8ea6ea1cd288bcf8acc0640cf|cbe5551c07643bf49a68deb2becb3de384e9874ce19044f5218b1d92f43772a1|df9604b2f75765d5a7ddf013c3fd60d14dc13761884debf8789c54f052ddc565,0.05
interval,C06,FD001,cap_130,mean,,mean_width,130.9518965383217,5.402371145269262,123.60390291105563,138.83216669379777,5,5,c86eff4203214cd7b64c5d908bb71cab69f7c555,outputs/c06_final_c86eff4,C06_cap_130_c86eff420321_seed_101|C06_cap_130_c86eff420321_seed_13|C06_cap_130_c86eff420321_seed_137|C06_cap_130_c86eff420321_seed_37|C06_cap_130_c86eff420321_seed_73,6a510b808ad78c878fa52db43591333f7acc89ed09509ad30349b2746d1ded26|adecec46e432f6570cc4f3dfe7a7706fdf8d75dc5500d4e3a13da170d1fa0100|b5bd104d48d60fcf78cbbf2cccd2a67fa063fcd8ea6ea1cd288bcf8acc0640cf|cbe5551c07643bf49a68deb2becb3de384e9874ce19044f5218b1d92f43772a1|df9604b2f75765d5a7ddf013c3fd60d14dc13761884debf8789c54f052ddc565,0.05
interval,C06,FD001,cap_130,mean,,normalized_interval_score,1.5088607426024752,0.12349380910361489,1.3571705130292142,1.6831069454696581,5,5,c86eff4203214cd7b64c5d908bb71cab69f7c555,outputs/c06_final_c86eff4,C06_cap_130_c86eff420321_seed_101|C06_cap_130_c86eff420321_seed_13|C06_cap_130_c86eff420321_seed_137|C06_cap_130_c86eff420321_seed_37|C06_cap_130_c86eff420321_seed_73,6a510b808ad78c878fa52db43591333f7acc89ed09509ad30349b2746d1ded26|adecec46e432f6570cc4f3dfe7a7706fdf8d75dc5500d4e3a13da170d1fa0100|b5bd104d48d60fcf78cbbf2cccd2a67fa063fcd8ea6ea1cd288bcf8acc0640cf|cbe5551c07643bf49a68deb2becb3de384e9874ce19044f5218b1d92f43772a1|df9604b2f75765d5a7ddf013c3fd60d14dc13761884debf8789c54f052ddc565,0.05
interval,C06,FD001,cap_130,mean,,coverage,0.784,0.031304951684997084,0.75,0.81,5,5,c86eff4203214cd7b64c5d908bb71cab69f7c555,outputs/c06_final_c86eff4,C06_cap_130_c86eff420321_seed_101|C06_cap_130_c86eff420321_seed_13|C06_cap_130_c86eff420321_seed_137|C06_cap_130_c86eff420321_seed_37|C06_cap_130_c86eff420321_seed_73,6a510b808ad78c878fa52db43591333f7acc89ed09509ad30349b2746d1ded26|adecec46e432f6570cc4f3dfe7a7706fdf8d75dc5500d4e3a13da170d1fa0100|b5bd104d48d60fcf78cbbf2cccd2a67fa063fcd8ea6ea1cd288bcf8acc0640cf|cbe5551c07643bf49a68deb2becb3de384e9874ce19044f5218b1d92f43772a1|df9604b2f75765d5a7ddf013c3fd60d14dc13761884debf8789c54f052ddc565,0.1
interval,C06,FD001,cap_130,mean,,mean_width,120.95189653832172,5.16795289922816,114.20705289672539,126.86660314435443,5,5,c86eff4203214cd7b64c5d908bb71cab69f7c555,outputs/c06_final_c86eff4,C06_cap_130_c86eff420321_seed_101|C06_cap_130_c86eff420321_seed_13|C06_cap_130_c86eff420321_seed_137|C06_cap_130_c86eff420321_seed_37|C06_cap_130_c86eff420321_seed_73,6a510b808ad78c878fa52db43591333f7acc89ed09509ad30349b2746d1ded26|adecec46e432f6570cc4f3dfe7a7706fdf8d75dc5500d4e3a13da170d1fa0100|b5bd104d48d60fcf78cbbf2cccd2a67fa063fcd8ea6ea1cd288bcf8acc0640cf|cbe5551c07643bf49a68deb2becb3de384e9874ce19044f5218b1d92f43772a1|df9604b2f75765d5a7ddf013c3fd60d14dc13761884debf8789c54f052ddc565,0.1
interval,C06,FD001,cap_130,mean,,normalized_interval_score,1.3328607426024748,0.03212855787419841,1.2956320514907522,1.376953099315812,5,5,c86eff4203214cd7b64c5d908bb71cab69f7c555,outputs/c06_final_c86eff4,C06_cap_130_c86eff420321_seed_101|C06_cap_130_c86eff420321_seed_13|C06_cap_130_c86eff420321_seed_137|C06_cap_130_c86eff420321_seed_37|C06_cap_130_c86eff420321_seed_73,6a510b808ad78c878fa52db43591333f7acc89ed09509ad30349b2746d1ded26|adecec46e432f6570cc4f3dfe7a7706fdf8d75dc5500d4e3a13da170d1fa0100|b5bd104d48d60fcf78cbbf2cccd2a67fa063fcd8ea6ea1cd288bcf8acc0640cf|cbe5551c07643bf49a68deb2becb3de384e9874ce19044f5218b1d92f43772a1|df9604b2f75765d5a7ddf013c3fd60d14dc13761884debf8789c54f052ddc565,0.1
interval,C06,FD001,cap_130,ridge,,coverage,0.9640000000000001,0.02701851217221258,0.93,1.0,5,5,c86eff4203214cd7b64c5d908bb71cab69f7c555,outputs/c06_final_c86eff4,C06_cap_130_c86eff420321_seed_101|C06_cap_130_c86eff420321_seed_13|C06_cap_130_c86eff420321_seed_137|C06_cap_130_c86eff420321_seed_37|C06_cap_130_c86eff420321_seed_73,6a510b808ad78c878fa52db43591333f7acc89ed09509ad30349b2746d1ded26|adecec46e432f6570cc4f3dfe7a7706fdf8d75dc5500d4e3a13da170d1fa0100|b5bd104d48d60fcf78cbbf2cccd2a67fa063fcd8ea6ea1cd288bcf8acc0640cf|cbe5551c07643bf49a68deb2becb3de384e9874ce19044f5218b1d92f43772a1|df9604b2f75765d5a7ddf013c3fd60d14dc13761884debf8789c54f052ddc565,0.05
interval,C06,FD001,cap_130,ridge,,mean_width,85.97096272589135,15.897062708568564,75.60894400124018,113.74505076943373,5,5,c86eff4203214cd7b64c5d908bb71cab69f7c555,outputs/c06_final_c86eff4,C06_cap_130_c86eff420321_seed_101|C06_cap_130_c86eff420321_seed_13|C06_cap_130_c86eff420321_seed_137|C06_cap_130_c86eff420321_seed_37|C06_cap_130_c86eff420321_seed_73,6a510b808ad78c878fa52db43591333f7acc89ed09509ad30349b2746d1ded26|adecec46e432f6570cc4f3dfe7a7706fdf8d75dc5500d4e3a13da170d1fa0100|b5bd104d48d60fcf78cbbf2cccd2a67fa063fcd8ea6ea1cd288bcf8acc0640cf|cbe5551c07643bf49a68deb2becb3de384e9874ce19044f5218b1d92f43772a1|df9604b2f75765d5a7ddf013c3fd60d14dc13761884debf8789c54f052ddc565,0.05
interval,C06,FD001,cap_130,ridge,,normalized_interval_score,0.7205612877848286,0.09428987451466576,0.6520804525394951,0.8749619289956441,5,5,c86eff4203214cd7b64c5d908bb71cab69f7c555,outputs/c06_final_c86eff4,C06_cap_130_c86eff420321_seed_101|C06_cap_130_c86eff420321_seed_13|C06_cap_130_c86eff420321_seed_137|C06_cap_130_c86eff420321_seed_37|C06_cap_130_c86eff420321_seed_73,6a510b808ad78c878fa52db43591333f7acc89ed09509ad30349b2746d1ded26|adecec46e432f6570cc4f3dfe7a7706fdf8d75dc5500d4e3a13da170d1fa0100|b5bd104d48d60fcf78cbbf2cccd2a67fa063fcd8ea6ea1cd288bcf8acc0640cf|cbe5551c07643bf49a68deb2becb3de384e9874ce19044f5218b1d92f43772a1|df9604b2f75765d5a7ddf013c3fd60d14dc13761884debf8789c54f052ddc565,0.05
interval,C06,FD001,cap_130,ridge,,coverage,0.958,0.030331501776206197,0.92,1.0,5,5,c86eff4203214cd7b64c5d908bb71cab69f7c555,outputs/c06_final_c86eff4,C06_cap_130_c86eff420321_seed_101|C06_cap_130_c86eff420321_seed_13|C06_cap_130_c86eff420321_seed_137|C06_cap_130_c86eff420321_seed_37|C06_cap_130_c86eff420321_seed_73,6a510b808ad78c878fa52db43591333f7acc89ed09509ad30349b2746d1ded26|adecec46e432f6570cc4f3dfe7a7706fdf8d75dc5500d4e3a13da170d1fa0100|b5bd104d48d60fcf78cbbf2cccd2a67fa063fcd8ea6ea1cd288bcf8acc0640cf|cbe5551c07643bf49a68deb2becb3de384e9874ce19044f5218b1d92f43772a1|df9604b2f75765d5a7ddf013c3fd60d14dc13761884debf8789c54f052ddc565,0.1
interval,C06,FD001,cap_130,ridge,,mean_width,80.41795171926171,14.254222402044794,67.10672714603102,104.33073791077005,5,5,c86eff4203214cd7b64c5d908bb71cab69f7c555,outputs/c06_final_c86eff4,C06_cap_130_c86eff420321_seed_101|C06_cap_130_c86eff420321_seed_13|C06_cap_130_c86eff420321_seed_137|C06_cap_130_c86eff420321_seed_37|C06_cap_130_c86eff420321_seed_73,6a510b808ad78c878fa52db43591333f7acc89ed09509ad30349b2746d1ded26|adecec46e432f6570cc4f3dfe7a7706fdf8d75dc5500d4e3a13da170d1fa0100|b5bd104d48d60fcf78cbbf2cccd2a67fa063fcd8ea6ea1cd288bcf8acc0640cf|cbe5551c07643bf49a68deb2becb3de384e9874ce19044f5218b1d92f43772a1|df9604b2f75765d5a7ddf013c3fd60d14dc13761884debf8789c54f052ddc565,0.1
interval,C06,FD001,cap_130,ridge,,normalized_interval_score,0.6617624316804832,0.08555662323813541,0.6003214590564421,0.8025441377751542,5,5,c86eff4203214cd7b64c5d908bb71cab69f7c555,outputs/c06_final_c86eff4,C06_cap_130_c86eff420321_seed_101|C06_cap_130_c86eff420321_seed_13|C06_cap_130_c86eff420321_seed_137|C06_cap_130_c86eff420321_seed_37|C06_cap_130_c86eff420321_seed_73,6a510b808ad78c878fa52db43591333f7acc89ed09509ad30349b2746d1ded26|adecec46e432f6570cc4f3dfe7a7706fdf8d75dc5500d4e3a13da170d1fa0100|b5bd104d48d60fcf78cbbf2cccd2a67fa063fcd8ea6ea1cd288bcf8acc0640cf|cbe5551c07643bf49a68deb2becb3de384e9874ce19044f5218b1d92f43772a1|df9604b2f75765d5a7ddf013c3fd60d14dc13761884debf8789c54f052ddc565,0.1
interval,C06,FD001,early_calibration,hist_gradient_boosting,,coverage,0.9880000000000001,0.010954451150103331,0.97,1.0,5,5,c86eff4203214cd7b64c5d908bb71cab69f7c555,outputs/c06_final_c86eff4,C06_early_calibration_c86eff420321_seed_101|C06_early_calibration_c86eff420321_seed_13|C06_early_calibration_c86eff420321_seed_137|C06_early_calibration_c86eff420321_seed_37|C06_early_calibration_c86eff420321_seed_73,028f538fb2e54338bfd223f89fada9245fa9ea540845d5f1231ee52b82c697a3|5b654f3df7287bec31f6d0441c633c4b526185fba3bffca287da0124e24682f4|94d43e99e64fe62393ed8059e659acf93cf0bc9ab0ed0b89f3accac6ec3b14aa|c33276933f988495776a4639f2d07af0caabe97ca6f4a7452e2369ea73ef38e0|d46212af096ceda55313179ec9a969787b09c8c6f025326cd08b0a736ca4f4aa,0.05
interval,C06,FD001,early_calibration,hist_gradient_boosting,,mean_width,88.33246845899535,14.787946903340508,73.37515981094145,110.07634535018336,5,5,c86eff4203214cd7b64c5d908bb71cab69f7c555,outputs/c06_final_c86eff4,C06_early_calibration_c86eff420321_seed_101|C06_early_calibration_c86eff420321_seed_13|C06_early_calibration_c86eff420321_seed_137|C06_early_calibration_c86eff420321_seed_37|C06_early_calibration_c86eff420321_seed_73,028f538fb2e54338bfd223f89fada9245fa9ea540845d5f1231ee52b82c697a3|5b654f3df7287bec31f6d0441c633c4b526185fba3bffca287da0124e24682f4|94d43e99e64fe62393ed8059e659acf93cf0bc9ab0ed0b89f3accac6ec3b14aa|c33276933f988495776a4639f2d07af0caabe97ca6f4a7452e2369ea73ef38e0|d46212af096ceda55313179ec9a969787b09c8c6f025326cd08b0a736ca4f4aa,0.05
interval,C06,FD001,early_calibration,hist_gradient_boosting,,normalized_interval_score,0.7330225426687713,0.09378570955028681,0.6454666773857405,0.8806107628014669,5,5,c86eff4203214cd7b64c5d908bb71cab69f7c555,outputs/c06_final_c86eff4,C06_early_calibration_c86eff420321_seed_101|C06_early_calibration_c86eff420321_seed_13|C06_early_calibration_c86eff420321_seed_137|C06_early_calibration_c86eff420321_seed_37|C06_early_calibration_c86eff420321_seed_73,028f538fb2e54338bfd223f89fada9245fa9ea540845d5f1231ee52b82c697a3|5b654f3df7287bec31f6d0441c633c4b526185fba3bffca287da0124e24682f4|94d43e99e64fe62393ed8059e659acf93cf0bc9ab0ed0b89f3accac6ec3b14aa|c33276933f988495776a4639f2d07af0caabe97ca6f4a7452e2369ea73ef38e0|d46212af096ceda55313179ec9a969787b09c8c6f025326cd08b0a736ca4f4aa,0.05
interval,C06,FD001,early_calibration,hist_gradient_boosting,,coverage,0.976,0.01341640786499875,0.96,0.99,5,5,c86eff4203214cd7b64c5d908bb71cab69f7c555,outputs/c06_final_c86eff4,C06_early_calibration_c86eff420321_seed_101|C06_early_calibration_c86eff420321_seed_13|C06_early_calibration_c86eff420321_seed_137|C06_early_calibration_c86eff420321_seed_37|C06_early_calibration_c86eff420321_seed_73,028f538fb2e54338bfd223f89fada9245fa9ea540845d5f1231ee52b82c697a3|5b654f3df7287bec31f6d0441c633c4b526185fba3bffca287da0124e24682f4|94d43e99e64fe62393ed8059e659acf93cf0bc9ab0ed0b89f3accac6ec3b14aa|c33276933f988495776a4639f2d07af0caabe97ca6f4a7452e2369ea73ef38e0|d46212af096ceda55313179ec9a969787b09c8c6f025326cd08b0a736ca4f4aa,0.1
interval,C06,FD001,early_calibration,hist_gradient_boosting,,mean_width,75.49811348646436,7.9070506220783345,67.43859110541872,86.34464385996657,5,5,c86eff4203214cd7b64c5d908bb71cab69f7c555,outputs/c06_final_c86eff4,C06_early_calibration_c86eff420321_seed_101|C06_early_calibration_c86eff420321_seed_13|C06_early_calibration_c86eff420321_seed_137|C06_early_calibration_c86eff420321_seed_37|C06_early_calibration_c86eff420321_seed_73,028f538fb2e54338bfd223f89fada9245fa9ea540845d5f1231ee52b82c697a3|5b654f3df7287bec31f6d0441c633c4b526185fba3bffca287da0124e24682f4|94d43e99e64fe62393ed8059e659acf93cf0bc9ab0ed0b89f3accac6ec3b14aa|c33276933f988495776a4639f2d07af0caabe97ca6f4a7452e2369ea73ef38e0|d46212af096ceda55313179ec9a969787b09c8c6f025326cd08b0a736ca4f4aa,0.1
interval,C06,FD001,early_calibration,hist_gradient_boosting,,normalized_interval_score,0.6327977906511237,0.050120064299972386,0.5807656915159632,0.6990977292773647,5,5,c86eff4203214cd7b64c5d908bb71cab69f7c555,outputs/c06_final_c86eff4,C06_early_calibration_c86eff420321_seed_101|C06_early_calibration_c86eff420321_seed_13|C06_early_calibration_c86eff420321_seed_137|C06_early_calibration_c86eff420321_seed_37|C06_early_calibration_c86eff420321_seed_73,028f538fb2e54338bfd223f89fada9245fa9ea540845d5f1231ee52b82c697a3|5b654f3df7287bec31f6d0441c633c4b526185fba3bffca287da0124e24682f4|94d43e99e64fe62393ed8059e659acf93cf0bc9ab0ed0b89f3accac6ec3b14aa|c33276933f988495776a4639f2d07af0caabe97ca6f4a7452e2369ea73ef38e0|d46212af096ceda55313179ec9a969787b09c8c6f025326cd08b0a736ca4f4aa,0.1
interval,C06,FD001,early_calibration,mean,,coverage,0.7040000000000001,0.008944271909999168,0.7,0.72,5,5,c86eff4203214cd7b64c5d908bb71cab69f7c555,outputs/c06_final_c86eff4,C06_early_calibration_c86eff420321_seed_101|C06_early_calibration_c86eff420321_seed_13|C06_early_calibration_c86eff420321_seed_137|C06_early_calibration_c86eff420321_seed_37|C06_early_calibration_c86eff420321_seed_73,028f538fb2e54338bfd223f89fada9245fa9ea540845d5f1231ee52b82c697a3|5b654f3df7287bec31f6d0441c633c4b526185fba3bffca287da0124e24682f4|94d43e99e64fe62393ed8059e659acf93cf0bc9ab0ed0b89f3accac6ec3b14aa|c33276933f988495776a4639f2d07af0caabe97ca6f4a7452e2369ea73ef38e0|d46212af096ceda55313179ec9a969787b09c8c6f025326cd08b0a736ca4f4aa,0.05
interval,C06,FD001,early_calibration,mean,,mean_width,76.80635591359139,1.5836591824792308,75.03573130061935,79.34508816120909,5,5,c86eff4203214cd7b64c5d908bb71cab69f7c555,outputs/c06_final_c86eff4,C06_early_calibration_c86eff420321_seed_101|C06_early_calibration_c86eff420321_seed_13|C06_early_calibration_c86eff420321_seed_137|C06_early_calibration_c86eff420321_seed_37|C06_early_calibration_c86eff420321_seed_73,028f538fb2e54338bfd223f89fada9245fa9ea540845d5f1231ee52b82c697a3|5b654f3df7287bec31f6d0441c633c4b526185fba3bffca287da0124e24682f4|94d43e99e64fe62393ed8059e659acf93cf0bc9ab0ed0b89f3accac6ec3b14aa|c33276933f988495776a4639f2d07af0caabe97ca6f4a7452e2369ea73ef38e0|d46212af096ceda55313179ec9a969787b09c8c6f025326cd08b0a736ca4f4aa,0.05
interval,C06,FD001,early_calibration,mean,,normalized_interval_score,3.1730023924503055,0.13464988408487086,2.9590408060453393,3.3264556455454977,5,5,c86eff4203214cd7b64c5d908bb71cab69f7c555,outputs/c06_final_c86eff4,C06_early_calibration_c86eff420321_seed_101|C06_early_calibration_c86eff420321_seed_13|C06_early_calibration_c86eff420321_seed_137|C06_early_calibration_c86eff420321_seed_37|C06_early_calibration_c86eff420321_seed_73,028f538fb2e54338bfd223f89fada9245fa9ea540845d5f1231ee52b82c697a3|5b654f3df7287bec31f6d0441c633c4b526185fba3bffca287da0124e24682f4|94d43e99e64fe62393ed8059e659acf93cf0bc9ab0ed0b89f3accac6ec3b14aa|c33276933f988495776a4639f2d07af0caabe97ca6f4a7452e2369ea73ef38e0|d46212af096ceda55313179ec9a969787b09c8c6f025326cd08b0a736ca4f4aa,0.05
interval,C06,FD001,early_calibration,mean,,coverage,0.7040000000000001,0.008944271909999168,0.7,0.72,5,5,c86eff4203214cd7b64c5d908bb71cab69f7c555,outputs/c06_final_c86eff4,C06_early_calibration_c86eff420321_seed_101|C06_early_calibration_c86eff420321_seed_13|C06_early_calibration_c86eff420321_seed_137|C06_early_calibration_c86eff420321_seed_37|C06_early_calibration_c86eff420321_seed_73,028f538fb2e54338bfd223f89fada9245fa9ea540845d5f1231ee52b82c697a3|5b654f3df7287bec31f6d0441c633c4b526185fba3bffca287da0124e24682f4|94d43e99e64fe62393ed8059e659acf93cf0bc9ab0ed0b89f3accac6ec3b14aa|c33276933f988495776a4639f2d07af0caabe97ca6f4a7452e2369ea73ef38e0|d46212af096ceda55313179ec9a969787b09c8c6f025326cd08b0a736ca4f4aa,0.1
interval,C06,FD001,early_calibration,mean,,mean_width,76.80635591359139,1.5836591824792308,75.03573130061935,79.34508816120909,5,5,c86eff4203214cd7b64c5d908bb71cab69f7c555,outputs/c06_final_c86eff4,C06_early_calibration_c86eff420321_seed_101|C06_early_calibration_c86eff420321_seed_13|C06_early_calibration_c86eff420321_seed_137|C06_early_calibration_c86eff420321_seed_37|C06_early_calibration_c86eff420321_seed_73,028f538fb2e54338bfd223f89fada9245fa9ea540845d5f1231ee52b82c697a3|5b654f3df7287bec31f6d0441c633c4b526185fba3bffca287da0124e24682f4|94d43e99e64fe62393ed8059e659acf93cf0bc9ab0ed0b89f3accac6ec3b14aa|c33276933f988495776a4639f2d07af0caabe97ca6f4a7452e2369ea73ef38e0|d46212af096ceda55313179ec9a969787b09c8c6f025326cd08b0a736ca4f4aa,0.1
interval,C06,FD001,early_calibration,mean,,normalized_interval_score,1.893726619879518,0.06099136439964446,1.7969007556675058,1.9633707479752265,5,5,c86eff4203214cd7b64c5d908bb71cab69f7c555,outputs/c06_final_c86eff4,C06_early_calibration_c86eff420321_seed_101|C06_early_calibration_c86eff420321_seed_13|C06_early_calibration_c86eff420321_seed_137|C06_early_calibration_c86eff420321_seed_37|C06_early_calibration_c86eff420321_seed_73,028f538fb2e54338bfd223f89fada9245fa9ea540845d5f1231ee52b82c697a3|5b654f3df7287bec31f6d0441c633c4b526185fba3bffca287da0124e24682f4|94d43e99e64fe62393ed8059e659acf93cf0bc9ab0ed0b89f3accac6ec3b14aa|c33276933f988495776a4639f2d07af0caabe97ca6f4a7452e2369ea73ef38e0|d46212af096ceda55313179ec9a969787b09c8c6f025326cd08b0a736ca4f4aa,0.1
interval,C06,FD001,early_calibration,ridge,,coverage,0.966,0.025099800796022288,0.94,0.99,5,5,c86eff4203214cd7b64c5d908bb71cab69f7c555,outputs/c06_final_c86eff4,C06_early_calibration_c86eff420321_seed_101|C06_early_calibration_c86eff420321_seed_13|C06_early_calibration_c86eff420321_seed_137|C06_early_calibration_c86eff420321_seed_37|C06_early_calibration_c86eff420321_seed_73,028f538fb2e54338bfd223f89fada9245fa9ea540845d5f1231ee52b82c697a3|5b654f3df7287bec31f6d0441c633c4b526185fba3bffca287da0124e24682f4|94d43e99e64fe62393ed8059e659acf93cf0bc9ab0ed0b89f3accac6ec3b14aa|c33276933f988495776a4639f2d07af0caabe97ca6f4a7452e2369ea73ef38e0|d46212af096ceda55313179ec9a969787b09c8c6f025326cd08b0a736ca4f4aa,0.05
interval,C06,FD001,early_calibration,ridge,,mean_width,80.20025351357792,11.83111015587223,70.58676832509012,98.96838052388576,5,5,c86eff4203214cd7b64c5d908bb71cab69f7c555,outputs/c06_final_c86eff4,C06_early_calibration_c86eff420321_seed_101|C06_early_calibration_c86eff420321_seed_13|C06_early_calibration_c86eff420321_seed_137|C06_early_calibration_c86eff420321_seed_37|C06_early_calibration_c86eff420321_seed_73,028f538fb2e54338bfd223f89fada9245fa9ea540845d5f1231ee52b82c697a3|5b654f3df7287bec31f6d0441c633c4b526185fba3bffca287da0124e24682f4|94d43e99e64fe62393ed8059e659acf93cf0bc9ab0ed0b89f3accac6ec3b14aa|c33276933f988495776a4639f2d07af0caabe97ca6f4a7452e2369ea73ef38e0|d46212af096ceda55313179ec9a969787b09c8c6f025326cd08b0a736ca4f4aa,0.05
interval,C06,FD001,early_calibration,ridge,,normalized_interval_score,0.722469689178611,0.060074182297264626,0.6344809485196767,0.7984359610825184,5,5,c86eff4203214cd7b64c5d908bb71cab69f7c555,outputs/c06_final_c86eff4,C06_early_calibration_c86eff420321_seed_101|C06_early_calibration_c86eff420321_seed_13|C06_early_calibration_c86eff420321_seed_137|C06_early_calibration_c86eff420321_seed_37|C06_early_calibration_c86eff420321_seed_73,028f538fb2e54338bfd223f89fada9245fa9ea540845d5f1231ee52b82c697a3|5b654f3df7287bec31f6d0441c633c4b526185fba3bffca287da0124e24682f4|94d43e99e64fe62393ed8059e659acf93cf0bc9ab0ed0b89f3accac6ec3b14aa|c33276933f988495776a4639f2d07af0caabe97ca6f4a7452e2369ea73ef38e0|d46212af096ceda55313179ec9a969787b09c8c6f025326cd08b0a736ca4f4aa,0.05
interval,C06,FD001,early_calibration,ridge,,coverage,0.954,0.028809720581775836,0.92,0.99,5,5,c86eff4203214cd7b64c5d908bb71cab69f7c555,outputs/c06_final_c86eff4,C06_early_calibration_c86eff420321_seed_101|C06_early_calibration_c86eff420321_seed_13|C06_early_calibration_c86eff420321_seed_137|C06_early_calibration_c86eff420321_seed_37|C06_early_calibration_c86eff420321_seed_73,028f538fb2e54338bfd223f89fada9245fa9ea540845d5f1231ee52b82c697a3|5b654f3df7287bec31f6d0441c633c4b526185fba3bffca287da0124e24682f4|94d43e99e64fe62393ed8059e659acf93cf0bc9ab0ed0b89f3accac6ec3b14aa|c33276933f988495776a4639f2d07af0caabe97ca6f4a7452e2369ea73ef38e0|d46212af096ceda55313179ec9a969787b09c8c6f025326cd08b0a736ca4f4aa,0.1
interval,C06,FD001,early_calibration,ridge,,mean_width,76.19772481065112,11.284837672718059,66.06847849274631,94.37415690977345,5,5,c86eff4203214cd7b64c5d908bb71cab69f7c555,outputs/c06_final_c86eff4,C06_early_calibration_c86eff420321_seed_101|C06_early_calibration_c86eff420321_seed_13|C06_early_calibration_c86eff420321_seed_137|C06_early_calibration_c86eff420321_seed_37|C06_early_calibration_c86eff420321_seed_73,028f538fb2e54338bfd223f89fada9245fa9ea540845d5f1231ee52b82c697a3|5b654f3df7287bec31f6d0441c633c4b526185fba3bffca287da0124e24682f4|94d43e99e64fe62393ed8059e659acf93cf0bc9ab0ed0b89f3accac6ec3b14aa|c33276933f988495776a4639f2d07af0caabe97ca6f4a7452e2369ea73ef38e0|d46212af096ceda55313179ec9a969787b09c8c6f025326cd08b0a736ca4f4aa,0.1
interval,C06,FD001,early_calibration,ridge,,normalized_interval_score,0.66114984441082,0.06349476825110104,0.592221714542607,0.7620130926151935,5,5,c86eff4203214cd7b64c5d908bb71cab69f7c555,outputs/c06_final_c86eff4,C06_early_calibration_c86eff420321_seed_101|C06_early_calibration_c86eff420321_seed_13|C06_early_calibration_c86eff420321_seed_137|C06_early_calibration_c86eff420321_seed_37|C06_early_calibration_c86eff420321_seed_73,028f538fb2e54338bfd223f89fada9245fa9ea540845d5f1231ee52b82c697a3|5b654f3df7287bec31f6d0441c633c4b526185fba3bffca287da0124e24682f4|94d43e99e64fe62393ed8059e659acf93cf0bc9ab0ed0b89f3accac6ec3b14aa|c33276933f988495776a4639f2d07af0caabe97ca6f4a7452e2369ea73ef38e0|d46212af096ceda55313179ec9a969787b09c8c6f025326cd08b0a736ca4f4aa,0.1
interval,C06,FD001,late_calibration,hist_gradient_boosting,,coverage,0.906,0.05813776741499453,0.82,0.96,5,5,c86eff4203214cd7b64c5d908bb71cab69f7c555,outputs/c06_final_c86eff4,C06_late_calibration_c86eff420321_seed_101|C06_late_calibration_c86eff420321_seed_13|C06_late_calibration_c86eff420321_seed_137|C06_late_calibration_c86eff420321_seed_37|C06_late_calibration_c86eff420321_seed_73,22cc268b9713f942eb1d9b078adcbb6d4e70934c25cdf7a3ff58939766d914e1|565653ebd216b202f2691a4b1a3c160dfcfd24f3935e1f9cffe9546c4db4ba28|6ccb5c7492798867277465ca994a670dad7fd90b6827e8cb36c08ccd7635c3f5|afbc5ddc66bae7926baede166957c69e4caf811221d2d13e11dfea5183c7ff93|e88a2610a01ee8763ea704268724c7db668a26675ed76946206cd1ec518884a4,0.05
interval,C06,FD001,late_calibration,hist_gradient_boosting,,mean_width,60.42844220679126,12.65977021910668,44.698725372114275,76.74103259831789,5,5,c86eff4203214cd7b64c5d908bb71cab69f7c555,outputs/c06_final_c86eff4,C06_late_calibration_c86eff420321_seed_101|C06_late_calibration_c86eff420321_seed_13|C06_late_calibration_c86eff420321_seed_137|C06_late_calibration_c86eff420321_seed_37|C06_late_calibration_c86eff420321_seed_73,22cc268b9713f942eb1d9b078adcbb6d4e70934c25cdf7a3ff58939766d914e1|565653ebd216b202f2691a4b1a3c160dfcfd24f3935e1f9cffe9546c4db4ba28|6ccb5c7492798867277465ca994a670dad7fd90b6827e8cb36c08ccd7635c3f5|afbc5ddc66bae7926baede166957c69e4caf811221d2d13e11dfea5183c7ff93|e88a2610a01ee8763ea704268724c7db668a26675ed76946206cd1ec518884a4,0.05
interval,C06,FD001,late_calibration,hist_gradient_boosting,,normalized_interval_score,0.6839241639024645,0.08155720195893143,0.6101671722283141,0.8127847864232222,5,5,c86eff4203214cd7b64c5d908bb71cab69f7c555,outputs/c06_final_c86eff4,C06_late_calibration_c86eff420321_seed_101|C06_late_calibration_c86eff420321_seed_13|C06_late_calibration_c86eff420321_seed_137|C06_late_calibration_c86eff420321_seed_37|C06_late_calibration_c86eff420321_seed_73,22cc268b9713f942eb1d9b078adcbb6d4e70934c25cdf7a3ff58939766d914e1|565653ebd216b202f2691a4b1a3c160dfcfd24f3935e1f9cffe9546c4db4ba28|6ccb5c7492798867277465ca994a670dad7fd90b6827e8cb36c08ccd7635c3f5|afbc5ddc66bae7926baede166957c69e4caf811221d2d13e11dfea5183c7ff93|e88a2610a01ee8763ea704268724c7db668a26675ed76946206cd1ec518884a4,0.05
interval,C06,FD001,late_calibration,hist_gradient_boosting,,coverage,0.884,0.0461519230368573,0.81,0.92,5,5,c86eff4203214cd7b64c5d908bb71cab69f7c555,outputs/c06_final_c86eff4,C06_late_calibration_c86eff420321_seed_101|C06_late_calibration_c86eff420321_seed_13|C06_late_calibration_c86eff420321_seed_137|C06_late_calibration_c86eff420321_seed_37|C06_late_calibration_c86eff420321_seed_73,22cc268b9713f942eb1d9b078adcbb6d4e70934c25cdf7a3ff58939766d914e1|565653ebd216b202f2691a4b1a3c160dfcfd24f3935e1f9cffe9546c4db4ba28|6ccb5c7492798867277465ca994a670dad7fd90b6827e8cb36c08ccd7635c3f5|afbc5ddc66bae7926baede166957c69e4caf811221d2d13e11dfea5183c7ff93|e88a2610a01ee8763ea704268724c7db668a26675ed76946206cd1ec518884a4,0.1
interval,C06,FD001,late_calibration,hist_gradient_boosting,,mean_width,53.87365024921788,7.700311906062637,41.56954897640001,61.938704378193215,5,5,c86eff4203214cd7b64c5d908bb71cab69f7c555,outputs/c06_final_c86eff4,C06_late_calibration_c86eff420321_seed_101|C06_late_calibration_c86eff420321_seed_13|C06_late_calibration_c86eff420321_seed_137|C06_late_calibration_c86eff420321_seed_37|C06_late_calibration_c86eff420321_seed_73,22cc268b9713f942eb1d9b078adcbb6d4e70934c25cdf7a3ff58939766d914e1|565653ebd216b202f2691a4b1a3c160dfcfd24f3935e1f9cffe9546c4db4ba28|6ccb5c7492798867277465ca994a670dad7fd90b6827e8cb36c08ccd7635c3f5|afbc5ddc66bae7926baede166957c69e4caf811221d2d13e11dfea5183c7ff93|e88a2610a01ee8763ea704268724c7db668a26675ed76946206cd1ec518884a4,0.1
interval,C06,FD001,late_calibration,hist_gradient_boosting,,normalized_interval_score,0.5680657908296372,0.038713504173086506,0.5152484909157351,0.6076074332175302,5,5,c86eff4203214cd7b64c5d908bb71cab69f7c555,outputs/c06_final_c86eff4,C06_late_calibration_c86eff420321_seed_101|C06_late_calibration_c86eff420321_seed_13|C06_late_calibration_c86eff420321_seed_137|C06_late_calibration_c86eff420321_seed_37|C06_late_calibration_c86eff420321_seed_73,22cc268b9713f942eb1d9b078adcbb6d4e70934c25cdf7a3ff58939766d914e1|565653ebd216b202f2691a4b1a3c160dfcfd24f3935e1f9cffe9546c4db4ba28|6ccb5c7492798867277465ca994a670dad7fd90b6827e8cb36c08ccd7635c3f5|afbc5ddc66bae7926baede166957c69e4caf811221d2d13e11dfea5183c7ff93|e88a2610a01ee8763ea704268724c7db668a26675ed76946206cd1ec518884a4,0.1
interval,C06,FD001,late_calibration,mean,,coverage,0.8640000000000001,0.023021728866442694,0.84,0.89,5,5,c86eff4203214cd7b64c5d908bb71cab69f7c555,outputs/c06_final_c86eff4,C06_late_calibration_c86eff420321_seed_101|C06_late_calibration_c86eff420321_seed_13|C06_late_calibration_c86eff420321_seed_137|C06_late_calibration_c86eff420321_seed_37|C06_late_calibration_c86eff420321_seed_73,22cc268b9713f942eb1d9b078adcbb6d4e70934c25cdf7a3ff58939766d914e1|565653ebd216b202f2691a4b1a3c160dfcfd24f3935e1f9cffe9546c4db4ba28|6ccb5c7492798867277465ca994a670dad7fd90b6827e8cb36c08ccd7635c3f5|afbc5ddc66bae7926baede166957c69e4caf811221d2d13e11dfea5183c7ff93|e88a2610a01ee8763ea704268724c7db668a26675ed76946206cd1ec518884a4,0.05
interval,C06,FD001,late_calibration,mean,,mean_width,133.59364408640863,3.5768127400878447,128.6549118387909,137.08318411199738,5,5,c86eff4203214cd7b64c5d908bb71cab69f7c555,outputs/c06_final_c86eff4,C06_late_calibration_c86eff420321_seed_101|C06_late_calibration_c86eff420321_seed_13|C06_late_calibration_c86eff420321_seed_137|C06_late_calibration_c86eff420321_seed_37|C06_late_calibration_c86eff420321_seed_73,22cc268b9713f942eb1d9b078adcbb6d4e70934c25cdf7a3ff58939766d914e1|565653ebd216b202f2691a4b1a3c160dfcfd24f3935e1f9cffe9546c4db4ba28|6ccb5c7492798867277465ca994a670dad7fd90b6827e8cb36c08ccd7635c3f5|afbc5ddc66bae7926baede166957c69e4caf811221d2d13e11dfea5183c7ff93|e88a2610a01ee8763ea704268724c7db668a26675ed76946206cd1ec518884a4,0.05
interval,C06,FD001,late_calibration,mean,,normalized_interval_score,1.407309152691269,0.03296481389386675,1.3590654728959792,1.4479717442141764,5,5,c86eff4203214cd7b64c5d908bb71cab69f7c555,outputs/c06_final_c86eff4,C06_late_calibration_c86eff420321_seed_101|C06_late_calibration_c86eff420321_seed_13|C06_late_calibration_c86eff420321_seed_137|C06_late_calibration_c86eff420321_seed_37|C06_late_calibration_c86eff420321_seed_73,22cc268b9713f942eb1d9b078adcbb6d4e70934c25cdf7a3ff58939766d914e1|565653ebd216b202f2691a4b1a3c160dfcfd24f3935e1f9cffe9546c4db4ba28|6ccb5c7492798867277465ca994a670dad7fd90b6827e8cb36c08ccd7635c3f5|afbc5ddc66bae7926baede166957c69e4caf811221d2d13e11dfea5183c7ff93|e88a2610a01ee8763ea704268724c7db668a26675ed76946206cd1ec518884a4,0.05
interval,C06,FD001,late_calibration,mean,,coverage,0.8320000000000001,0.034928498393145935,0.8,0.87,5,5,c86eff4203214cd7b64c5d908bb71cab69f7c555,outputs/c06_final_c86eff4,C06_late_calibration_c86eff420321_seed_101|C06_late_calibration_c86eff420321_seed_13|C06_late_calibration_c86eff420321_seed_137|C06_late_calibration_c86eff420321_seed_37|C06_late_calibration_c86eff420321_seed_73,22cc268b9713f942eb1d9b078adcbb6d4e70934c25cdf7a3ff58939766d914e1|565653ebd216b202f2691a4b1a3c160dfcfd24f3935e1f9cffe9546c4db4ba28|6ccb5c7492798867277465ca994a670dad7fd90b6827e8cb36c08ccd7635c3f5|afbc5ddc66bae7926baede166957c69e4caf811221d2d13e11dfea5183c7ff93|e88a2610a01ee8763ea704268724c7db668a26675ed76946206cd1ec518884a4,0.1
interval,C06,FD001,late_calibration,mean,,mean_width,127.19364408640863,6.939354368795057,119.79646802677206,134.96426869938068,5,5,c86eff4203214cd7b64c5d908bb71cab69f7c555,outputs/c06_final_c86eff4,C06_late_calibration_c86eff420321_seed_101|C06_late_calibration_c86eff420321_seed_13|C06_late_calibration_c86eff420321_seed_137|C06_late_calibration_c86eff420321_seed_37|C06_late_calibration_c86eff420321_seed_73,22cc268b9713f942eb1d9b078adcbb6d4e70934c25cdf7a3ff58939766d914e1|565653ebd216b202f2691a4b1a3c160dfcfd24f3935e1f9cffe9546c4db4ba28|6ccb5c7492798867277465ca994a670dad7fd90b6827e8cb36c08ccd7635c3f5|afbc5ddc66bae7926baede166957c69e4caf811221d2d13e11dfea5183c7ff93|e88a2610a01ee8763ea704268724c7db668a26675ed76946206cd1ec518884a4,0.1
interval,C06,FD001,late_calibration,mean,,normalized_interval_score,1.2773891526912688,0.03962731325322988,1.235865472895979,1.3391717442141764,5,5,c86eff4203214cd7b64c5d908bb71cab69f7c555,outputs/c06_final_c86eff4,C06_late_calibration_c86eff420321_seed_101|C06_late_calibration_c86eff420321_seed_13|C06_late_calibration_c86eff420321_seed_137|C06_late_calibration_c86eff420321_seed_37|C06_late_calibration_c86eff420321_seed_73,22cc268b9713f942eb1d9b078adcbb6d4e70934c25cdf7a3ff58939766d914e1|565653ebd216b202f2691a4b1a3c160dfcfd24f3935e1f9cffe9546c4db4ba28|6ccb5c7492798867277465ca994a670dad7fd90b6827e8cb36c08ccd7635c3f5|afbc5ddc66bae7926baede166957c69e4caf811221d2d13e11dfea5183c7ff93|e88a2610a01ee8763ea704268724c7db668a26675ed76946206cd1ec518884a4,0.1
interval,C06,FD001,late_calibration,ridge,,coverage,0.95,0.03162277660168378,0.9,0.98,5,5,c86eff4203214cd7b64c5d908bb71cab69f7c555,outputs/c06_final_c86eff4,C06_late_calibration_c86eff420321_seed_101|C06_late_calibration_c86eff420321_seed_13|C06_late_calibration_c86eff420321_seed_137|C06_late_calibration_c86eff420321_seed_37|C06_late_calibration_c86eff420321_seed_73,22cc268b9713f942eb1d9b078adcbb6d4e70934c25cdf7a3ff58939766d914e1|565653ebd216b202f2691a4b1a3c160dfcfd24f3935e1f9cffe9546c4db4ba28|6ccb5c7492798867277465ca994a670dad7fd90b6827e8cb36c08ccd7635c3f5|afbc5ddc66bae7926baede166957c69e4caf811221d2d13e11dfea5183c7ff93|e88a2610a01ee8763ea704268724c7db668a26675ed76946206cd1ec518884a4,0.05
interval,C06,FD001,late_calibration,ridge,,mean_width,74.75560929087102,13.29795813546695,56.62257097659653,92.4482496796584,5,5,c86eff4203214cd7b64c5d908bb71cab69f7c555,outputs/c06_final_c86eff4,C06_late_calibration_c86eff420321_seed_101|C06_late_calibration_c86eff420321_seed_13|C06_late_calibration_c86eff420321_seed_137|C06_late_calibration_c86eff420321_seed_37|C06_late_calibration_c86eff420321_seed_73,22cc268b9713f942eb1d9b078adcbb6d4e70934c25cdf7a3ff58939766d914e1|565653ebd216b202f2691a4b1a3c160dfcfd24f3935e1f9cffe9546c4db4ba28|6ccb5c7492798867277465ca994a670dad7fd90b6827e8cb36c08ccd7635c3f5|afbc5ddc66bae7926baede166957c69e4caf811221d2d13e11dfea5183c7ff93|e88a2610a01ee8763ea704268724c7db668a26675ed76946206cd1ec518884a4,0.05
interval,C06,FD001,late_calibration,ridge,,normalized_interval_score,0.7124282610072431,0.06163577150549592,0.6298920464548965,0.7633267254417718,5,5,c86eff4203214cd7b64c5d908bb71cab69f7c555,outputs/c06_final_c86eff4,C06_late_calibration_c86eff420321_seed_101|C06_late_calibration_c86eff420321_seed_13|C06_late_calibration_c86eff420321_seed_137|C06_late_calibration_c86eff420321_seed_37|C06_late_calibration_c86eff420321_seed_73,22cc268b9713f942eb1d9b078adcbb6d4e70934c25cdf7a3ff58939766d914e1|565653ebd216b202f2691a4b1a3c160dfcfd24f3935e1f9cffe9546c4db4ba28|6ccb5c7492798867277465ca994a670dad7fd90b6827e8cb36c08ccd7635c3f5|afbc5ddc66bae7926baede166957c69e4caf811221d2d13e11dfea5183c7ff93|e88a2610a01ee8763ea704268724c7db668a26675ed76946206cd1ec518884a4,0.05
interval,C06,FD001,late_calibration,ridge,,coverage,0.9059999999999999,0.05727128425310541,0.83,0.98,5,5,c86eff4203214cd7b64c5d908bb71cab69f7c555,outputs/c06_final_c86eff4,C06_late_calibration_c86eff420321_seed_101|C06_late_calibration_c86eff420321_seed_13|C06_late_calibration_c86eff420321_seed_137|C06_late_calibration_c86eff420321_seed_37|C06_late_calibration_c86eff420321_seed_73,22cc268b9713f942eb1d9b078adcbb6d4e70934c25cdf7a3ff58939766d914e1|565653ebd216b202f2691a4b1a3c160dfcfd24f3935e1f9cffe9546c4db4ba28|6ccb5c7492798867277465ca994a670dad7fd90b6827e8cb36c08ccd7635c3f5|afbc5ddc66bae7926baede166957c69e4caf811221d2d13e11dfea5183c7ff93|e88a2610a01ee8763ea704268724c7db668a26675ed76946206cd1ec518884a4,0.1
interval,C06,FD001,late_calibration,ridge,,mean_width,62.35376364129877,14.117529139358968,50.22552066753337,85.34428128444449,5,5,c86eff4203214cd7b64c5d908bb71cab69f7c555,outputs/c06_final_c86eff4,C06_late_calibration_c86eff420321_seed_101|C06_late_calibration_c86eff420321_seed_13|C06_late_calibration_c86eff420321_seed_137|C06_late_calibration_c86eff420321_seed_37|C06_late_calibration_c86eff420321_seed_73,22cc268b9713f942eb1d9b078adcbb6d4e70934c25cdf7a3ff58939766d914e1|565653ebd216b202f2691a4b1a3c160dfcfd24f3935e1f9cffe9546c4db4ba28|6ccb5c7492798867277465ca994a670dad7fd90b6827e8cb36c08ccd7635c3f5|afbc5ddc66bae7926baede166957c69e4caf811221d2d13e11dfea5183c7ff93|e88a2610a01ee8763ea704268724c7db668a26675ed76946206cd1ec518884a4,0.1
interval,C06,FD001,late_calibration,ridge,,normalized_interval_score,0.6291750046797427,0.04911163485197916,0.574915154038279,0.7009008460323987,5,5,c86eff4203214cd7b64c5d908bb71cab69f7c555,outputs/c06_final_c86eff4,C06_late_calibration_c86eff420321_seed_101|C06_late_calibration_c86eff420321_seed_13|C06_late_calibration_c86eff420321_seed_137|C06_late_calibration_c86eff420321_seed_37|C06_late_calibration_c86eff420321_seed_73,22cc268b9713f942eb1d9b078adcbb6d4e70934c25cdf7a3ff58939766d914e1|565653ebd216b202f2691a4b1a3c160dfcfd24f3935e1f9cffe9546c4db4ba28|6ccb5c7492798867277465ca994a670dad7fd90b6827e8cb36c08ccd7635c3f5|afbc5ddc66bae7926baede166957c69e4caf811221d2d13e11dfea5183c7ff93|e88a2610a01ee8763ea704268724c7db668a26675ed76946206cd1ec518884a4,0.1
interval,C06,FD001,primary,hist_gradient_boosting,,coverage,0.9860000000000001,0.015165750888103114,0.96,1.0,5,5,c86eff4203214cd7b64c5d908bb71cab69f7c555,outputs/c06_final_c86eff4,C06_primary_c86eff420321_seed_101|C06_primary_c86eff420321_seed_13|C06_primary_c86eff420321_seed_137|C06_primary_c86eff420321_seed_37|C06_primary_c86eff420321_seed_73,289afdd1f913956669715a713a3ac564fefca58bba6fc13afb58935878be5720|876fae5c024b2634b85d6e6a3379043f8c86f380c478a507a03344f10572142e|8819569faa808171ad07f68f2896f552d945bead1a30e6a0fddf49bca3759b2d|e11b5eaabca48e0dee3dc32442bd337c7cbaeffb5ddfafb12360af432be1a2b0|fa24209b5c5c35d3e8684a326a0eb294753ab57c8573bf0a83c9f44dfcda1273,0.05
interval,C06,FD001,primary,hist_gradient_boosting,,mean_width,83.02268676665383,13.385756435292354,68.16806865763317,96.5871753101742,5,5,c86eff4203214cd7b64c5d908bb71cab69f7c555,outputs/c06_final_c86eff4,C06_primary_c86eff420321_seed_101|C06_primary_c86eff420321_seed_13|C06_primary_c86eff420321_seed_137|C06_primary_c86eff420321_seed_37|C06_primary_c86eff420321_seed_73,289afdd1f913956669715a713a3ac564fefca58bba6fc13afb58935878be5720|876fae5c024b2634b85d6e6a3379043f8c86f380c478a507a03344f10572142e|8819569faa808171ad07f68f2896f552d945bead1a30e6a0fddf49bca3759b2d|e11b5eaabca48e0dee3dc32442bd337c7cbaeffb5ddfafb12360af432be1a2b0|fa24209b5c5c35d3e8684a326a0eb294753ab57c8573bf0a83c9f44dfcda1273,0.05
interval,C06,FD001,primary,hist_gradient_boosting,,normalized_interval_score,0.7032509753645468,0.06951707541204072,0.6121412940045675,0.7729905089563259,5,5,c86eff4203214cd7b64c5d908bb71cab69f7c555,outputs/c06_final_c86eff4,C06_primary_c86eff420321_seed_101|C06_primary_c86eff420321_seed_13|C06_primary_c86eff420321_seed_137|C06_primary_c86eff420321_seed_37|C06_primary_c86eff420321_seed_73,289afdd1f913956669715a713a3ac564fefca58bba6fc13afb58935878be5720|876fae5c024b2634b85d6e6a3379043f8c86f380c478a507a03344f10572142e|8819569faa808171ad07f68f2896f552d945bead1a30e6a0fddf49bca3759b2d|e11b5eaabca48e0dee3dc32442bd337c7cbaeffb5ddfafb12360af432be1a2b0|fa24209b5c5c35d3e8684a326a0eb294753ab57c8573bf0a83c9f44dfcda1273,0.05
interval,C06,FD001,primary,hist_gradient_boosting,,coverage,0.9620000000000001,0.026832815729997468,0.93,0.99,5,5,c86eff4203214cd7b64c5d908bb71cab69f7c555,outputs/c06_final_c86eff4,C06_primary_c86eff420321_seed_101|C06_primary_c86eff420321_seed_13|C06_primary_c86eff420321_seed_137|C06_primary_c86eff420321_seed_37|C06_primary_c86eff420321_seed_73,289afdd1f913956669715a713a3ac564fefca58bba6fc13afb58935878be5720|876fae5c024b2634b85d6e6a3379043f8c86f380c478a507a03344f10572142e|8819569faa808171ad07f68f2896f552d945bead1a30e6a0fddf49bca3759b2d|e11b5eaabca48e0dee3dc32442bd337c7cbaeffb5ddfafb12360af432be1a2b0|fa24209b5c5c35d3e8684a326a0eb294753ab57c8573bf0a83c9f44dfcda1273,0.1
interval,C06,FD001,primary,hist_gradient_boosting,,mean_width,70.36879318538327,8.327227142220574,59.25950915956047,79.68830959567983,5,5,c86eff4203214cd7b64c5d908bb71cab69f7c555,outputs/c06_final_c86eff4,C06_primary_c86eff420321_seed_101|C06_primary_c86eff420321_seed_13|C06_primary_c86eff420321_seed_137|C06_primary_c86eff420321_seed_37|C06_primary_c86eff420321_seed_73,289afdd1f913956669715a713a3ac564fefca58bba6fc13afb58935878be5720|876fae5c024b2634b85d6e6a3379043f8c86f380c478a507a03344f10572142e|8819569faa808171ad07f68f2896f552d945bead1a30e6a0fddf49bca3759b2d|e11b5eaabca48e0dee3dc32442bd337c7cbaeffb5ddfafb12360af432be1a2b0|fa24209b5c5c35d3e8684a326a0eb294753ab57c8573bf0a83c9f44dfcda1273,0.1
interval,C06,FD001,primary,hist_gradient_boosting,,normalized_interval_score,0.605343312640259,0.04818680598492071,0.5293755551284808,0.6559211561653021,5,5,c86eff4203214cd7b64c5d908bb71cab69f7c555,outputs/c06_final_c86eff4,C06_primary_c86eff420321_seed_101|C06_primary_c86eff420321_seed_13|C06_primary_c86eff420321_seed_137|C06_primary_c86eff420321_seed_37|C06_primary_c86eff420321_seed_73,289afdd1f913956669715a713a3ac564fefca58bba6fc13afb58935878be5720|876fae5c024b2634b85d6e6a3379043f8c86f380c478a507a03344f10572142e|8819569faa808171ad07f68f2896f552d945bead1a30e6a0fddf49bca3759b2d|e11b5eaabca48e0dee3dc32442bd337c7cbaeffb5ddfafb12360af432be1a2b0|fa24209b5c5c35d3e8684a326a0eb294753ab57c8573bf0a83c9f44dfcda1273,0.1
interval,C06,FD001,primary,mean,,coverage,0.8220000000000001,0.03271085446759223,0.8,0.88,5,5,c86eff4203214cd7b64c5d908bb71cab69f7c555,outputs/c06_final_c86eff4,C06_primary_c86eff420321_seed_101|C06_primary_c86eff420321_seed_13|C06_primary_c86eff420321_seed_137|C06_primary_c86eff420321_seed_37|C06_primary_c86eff420321_seed_73,289afdd1f913956669715a713a3ac564fefca58bba6fc13afb58935878be5720|876fae5c024b2634b85d6e6a3379043f8c86f380c478a507a03344f10572142e|8819569faa808171ad07f68f2896f552d945bead1a30e6a0fddf49bca3759b2d|e11b5eaabca48e0dee3dc32442bd337c7cbaeffb5ddfafb12360af432be1a2b0|fa24209b5c5c35d3e8684a326a0eb294753ab57c8573bf0a83c9f44dfcda1273,0.05
interval,C06,FD001,primary,mean,,mean_width,127.19364408640863,5.417147209238673,119.79646802677206,135.08318411199738,5,5,c86eff4203214cd7b64c5d908bb71cab69f7c555,outputs/c06_final_c86eff4,C06_primary_c86eff420321_seed_101|C06_primary_c86eff420321_seed_13|C06_primary_c86eff420321_seed_137|C06_primary_c86eff420321_seed_37|C06_primary_c86eff420321_seed_73,289afdd1f913956669715a713a3ac564fefca58bba6fc13afb58935878be5720|876fae5c024b2634b85d6e6a3379043f8c86f380c478a507a03344f10572142e|8819569faa808171ad07f68f2896f552d945bead1a30e6a0fddf49bca3759b2d|e11b5eaabca48e0dee3dc32442bd337c7cbaeffb5ddfafb12360af432be1a2b0|fa24209b5c5c35d3e8684a326a0eb294753ab57c8573bf0a83c9f44dfcda1273,0.05
interval,C06,FD001,primary,mean,,normalized_interval_score,1.539149152691269,0.1279211487867142,1.3814654728959792,1.7199717442141764,5,5,c86eff4203214cd7b64c5d908bb71cab69f7c555,outputs/c06_final_c86eff4,C06_primary_c86eff420321_seed_101|C06_primary_c86eff420321_seed_13|C06_primary_c86eff420321_seed_137|C06_primary_c86eff420321_seed_37|C06_primary_c86eff420321_seed_73,289afdd1f913956669715a713a3ac564fefca58bba6fc13afb58935878be5720|876fae5c024b2634b85d6e6a3379043f8c86f380c478a507a03344f10572142e|8819569faa808171ad07f68f2896f552d945bead1a30e6a0fddf49bca3759b2d|e11b5eaabca48e0dee3dc32442bd337c7cbaeffb5ddfafb12360af432be1a2b0|fa24209b5c5c35d3e8684a326a0eb294753ab57c8573bf0a83c9f44dfcda1273,0.05
interval,C06,FD001,primary,mean,,coverage,0.784,0.031304951684997084,0.75,0.81,5,5,c86eff4203214cd7b64c5d908bb71cab69f7c555,outputs/c06_final_c86eff4,C06_primary_c86eff420321_seed_101|C06_primary_c86eff420321_seed_13|C06_primary_c86eff420321_seed_137|C06_primary_c86eff420321_seed_37|C06_primary_c86eff420321_seed_73,289afdd1f913956669715a713a3ac564fefca58bba6fc13afb58935878be5720|876fae5c024b2634b85d6e6a3379043f8c86f380c478a507a03344f10572142e|8819569faa808171ad07f68f2896f552d945bead1a30e6a0fddf49bca3759b2d|e11b5eaabca48e0dee3dc32442bd337c7cbaeffb5ddfafb12360af432be1a2b0|fa24209b5c5c35d3e8684a326a0eb294753ab57c8573bf0a83c9f44dfcda1273,0.1
interval,C06,FD001,primary,mean,,mean_width,117.19364408640863,5.069528804325026,110.65491183879088,122.96426869938068,5,5,c86eff4203214cd7b64c5d908bb71cab69f7c555,outputs/c06_final_c86eff4,C06_primary_c86eff420321_seed_101|C06_primary_c86eff420321_seed_13|C06_primary_c86eff420321_seed_137|C06_primary_c86eff420321_seed_37|C06_primary_c86eff420321_seed_73,289afdd1f913956669715a713a3ac564fefca58bba6fc13afb58935878be5720|876fae5c024b2634b85d6e6a3379043f8c86f380c478a507a03344f10572142e|8819569faa808171ad07f68f2896f552d945bead1a30e6a0fddf49bca3759b2d|e11b5eaabca48e0dee3dc32442bd337c7cbaeffb5ddfafb12360af432be1a2b0|fa24209b5c5c35d3e8684a326a0eb294753ab57c8573bf0a83c9f44dfcda1273,0.1
interval,C06,FD001,primary,mean,,normalized_interval_score,1.3561091526912694,0.03370033878817655,1.3174654728959792,1.4015717442141766,5,5,c86eff4203214cd7b64c5d908bb71cab69f7c555,outputs/c06_final_c86eff4,C06_primary_c86eff420321_seed_101|C06_primary_c86eff420321_seed_13|C06_primary_c86eff420321_seed_137|C06_primary_c86eff420321_seed_37|C06_primary_c86eff420321_seed_73,289afdd1f913956669715a713a3ac564fefca58bba6fc13afb58935878be5720|876fae5c024b2634b85d6e6a3379043f8c86f380c478a507a03344f10572142e|8819569faa808171ad07f68f2896f552d945bead1a30e6a0fddf49bca3759b2d|e11b5eaabca48e0dee3dc32442bd337c7cbaeffb5ddfafb12360af432be1a2b0|fa24209b5c5c35d3e8684a326a0eb294753ab57c8573bf0a83c9f44dfcda1273,0.1
interval,C06,FD001,primary,ridge,,coverage,0.966,0.02607680962081058,0.93,1.0,5,5,c86eff4203214cd7b64c5d908bb71cab69f7c555,outputs/c06_final_c86eff4,C06_primary_c86eff420321_seed_101|C06_primary_c86eff420321_seed_13|C06_primary_c86eff420321_seed_137|C06_primary_c86eff420321_seed_37|C06_primary_c86eff420321_seed_73,289afdd1f913956669715a713a3ac564fefca58bba6fc13afb58935878be5720|876fae5c024b2634b85d6e6a3379043f8c86f380c478a507a03344f10572142e|8819569faa808171ad07f68f2896f552d945bead1a30e6a0fddf49bca3759b2d|e11b5eaabca48e0dee3dc32442bd337c7cbaeffb5ddfafb12360af432be1a2b0|fa24209b5c5c35d3e8684a326a0eb294753ab57c8573bf0a83c9f44dfcda1273,0.05
interval,C06,FD001,primary,ridge,,mean_width,80.20050388169773,13.34595866467691,67.943308082884,102.88065205539169,5,5,c86eff4203214cd7b64c5d908bb71cab69f7c555,outputs/c06_final_c86eff4,C06_primary_c86eff420321_seed_101|C06_primary_c86eff420321_seed_13|C06_primary_c86eff420321_seed_137|C06_primary_c86eff420321_seed_37|C06_primary_c86eff420321_seed_73,289afdd1f913956669715a713a3ac564fefca58bba6fc13afb58935878be5720|876fae5c024b2634b85d6e6a3379043f8c86f380c478a507a03344f10572142e|8819569faa808171ad07f68f2896f552d945bead1a30e6a0fddf49bca3759b2d|e11b5eaabca48e0dee3dc32442bd337c7cbaeffb5ddfafb12360af432be1a2b0|fa24209b5c5c35d3e8684a326a0eb294753ab57c8573bf0a83c9f44dfcda1273,0.05
interval,C06,FD001,primary,ridge,,normalized_interval_score,0.7167560303391821,0.06962849395220144,0.6570713642602454,0.8230452164431336,5,5,c86eff4203214cd7b64c5d908bb71cab69f7c555,outputs/c06_final_c86eff4,C06_primary_c86eff420321_seed_101|C06_primary_c86eff420321_seed_13|C06_primary_c86eff420321_seed_137|C06_primary_c86eff420321_seed_37|C06_primary_c86eff420321_seed_73,289afdd1f913956669715a713a3ac564fefca58bba6fc13afb58935878be5720|876fae5c024b2634b85d6e6a3379043f8c86f380c478a507a03344f10572142e|8819569faa808171ad07f68f2896f552d945bead1a30e6a0fddf49bca3759b2d|e11b5eaabca48e0dee3dc32442bd337c7cbaeffb5ddfafb12360af432be1a2b0|fa24209b5c5c35d3e8684a326a0eb294753ab57c8573bf0a83c9f44dfcda1273,0.05
interval,C06,FD001,primary,ridge,,coverage,0.952,0.02774887385102321,0.92,0.99,5,5,c86eff4203214cd7b64c5d908bb71cab69f7c555,outputs/c06_final_c86eff4,C06_primary_c86eff420321_seed_101|C06_primary_c86eff420321_seed_13|C06_primary_c86eff420321_seed_137|C06_primary_c86eff420321_seed_37|C06_primary_c86eff420321_seed_73,289afdd1f913956669715a713a3ac564fefca58bba6fc13afb58935878be5720|876fae5c024b2634b85d6e6a3379043f8c86f380c478a507a03344f10572142e|8819569faa808171ad07f68f2896f552d945bead1a30e6a0fddf49bca3759b2d|e11b5eaabca48e0dee3dc32442bd337c7cbaeffb5ddfafb12360af432be1a2b0|fa24209b5c5c35d3e8684a326a0eb294753ab57c8573bf0a83c9f44dfcda1273,0.1
interval,C06,FD001,primary,ridge,,mean_width,76.68337517323693,13.377810456622852,63.42192282041391,99.27901279576177,5,5,c86eff4203214cd7b64c5d908bb71cab69f7c555,outputs/c06_final_c86eff4,C06_primary_c86eff420321_seed_101|C06_primary_c86eff420321_seed_13|C06_primary_c86eff420321_seed_137|C06_primary_c86eff420321_seed_37|C06_primary_c86eff420321_seed_73,289afdd1f913956669715a713a3ac564fefca58bba6fc13afb58935878be5720|876fae5c024b2634b85d6e6a3379043f8c86f380c478a507a03344f10572142e|8819569faa808171ad07f68f2896f552d945bead1a30e6a0fddf49bca3759b2d|e11b5eaabca48e0dee3dc32442bd337c7cbaeffb5ddfafb12360af432be1a2b0|fa24209b5c5c35d3e8684a326a0eb294753ab57c8573bf0a83c9f44dfcda1273,0.1
interval,C06,FD001,primary,ridge,,normalized_interval_score,0.66249616973528,0.07805574834600403,0.6114918602411042,0.7952623838042412,5,5,c86eff4203214cd7b64c5d908bb71cab69f7c555,outputs/c06_final_c86eff4,C06_primary_c86eff420321_seed_101|C06_primary_c86eff420321_seed_13|C06_primary_c86eff420321_seed_137|C06_primary_c86eff420321_seed_37|C06_primary_c86eff420321_seed_73,289afdd1f913956669715a713a3ac564fefca58bba6fc13afb58935878be5720|876fae5c024b2634b85d6e6a3379043f8c86f380c478a507a03344f10572142e|8819569faa808171ad07f68f2896f552d945bead1a30e6a0fddf49bca3759b2d|e11b5eaabca48e0dee3dc32442bd337c7cbaeffb5ddfafb12360af432be1a2b0|fa24209b5c5c35d3e8684a326a0eb294753ab57c8573bf0a83c9f44dfcda1273,0.1
interval,C08,FD001,primary,hist_gradient_boosting,,coverage,0.984,0.013416407864998748,0.96,0.99,5,5,8468e13b7f2c7c3d937f0b4de6f5198e95e7b0b8,outputs/c08_final_8468e13,C08_FD001_8468e13b7f2c_seed_101|C08_FD001_8468e13b7f2c_seed_13|C08_FD001_8468e13b7f2c_seed_137|C08_FD001_8468e13b7f2c_seed_37|C08_FD001_8468e13b7f2c_seed_73,4141544af1d2dd1db2eae48163b356f6c670744959b6a86f370de28f6a7aa3be|44a7939414f5e85427ca2c4ab1112e2e3ce4ab87bab40d29528e4f7a37583071|6d7412be60bfa6a329621318ea485760a1766e36e9a190de0c8af1aff812091e|94684685af8a146f8fde8232ff40ed5e71973df4d6ede1e5babefc89af7c9aa2|ab3bae9650ee71583be60d0ac47740bbb065d35acabb9fea725cb332b904c5ee,0.05
interval,C08,FD001,primary,hist_gradient_boosting,,mean_width,82.90532018076705,13.239011585667178,68.16806865763317,96.5871753101742,5,5,8468e13b7f2c7c3d937f0b4de6f5198e95e7b0b8,outputs/c08_final_8468e13,C08_FD001_8468e13b7f2c_seed_101|C08_FD001_8468e13b7f2c_seed_13|C08_FD001_8468e13b7f2c_seed_137|C08_FD001_8468e13b7f2c_seed_37|C08_FD001_8468e13b7f2c_seed_73,4141544af1d2dd1db2eae48163b356f6c670744959b6a86f370de28f6a7aa3be|44a7939414f5e85427ca2c4ab1112e2e3ce4ab87bab40d29528e4f7a37583071|6d7412be60bfa6a329621318ea485760a1766e36e9a190de0c8af1aff812091e|94684685af8a146f8fde8232ff40ed5e71973df4d6ede1e5babefc89af7c9aa2|ab3bae9650ee71583be60d0ac47740bbb065d35acabb9fea725cb332b904c5ee,0.05
interval,C08,FD001,primary,hist_gradient_boosting,,normalized_interval_score,0.7058942970024427,0.07297766730148085,0.6121412940045675,0.7858016211447234,5,5,8468e13b7f2c7c3d937f0b4de6f5198e95e7b0b8,outputs/c08_final_8468e13,C08_FD001_8468e13b7f2c_seed_101|C08_FD001_8468e13b7f2c_seed_13|C08_FD001_8468e13b7f2c_seed_137|C08_FD001_8468e13b7f2c_seed_37|C08_FD001_8468e13b7f2c_seed_73,4141544af1d2dd1db2eae48163b356f6c670744959b6a86f370de28f6a7aa3be|44a7939414f5e85427ca2c4ab1112e2e3ce4ab87bab40d29528e4f7a37583071|6d7412be60bfa6a329621318ea485760a1766e36e9a190de0c8af1aff812091e|94684685af8a146f8fde8232ff40ed5e71973df4d6ede1e5babefc89af7c9aa2|ab3bae9650ee71583be60d0ac47740bbb065d35acabb9fea725cb332b904c5ee,0.05
interval,C08,FD001,primary,hist_gradient_boosting,,coverage,0.95,0.018708286933869694,0.93,0.98,5,5,8468e13b7f2c7c3d937f0b4de6f5198e95e7b0b8,outputs/c08_final_8468e13,C08_FD001_8468e13b7f2c_seed_101|C08_FD001_8468e13b7f2c_seed_13|C08_FD001_8468e13b7f2c_seed_137|C08_FD001_8468e13b7f2c_seed_37|C08_FD001_8468e13b7f2c_seed_73,4141544af1d2dd1db2eae48163b356f6c670744959b6a86f370de28f6a7aa3be|44a7939414f5e85427ca2c4ab1112e2e3ce4ab87bab40d29528e4f7a37583071|6d7412be60bfa6a329621318ea485760a1766e36e9a190de0c8af1aff812091e|94684685af8a146f8fde8232ff40ed5e71973df4d6ede1e5babefc89af7c9aa2|ab3bae9650ee71583be60d0ac47740bbb065d35acabb9fea725cb332b904c5ee,0.1
interval,C08,FD001,primary,hist_gradient_boosting,,mean_width,68.32414685976539,7.063260658750546,58.48383948021751,77.38757527228383,5,5,8468e13b7f2c7c3d937f0b4de6f5198e95e7b0b8,outputs/c08_final_8468e13,C08_FD001_8468e13b7f2c_seed_101|C08_FD001_8468e13b7f2c_seed_13|C08_FD001_8468e13b7f2c_seed_137|C08_FD001_8468e13b7f2c_seed_37|C08_FD001_8468e13b7f2c_seed_73,4141544af1d2dd1db2eae48163b356f6c670744959b6a86f370de28f6a7aa3be|44a7939414f5e85427ca2c4ab1112e2e3ce4ab87bab40d29528e4f7a37583071|6d7412be60bfa6a329621318ea485760a1766e36e9a190de0c8af1aff812091e|94684685af8a146f8fde8232ff40ed5e71973df4d6ede1e5babefc89af7c9aa2|ab3bae9650ee71583be60d0ac47740bbb065d35acabb9fea725cb332b904c5ee,0.1
interval,C08,FD001,primary,hist_gradient_boosting,,normalized_interval_score,0.6025185989297361,0.04222782239579229,0.5347313386225969,0.6435941799062982,5,5,8468e13b7f2c7c3d937f0b4de6f5198e95e7b0b8,outputs/c08_final_8468e13,C08_FD001_8468e13b7f2c_seed_101|C08_FD001_8468e13b7f2c_seed_13|C08_FD001_8468e13b7f2c_seed_137|C08_FD001_8468e13b7f2c_seed_37|C08_FD001_8468e13b7f2c_seed_73,4141544af1d2dd1db2eae48163b356f6c670744959b6a86f370de28f6a7aa3be|44a7939414f5e85427ca2c4ab1112e2e3ce4ab87bab40d29528e4f7a37583071|6d7412be60bfa6a329621318ea485760a1766e36e9a190de0c8af1aff812091e|94684685af8a146f8fde8232ff40ed5e71973df4d6ede1e5babefc89af7c9aa2|ab3bae9650ee71583be60d0ac47740bbb065d35acabb9fea725cb332b904c5ee,0.1
interval,C08,FD001,primary,mean,,coverage,0.8220000000000001,0.03271085446759223,0.8,0.88,5,5,8468e13b7f2c7c3d937f0b4de6f5198e95e7b0b8,outputs/c08_final_8468e13,C08_FD001_8468e13b7f2c_seed_101|C08_FD001_8468e13b7f2c_seed_13|C08_FD001_8468e13b7f2c_seed_137|C08_FD001_8468e13b7f2c_seed_37|C08_FD001_8468e13b7f2c_seed_73,4141544af1d2dd1db2eae48163b356f6c670744959b6a86f370de28f6a7aa3be|44a7939414f5e85427ca2c4ab1112e2e3ce4ab87bab40d29528e4f7a37583071|6d7412be60bfa6a329621318ea485760a1766e36e9a190de0c8af1aff812091e|94684685af8a146f8fde8232ff40ed5e71973df4d6ede1e5babefc89af7c9aa2|ab3bae9650ee71583be60d0ac47740bbb065d35acabb9fea725cb332b904c5ee,0.05
interval,C08,FD001,primary,mean,,mean_width,127.19364408640863,5.417147209238673,119.79646802677206,135.08318411199738,5,5,8468e13b7f2c7c3d937f0b4de6f5198e95e7b0b8,outputs/c08_final_8468e13,C08_FD001_8468e13b7f2c_seed_101|C08_FD001_8468e13b7f2c_seed_13|C08_FD001_8468e13b7f2c_seed_137|C08_FD001_8468e13b7f2c_seed_37|C08_FD001_8468e13b7f2c_seed_73,4141544af1d2dd1db2eae48163b356f6c670744959b6a86f370de28f6a7aa3be|44a7939414f5e85427ca2c4ab1112e2e3ce4ab87bab40d29528e4f7a37583071|6d7412be60bfa6a329621318ea485760a1766e36e9a190de0c8af1aff812091e|94684685af8a146f8fde8232ff40ed5e71973df4d6ede1e5babefc89af7c9aa2|ab3bae9650ee71583be60d0ac47740bbb065d35acabb9fea725cb332b904c5ee,0.05
interval,C08,FD001,primary,mean,,normalized_interval_score,1.539149152691269,0.1279211487867142,1.3814654728959792,1.7199717442141764,5,5,8468e13b7f2c7c3d937f0b4de6f5198e95e7b0b8,outputs/c08_final_8468e13,C08_FD001_8468e13b7f2c_seed_101|C08_FD001_8468e13b7f2c_seed_13|C08_FD001_8468e13b7f2c_seed_137|C08_FD001_8468e13b7f2c_seed_37|C08_FD001_8468e13b7f2c_seed_73,4141544af1d2dd1db2eae48163b356f6c670744959b6a86f370de28f6a7aa3be|44a7939414f5e85427ca2c4ab1112e2e3ce4ab87bab40d29528e4f7a37583071|6d7412be60bfa6a329621318ea485760a1766e36e9a190de0c8af1aff812091e|94684685af8a146f8fde8232ff40ed5e71973df4d6ede1e5babefc89af7c9aa2|ab3bae9650ee71583be60d0ac47740bbb065d35acabb9fea725cb332b904c5ee,0.05
interval,C08,FD001,primary,mean,,coverage,0.8160000000000001,0.031304951684997036,0.79,0.87,5,5,8468e13b7f2c7c3d937f0b4de6f5198e95e7b0b8,outputs/c08_final_8468e13,C08_FD001_8468e13b7f2c_seed_101|C08_FD001_8468e13b7f2c_seed_13|C08_FD001_8468e13b7f2c_seed_137|C08_FD001_8468e13b7f2c_seed_37|C08_FD001_8468e13b7f2c_seed_73,4141544af1d2dd1db2eae48163b356f6c670744959b6a86f370de28f6a7aa3be|44a7939414f5e85427ca2c4ab1112e2e3ce4ab87bab40d29528e4f7a37583071|6d7412be60bfa6a329621318ea485760a1766e36e9a190de0c8af1aff812091e|94684685af8a146f8fde8232ff40ed5e71973df4d6ede1e5babefc89af7c9aa2|ab3bae9650ee71583be60d0ac47740bbb065d35acabb9fea725cb332b904c5ee,0.1
interval,C08,FD001,primary,mean,,mean_width,124.01364408640862,4.522896377147967,118.05646802677205,130.3231841119974,5,5,8468e13b7f2c7c3d937f0b4de6f5198e95e7b0b8,outputs/c08_final_8468e13,C08_FD001_8468e13b7f2c_seed_101|C08_FD001_8468e13b7f2c_seed_13|C08_FD001_8468e13b7f2c_seed_137|C08_FD001_8468e13b7f2c_seed_37|C08_FD001_8468e13b7f2c_seed_73,4141544af1d2dd1db2eae48163b356f6c670744959b6a86f370de28f6a7aa3be|44a7939414f5e85427ca2c4ab1112e2e3ce4ab87bab40d29528e4f7a37583071|6d7412be60bfa6a329621318ea485760a1766e36e9a190de0c8af1aff812091e|94684685af8a146f8fde8232ff40ed5e71973df4d6ede1e5babefc89af7c9aa2|ab3bae9650ee71583be60d0ac47740bbb065d35acabb9fea725cb332b904c5ee,0.1
interval,C08,FD001,primary,mean,,normalized_interval_score,1.282349152691269,0.0439740603031127,1.2361854728959791,1.3428517442141765,5,5,8468e13b7f2c7c3d937f0b4de6f5198e95e7b0b8,outputs/c08_final_8468e13,C08_FD001_8468e13b7f2c_seed_101|C08_FD001_8468e13b7f2c_seed_13|C08_FD001_8468e13b7f2c_seed_137|C08_FD001_8468e13b7f2c_seed_37|C08_FD001_8468e13b7f2c_seed_73,4141544af1d2dd1db2eae48163b356f6c670744959b6a86f370de28f6a7aa3be|44a7939414f5e85427ca2c4ab1112e2e3ce4ab87bab40d29528e4f7a37583071|6d7412be60bfa6a329621318ea485760a1766e36e9a190de0c8af1aff812091e|94684685af8a146f8fde8232ff40ed5e71973df4d6ede1e5babefc89af7c9aa2|ab3bae9650ee71583be60d0ac47740bbb065d35acabb9fea725cb332b904c5ee,0.1
interval,C08,FD001,primary,ridge,,coverage,0.966,0.02607680962081058,0.93,1.0,5,5,8468e13b7f2c7c3d937f0b4de6f5198e95e7b0b8,outputs/c08_final_8468e13,C08_FD001_8468e13b7f2c_seed_101|C08_FD001_8468e13b7f2c_seed_13|C08_FD001_8468e13b7f2c_seed_137|C08_FD001_8468e13b7f2c_seed_37|C08_FD001_8468e13b7f2c_seed_73,4141544af1d2dd1db2eae48163b356f6c670744959b6a86f370de28f6a7aa3be|44a7939414f5e85427ca2c4ab1112e2e3ce4ab87bab40d29528e4f7a37583071|6d7412be60bfa6a329621318ea485760a1766e36e9a190de0c8af1aff812091e|94684685af8a146f8fde8232ff40ed5e71973df4d6ede1e5babefc89af7c9aa2|ab3bae9650ee71583be60d0ac47740bbb065d35acabb9fea725cb332b904c5ee,0.05
interval,C08,FD001,primary,ridge,,mean_width,80.13567437502438,13.208321996396634,67.943308082884,102.556504522025,5,5,8468e13b7f2c7c3d937f0b4de6f5198e95e7b0b8,outputs/c08_final_8468e13,C08_FD001_8468e13b7f2c_seed_101|C08_FD001_8468e13b7f2c_seed_13|C08_FD001_8468e13b7f2c_seed_137|C08_FD001_8468e13b7f2c_seed_37|C08_FD001_8468e13b7f2c_seed_73,4141544af1d2dd1db2eae48163b356f6c670744959b6a86f370de28f6a7aa3be|44a7939414f5e85427ca2c4ab1112e2e3ce4ab87bab40d29528e4f7a37583071|6d7412be60bfa6a329621318ea485760a1766e36e9a190de0c8af1aff812091e|94684685af8a146f8fde8232ff40ed5e71973df4d6ede1e5babefc89af7c9aa2|ab3bae9650ee71583be60d0ac47740bbb065d35acabb9fea725cb332b904c5ee,0.05
interval,C08,FD001,primary,ridge,,normalized_interval_score,0.7162373942857954,0.06864152225027151,0.6570713642602454,0.8204520361762,5,5,8468e13b7f2c7c3d937f0b4de6f5198e95e7b0b8,outputs/c08_final_8468e13,C08_FD001_8468e13b7f2c_seed_101|C08_FD001_8468e13b7f2c_seed_13|C08_FD001_8468e13b7f2c_seed_137|C08_FD001_8468e13b7f2c_seed_37|C08_FD001_8468e13b7f2c_seed_73,4141544af1d2dd1db2eae48163b356f6c670744959b6a86f370de28f6a7aa3be|44a7939414f5e85427ca2c4ab1112e2e3ce4ab87bab40d29528e4f7a37583071|6d7412be60bfa6a329621318ea485760a1766e36e9a190de0c8af1aff812091e|94684685af8a146f8fde8232ff40ed5e71973df4d6ede1e5babefc89af7c9aa2|ab3bae9650ee71583be60d0ac47740bbb065d35acabb9fea725cb332b904c5ee,0.05
interval,C08,FD001,primary,ridge,,coverage,0.9419999999999998,0.0178885438199983,0.92,0.97,5,5,8468e13b7f2c7c3d937f0b4de6f5198e95e7b0b8,outputs/c08_final_8468e13,C08_FD001_8468e13b7f2c_seed_101|C08_FD001_8468e13b7f2c_seed_13|C08_FD001_8468e13b7f2c_seed_137|C08_FD001_8468e13b7f2c_seed_37|C08_FD001_8468e13b7f2c_seed_73,4141544af1d2dd1db2eae48163b356f6c670744959b6a86f370de28f6a7aa3be|44a7939414f5e85427ca2c4ab1112e2e3ce4ab87bab40d29528e4f7a37583071|6d7412be60bfa6a329621318ea485760a1766e36e9a190de0c8af1aff812091e|94684685af8a146f8fde8232ff40ed5e71973df4d6ede1e5babefc89af7c9aa2|ab3bae9650ee71583be60d0ac47740bbb065d35acabb9fea725cb332b904c5ee,0.1
interval,C08,FD001,primary,ridge,,mean_width,74.20047572064934,10.399118827963372,63.42192282041391,91.32524976977436,5,5,8468e13b7f2c7c3d937f0b4de6f5198e95e7b0b8,outputs/c08_final_8468e13,C08_FD001_8468e13b7f2c_seed_101|C08_FD001_8468e13b7f2c_seed_13|C08_FD001_8468e13b7f2c_seed_137|C08_FD001_8468e13b7f2c_seed_37|C08_FD001_8468e13b7f2c_seed_73,4141544af1d2dd1db2eae48163b356f6c670744959b6a86f370de28f6a7aa3be|44a7939414f5e85427ca2c4ab1112e2e3ce4ab87bab40d29528e4f7a37583071|6d7412be60bfa6a329621318ea485760a1766e36e9a190de0c8af1aff812091e|94684685af8a146f8fde8232ff40ed5e71973df4d6ede1e5babefc89af7c9aa2|ab3bae9650ee71583be60d0ac47740bbb065d35acabb9fea725cb332b904c5ee,0.1
interval,C08,FD001,primary,ridge,,normalized_interval_score,0.6527404988843821,0.05937709032673504,0.6076867987250273,0.747347906607854,5,5,8468e13b7f2c7c3d937f0b4de6f5198e95e7b0b8,outputs/c08_final_8468e13,C08_FD001_8468e13b7f2c_seed_101|C08_FD001_8468e13b7f2c_seed_13|C08_FD001_8468e13b7f2c_seed_137|C08_FD001_8468e13b7f2c_seed_37|C08_FD001_8468e13b7f2c_seed_73,4141544af1d2dd1db2eae48163b356f6c670744959b6a86f370de28f6a7aa3be|44a7939414f5e85427ca2c4ab1112e2e3ce4ab87bab40d29528e4f7a37583071|6d7412be60bfa6a329621318ea485760a1766e36e9a190de0c8af1aff812091e|94684685af8a146f8fde8232ff40ed5e71973df4d6ede1e5babefc89af7c9aa2|ab3bae9650ee71583be60d0ac47740bbb065d35acabb9fea725cb332b904c5ee,0.1
interval,C08,FD002,primary,hist_gradient_boosting,,coverage,0.7042471042471042,0.08999535375573174,0.5791505791505791,0.806949806949807,5,5,8468e13b7f2c7c3d937f0b4de6f5198e95e7b0b8,outputs/c08_final_8468e13,C08_FD002_8468e13b7f2c_seed_101|C08_FD002_8468e13b7f2c_seed_13|C08_FD002_8468e13b7f2c_seed_137|C08_FD002_8468e13b7f2c_seed_37|C08_FD002_8468e13b7f2c_seed_73,408b17765a0f96e93d30f313b059e2421719a7e915306c226016e25cea8cbcc9|48e0718ac62097b2c394c7da184d85436efca39d6de07569904ad0c9fbde5e71|76301ed76681bc2a41be1f4e12b81d41107068fe3cc20e7bd9e915c463f25100|932ece49b8a11ce509e334e95730c2bc3b5b68c6353827060c574083d997389f|f60e0de8aa48b2687272a1e9bedc9005af72c0d4d1aa2433c4fc887f2d819d89,0.05
interval,C08,FD002,primary,hist_gradient_boosting,,mean_width,83.02268676665383,13.385756435292352,68.16806865763319,96.58717531017419,5,5,8468e13b7f2c7c3d937f0b4de6f5198e95e7b0b8,outputs/c08_final_8468e13,C08_FD002_8468e13b7f2c_seed_101|C08_FD002_8468e13b7f2c_seed_13|C08_FD002_8468e13b7f2c_seed_137|C08_FD002_8468e13b7f2c_seed_37|C08_FD002_8468e13b7f2c_seed_73,408b17765a0f96e93d30f313b059e2421719a7e915306c226016e25cea8cbcc9|48e0718ac62097b2c394c7da184d85436efca39d6de07569904ad0c9fbde5e71|76301ed76681bc2a41be1f4e12b81d41107068fe3cc20e7bd9e915c463f25100|932ece49b8a11ce509e334e95730c2bc3b5b68c6353827060c574083d997389f|f60e0de8aa48b2687272a1e9bedc9005af72c0d4d1aa2433c4fc887f2d819d89,0.05
interval,C08,FD002,primary,hist_gradient_boosting,,normalized_interval_score,1.938737722566111,0.6216300413634145,1.1546404101295635,2.7064442377352256,5,5,8468e13b7f2c7c3d937f0b4de6f5198e95e7b0b8,outputs/c08_final_8468e13,C08_FD002_8468e13b7f2c_seed_101|C08_FD002_8468e13b7f2c_seed_13|C08_FD002_8468e13b7f2c_seed_137|C08_FD002_8468e13b7f2c_seed_37|C08_FD002_8468e13b7f2c_seed_73,408b17765a0f96e93d30f313b059e2421719a7e915306c226016e25cea8cbcc9|48e0718ac62097b2c394c7da184d85436efca39d6de07569904ad0c9fbde5e71|76301ed76681bc2a41be1f4e12b81d41107068fe3cc20e7bd9e915c463f25100|932ece49b8a11ce509e334e95730c2bc3b5b68c6353827060c574083d997389f|f60e0de8aa48b2687272a1e9bedc9005af72c0d4d1aa2433c4fc887f2d819d89,0.05
interval,C08,FD002,primary,hist_gradient_boosting,,coverage,0.7034749034749035,0.08890375358749987,0.5791505791505791,0.803088803088803,5,5,8468e13b7f2c7c3d937f0b4de6f5198e95e7b0b8,outputs/c08_final_8468e13,C08_FD002_8468e13b7f2c_seed_101|C08_FD002_8468e13b7f2c_seed_13|C08_FD002_8468e13b7f2c_seed_137|C08_FD002_8468e13b7f2c_seed_37|C08_FD002_8468e13b7f2c_seed_73,408b17765a0f96e93d30f313b059e2421719a7e915306c226016e25cea8cbcc9|48e0718ac62097b2c394c7da184d85436efca39d6de07569904ad0c9fbde5e71|76301ed76681bc2a41be1f4e12b81d41107068fe3cc20e7bd9e915c463f25100|932ece49b8a11ce509e334e95730c2bc3b5b68c6353827060c574083d997389f|f60e0de8aa48b2687272a1e9bedc9005af72c0d4d1aa2433c4fc887f2d819d89,0.1
interval,C08,FD002,primary,hist_gradient_boosting,,mean_width,82.97017605956121,13.351522719258966,68.13367267501515,96.51379662303079,5,5,8468e13b7f2c7c3d937f0b4de6f5198e95e7b0b8,outputs/c08_final_8468e13,C08_FD002_8468e13b7f2c_seed_101|C08_FD002_8468e13b7f2c_seed_13|C08_FD002_8468e13b7f2c_seed_137|C08_FD002_8468e13b7f2c_seed_37|C08_FD002_8468e13b7f2c_seed_73,408b17765a0f96e93d30f313b059e2421719a7e915306c226016e25cea8cbcc9|48e0718ac62097b2c394c7da184d85436efca39d6de07569904ad0c9fbde5e71|76301ed76681bc2a41be1f4e12b81d41107068fe3cc20e7bd9e915c463f25100|932ece49b8a11ce509e334e95730c2bc3b5b68c6353827060c574083d997389f|f60e0de8aa48b2687272a1e9bedc9005af72c0d4d1aa2433c4fc887f2d819d89,0.1
interval,C08,FD002,primary,hist_gradient_boosting,,normalized_interval_score,1.3032449306224605,0.280608185846673,0.9632538095431601,1.6283709042466448,5,5,8468e13b7f2c7c3d937f0b4de6f5198e95e7b0b8,outputs/c08_final_8468e13,C08_FD002_8468e13b7f2c_seed_101|C08_FD002_8468e13b7f2c_seed_13|C08_FD002_8468e13b7f2c_seed_137|C08_FD002_8468e13b7f2c_seed_37|C08_FD002_8468e13b7f2c_seed_73,408b17765a0f96e93d30f313b059e2421719a7e915306c226016e25cea8cbcc9|48e0718ac62097b2c394c7da184d85436efca39d6de07569904ad0c9fbde5e71|76301ed76681bc2a41be1f4e12b81d41107068fe3cc20e7bd9e915c463f25100|932ece49b8a11ce509e334e95730c2bc3b5b68c6353827060c574083d997389f|f60e0de8aa48b2687272a1e9bedc9005af72c0d4d1aa2433c4fc887f2d819d89,0.1
interval,C08,FD002,primary,mean,,coverage,0.7853281853281853,0.01112344424006788,0.7722007722007722,0.7992277992277992,5,5,8468e13b7f2c7c3d937f0b4de6f5198e95e7b0b8,outputs/c08_final_8468e13,C08_FD002_8468e13b7f2c_seed_101|C08_FD002_8468e13b7f2c_seed_13|C08_FD002_8468e13b7f2c_seed_137|C08_FD002_8468e13b7f2c_seed_37|C08_FD002_8468e13b7f2c_seed_73,408b17765a0f96e93d30f313b059e2421719a7e915306c226016e25cea8cbcc9|48e0718ac62097b2c394c7da184d85436efca39d6de07569904ad0c9fbde5e71|76301ed76681bc2a41be1f4e12b81d41107068fe3cc20e7bd9e915c463f25100|932ece49b8a11ce509e334e95730c2bc3b5b68c6353827060c574083d997389f|f60e0de8aa48b2687272a1e9bedc9005af72c0d4d1aa2433c4fc887f2d819d89,0.05
interval,C08,FD002,primary,mean,,mean_width,127.19364408640861,5.417147209238678,119.79646802677205,135.08318411199738,5,5,8468e13b7f2c7c3d937f0b4de6f5198e95e7b0b8,outputs/c08_final_8468e13,C08_FD002_8468e13b7f2c_seed_101|C08_FD002_8468e13b7f2c_seed_13|C08_FD002_8468e13b7f2c_seed_137|C08_FD002_8468e13b7f2c_seed_37|C08_FD002_8468e13b7f2c_seed_73,408b17765a0f96e93d30f313b059e2421719a7e915306c226016e25cea8cbcc9|48e0718ac62097b2c394c7da184d85436efca39d6de07569904ad0c9fbde5e71|76301ed76681bc2a41be1f4e12b81d41107068fe3cc20e7bd9e915c463f25100|932ece49b8a11ce509e334e95730c2bc3b5b68c6353827060c574083d997389f|f60e0de8aa48b2687272a1e9bedc9005af72c0d4d1aa2433c4fc887f2d819d89,0.05
interval,C08,FD002,primary,mean,,normalized_interval_score,1.7801128592549755,0.1606904714563914,1.572402924633431,2.0036227094651413,5,5,8468e13b7f2c7c3d937f0b4de6f5198e95e7b0b8,outputs/c08_final_8468e13,C08_FD002_8468e13b7f2c_seed_101|C08_FD002_8468e13b7f2c_seed_13|C08_FD002_8468e13b7f2c_seed_137|C08_FD002_8468e13b7f2c_seed_37|C08_FD002_8468e13b7f2c_seed_73,408b17765a0f96e93d30f313b059e2421719a7e915306c226016e25cea8cbcc9|48e0718ac62097b2c394c7da184d85436efca39d6de07569904ad0c9fbde5e71|76301ed76681bc2a41be1f4e12b81d41107068fe3cc20e7bd9e915c463f25100|932ece49b8a11ce509e334e95730c2bc3b5b68c6353827060c574083d997389f|f60e0de8aa48b2687272a1e9bedc9005af72c0d4d1aa2433c4fc887f2d819d89,0.05
interval,C08,FD002,primary,mean,,coverage,0.7853281853281853,0.01112344424006788,0.7722007722007722,0.7992277992277992,5,5,8468e13b7f2c7c3d937f0b4de6f5198e95e7b0b8,outputs/c08_final_8468e13,C08_FD002_8468e13b7f2c_seed_101|C08_FD002_8468e13b7f2c_seed_13|C08_FD002_8468e13b7f2c_seed_137|C08_FD002_8468e13b7f2c_seed_37|C08_FD002_8468e13b7f2c_seed_73,408b17765a0f96e93d30f313b059e2421719a7e915306c226016e25cea8cbcc9|48e0718ac62097b2c394c7da184d85436efca39d6de07569904ad0c9fbde5e71|76301ed76681bc2a41be1f4e12b81d41107068fe3cc20e7bd9e915c463f25100|932ece49b8a11ce509e334e95730c2bc3b5b68c6353827060c574083d997389f|f60e0de8aa48b2687272a1e9bedc9005af72c0d4d1aa2433c4fc887f2d819d89,0.1
interval,C08,FD002,primary,mean,,mean_width,127.15503404779857,5.406608051461539,119.77330200360603,135.02913005794332,5,5,8468e13b7f2c7c3d937f0b4de6f5198e95e7b0b8,outputs/c08_final_8468e13,C08_FD002_8468e13b7f2c_seed_101|C08_FD002_8468e13b7f2c_seed_13|C08_FD002_8468e13b7f2c_seed_137|C08_FD002_8468e13b7f2c_seed_37|C08_FD002_8468e13b7f2c_seed_73,408b17765a0f96e93d30f313b059e2421719a7e915306c226016e25cea8cbcc9|48e0718ac62097b2c394c7da184d85436efca39d6de07569904ad0c9fbde5e71|76301ed76681bc2a41be1f4e12b81d41107068fe3cc20e7bd9e915c463f25100|932ece49b8a11ce509e334e95730c2bc3b5b68c6353827060c574083d997389f|f60e0de8aa48b2687272a1e9bedc9005af72c0d4d1aa2433c4fc887f2d819d89,0.1
interval,C08,FD002,primary,mean,,normalized_interval_score,1.401610928753045,0.0592851895783919,1.330426090656597,1.4826651805076123,5,5,8468e13b7f2c7c3d937f0b4de6f5198e95e7b0b8,outputs/c08_final_8468e13,C08_FD002_8468e13b7f2c_seed_101|C08_FD002_8468e13b7f2c_seed_13|C08_FD002_8468e13b7f2c_seed_137|C08_FD002_8468e13b7f2c_seed_37|C08_FD002_8468e13b7f2c_seed_73,408b17765a0f96e93d30f313b059e2421719a7e915306c226016e25cea8cbcc9|48e0718ac62097b2c394c7da184d85436efca39d6de07569904ad0c9fbde5e71|76301ed76681bc2a41be1f4e12b81d41107068fe3cc20e7bd9e915c463f25100|932ece49b8a11ce509e334e95730c2bc3b5b68c6353827060c574083d997389f|f60e0de8aa48b2687272a1e9bedc9005af72c0d4d1aa2433c4fc887f2d819d89,0.1
interval,C08,FD002,primary,ridge,,coverage,0.3413127413127413,0.03905152991039469,0.30115830115830117,0.4015444015444015,5,5,8468e13b7f2c7c3d937f0b4de6f5198e95e7b0b8,outputs/c08_final_8468e13,C08_FD002_8468e13b7f2c_seed_101|C08_FD002_8468e13b7f2c_seed_13|C08_FD002_8468e13b7f2c_seed_137|C08_FD002_8468e13b7f2c_seed_37|C08_FD002_8468e13b7f2c_seed_73,408b17765a0f96e93d30f313b059e2421719a7e915306c226016e25cea8cbcc9|48e0718ac62097b2c394c7da184d85436efca39d6de07569904ad0c9fbde5e71|76301ed76681bc2a41be1f4e12b81d41107068fe3cc20e7bd9e915c463f25100|932ece49b8a11ce509e334e95730c2bc3b5b68c6353827060c574083d997389f|f60e0de8aa48b2687272a1e9bedc9005af72c0d4d1aa2433c4fc887f2d819d89,0.05
interval,C08,FD002,primary,ridge,,mean_width,80.20050388169773,13.345958664676914,67.94330808288399,102.88065205539169,5,5,8468e13b7f2c7c3d937f0b4de6f5198e95e7b0b8,outputs/c08_final_8468e13,C08_FD002_8468e13b7f2c_seed_101|C08_FD002_8468e13b7f2c_seed_13|C08_FD002_8468e13b7f2c_seed_137|C08_FD002_8468e13b7f2c_seed_37|C08_FD002_8468e13b7f2c_seed_73,408b17765a0f96e93d30f313b059e2421719a7e915306c226016e25cea8cbcc9|48e0718ac62097b2c394c7da184d85436efca39d6de07569904ad0c9fbde5e71|76301ed76681bc2a41be1f4e12b81d41107068fe3cc20e7bd9e915c463f25100|932ece49b8a11ce509e334e95730c2bc3b5b68c6353827060c574083d997389f|f60e0de8aa48b2687272a1e9bedc9005af72c0d4d1aa2433c4fc887f2d819d89,0.05
interval,C08,FD002,primary,ridge,,normalized_interval_score,11.85817231329247,1.2075740413788294,9.916171969440379,13.036063058947546,5,5,8468e13b7f2c7c3d937f0b4de6f5198e95e7b0b8,outputs/c08_final_8468e13,C08_FD002_8468e13b7f2c_seed_101|C08_FD002_8468e13b7f2c_seed_13|C08_FD002_8468e13b7f2c_seed_137|C08_FD002_8468e13b7f2c_seed_37|C08_FD002_8468e13b7f2c_seed_73,408b17765a0f96e93d30f313b059e2421719a7e915306c226016e25cea8cbcc9|48e0718ac62097b2c394c7da184d85436efca39d6de07569904ad0c9fbde5e71|76301ed76681bc2a41be1f4e12b81d41107068fe3cc20e7bd9e915c463f25100|932ece49b8a11ce509e334e95730c2bc3b5b68c6353827060c574083d997389f|f60e0de8aa48b2687272a1e9bedc9005af72c0d4d1aa2433c4fc887f2d819d89,0.05
interval,C08,FD002,primary,ridge,,coverage,0.3413127413127413,0.03905152991039469,0.30115830115830117,0.4015444015444015,5,5,8468e13b7f2c7c3d937f0b4de6f5198e95e7b0b8,outputs/c08_final_8468e13,C08_FD002_8468e13b7f2c_seed_101|C08_FD002_8468e13b7f2c_seed_13|C08_FD002_8468e13b7f2c_seed_137|C08_FD002_8468e13b7f2c_seed_37|C08_FD002_8468e13b7f2c_seed_73,408b17765a0f96e93d30f313b059e2421719a7e915306c226016e25cea8cbcc9|48e0718ac62097b2c394c7da184d85436efca39d6de07569904ad0c9fbde5e71|76301ed76681bc2a41be1f4e12b81d41107068fe3cc20e7bd9e915c463f25100|932ece49b8a11ce509e334e95730c2bc3b5b68c6353827060c574083d997389f|f60e0de8aa48b2687272a1e9bedc9005af72c0d4d1aa2433c4fc887f2d819d89,0.1
interval,C08,FD002,primary,ridge,,mean_width,80.18692423417471,13.345744262841272,67.92585099692853,102.86674611230433,5,5,8468e13b7f2c7c3d937f0b4de6f5198e95e7b0b8,outputs/c08_final_8468e13,C08_FD002_8468e13b7f2c_seed_101|C08_FD002_8468e13b7f2c_seed_13|C08_FD002_8468e13b7f2c_seed_137|C08_FD002_8468e13b7f2c_seed_37|C08_FD002_8468e13b7f2c_seed_73,408b17765a0f96e93d30f313b059e2421719a7e915306c226016e25cea8cbcc9|48e0718ac62097b2c394c7da184d85436efca39d6de07569904ad0c9fbde5e71|76301ed76681bc2a41be1f4e12b81d41107068fe3cc20e7bd9e915c463f25100|932ece49b8a11ce509e334e95730c2bc3b5b68c6353827060c574083d997389f|f60e0de8aa48b2687272a1e9bedc9005af72c0d4d1aa2433c4fc887f2d819d89,0.1
interval,C08,FD002,primary,ridge,,normalized_interval_score,6.250865906794685,0.5512419456741708,5.370609820844046,6.791061671994107,5,5,8468e13b7f2c7c3d937f0b4de6f5198e95e7b0b8,outputs/c08_final_8468e13,C08_FD002_8468e13b7f2c_seed_101|C08_FD002_8468e13b7f2c_seed_13|C08_FD002_8468e13b7f2c_seed_137|C08_FD002_8468e13b7f2c_seed_37|C08_FD002_8468e13b7f2c_seed_73,408b17765a0f96e93d30f313b059e2421719a7e915306c226016e25cea8cbcc9|48e0718ac62097b2c394c7da184d85436efca39d6de07569904ad0c9fbde5e71|76301ed76681bc2a41be1f4e12b81d41107068fe3cc20e7bd9e915c463f25100|932ece49b8a11ce509e334e95730c2bc3b5b68c6353827060c574083d997389f|f60e0de8aa48b2687272a1e9bedc9005af72c0d4d1aa2433c4fc887f2d819d89,0.1
interval,C08,FD003,primary,hist_gradient_boosting,,coverage,0.9099999999999999,0.05958187643906493,0.83,0.98,5,5,8468e13b7f2c7c3d937f0b4de6f5198e95e7b0b8,outputs/c08_final_8468e13,C08_FD003_8468e13b7f2c_seed_101|C08_FD003_8468e13b7f2c_seed_13|C08_FD003_8468e13b7f2c_seed_137|C08_FD003_8468e13b7f2c_seed_37|C08_FD003_8468e13b7f2c_seed_73,5c87c1340ab5c22528d6b88e4ebd8ee70978603c0819643d315ab9ccb60873e7|64ace9282afe9fa5c15622e29ded1fa22da304e2526a8602a4d58bfc0abd725f|745d404b574a13d18fb7409ad2fffd4372e0114667dd510dffe8fea7eb42e01f|ba0f952fe28efb318d2b8a661daf9a3c36ed78a422e0660dc509e82a8e2117db|d2256344c125d1c6d4d32196b06bfbcc62e23e41e3d3563ffad8c4b5e4902992,0.05
interval,C08,FD003,primary,hist_gradient_boosting,,mean_width,83.02268676665383,13.385756435292354,68.16806865763317,96.5871753101742,5,5,8468e13b7f2c7c3d937f0b4de6f5198e95e7b0b8,outputs/c08_final_8468e13,C08_FD003_8468e13b7f2c_seed_101|C08_FD003_8468e13b7f2c_seed_13|C08_FD003_8468e13b7f2c_seed_137|C08_FD003_8468e13b7f2c_seed_37|C08_FD003_8468e13b7f2c_seed_73,5c87c1340ab5c22528d6b88e4ebd8ee70978603c0819643d315ab9ccb60873e7|64ace9282afe9fa5c15622e29ded1fa22da304e2526a8602a4d58bfc0abd725f|745d404b574a13d18fb7409ad2fffd4372e0114667dd510dffe8fea7eb42e01f|ba0f952fe28efb318d2b8a661daf9a3c36ed78a422e0660dc509e82a8e2117db|d2256344c125d1c6d4d32196b06bfbcc62e23e41e3d3563ffad8c4b5e4902992,0.05
interval,C08,FD003,primary,hist_gradient_boosting,,normalized_interval_score,0.9370832335785227,0.18428773611386742,0.7864243227289782,1.2440723061504837,5,5,8468e13b7f2c7c3d937f0b4de6f5198e95e7b0b8,outputs/c08_final_8468e13,C08_FD003_8468e13b7f2c_seed_101|C08_FD003_8468e13b7f2c_seed_13|C08_FD003_8468e13b7f2c_seed_137|C08_FD003_8468e13b7f2c_seed_37|C08_FD003_8468e13b7f2c_seed_73,5c87c1340ab5c22528d6b88e4ebd8ee70978603c0819643d315ab9ccb60873e7|64ace9282afe9fa5c15622e29ded1fa22da304e2526a8602a4d58bfc0abd725f|745d404b574a13d18fb7409ad2fffd4372e0114667dd510dffe8fea7eb42e01f|ba0f952fe28efb318d2b8a661daf9a3c36ed78a422e0660dc509e82a8e2117db|d2256344c125d1c6d4d32196b06bfbcc62e23e41e3d3563ffad8c4b5e4902992,0.05
interval,C08,FD003,primary,hist_gradient_boosting,,coverage,0.874,0.032863353450309996,0.83,0.91,5,5,8468e13b7f2c7c3d937f0b4de6f5198e95e7b0b8,outputs/c08_final_8468e13,C08_FD003_8468e13b7f2c_seed_101|C08_FD003_8468e13b7f2c_seed_13|C08_FD003_8468e13b7f2c_seed_137|C08_FD003_8468e13b7f2c_seed_37|C08_FD003_8468e13b7f2c_seed_73,5c87c1340ab5c22528d6b88e4ebd8ee70978603c0819643d315ab9ccb60873e7|64ace9282afe9fa5c15622e29ded1fa22da304e2526a8602a4d58bfc0abd725f|745d404b574a13d18fb7409ad2fffd4372e0114667dd510dffe8fea7eb42e01f|ba0f952fe28efb318d2b8a661daf9a3c36ed78a422e0660dc509e82a8e2117db|d2256344c125d1c6d4d32196b06bfbcc62e23e41e3d3563ffad8c4b5e4902992,0.1
interval,C08,FD003,primary,hist_gradient_boosting,,mean_width,73.21246867720535,4.725723720954249,67.81172627771026,79.21877197866023,5,5,8468e13b7f2c7c3d937f0b4de6f5198e95e7b0b8,outputs/c08_final_8468e13,C08_FD003_8468e13b7f2c_seed_101|C08_FD003_8468e13b7f2c_seed_13|C08_FD003_8468e13b7f2c_seed_137|C08_FD003_8468e13b7f2c_seed_37|C08_FD003_8468e13b7f2c_seed_73,5c87c1340ab5c22528d6b88e4ebd8ee70978603c0819643d315ab9ccb60873e7|64ace9282afe9fa5c15622e29ded1fa22da304e2526a8602a4d58bfc0abd725f|745d404b574a13d18fb7409ad2fffd4372e0114667dd510dffe8fea7eb42e01f|ba0f952fe28efb318d2b8a661daf9a3c36ed78a422e0660dc509e82a8e2117db|d2256344c125d1c6d4d32196b06bfbcc62e23e41e3d3563ffad8c4b5e4902992,0.1
interval,C08,FD003,primary,hist_gradient_boosting,,normalized_interval_score,0.794806092452329,0.0901478772674781,0.7106175393751485,0.9061113838633078,5,5,8468e13b7f2c7c3d937f0b4de6f5198e95e7b0b8,outputs/c08_final_8468e13,C08_FD003_8468e13b7f2c_seed_101|C08_FD003_8468e13b7f2c_seed_13|C08_FD003_8468e13b7f2c_seed_137|C08_FD003_8468e13b7f2c_seed_37|C08_FD003_8468e13b7f2c_seed_73,5c87c1340ab5c22528d6b88e4ebd8ee70978603c0819643d315ab9ccb60873e7|64ace9282afe9fa5c15622e29ded1fa22da304e2526a8602a4d58bfc0abd725f|745d404b574a13d18fb7409ad2fffd4372e0114667dd510dffe8fea7eb42e01f|ba0f952fe28efb318d2b8a661daf9a3c36ed78a422e0660dc509e82a8e2117db|d2256344c125d1c6d4d32196b06bfbcc62e23e41e3d3563ffad8c4b5e4902992,0.1
interval,C08,FD003,primary,mean,,coverage,0.8540000000000001,0.01140175425099139,0.84,0.87,5,5,8468e13b7f2c7c3d937f0b4de6f5198e95e7b0b8,outputs/c08_final_8468e13,C08_FD003_8468e13b7f2c_seed_101|C08_FD003_8468e13b7f2c_seed_13|C08_FD003_8468e13b7f2c_seed_137|C08_FD003_8468e13b7f2c_seed_37|C08_FD003_8468e13b7f2c_seed_73,5c87c1340ab5c22528d6b88e4ebd8ee70978603c0819643d315ab9ccb60873e7|64ace9282afe9fa5c15622e29ded1fa22da304e2526a8602a4d58bfc0abd725f|745d404b574a13d18fb7409ad2fffd4372e0114667dd510dffe8fea7eb42e01f|ba0f952fe28efb318d2b8a661daf9a3c36ed78a422e0660dc509e82a8e2117db|d2256344c125d1c6d4d32196b06bfbcc62e23e41e3d3563ffad8c4b5e4902992,0.05
interval,C08,FD003,primary,mean,,mean_width,127.19364408640863,5.417147209238673,119.79646802677206,135.08318411199738,5,5,8468e13b7f2c7c3d937f0b4de6f5198e95e7b0b8,outputs/c08_final_8468e13,C08_FD003_8468e13b7f2c_seed_101|C08_FD003_8468e13b7f2c_seed_13|C08_FD003_8468e13b7f2c_seed_137|C08_FD003_8468e13b7f2c_seed_37|C08_FD003_8468e13b7f2c_seed_73,5c87c1340ab5c22528d6b88e4ebd8ee70978603c0819643d315ab9ccb60873e7|64ace9282afe9fa5c15622e29ded1fa22da304e2526a8602a4d58bfc0abd725f|745d404b574a13d18fb7409ad2fffd4372e0114667dd510dffe8fea7eb42e01f|ba0f952fe28efb318d2b8a661daf9a3c36ed78a422e0660dc509e82a8e2117db|d2256344c125d1c6d4d32196b06bfbcc62e23e41e3d3563ffad8c4b5e4902992,0.05
interval,C08,FD003,primary,mean,,normalized_interval_score,1.504589152691269,0.09702708011016109,1.3846654728959789,1.6399717442141764,5,5,8468e13b7f2c7c3d937f0b4de6f5198e95e7b0b8,outputs/c08_final_8468e13,C08_FD003_8468e13b7f2c_seed_101|C08_FD003_8468e13b7f2c_seed_13|C08_FD003_8468e13b7f2c_seed_137|C08_FD003_8468e13b7f2c_seed_37|C08_FD003_8468e13b7f2c_seed_73,5c87c1340ab5c22528d6b88e4ebd8ee70978603c0819643d315ab9ccb60873e7|64ace9282afe9fa5c15622e29ded1fa22da304e2526a8602a4d58bfc0abd725f|745d404b574a13d18fb7409ad2fffd4372e0114667dd510dffe8fea7eb42e01f|ba0f952fe28efb318d2b8a661daf9a3c36ed78a422e0660dc509e82a8e2117db|d2256344c125d1c6d4d32196b06bfbcc62e23e41e3d3563ffad8c4b5e4902992,0.05
interval,C08,FD003,primary,mean,,coverage,0.842,0.008366600265340763,0.83,0.85,5,5,8468e13b7f2c7c3d937f0b4de6f5198e95e7b0b8,outputs/c08_final_8468e13,C08_FD003_8468e13b7f2c_seed_101|C08_FD003_8468e13b7f2c_seed_13|C08_FD003_8468e13b7f2c_seed_137|C08_FD003_8468e13b7f2c_seed_37|C08_FD003_8468e13b7f2c_seed_73,5c87c1340ab5c22528d6b88e4ebd8ee70978603c0819643d315ab9ccb60873e7|64ace9282afe9fa5c15622e29ded1fa22da304e2526a8602a4d58bfc0abd725f|745d404b574a13d18fb7409ad2fffd4372e0114667dd510dffe8fea7eb42e01f|ba0f952fe28efb318d2b8a661daf9a3c36ed78a422e0660dc509e82a8e2117db|d2256344c125d1c6d4d32196b06bfbcc62e23e41e3d3563ffad8c4b5e4902992,0.1
interval,C08,FD003,primary,mean,,mean_width,123.7216440864086,3.540408952370387,118.29646802677206,127.8031841119974,5,5,8468e13b7f2c7c3d937f0b4de6f5198e95e7b0b8,outputs/c08_final_8468e13,C08_FD003_8468e13b7f2c_seed_101|C08_FD003_8468e13b7f2c_seed_13|C08_FD003_8468e13b7f2c_seed_137|C08_FD003_8468e13b7f2c_seed_37|C08_FD003_8468e13b7f2c_seed_73,5c87c1340ab5c22528d6b88e4ebd8ee70978603c0819643d315ab9ccb60873e7|64ace9282afe9fa5c15622e29ded1fa22da304e2526a8602a4d58bfc0abd725f|745d404b574a13d18fb7409ad2fffd4372e0114667dd510dffe8fea7eb42e01f|ba0f952fe28efb318d2b8a661daf9a3c36ed78a422e0660dc509e82a8e2117db|d2256344c125d1c6d4d32196b06bfbcc62e23e41e3d3563ffad8c4b5e4902992,0.1
interval,C08,FD003,primary,mean,,normalized_interval_score,1.2748931526912688,0.025870266422210582,1.2464254728959792,1.3111717442141764,5,5,8468e13b7f2c7c3d937f0b4de6f5198e95e7b0b8,outputs/c08_final_8468e13,C08_FD003_8468e13b7f2c_seed_101|C08_FD003_8468e13b7f2c_seed_13|C08_FD003_8468e13b7f2c_seed_137|C08_FD003_8468e13b7f2c_seed_37|C08_FD003_8468e13b7f2c_seed_73,5c87c1340ab5c22528d6b88e4ebd8ee70978603c0819643d315ab9ccb60873e7|64ace9282afe9fa5c15622e29ded1fa22da304e2526a8602a4d58bfc0abd725f|745d404b574a13d18fb7409ad2fffd4372e0114667dd510dffe8fea7eb42e01f|ba0f952fe28efb318d2b8a661daf9a3c36ed78a422e0660dc509e82a8e2117db|d2256344c125d1c6d4d32196b06bfbcc62e23e41e3d3563ffad8c4b5e4902992,0.1
interval,C08,FD003,primary,ridge,,coverage,0.708,0.03962322551231788,0.66,0.76,5,5,8468e13b7f2c7c3d937f0b4de6f5198e95e7b0b8,outputs/c08_final_8468e13,C08_FD003_8468e13b7f2c_seed_101|C08_FD003_8468e13b7f2c_seed_13|C08_FD003_8468e13b7f2c_seed_137|C08_FD003_8468e13b7f2c_seed_37|C08_FD003_8468e13b7f2c_seed_73,5c87c1340ab5c22528d6b88e4ebd8ee70978603c0819643d315ab9ccb60873e7|64ace9282afe9fa5c15622e29ded1fa22da304e2526a8602a4d58bfc0abd725f|745d404b574a13d18fb7409ad2fffd4372e0114667dd510dffe8fea7eb42e01f|ba0f952fe28efb318d2b8a661daf9a3c36ed78a422e0660dc509e82a8e2117db|d2256344c125d1c6d4d32196b06bfbcc62e23e41e3d3563ffad8c4b5e4902992,0.05
interval,C08,FD003,primary,ridge,,mean_width,80.20050388169773,13.345958664676912,67.943308082884,102.88065205539169,5,5,8468e13b7f2c7c3d937f0b4de6f5198e95e7b0b8,outputs/c08_final_8468e13,C08_FD003_8468e13b7f2c_seed_101|C08_FD003_8468e13b7f2c_seed_13|C08_FD003_8468e13b7f2c_seed_137|C08_FD003_8468e13b7f2c_seed_37|C08_FD003_8468e13b7f2c_seed_73,5c87c1340ab5c22528d6b88e4ebd8ee70978603c0819643d315ab9ccb60873e7|64ace9282afe9fa5c15622e29ded1fa22da304e2526a8602a4d58bfc0abd725f|745d404b574a13d18fb7409ad2fffd4372e0114667dd510dffe8fea7eb42e01f|ba0f952fe28efb318d2b8a661daf9a3c36ed78a422e0660dc509e82a8e2117db|d2256344c125d1c6d4d32196b06bfbcc62e23e41e3d3563ffad8c4b5e4902992,0.05
interval,C08,FD003,primary,ridge,,normalized_interval_score,4.356961526662603,0.37577636449113816,4.015520162900899,4.969119072576306,5,5,8468e13b7f2c7c3d937f0b4de6f5198e95e7b0b8,outputs/c08_final_8468e13,C08_FD003_8468e13b7f2c_seed_101|C08_FD003_8468e13b7f2c_seed_13|C08_FD003_8468e13b7f2c_seed_137|C08_FD003_8468e13b7f2c_seed_37|C08_FD003_8468e13b7f2c_seed_73,5c87c1340ab5c22528d6b88e4ebd8ee70978603c0819643d315ab9ccb60873e7|64ace9282afe9fa5c15622e29ded1fa22da304e2526a8602a4d58bfc0abd725f|745d404b574a13d18fb7409ad2fffd4372e0114667dd510dffe8fea7eb42e01f|ba0f952fe28efb318d2b8a661daf9a3c36ed78a422e0660dc509e82a8e2117db|d2256344c125d1c6d4d32196b06bfbcc62e23e41e3d3563ffad8c4b5e4902992,0.05
interval,C08,FD003,primary,ridge,,coverage,0.708,0.03962322551231788,0.66,0.76,5,5,8468e13b7f2c7c3d937f0b4de6f5198e95e7b0b8,outputs/c08_final_8468e13,C08_FD003_8468e13b7f2c_seed_101|C08_FD003_8468e13b7f2c_seed_13|C08_FD003_8468e13b7f2c_seed_137|C08_FD003_8468e13b7f2c_seed_37|C08_FD003_8468e13b7f2c_seed_73,5c87c1340ab5c22528d6b88e4ebd8ee70978603c0819643d315ab9ccb60873e7|64ace9282afe9fa5c15622e29ded1fa22da304e2526a8602a4d58bfc0abd725f|745d404b574a13d18fb7409ad2fffd4372e0114667dd510dffe8fea7eb42e01f|ba0f952fe28efb318d2b8a661daf9a3c36ed78a422e0660dc509e82a8e2117db|d2256344c125d1c6d4d32196b06bfbcc62e23e41e3d3563ffad8c4b5e4902992,0.1
interval,C08,FD003,primary,ridge,,mean_width,80.13518283006215,13.31831261652962,67.89809423025929,102.77260287760281,5,5,8468e13b7f2c7c3d937f0b4de6f5198e95e7b0b8,outputs/c08_final_8468e13,C08_FD003_8468e13b7f2c_seed_101|C08_FD003_8468e13b7f2c_seed_13|C08_FD003_8468e13b7f2c_seed_137|C08_FD003_8468e13b7f2c_seed_37|C08_FD003_8468e13b7f2c_seed_73,5c87c1340ab5c22528d6b88e4ebd8ee70978603c0819643d315ab9ccb60873e7|64ace9282afe9fa5c15622e29ded1fa22da304e2526a8602a4d58bfc0abd725f|745d404b574a13d18fb7409ad2fffd4372e0114667dd510dffe8fea7eb42e01f|ba0f952fe28efb318d2b8a661daf9a3c36ed78a422e0660dc509e82a8e2117db|d2256344c125d1c6d4d32196b06bfbcc62e23e41e3d3563ffad8c4b5e4902992,0.1
interval,C08,FD003,primary,ridge,,normalized_interval_score,2.5022036417122746,0.15869484416425145,2.3245171274102074,2.759588166008668,5,5,8468e13b7f2c7c3d937f0b4de6f5198e95e7b0b8,outputs/c08_final_8468e13,C08_FD003_8468e13b7f2c_seed_101|C08_FD003_8468e13b7f2c_seed_13|C08_FD003_8468e13b7f2c_seed_137|C08_FD003_8468e13b7f2c_seed_37|C08_FD003_8468e13b7f2c_seed_73,5c87c1340ab5c22528d6b88e4ebd8ee70978603c0819643d315ab9ccb60873e7|64ace9282afe9fa5c15622e29ded1fa22da304e2526a8602a4d58bfc0abd725f|745d404b574a13d18fb7409ad2fffd4372e0114667dd510dffe8fea7eb42e01f|ba0f952fe28efb318d2b8a661daf9a3c36ed78a422e0660dc509e82a8e2117db|d2256344c125d1c6d4d32196b06bfbcc62e23e41e3d3563ffad8c4b5e4902992,0.1
interval,C08,FD004,primary,hist_gradient_boosting,,coverage,0.6298387096774193,0.11324114177924569,0.4879032258064516,0.7459677419354839,5,5,8468e13b7f2c7c3d937f0b4de6f5198e95e7b0b8,outputs/c08_final_8468e13,C08_FD004_8468e13b7f2c_seed_101|C08_FD004_8468e13b7f2c_seed_13|C08_FD004_8468e13b7f2c_seed_137|C08_FD004_8468e13b7f2c_seed_37|C08_FD004_8468e13b7f2c_seed_73,04b232953848ba1a9bfb194dd3b578b73f3aa6e26f9f50db29c77fc2713b601c|86b654f1dd9976d6f192d4d1eb6c8361d27782782949b248528fad06f07a79f0|acd12ea2caba8bc8665ad5380b1345fe7287ad00ce3336c7a47b6f9025dcb71f|c6f3e9790b43d97c7a58bd8abbf2ddd66597117cc59d2ec24084f1c80dc769c3|f1e65bd38d489bccf368196f7fabf61fc242c86fa764c7e8621f5f96e366476f,0.05
interval,C08,FD004,primary,hist_gradient_boosting,,mean_width,83.02268676665385,13.385756435292356,68.16806865763319,96.58717531017419,5,5,8468e13b7f2c7c3d937f0b4de6f5198e95e7b0b8,outputs/c08_final_8468e13,C08_FD004_8468e13b7f2c_seed_101|C08_FD004_8468e13b7f2c_seed_13|C08_FD004_8468e13b7f2c_seed_137|C08_FD004_8468e13b7f2c_seed_37|C08_FD004_8468e13b7f2c_seed_73,04b232953848ba1a9bfb194dd3b578b73f3aa6e26f9f50db29c77fc2713b601c|86b654f1dd9976d6f192d4d1eb6c8361d27782782949b248528fad06f07a79f0|acd12ea2caba8bc8665ad5380b1345fe7287ad00ce3336c7a47b6f9025dcb71f|c6f3e9790b43d97c7a58bd8abbf2ddd66597117cc59d2ec24084f1c80dc769c3|f1e65bd38d489bccf368196f7fabf61fc242c86fa764c7e8621f5f96e366476f,0.05
interval,C08,FD004,primary,hist_gradient_boosting,,normalized_interval_score,2.331022580584887,0.5732022699384889,1.616607356719844,3.120363076044144,5,5,8468e13b7f2c7c3d937f0b4de6f5198e95e7b0b8,outputs/c08_final_8468e13,C08_FD004_8468e13b7f2c_seed_101|C08_FD004_8468e13b7f2c_seed_13|C08_FD004_8468e13b7f2c_seed_137|C08_FD004_8468e13b7f2c_seed_37|C08_FD004_8468e13b7f2c_seed_73,04b232953848ba1a9bfb194dd3b578b73f3aa6e26f9f50db29c77fc2713b601c|86b654f1dd9976d6f192d4d1eb6c8361d27782782949b248528fad06f07a79f0|acd12ea2caba8bc8665ad5380b1345fe7287ad00ce3336c7a47b6f9025dcb71f|c6f3e9790b43d97c7a58bd8abbf2ddd66597117cc59d2ec24084f1c80dc769c3|f1e65bd38d489bccf368196f7fabf61fc242c86fa764c7e8621f5f96e366476f,0.05
interval,C08,FD004,primary,hist_gradient_boosting,,coverage,0.6290322580645161,0.11221709717803022,0.4879032258064516,0.7419354838709677,5,5,8468e13b7f2c7c3d937f0b4de6f5198e95e7b0b8,outputs/c08_final_8468e13,C08_FD004_8468e13b7f2c_seed_101|C08_FD004_8468e13b7f2c_seed_13|C08_FD004_8468e13b7f2c_seed_137|C08_FD004_8468e13b7f2c_seed_37|C08_FD004_8468e13b7f2c_seed_73,04b232953848ba1a9bfb194dd3b578b73f3aa6e26f9f50db29c77fc2713b601c|86b654f1dd9976d6f192d4d1eb6c8361d27782782949b248528fad06f07a79f0|acd12ea2caba8bc8665ad5380b1345fe7287ad00ce3336c7a47b6f9025dcb71f|c6f3e9790b43d97c7a58bd8abbf2ddd66597117cc59d2ec24084f1c80dc769c3|f1e65bd38d489bccf368196f7fabf61fc242c86fa764c7e8621f5f96e366476f,0.1
interval,C08,FD004,primary,hist_gradient_boosting,,mean_width,82.88016807108811,13.257986519575212,68.13214704675386,96.35727514924508,5,5,8468e13b7f2c7c3d937f0b4de6f5198e95e7b0b8,outputs/c08_final_8468e13,C08_FD004_8468e13b7f2c_seed_101|C08_FD004_8468e13b7f2c_seed_13|C08_FD004_8468e13b7f2c_seed_137|C08_FD004_8468e13b7f2c_seed_37|C08_FD004_8468e13b7f2c_seed_73,04b232953848ba1a9bfb194dd3b578b73f3aa6e26f9f50db29c77fc2713b601c|86b654f1dd9976d6f192d4d1eb6c8361d27782782949b248528fad06f07a79f0|acd12ea2caba8bc8665ad5380b1345fe7287ad00ce3336c7a47b6f9025dcb71f|c6f3e9790b43d97c7a58bd8abbf2ddd66597117cc59d2ec24084f1c80dc769c3|f1e65bd38d489bccf368196f7fabf61fc242c86fa764c7e8621f5f96e366476f,0.1
interval,C08,FD004,primary,hist_gradient_boosting,,normalized_interval_score,1.502694854911327,0.23369562749234365,1.2039063180625633,1.8354401686359167,5,5,8468e13b7f2c7c3d937f0b4de6f5198e95e7b0b8,outputs/c08_final_8468e13,C08_FD004_8468e13b7f2c_seed_101|C08_FD004_8468e13b7f2c_seed_13|C08_FD004_8468e13b7f2c_seed_137|C08_FD004_8468e13b7f2c_seed_37|C08_FD004_8468e13b7f2c_seed_73,04b232953848ba1a9bfb194dd3b578b73f3aa6e26f9f50db29c77fc2713b601c|86b654f1dd9976d6f192d4d1eb6c8361d27782782949b248528fad06f07a79f0|acd12ea2caba8bc8665ad5380b1345fe7287ad00ce3336c7a47b6f9025dcb71f|c6f3e9790b43d97c7a58bd8abbf2ddd66597117cc59d2ec24084f1c80dc769c3|f1e65bd38d489bccf368196f7fabf61fc242c86fa764c7e8621f5f96e366476f,0.1
interval,C08,FD004,primary,mean,,coverage,0.8209677419354839,0.020080483222562496,0.7903225806451613,0.8387096774193549,5,5,8468e13b7f2c7c3d937f0b4de6f5198e95e7b0b8,outputs/c08_final_8468e13,C08_FD004_8468e13b7f2c_seed_101|C08_FD004_8468e13b7f2c_seed_13|C08_FD004_8468e13b7f2c_seed_137|C08_FD004_8468e13b7f2c_seed_37|C08_FD004_8468e13b7f2c_seed_73,04b232953848ba1a9bfb194dd3b578b73f3aa6e26f9f50db29c77fc2713b601c|86b654f1dd9976d6f192d4d1eb6c8361d27782782949b248528fad06f07a79f0|acd12ea2caba8bc8665ad5380b1345fe7287ad00ce3336c7a47b6f9025dcb71f|c6f3e9790b43d97c7a58bd8abbf2ddd66597117cc59d2ec24084f1c80dc769c3|f1e65bd38d489bccf368196f7fabf61fc242c86fa764c7e8621f5f96e366476f,0.05
interval,C08,FD004,primary,mean,,mean_width,127.19364408640861,5.4171472092386574,119.79646802677205,135.08318411199733,5,5,8468e13b7f2c7c3d937f0b4de6f5198e95e7b0b8,outputs/c08_final_8468e13,C08_FD004_8468e13b7f2c_seed_101|C08_FD004_8468e13b7f2c_seed_13|C08_FD004_8468e13b7f2c_seed_137|C08_FD004_8468e13b7f2c_seed_37|C08_FD004_8468e13b7f2c_seed_73,04b232953848ba1a9bfb194dd3b578b73f3aa6e26f9f50db29c77fc2713b601c|86b654f1dd9976d6f192d4d1eb6c8361d27782782949b248528fad06f07a79f0|acd12ea2caba8bc8665ad5380b1345fe7287ad00ce3336c7a47b6f9025dcb71f|c6f3e9790b43d97c7a58bd8abbf2ddd66597117cc59d2ec24084f1c80dc769c3|f1e65bd38d489bccf368196f7fabf61fc242c86fa764c7e8621f5f96e366476f,0.05
interval,C08,FD004,primary,mean,,normalized_interval_score,1.617549152691269,0.12915037806602478,1.4600203116056567,1.8035330345367566,5,5,8468e13b7f2c7c3d937f0b4de6f5198e95e7b0b8,outputs/c08_final_8468e13,C08_FD004_8468e13b7f2c_seed_101|C08_FD004_8468e13b7f2c_seed_13|C08_FD004_8468e13b7f2c_seed_137|C08_FD004_8468e13b7f2c_seed_37|C08_FD004_8468e13b7f2c_seed_73,04b232953848ba1a9bfb194dd3b578b73f3aa6e26f9f50db29c77fc2713b601c|86b654f1dd9976d6f192d4d1eb6c8361d27782782949b248528fad06f07a79f0|acd12ea2caba8bc8665ad5380b1345fe7287ad00ce3336c7a47b6f9025dcb71f|c6f3e9790b43d97c7a58bd8abbf2ddd66597117cc59d2ec24084f1c80dc769c3|f1e65bd38d489bccf368196f7fabf61fc242c86fa764c7e8621f5f96e366476f,0.05
interval,C08,FD004,primary,mean,,coverage,0.8193548387096776,0.01834566639689894,0.7903225806451613,0.8346774193548387,5,5,8468e13b7f2c7c3d937f0b4de6f5198e95e7b0b8,outputs/c08_final_8468e13,C08_FD004_8468e13b7f2c_seed_101|C08_FD004_8468e13b7f2c_seed_13|C08_FD004_8468e13b7f2c_seed_137|C08_FD004_8468e13b7f2c_seed_37|C08_FD004_8468e13b7f2c_seed_73,04b232953848ba1a9bfb194dd3b578b73f3aa6e26f9f50db29c77fc2713b601c|86b654f1dd9976d6f192d4d1eb6c8361d27782782949b248528fad06f07a79f0|acd12ea2caba8bc8665ad5380b1345fe7287ad00ce3336c7a47b6f9025dcb71f|c6f3e9790b43d97c7a58bd8abbf2ddd66597117cc59d2ec24084f1c80dc769c3|f1e65bd38d489bccf368196f7fabf61fc242c86fa764c7e8621f5f96e366476f,0.1
interval,C08,FD004,primary,mean,,mean_width,127.07267634447314,5.384298958279615,119.72388738161077,134.91382927328766,5,5,8468e13b7f2c7c3d937f0b4de6f5198e95e7b0b8,outputs/c08_final_8468e13,C08_FD004_8468e13b7f2c_seed_101|C08_FD004_8468e13b7f2c_seed_13|C08_FD004_8468e13b7f2c_seed_137|C08_FD004_8468e13b7f2c_seed_37|C08_FD004_8468e13b7f2c_seed_73,04b232953848ba1a9bfb194dd3b578b73f3aa6e26f9f50db29c77fc2713b601c|86b654f1dd9976d6f192d4d1eb6c8361d27782782949b248528fad06f07a79f0|acd12ea2caba8bc8665ad5380b1345fe7287ad00ce3336c7a47b6f9025dcb71f|c6f3e9790b43d97c7a58bd8abbf2ddd66597117cc59d2ec24084f1c80dc769c3|f1e65bd38d489bccf368196f7fabf61fc242c86fa764c7e8621f5f96e366476f,0.1
interval,C08,FD004,primary,mean,,normalized_interval_score,1.3226459268848172,0.043323031864570816,1.2760848277346888,1.3842427119561116,5,5,8468e13b7f2c7c3d937f0b4de6f5198e95e7b0b8,outputs/c08_final_8468e13,C08_FD004_8468e13b7f2c_seed_101|C08_FD004_8468e13b7f2c_seed_13|C08_FD004_8468e13b7f2c_seed_137|C08_FD004_8468e13b7f2c_seed_37|C08_FD004_8468e13b7f2c_seed_73,04b232953848ba1a9bfb194dd3b578b73f3aa6e26f9f50db29c77fc2713b601c|86b654f1dd9976d6f192d4d1eb6c8361d27782782949b248528fad06f07a79f0|acd12ea2caba8bc8665ad5380b1345fe7287ad00ce3336c7a47b6f9025dcb71f|c6f3e9790b43d97c7a58bd8abbf2ddd66597117cc59d2ec24084f1c80dc769c3|f1e65bd38d489bccf368196f7fabf61fc242c86fa764c7e8621f5f96e366476f,0.1
interval,C08,FD004,primary,ridge,,coverage,0.3798387096774193,0.03305467989019224,0.3467741935483871,0.42338709677419356,5,5,8468e13b7f2c7c3d937f0b4de6f5198e95e7b0b8,outputs/c08_final_8468e13,C08_FD004_8468e13b7f2c_seed_101|C08_FD004_8468e13b7f2c_seed_13|C08_FD004_8468e13b7f2c_seed_137|C08_FD004_8468e13b7f2c_seed_37|C08_FD004_8468e13b7f2c_seed_73,04b232953848ba1a9bfb194dd3b578b73f3aa6e26f9f50db29c77fc2713b601c|86b654f1dd9976d6f192d4d1eb6c8361d27782782949b248528fad06f07a79f0|acd12ea2caba8bc8665ad5380b1345fe7287ad00ce3336c7a47b6f9025dcb71f|c6f3e9790b43d97c7a58bd8abbf2ddd66597117cc59d2ec24084f1c80dc769c3|f1e65bd38d489bccf368196f7fabf61fc242c86fa764c7e8621f5f96e366476f,0.05
interval,C08,FD004,primary,ridge,,mean_width,80.20050388169773,13.345958664676916,67.94330808288399,102.88065205539169,5,5,8468e13b7f2c7c3d937f0b4de6f5198e95e7b0b8,outputs/c08_final_8468e13,C08_FD004_8468e13b7f2c_seed_101|C08_FD004_8468e13b7f2c_seed_13|C08_FD004_8468e13b7f2c_seed_137|C08_FD004_8468e13b7f2c_seed_37|C08_FD004_8468e13b7f2c_seed_73,04b232953848ba1a9bfb194dd3b578b73f3aa6e26f9f50db29c77fc2713b601c|86b654f1dd9976d6f192d4d1eb6c8361d27782782949b248528fad06f07a79f0|acd12ea2caba8bc8665ad5380b1345fe7287ad00ce3336c7a47b6f9025dcb71f|c6f3e9790b43d97c7a58bd8abbf2ddd66597117cc59d2ec24084f1c80dc769c3|f1e65bd38d489bccf368196f7fabf61fc242c86fa764c7e8621f5f96e366476f,0.05
interval,C08,FD004,primary,ridge,,normalized_interval_score,11.564604556694684,1.1496597146170067,9.81276570423603,12.677213619871324,5,5,8468e13b7f2c7c3d937f0b4de6f5198e95e7b0b8,outputs/c08_final_8468e13,C08_FD004_8468e13b7f2c_seed_101|C08_FD004_8468e13b7f2c_seed_13|C08_FD004_8468e13b7f2c_seed_137|C08_FD004_8468e13b7f2c_seed_37|C08_FD004_8468e13b7f2c_seed_73,04b232953848ba1a9bfb194dd3b578b73f3aa6e26f9f50db29c77fc2713b601c|86b654f1dd9976d6f192d4d1eb6c8361d27782782949b248528fad06f07a79f0|acd12ea2caba8bc8665ad5380b1345fe7287ad00ce3336c7a47b6f9025dcb71f|c6f3e9790b43d97c7a58bd8abbf2ddd66597117cc59d2ec24084f1c80dc769c3|f1e65bd38d489bccf368196f7fabf61fc242c86fa764c7e8621f5f96e366476f,0.05
interval,C08,FD004,primary,ridge,,coverage,0.3798387096774193,0.03305467989019224,0.3467741935483871,0.42338709677419356,5,5,8468e13b7f2c7c3d937f0b4de6f5198e95e7b0b8,outputs/c08_final_8468e13,C08_FD004_8468e13b7f2c_seed_101|C08_FD004_8468e13b7f2c_seed_13|C08_FD004_8468e13b7f2c_seed_137|C08_FD004_8468e13b7f2c_seed_37|C08_FD004_8468e13b7f2c_seed_73,04b232953848ba1a9bfb194dd3b578b73f3aa6e26f9f50db29c77fc2713b601c|86b654f1dd9976d6f192d4d1eb6c8361d27782782949b248528fad06f07a79f0|acd12ea2caba8bc8665ad5380b1345fe7287ad00ce3336c7a47b6f9025dcb71f|c6f3e9790b43d97c7a58bd8abbf2ddd66597117cc59d2ec24084f1c80dc769c3|f1e65bd38d489bccf368196f7fabf61fc242c86fa764c7e8621f5f96e366476f,0.1
interval,C08,FD004,primary,ridge,,mean_width,80.18632191109909,13.345734813604368,67.92507669069661,102.86612931644157,5,5,8468e13b7f2c7c3d937f0b4de6f5198e95e7b0b8,outputs/c08_final_8468e13,C08_FD004_8468e13b7f2c_seed_101|C08_FD004_8468e13b7f2c_seed_13|C08_FD004_8468e13b7f2c_seed_137|C08_FD004_8468e13b7f2c_seed_37|C08_FD004_8468e13b7f2c_seed_73,04b232953848ba1a9bfb194dd3b578b73f3aa6e26f9f50db29c77fc2713b601c|86b654f1dd9976d6f192d4d1eb6c8361d27782782949b248528fad06f07a79f0|acd12ea2caba8bc8665ad5380b1345fe7287ad00ce3336c7a47b6f9025dcb71f|c6f3e9790b43d97c7a58bd8abbf2ddd66597117cc59d2ec24084f1c80dc769c3|f1e65bd38d489bccf368196f7fabf61fc242c86fa764c7e8621f5f96e366476f,0.1
interval,C08,FD004,primary,ridge,,normalized_interval_score,6.104125395757235,0.5238603046052162,5.31895109754399,6.61169270250469,5,5,8468e13b7f2c7c3d937f0b4de6f5198e95e7b0b8,outputs/c08_final_8468e13,C08_FD004_8468e13b7f2c_seed_101|C08_FD004_8468e13b7f2c_seed_13|C08_FD004_8468e13b7f2c_seed_137|C08_FD004_8468e13b7f2c_seed_37|C08_FD004_8468e13b7f2c_seed_73,04b232953848ba1a9bfb194dd3b578b73f3aa6e26f9f50db29c77fc2713b601c|86b654f1dd9976d6f192d4d1eb6c8361d27782782949b248528fad06f07a79f0|acd12ea2caba8bc8665ad5380b1345fe7287ad00ce3336c7a47b6f9025dcb71f|c6f3e9790b43d97c7a58bd8abbf2ddd66597117cc59d2ec24084f1c80dc769c3|f1e65bd38d489bccf368196f7fabf61fc242c86fa764c7e8621f5f96e366476f,0.1
